姓名,分类,主分类,可信度,出现次数,相关出现,涉及书数,涉及章节数,主要书目,线索
蒋介石,政治人物 / 公共论战 / 历史类比引用,政治人物,99,3583,3583,1,417,李敖有话说(3583),国民党、共产党、所谓、总统、儿子、见、像、政府
陈水扁,政治人物 / 公职人员 / 律师代理 / 人权救援 / 通信 / 选举助选 / 公共论战,政治人物,99,1298,1298,1,248,李敖有话说(1298),总统、所谓、国民党、民进党、政府、选举、像、市长
马英九,政治人物 / 公共论战 / 选举助选,政治人物,99,1283,1283,1,129,李敖有话说(1283),国民党、主席、市长、总统、政治、军购、所谓、民进党
孙中山,政治人物 / 公共论战 / 历史类比引用,政治人物,99,1186,1186,1,151,李敖有话说(1186),国民党、主义、总统、所谓、像、政府、见、节目
李登辉,政治人物 / 公职人员 / 公共论战 / 选举助选 / 财产债务 / 历史类比引用,政治人物,99,993,993,1,167,李敖有话说(993),总统、所谓、国民党、像、政治、见、主席、共产党
胡适,通信 / 见面 / 学术 / 学术行政 / 诗文出处 / 公共论战 / 历史类比引用,通信,99,984,984,1,131,李敖有话说(984),像、大学、国民党、主义、先生、学生、思想、见
连战,政治人物 / 公职人员 / 选举助选 / 公共论战,政治人物,99,977,977,1,117,李敖有话说(977),国民党、总统、主席、政治、所谓、爸爸、像、大学
毛泽东,政治人物 / 公共论战 / 历史类比引用,政治人物,99,935,935,1,167,李敖有话说(935),主席、共产党、国民党、像、主义、思想、见、大学
鲁迅,诗文出处 / 学术 / 历史类比引用 / 神交引用 / 公共论战,诗文出处,99,711,711,1,60,李敖有话说(711),像、国民党、文学、大学、思想、节目、政府、批评
蒋经国,政治人物 / 公共论战 / 历史类比引用,政治人物,99,661,661,1,184,李敖有话说(661),儿子、国民党、所谓、总统、见、像、政治、爸爸
孔子,诗文出处 / 学术 / 历史类比引用 / 神交引用,诗文出处,99,461,461,1,92,李敖有话说(461),学生、像、见、读、大学、老师、哲学、教授
宋楚瑜,政治人物 / 党务宣传 / 见面 / 选举助选 / 公共论战,政治人物,99,449,449,1,95,李敖有话说(449),国民党、总统、所谓、主席、选举、见、民进党、政治
张学良,军事人物 / 政治人物 / 公共论战 / 历史类比引用,军事人物,99,448,448,1,27,李敖有话说(448),将军、共产党、见、国民党、一起、像、儿子、朋友
胡茵梦,情感 / 姻亲 / 财产信托 / 诉讼 / 媒体 / 出版,情感,99,430,430,1,31,李敖有话说(430),妻、国民党、爸爸、妈妈、结婚、太太、离婚、节目
林语堂,学术 / 诗文出处 / 公共论战 / 神交引用,学术,99,313,313,1,16,李敖有话说(313),大学、文学、像、政府、朋友、国民党、见、作品
邓小平,政治人物 / 公共论战 / 历史类比引用 / 神交引用,政治人物,99,295,295,1,72,李敖有话说(295),主义、思想、见、主席、总统、像、共产党、政治
陈仪,政治人物 / 军事人物 / 公共论战 / 历史类比引用 / 神交引用,政治人物,99,270,270,1,22,李敖有话说(270),主席、弟弟、国民党、将军、参谋、像、政府、司令
钱穆,学术 / 诗文出处 / 历史类比引用 / 神交引用,学术,99,237,237,1,15,李敖有话说(237),大学、学者、见、先生、学生、节目、像、总统
苏轼,诗文出处 / 学术 / 历史类比引用 / 神交引用,诗文出处,99,216,216,1,48,李敖有话说(216),诗、像、读、思想、弟弟、国民党、古人、儿子
希特勒,政治人物 / 公共论战 / 历史类比引用 / 神交引用,政治人物,99,214,214,1,45,李敖有话说(214),市长、像、部长、爸爸、哲学、妈妈、总统、一起
袁世凯,政治人物 / 公共论战 / 历史类比引用,政治人物,99,212,212,1,47,李敖有话说(212),总统、政府、所谓、国民党、一起、选举、像、儿子
阎锡山,军事人物 / 政治人物 / 历史类比引用,军事人物,99,204,204,1,13,李敖有话说(204),共产党、国民党、所谓、主席、院长、见、将军、像
周恩来,政治人物 / 公共论战 / 历史类比引用,政治人物,99,200,200,1,63,李敖有话说(200),共产党、国民党、见、政治、像、朋友、节目、电报
李杰,军事人物 / 公职人员 / 公共论战,军事人物,99,197,197,1,24,李敖有话说(197),部长、法院、委员、军购、国防部长李杰、所谓、将军、共产党
殷海光,学术 / 师生 / 见面 / 出版 / 公共论战 / 诗文出处 / 历史类比引用,学术,99,194,194,1,33,李敖有话说(194),老师、大学、杂志、教授、哲学、像、国民党、台大
陈文茜,媒体 / 政治人物 / 通信 / 朋友 / 见面 / 公共论战,媒体,99,183,183,1,44,李敖有话说(183),朋友、节目、像、民进党、一起、委员、电视、国民党
罗斯福,政治人物 / 神交引用,政治人物,99,182,182,1,50,李敖有话说(182),总统、主义、像、一起、所谓、节目、将军、政治
耶稣,宗教人物 / 历史类比引用 / 神交引用,宗教人物,99,170,170,1,60,李敖有话说(170),像、所谓、书里、宣传、见、国民党、节目、一起
上帝,宗教人物 / 神交引用,宗教人物,99,169,169,1,54,李敖有话说(169),国民党、批评、像、思想、共产党、序、出版、总统
斯大林,政治人物 / 公共论战 / 历史类比引用,政治人物,99,164,164,1,39,李敖有话说(164),共产党、像、总统、见、女儿、国民党、所谓、儿子
刘长乐,媒体 / 见面 / 出版,媒体,99,161,161,1,54,李敖有话说(161),电视、先生、节目、像、大学、朋友、请我、见
彭明敏,政治异议者 / 人权救援 / 公共论战,政治异议者,99,150,150,1,23,李敖有话说(150),总统、台独、民进党、国民党、所谓、政治、朋友、一起
蔡元培,学术行政 / 学术 / 诗文出处 / 公共论战 / 历史类比引用,学术行政,99,143,143,1,44,李敖有话说(143),大学、像、校长、研究、中央研究院、北大、院长、国民党
雷震,政治异议者 / 出版 / 媒体 / 同案狱友,政治异议者,99,142,142,1,32,李敖有话说(142),杂志、国民党、政治、见、像、委员、大学、诗
李光耀,政治人物 / 公共论战,政治人物,99,139,139,1,17,李敖有话说(139),先生、见、像、朋友、说过、儿子、政治、大学
施明德,政治异议者 / 政治人物 / 公共论战,政治异议者,99,136,136,1,18,李敖有话说(136),民进党、妻、政治、主席、所谓、朋友、总统、太太
富兰克林,政治人物 / 诗文出处 / 历史类比引用 / 神交引用,政治人物,99,135,135,1,22,李敖有话说(135),儿子、像、一起、女儿、太太、见、政治、结婚
孟子,学术 / 历史类比引用 / 神交引用,学术,99,131,131,1,44,李敖有话说(131),思想、书里、政治、古代、像、诗、读、一起
曹操,政治人物 / 军事人物 / 诗文出处 / 历史类比引用 / 公共论战,政治人物,99,130,130,1,21,李敖有话说(130),女儿、朋友、儿子、爸爸、一起、结婚、弟弟、说过
达赖喇嘛,宗教人物 / 政治人物 / 公共论战 / 人权救援,宗教人物,99,129,129,1,6,李敖有话说(129),政府、主义、委员、见、写信、像、院长、共产党
宋美龄,亲属 / 政治人物 / 公职人员 / 公共论战 / 历史类比引用,亲属,99,127,127,1,42,李敖有话说(127),夫人、见、太太、总统、国民党、老师、像、一起
文天祥,历史类比引用 / 政治异议者,历史类比引用,99,126,126,1,26,李敖有话说(126),古人、一起、总统、问我、电话、请他、诗、家里
艾森豪威尔,政治人物 / 军事人物 / 历史类比引用,政治人物,99,126,126,1,29,李敖有话说(126),将军、总统、儿子、查禁、朋友、书里、太太、政治
李文,亲属 / 通信 / 创作资料协助 / 公共论战,亲属,99,124,124,1,29,李敖有话说(124),女儿、博士、李文博士、总统、妈妈、太太、像、母亲
马克思,学术 / 公共论战 / 历史类比引用,学术,99,123,123,1,37,李敖有话说(123),主义、思想、哲学、朋友、委员、像、共产党、见
列宁,政治人物 / 公共论战 / 历史类比引用,政治人物,99,121,121,1,38,李敖有话说(121),国民党、政治、见、所谓、主席、共产党、委员、节目
李远哲,科学家 / 学术 / 学术行政 / 选举助选 / 公共论战,科学家,99,121,121,1,11,李敖有话说(121),研究、院长、中央研究院、所谓、政治、政府、学术、委员
郝龙斌,政治人物 / 公共论战,政治人物,99,120,120,1,19,李敖有话说(120),国民党、民进党、市长、爸爸、政治、主席、儿子、选举
辜振甫,政治人物 / 财产债务 / 财产信托 / 公共论战 / 通信,政治人物,99,114,114,1,10,李敖有话说(114),国民党、见、节目、弟弟、妹妹、太太、夫人、师母
傅斯年,学术 / 学术行政 / 诗文出处 / 公共论战 / 历史类比引用,学术,99,110,110,1,27,李敖有话说(110),大学、学生、国民党、主义、老师、政府、共产党、台大
朱熹,神交引用 / 学术,神交引用,99,106,106,1,27,李敖有话说(106),读、像、诗、大学、见、一起、论文、告诉我
郝柏村,军事人物 / 政治人物 / 公职人员 / 选举助选 / 公共论战,军事人物,99,105,105,1,29,李敖有话说(105),国民党、院长、部长、参谋、将军、儿子、像、总统
王世杰,政治人物 / 学术行政 / 公共论战 / 公款经费 / 财产债务,政治人物,99,104,104,1,30,李敖有话说(104),院长、部长、国民党、研究、中央研究院、总统、序、秘书
杜鲁门,政治人物 / 历史类比引用 / 神交引用,政治人物,99,99,99,1,24,李敖有话说(99),总统、将军、女儿、见、国民党、批评、太太、政府
林肯,政治人物 / 历史类比引用 / 神交引用,政治人物,99,98,98,1,30,李敖有话说(98),总统、像、所谓、主义、政府、将军、朋友、夫人
乾隆,历史类比引用 / 政治人物 / 神交引用,历史类比引用,99,96,96,1,30,李敖有话说(96),诗、见、大学、古代、学者、像、一起、院长
丘吉尔,政治人物 / 诗文出处 / 历史类比引用 / 神交引用,政治人物,99,95,95,1,41,李敖有话说(95),总统、像、政治、所谓、将军、文学、秘书、一起
关公,军事人物 / 宗教人物 / 历史类比引用 / 神交引用,军事人物,99,95,95,1,16,李敖有话说(95),像、台大、批评、古人、儿子、恋爱、妻、所谓
谢长廷,政治人物 / 律师代理 / 选举助选 / 公共论战,政治人物,99,93,93,1,33,李敖有话说(93),院长、民进党、所谓、市长、国民党、总统、法院、律师
岳飞,历史类比引用 / 军事人物 / 神交引用,历史类比引用,99,92,92,1,19,李敖有话说(92),政治、像、历史上、政府、监狱、所谓、辩护、朋友
张大千,文艺音乐 / 诗文出处 / 公共论战 / 历史类比引用 / 神交引用,文艺音乐,99,91,91,1,16,李敖有话说(91),将军、见、像、教授、国民党、司令、大学、法官
李翰祥,媒体 / 文艺音乐 / 朋友 / 见面 / 公共论战 / 创作资料协助,媒体,99,88,88,1,18,李敖有话说(88),导演、太太、朋友、家里、认识、妻、嫁给、妈妈
李宗仁,政治人物 / 军事人物 / 公职人员 / 选举助选 / 诗文出处 / 历史类比引用,政治人物,99,85,85,1,25,李敖有话说(85),总统、所谓、国民党、将军、教授、见、儿子、像
陈炯明,政治人物 / 军事人物 / 公共论战 / 历史类比引用,政治人物,99,85,85,1,14,李敖有话说(85),参谋、见、儿子、总统、国民党、太太、司令、将军
张作霖,军事人物 / 政治人物 / 公职人员 / 历史类比引用,军事人物,99,84,84,1,15,李敖有话说(84),国民党、所谓、共产党、爸爸、像、儿子、一起、老师
萧孟能,出版 / 出版管制 / 财产债务 / 公共论战 / 历史类比引用,出版,99,84,84,1,8,李敖有话说(84),文星、太太、书店、夫人、杂志、国民党、朋友、离婚
余光中,学术 / 出版 / 见面 / 通信 / 朋友 / 公共论战 / 学术考证引用,学术,99,81,81,1,10,李敖有话说(81),诗、所谓、国民党、杂志、像、文星、节目、朋友
梁肃戎,政治人物 / 公职人员 / 通信 / 公共论战,政治人物,99,80,80,1,13,李敖有话说(80),法院、国民党、院长、节目、政府、太太、委员、请他
秦始皇,政治人物 / 历史类比引用 / 公共论战 / 神交引用,政治人物,99,80,80,1,25,李敖有话说(80),历史上、妈妈、见、像、爸爸、读、一起、节目
李世民,历史类比引用 / 政治人物 / 军事人物 / 神交引用,历史类比引用,99,79,79,1,14,李敖有话说(79),弟弟、哥哥、儿子、像、爸爸、一起、家里、古代
罗素,诗文出处 / 学术 / 历史类比引用 / 神交引用 / 出版,诗文出处,99,78,78,1,31,李敖有话说(78),哲学、像、大学、总统、文学、读、政治、主义
胡秋原,公共论战 / 诉讼 / 学术 / 出版 / 党务宣传 / 左派转向 / 诗文出处 / 历史类比引用,公共论战,99,77,77,1,11,李敖有话说(77),国民党、共产党、大学、委员、法院、老师、主义、节目
陈独秀,学术 / 政治人物 / 神交引用,学术,99,76,76,1,21,李敖有话说(76),共产党、大学、一起、国民党、文学、写稿、思想、儿子
陶成章,烈士殉难 / 政治异议者 / 历史类比引用,烈士殉难,99,75,75,1,10,李敖有话说(75),总统、出版、司令、电报、节目、老师、见、像
黄兴,政治人物 / 政治异议者 / 历史类比引用 / 神交引用,政治人物,99,74,74,1,14,李敖有话说(74),像、政治、见、所谓、攻击、节目、爸爸、书里
戴高乐,政治人物 / 军事人物 / 神交引用,政治人物,99,73,73,1,13,李敖有话说(73),将军、总统、像、政治、节目、思想、一起、报纸
何应钦,军事人物 / 政治人物 / 公职人员 / 历史类比引用,军事人物,99,72,72,1,17,李敖有话说(72),将军、参谋、司令、国民党、见、部长、政府、告诉我
刘邦,历史类比引用 / 政治人物 / 军事人物 / 神交引用,历史类比引用,99,72,72,1,23,李敖有话说(72),古代、像、一起、碰到、告诉我、诗、所谓、读
杨西崑,公职人员 / 创作资料协助 / 通信 / 历史类比引用,公职人员,99,72,72,1,6,李敖有话说(72),所谓、国民党、部长、大学、夫人、像、朋友、老师
爱因斯坦,科学家 / 历史类比引用 / 神交引用,科学家,99,72,72,1,19,李敖有话说(72),像、记者、一起、书里、总统、共产党、朋友、出版
诸葛亮,政治人物 / 军事人物 / 历史类比引用,政治人物,99,72,72,1,17,李敖有话说(72),儿子、诗、国民党、告诉我、所谓、政治、像、历史上
梁漱溟,学术 / 神交引用 / 公共论战,学术,99,71,71,1,6,李敖有话说(71),思想、主席、主义、大学、教授、像、出版、批评
于右任,政治人物 / 公职人员 / 选举助选 / 公共论战 / 历史类比引用,政治人物,99,70,70,1,22,李敖有话说(70),院长、诗、政府、国民党、所谓、总统、见、像
汪精卫,政治人物 / 公职人员 / 历史类比引用,政治人物,99,70,70,1,28,李敖有话说(70),国民党、宣传、部长、研究、政府、主席、像、政治
龚德柏,政治异议者 / 媒体 / 出版 / 感化人员,政治异议者,99,69,69,1,10,李敖有话说(69),报人、见、报纸、国民党、政府、一起、共产党、记者
庄子,历史类比引用 / 神交引用,历史类比引用,99,67,67,1,35,李敖有话说(67),像、朋友、古代、哲学、告诉我、一起、见、序
王安石,历史类比引用 / 政治人物 / 学术 / 神交引用,历史类比引用,99,65,65,1,24,李敖有话说(65),诗、见、像、一起、读、古人、弟弟、古代
陶希圣,政治人物 / 学术 / 诗文出处 / 公共论战 / 见面 / 历史类比引用,政治人物,99,65,65,1,7,李敖有话说(65),委员、国民党、爸爸、儿子、见、宣传、部长、大学
尼克松,政治人物 / 主剧情人物 / 小说剧本人物 / 历史类比引用,政治人物,99,64,64,1,15,李敖有话说(64),总统、见、告诉我、所谓、将军、一起、认识、记者
管仲,政治人物 / 诗文出处 / 历史类比引用,政治人物,99,64,64,1,5,李敖有话说(64),朋友、政治、请他、学生、古代、像、哥哥、思想
何世礼,军事人物 / 通信 / 创作资料协助 / 公共论战,军事人物,99,63,63,1,7,李敖有话说(63),将军、儿子、见、请他、节目、爸爸、中将、家里
李鸿章,政治人物 / 学术 / 公共论战 / 神交引用,政治人物,99,63,63,1,17,李敖有话说(63),像、所谓、告诉我、政治、学生、大学、一起、节目
杰斐逊,政治人物 / 历史类比引用 / 神交引用,政治人物,99,63,63,1,20,李敖有话说(63),总统、像、法官、大学、历史上、政府、部长、攻击
里根,政治人物 / 主剧情人物 / 小说剧本人物 / 媒体 / 历史类比引用,政治人物,99,63,63,1,16,李敖有话说(63),总统、太太、像、家里、传记、报导、家中、访谈
伯夷,政治异议者 / 神交引用,政治异议者,99,61,61,1,5,李敖有话说(61),古人、书里、历史上、古代、主义、思想、政治、节目
布什,政治人物 / 公共论战,政治人物,99,61,61,1,31,李敖有话说(61),总统、所谓、像、见、军购、爸爸、女儿、记者
许历农,军事人物 / 党务宣传 / 政治人物 / 见面 / 公共论战,军事人物,99,61,61,1,20,李敖有话说(61),查禁、将军、国民党、司令、政治、政战、总统、朋友
慈禧,政治人物 / 历史类比引用 / 神交引用,政治人物,99,60,60,1,27,李敖有话说(60),像、见、太太、财产、朋友、报纸、政治、政府
拿破仑,政治人物 / 军事人物 / 历史类比引用 / 神交引用,政治人物,99,60,60,1,14,李敖有话说(60),一起、所谓、告诉我、太太、书中、部长、爸爸、妈妈
玛丽莲·梦露,媒体 / 神交引用,媒体,99,60,60,1,6,李敖有话说(60),结婚、像、夫人、太太、妻、作品、离婚、嫁给
陈诚,政治人物 / 军事人物 / 创作资料协助 / 历史类比引用,政治人物,99,58,58,1,26,李敖有话说(58),院长、国民党、总统、见、学生、所谓、儿子、大学
三毛,文艺音乐 / 出版 / 见面 / 公共论战,文艺音乐,99,57,57,1,3,李敖有话说(57),一起、出版、见、国民党、报纸、共产党、爸爸、见到
黄庭坚,学术 / 诗文出处 / 历史类比引用 / 神交引用,学术,99,57,57,1,19,李敖有话说(57),诗、像、思想、朋友、见、一起、节目、院长
王国维,学术 / 诗文出处 / 神交引用,学术,99,52,52,1,7,李敖有话说(52),国民党、哲学、像、书里、文学、研究、大学、思想
许信良,政治人物 / 政治异议者 / 公共论战 / 选举助选,政治人物,99,52,52,1,29,李敖有话说(52),民进党、总统、主席、所谓、国民党、选举、见、像
宋庆龄,政治人物 / 历史类比引用 / 神交引用,政治人物,99,51,51,1,16,李敖有话说(51),夫人、太太、结婚、妈妈、儿子、一起、市长、共产党
张群,政治人物 / 公职人员 / 出版管制 / 公共论战 / 历史类比引用,政治人物,99,51,51,1,18,李敖有话说(51),秘书、同学、将军、总统、国民党、同班、主席、共产党
小布什,政治人物 / 主剧情人物 / 小说剧本人物 / 历史类比引用,政治人物,99,50,50,1,24,李敖有话说(50),总统、像、所谓、博士、回扣、政府、国民党、律师
李庆华,政治人物 / 选举助选 / 见面 / 朋友 / 公共论战,政治人物,99,50,50,1,25,李敖有话说(50),朋友、委员、院长、国民党、法院、打电话、电话、主席
王金平,政治人物 / 朋友 / 见面 / 通信 / 财产债务,政治人物,99,50,50,1,20,李敖有话说(50),院长、法院、国民党、主席、所谓、委员、政治、市长
赵一荻,亲属 / 创作资料协助 / 历史类比引用,亲属,99,50,50,1,5,李敖有话说(50),赵四小姐、女儿、诗、朋友、见、陪他、爸爸、太太
高金素梅,政治人物 / 媒体 / 见面,政治人物,99,50,50,1,20,李敖有话说(50),法院、判决、委员、国民党、像、政府、民进党、上诉
李大钊,政治人物 / 公共论战 / 历史类比引用,政治人物,99,49,49,1,16,李敖有话说(49),大学、共产党、管理员、国民党、主义、北大、像、杂志
毕加索,文艺音乐 / 神交引用,文艺音乐,99,49,49,1,9,李敖有话说(49),朋友、像、共产党、作品、读、一起、碰到、老师
甘地,历史类比引用 / 政治异议者 / 神交引用,历史类比引用,99,49,49,1,22,李敖有话说(49),像、女儿、夫人、朋友、政治、来信、一起、作品
苏贞昌,政治人物 / 公职人员 / 公共论战,政治人物,99,49,49,1,14,李敖有话说(49),院长、委员、所谓、律师、部长、总统、告诉我、法院
麦克阿瑟,军事人物 / 公职人员 / 历史类比引用,军事人物,99,49,49,1,18,李敖有话说(49),将军、总统、见、参谋、见到、记者、报导、像
梁启超,学术 / 政治人物 / 诗文出处 / 历史类比引用 / 神交引用,学术,99,48,48,1,19,李敖有话说(48),学生、见、老师、序、大学、写信、学者、政府
李大维,公职人员 / 学术 / 公共论战,公职人员,99,47,47,1,12,李敖有话说(47),所谓、委员、法院、总统、像、国民党、博士、论文
柳下惠,历史类比引用 / 政治人物 / 神交引用,历史类比引用,99,47,47,1,5,李敖有话说(47),书里、一起、古代、所谓、像、大学、政治、历史上
牛顿,科学家 / 历史类比引用 / 神交引用,科学家,99,47,47,1,12,李敖有话说(47),像、委员、哲学、诗、读、市长、对我说、选举
刘备,政治人物 / 军事人物 / 历史类比引用 / 公共论战,政治人物,99,46,46,1,16,李敖有话说(46),儿子、太太、夫人、一起、像、爸爸、拜访、文学
叶德辉,学术 / 诗文出处 / 出版 / 历史类比引用 / 神交引用,学术,99,46,46,1,3,李敖有话说(46),学者、共产党、国民党、书里、像、诗、出版、见
孙科,政治人物 / 公职人员 / 选举助选 / 公共论战 / 历史类比引用,政治人物,99,46,46,1,10,李敖有话说(46),儿子、市长、总统、夫人、妈妈、国民党、院长、爸爸
章孝严,政治人物 / 公共论战,政治人物,99,46,46,1,6,李敖有话说(46),委员、弟弟、选举、所谓、哥哥、儿子、妈妈、国民党
谷正文,情治警务 / 军事人物 / 见面 / 证人见证 / 创作资料协助 / 公共论战,情治警务,99,46,46,1,4,李敖有话说(46),将军、国民党、少将、共产党、特务、朋友、序、市长
连方瑀,公共论战 / 亲属,公共论战,99,46,46,1,8,李敖有话说(46),太太、妻、读、一起、记者、夫人、朋友、国民党
乔家才,情治警务 / 军事人物 / 创作资料协助 / 历史类比引用,情治警务,99,45,45,1,4,李敖有话说(45),将军、国民党、特务、妈妈、脚镣、手铐、见、写信
胡锦涛,政治人物,政治人物,99,45,45,1,13,李敖有话说(45),国民党、见、主席、像、节目、所谓、朋友、太太
陈立夫,政治人物 / 党务宣传 / 出版 / 公职人员 / 选举助选 / 出版管制 / 公共论战 / 历史类比引用,政治人物,99,45,45,1,17,李敖有话说(45),国民党、法院、院长、节目、部长、见、共产党、写信
高玉树,政治人物 / 公职人员 / 公共论战,政治人物,99,45,45,1,4,李敖有话说(45),国民党、市长、见、所谓、见面、主席、政府、请他
凯撒,政治人物 / 军事人物 / 历史类比引用 / 神交引用,政治人物,99,44,44,1,7,李敖有话说(44),太太、读、离婚、政治、见、朋友、像、交情
游本嘉,媒体 / 亲属 / 神交引用 / 见面,媒体,99,44,38,1,24,李敖有话说(44),先生、节目、电视、朋友、主义、记者、跟我说、国民党
章太炎,学术 / 诗文出处 / 出版 / 政治异议者 / 公共论战 / 历史类比引用,学术,99,44,44,1,18,李敖有话说(44),一起、学生、像、大学、书里、序、政府、儿子
俞大维,军事人物 / 公职人员 / 学术 / 历史类比引用,军事人物,99,43,43,1,5,李敖有话说(43),部长、国民党、将军、大学、节目、法院、总统、见
杜甫,诗文出处 / 历史类比引用 / 神交引用,诗文出处,99,43,43,1,18,李敖有话说(43),诗、见、太太、家里、见面、共产党、政府、见到
乔·路易斯,体育人物 / 历史类比引用 / 神交引用,体育人物,99,42,42,1,5,李敖有话说(42),朋友、记者、像、电视、碰到、一起、见、见到
刘家昌,媒体 / 文艺音乐 / 情感 / 公共论战 / 见面,媒体,99,42,42,1,7,李敖有话说(42),导演、朋友、一起、国民党、记者、像、嫁给、同学
莫文蔚,文艺音乐 / 媒体 / 见面,文艺音乐,99,42,42,1,6,李敖有话说(42),认识、送我、见、请我、见面、电视、出版、太太
许世英,公职人员 / 司法人员 / 政治人物 / 历史类比引用,公职人员,99,42,42,1,6,李敖有话说(42),政府、妈妈、见、国民党、像、一起、书里、将军
冈村宁次,军事人物 / 神交引用,军事人物,99,41,41,1,3,李敖有话说(41),国民党、参谋、司令、将军、见、史学、少将、中将
孙膑,军事人物 / 历史类比引用 / 神交引用,军事人物,99,41,41,1,4,李敖有话说(41),史学、教授、学者、历史上、大学、古代、像、见
杜聿明,军事人物 / 诗文出处 / 公共论战 / 历史类比引用,军事人物,99,41,41,1,6,李敖有话说(41),将军、太太、共产党、妈妈、儿子、见、学生、总统
陈其美,政治人物 / 历史类比引用,政治人物,99,41,41,1,9,李敖有话说(41),总统、告诉我、国民党、电报、攻击、一起、所谓、市长
刘禅,政治人物 / 历史类比引用,政治人物,99,40,40,1,5,李敖有话说(40),儿子、见、太太、妻、哲学、历史上、告诉我、院长
吕秀莲,政治人物 / 公共论战 / 选举助选,政治人物,99,40,40,1,10,李敖有话说(40),总统、所谓、寄给、检察官、民进党、选举、记者、像
王昇,军事人物 / 党务宣传 / 公共论战 / 历史类比引用,军事人物,99,40,40,1,8,李敖有话说(40),国民党、一起、见、将军、父亲、朋友、政治、传记
王闿运,学术 / 出版 / 历史类比引用 / 神交引用,学术,99,40,40,1,5,李敖有话说(40),学生、学者、见、请他、总统、见到、拜访、节目
郑洞国,军事人物 / 政治人物 / 历史类比引用,军事人物,99,40,40,1,2,李敖有话说(40),共产党、司令、学生、思想、朋友、老师、军长、电话
戴笠,情治警务 / 军事人物 / 公共论战 / 历史类比引用,情治警务,99,39,39,1,9,李敖有话说(39),特务、国民党、将军、见、学生、像、序、书里
李友邦,姻亲 / 通信 / 见面,姻亲,99,39,37,1,3,李敖有话说(39),太太、共产党、国民党、书里、访问、儿子、出版、朋友
王祥基,媒体 / 朋友 / 见面,媒体,99,39,39,1,16,李敖有话说(39),节目、电视、朋友、先生、告诉我、台独、一起、像
谢聪敏,政治人物 / 人权救援 / 创作资料协助 / 公共论战,政治人物,99,39,39,1,6,李敖有话说(39),台独、一起、学生、老师、同学、见、脚镣、判决
戴季陶,政治人物 / 党务宣传 / 公共论战 / 历史类比引用,政治人物,99,38,38,1,6,李敖有话说(38),儿子、爸爸、国民党、一起、主义、院长、思想、共产党
欧阳修,学术 / 政治人物 / 神交引用,学术,99,38,38,1,11,李敖有话说(38),朋友、学生、女儿、娶、请他、书里、父亲、嫁给
蒋孝严,亲属,亲属,99,38,37,1,6,李敖有话说(38),母亲、妈妈、弟弟、父亲、书里、爸爸、一起、告诉我
俞济时,军事人物 / 公职人员 / 历史类比引用,军事人物,99,37,37,1,5,李敖有话说(37),杂志、将军、碰到、中将、见、传记、文学、师长
劳思光,学术 / 公共论战 / 见面,学术,99,37,37,1,4,李敖有话说(37),教授、大学、研究、中央研究院、学术、老师、杂志、政府
克里蒙梭,政治人物 / 神交引用,政治人物,99,36,36,1,7,李敖有话说(36),将军、像、报纸、文学、政府、作品、名言、节目
曾国藩,历史类比引用 / 政治人物 / 军事人物 / 神交引用,历史类比引用,99,36,36,1,12,李敖有话说(36),诗、爸爸、像、读、参谋、弟弟、研究、序
陈平景,通信 / 创作资料协助 / 朋友 / 公共论战,通信,99,36,36,1,8,李敖有话说(36),朋友、节目、大学、妈妈、跟我说、教授、先生、老师
孙武,军事人物 / 历史类比引用 / 神交引用,军事人物,99,35,35,1,6,李敖有话说(35),历史上、学者、大学、史学、学生、见、古人、教授
杨振宁,科学家 / 历史类比引用 / 神交引用,科学家,99,35,35,1,8,李敖有话说(35),先生、博士、老师、太太、夫人、将军、学生、研究
齐世英,政治人物 / 政治异议者 / 出版 / 创作资料协助 / 证人见证 / 见面,政治人物,99,35,35,1,3,李敖有话说(35),国民党、党务、法院、所谓、一起、委员、访问、研究
司马迁,历史类比引用 / 神交引用,历史类比引用,99,34,34,1,11,李敖有话说(34),序、部长、国民党、古人、辩护、见、写信、诗
孙悟空,虚拟人物 / 小说剧本人物 / 历史类比引用,虚拟人物,99,34,34,1,9,李敖有话说(34),像、论战、查禁、情书、序、大学、岳母、到我家
弗洛伊德,学术 / 神交引用,学术,99,34,34,1,12,李敖有话说(34),认识、研究、像、节目、主席、太太、女儿、母亲
严侨,师生 / 学术 / 朋友 / 见面 / 政治异议者 / 同案狱友 / 人权救援,师生,99,33,33,1,4,李敖有话说(33),老师、共产党、儿子、教书、师母、国民党、大学、爸爸
今井武夫,军事人物 / 证人见证 / 神交引用,军事人物,99,33,33,1,1,李敖有话说(33),少将、见、参谋、国民党、中将、接见、告诉我、上校
蔡万霖,财产债务 / 公共论战,财产债务,99,33,33,1,3,李敖有话说(33),归公、财产、主义、见、像、杂志、政府、共产党
郭冠英,媒体 / 创作资料协助 / 公共论战,媒体,99,33,33,1,7,李敖有话说(33),朋友、像、诗、台独、国民党、政治、认识、儿子
郭沫若,学术 / 出版 / 政治人物 / 公共论战 / 神交引用,学术,99,33,33,1,12,李敖有话说(33),诗、像、大学、出版、所谓、一起、攻击、政府
韩愈,学术 / 出版 / 历史类比引用 / 神交引用,学术,99,33,33,1,16,李敖有话说(33),诗、古人、历史上、哲学、朋友、国民党、主义、思想
宋希濂,军事人物 / 诗文出处 / 通信 / 出版 / 创作资料协助,军事人物,99,32,32,1,4,李敖有话说(32),将军、国民党、共产党、见、历史上、学生、见面、儿子
萧同兹,出版 / 出版管制 / 政治人物 / 历史类比引用,出版,99,32,32,1,3,李敖有话说(32),国民党、书店、杂志、儿子、爸爸、文星、交情、家里
吴大猷,学术 / 学术行政 / 公共论战,学术,99,30,30,1,9,李敖有话说(30),研究、院长、中央研究院、老师、节目、病房、像、博士
郑南榕,烈士殉难 / 媒体 / 政治异议者 / 公共论战 / 朋友 / 见面 / 通信,烈士殉难,99,30,30,1,6,李敖有话说(30),杂志、所谓、太太、像、院长、民进党、发行、法庭
盛世才,政治人物 / 军事人物 / 刑求人员 / 历史类比引用 / 神交引用,政治人物,99,29,29,1,3,李敖有话说(29),弟弟、刑求、国民党、查禁、政府、共产党、部长、节目
许崇智,军事人物 / 看守戒护 / 监狱行政,军事人物,99,29,25,1,9,李敖有话说(29),参谋、将军、司令、脚镣、手铐、军长、师长、旅长
项羽,政治人物 / 军事人物 / 神交引用,政治人物,99,29,29,1,14,李敖有话说(29),告诉我、见、古代、查禁、像、一起、读、说过
王阳明,历史类比引用 / 学术 / 神交引用,历史类比引用,99,28,28,1,14,李敖有话说(28),朋友、研究、哲学、像、古代、思想、一起、说过
许文龙,公共论战 / 亲属 / 媒体,公共论战,99,28,24,1,5,李敖有话说(28),台独、所谓、像、儿子、节目、弟弟、财产、朋友
辜鸿铭,学术 / 公共论战 / 神交引用,学术,99,28,28,1,5,李敖有话说(28),大学、教授、思想、像、夫人、老师、所谓、请他
文字来,神交引用,待复核,99,27,14,1,20,李敖有话说(27),所谓、像、古代、见、思想、共产党、政府、国民党
李白,诗文出处 / 历史类比引用 / 神交引用,诗文出处,99,27,27,1,13,李敖有话说(27),诗、像、见、妹妹、朋友、妈妈、家里、历史上
刘玉章,军事人物 / 公共论战,军事人物,99,26,26,1,4,李敖有话说(26),将军、司令、像、国民党、共产党、院长、法官、部长
尹章义,学术 / 朋友 / 见面 / 创作资料协助 / 公共论战,学术,99,26,26,1,1,李敖有话说(26),妈妈、弟弟、爸爸、教授、太太、老师、电话、大学
廖仲恺,政治人物 / 被害人 / 公共论战 / 历史类比引用,政治人物,99,26,26,1,8,李敖有话说(26),国民党、共产党、见、委员、太太、思想、书里、学生
张之洞,历史类比引用 / 政治人物 / 学术 / 出版 / 神交引用,历史类比引用,99,26,26,1,8,李敖有话说(26),秘书、老师、学生、所谓、像、学术、告诉我、见
文翻译,神交引用 / 出版,待复核,99,26,18,1,24,李敖有话说(26),出版、节目、诗、像、宣传、一起、政府、作品
李显龙,亲属 / 公共论战,待复核,99,26,18,1,9,李敖有话说(26),儿子、爸爸、朋友、政治、夫人、见、大学、政府
肯尼迪,政治人物 / 公职人员 / 历史类比引用,政治人物,99,26,26,1,11,李敖有话说(26),总统、部长、弟弟、主义、哥哥、助理、太太、见
钱其琛,政治人物 / 公共论战,政治人物,99,26,26,1,7,李敖有话说(26),先生、诗、所谓、见、总统、书里、民进党、宣传
马寅初,学术 / 政治人物 / 公共论战 / 神交引用,学术,99,26,26,1,6,李敖有话说(26),大学、共产党、像、主席、校长、批评、说过、攻击
严复,学术 / 神交引用,学术,99,25,25,1,10,李敖有话说(25),大学、老师、诗、共产党、一起、认识、女儿、先生
克林顿,政治人物 / 公职人员 / 公共论战 / 历史类比引用,政治人物,99,25,25,1,14,李敖有话说(25),总统、像、大学、电视、政治、助理、爸爸、北大
周作人,学术 / 诗文出处 / 师生 / 历史类比引用 / 神交引用,学术,99,25,25,1,8,李敖有话说(25),弟弟、哥哥、大学、朋友、书里、文学、像、政治
成佛,公共论战 / 神交引用,待复核,99,25,12,1,11,李敖有话说(25),政治、像、诗、节目、序、告诉我、爸爸、见
李杰说,政治人物 / 诉讼 / 公共论战,政治人物,99,25,21,1,13,李敖有话说(25),部长、委员、法院、共产党、主席、军购、见、将军
温柔,情感 / 神交引用 / 媒体,待复核,99,25,21,1,6,李敖有话说(25),像、情人、见、思想、节目、儿子、大学、政治
周总理,政治人物 / 公共论战 / 亲属 / 见面 / 神交引用,政治人物,99,24,22,1,12,李敖有话说(24),主席、朋友、共产党、跟我说、妈妈、国民党、像、见
安唐尼,姻亲 / 神交引用 / 亲属 / 媒体,待复核,99,24,16,1,2,李敖有话说(24),太太、说过、思想、节目、儿子、女儿、嫁给、哲学
宋子文,政治人物 / 公职人员 / 财产债务 / 公共论战 / 历史类比引用,政治人物,99,24,24,1,11,李敖有话说(24),院长、见、大舅子、电报、部长、国民党、政治、写信
杜威,学术 / 诗文出处 / 历史类比引用 / 神交引用,学术,99,24,24,1,5,李敖有话说(24),学生、大学、哲学、爸爸、访问、像、告诉我、总统
那种老,公共论战 / 亲属 / 见面 / 神交引用 / 政治人物,待复核,99,24,19,1,22,李敖有话说(24),共产党、母亲、思想、像、对我说、同学、说过、国民党
严家淦,政治人物 / 公职人员 / 公共论战 / 历史类比引用,政治人物,99,23,23,1,13,李敖有话说(23),总统、国民党、儿子、院长、家里、所谓、像、部长
叶明勋,财产债务 / 财产信托 / 通信,财产债务,99,23,23,1,3,李敖有话说(23),先生、太太、妹妹、妈妈、教书、像、老师、国民党
国宝,见面 / 媒体 / 朋友 / 姻亲,待复核,99,23,18,1,16,李敖有话说(23),见、节目、像、一起、将军、师长、所谓、问我
威尔逊,政治人物 / 公职人员 / 公共论战 / 历史类比引用 / 神交引用,政治人物,99,23,23,1,5,李敖有话说(23),总统、太太、主义、结婚、政治、大学、认识、学者
杨仁恺,学术 / 诗文出处 / 创作资料协助 / 文艺音乐 / 历史类比引用 / 神交引用,学术,99,23,23,1,5,李敖有话说(23),先生、像、报纸、书里、研究、学生、告诉我、论文
沈富雄,政治人物 / 公共论战,政治人物,99,23,23,1,7,李敖有话说(23),民进党、委员、所谓、立委、记者、总统、见、告诉我
王珣,文艺音乐 / 诗文出处 / 历史类比引用 / 神交引用,文艺音乐,99,23,23,1,3,李敖有话说(23),见、将军、政治、政府、像、老师、学生、古代
萧振瀛,亲属 / 师生 / 公共论战,待复核,99,23,11,1,1,李敖有话说(23),学生、弟弟、共产党、像、市长、一起、家里、政治
谭延闿,政治人物 / 公职人员 / 历史类比引用,政治人物,99,23,23,1,8,李敖有话说(23),总统、国民党、大学、诗、政治、宣传、部长、学者
钱复,政治人物 / 学术 / 公共论战,政治人物,99,23,23,1,9,李敖有话说(23),部长、国民党、院长、所谓、共产党、政府、女儿、学术
马克·吐温,诗文出处 / 历史类比引用 / 神交引用,诗文出处,99,23,23,1,9,李敖有话说(23),文学、像、还钱、碰到、电话、将军、宣传、债务
叶公超,政治人物 / 公职人员 / 学术 / 财产债务 / 公共论战 / 见面 / 历史类比引用,政治人物,99,22,22,1,4,李敖有话说(22),部长、批评、国民党、像、政府、节目、总统、所谓
国买武,公共论战 / 公款经费 / 诉讼,公共论战,99,22,18,1,17,李敖有话说(22),军购、国民党、政治、所谓、经费、台独、法院、像
林青霞,媒体 / 见面,媒体,99,22,22,1,8,李敖有话说(22),妹妹、回信、嫁给、像、妈妈、朋友、写信、节目
罗宾汉,虚拟人物 / 历史类比引用 / 神交引用,虚拟人物,99,22,22,1,6,李敖有话说(22),电视、像、节目、政府、大学、送我、妹妹、宣传
莎士比亚,诗文出处 / 历史类比引用 / 神交引用,诗文出处,99,22,22,1,13,李敖有话说(22),国民党、读、像、哲学、教授、见、问我、姐姐
那意思,公共论战 / 见面 / 朋友 / 神交引用 / 姻亲,待复核,99,22,16,1,22,李敖有话说(22),国民党、朋友、像、大学、共产党、请他、节目、政府
那有人,神交引用 / 朋友 / 公共论战 / 见面,待复核,99,22,14,1,21,李敖有话说(22),国民党、问我、主义、见、将军、报纸、节目、儿子
阿基米德,科学家 / 学术 / 历史类比引用 / 神交引用,科学家,99,22,22,1,5,李敖有话说(22),教授、研究、见、认识、一起、思想、论文、像
陈寅恪,学术 / 历史类比引用 / 神交引用,学术,99,22,22,1,6,李敖有话说(22),论文、教授、大学、像、朋友、读、先生、史学
陶渊明,诗文出处 / 学术 / 历史类比引用 / 神交引用,诗文出处,99,22,22,1,10,李敖有话说(22),像、诗、儿子、读、节目、律师、辩护、太太
台静农,学术 / 出版 / 见面 / 公共论战,学术,99,21,21,1,5,李敖有话说(21),国民党、台大、教授、大学、总统、像、老师、研究
恩格斯,学术 / 公共论战 / 神交引用,学术,99,21,21,1,7,李敖有话说(21),朋友、主义、思想、像、认识、共产党、女儿
成灰,神交引用 / 亲属 / 朋友,神交引用,99,21,18,1,6,李敖有话说(21),诗、朋友、女儿、节目、引用、历史上、读、像
文嚼字,神交引用 / 公共论战 / 律师代理 / 政治人物,待复核,99,21,14,1,16,李敖有话说(21),政治、国民党、律师、判决、历史上、部长、诗、法官
杨开慧,烈士殉难 / 政治异议者 / 历史类比引用 / 公共论战 / 神交引用,烈士殉难,99,21,21,1,9,李敖有话说(21),太太、国民党、主席、报人、共产党、夫人、告诉我、政府
郁慕明,政治人物 / 诉讼 / 朋友 / 公共论战 / 见面,政治人物,99,21,21,1,9,李敖有话说(21),朋友、主席、国民党、节目、选举、见、爸爸、所谓
陈耀昌,医疗照护 / 学术 / 政治人物,医疗照护,99,21,21,1,4,李敖有话说(21),台大、朋友、大学、问我、研究、节目、电视、市长
顾维钧,政治人物 / 公职人员 / 历史类比引用,政治人物,99,21,21,1,5,李敖有话说(21),总统、序、碰到、出版、部长、见、说过、告诉我
任显群,司法人员 / 政治人物 / 历史类比引用 / 亲属,司法人员,99,20,20,1,2,李敖有话说(20),主席、政府、儿子、朋友、国民党、像、夫人、法官
何东爵,亲属 / 见面,亲属,99,20,15,1,4,李敖有话说(20),将军、儿子、爸爸、家里、节目、所谓、像、中将
吉尔,政治人物 / 公共论战 / 监狱行政 / 神交引用 / 见面,待复核,99,20,10,1,14,李敖有话说(20),总统、政治、像、秘书、国民党、将军、所谓、文学
咸鱼翻,见面,待复核,99,20,10,1,16,李敖有话说(20),一起、主席、节目、宣传、大学、委员、政治、报纸
徐复观,学术 / 出版 / 诉讼 / 公共论战,学术,99,20,20,1,5,李敖有话说(20),国民党、所谓、特务、朋友、儿子、杂志、学术、文学
权统治,神交引用 / 公共论战,待复核,99,20,13,1,5,李敖有话说(20),像、共产党、一起、说过
林森,政治人物 / 公职人员 / 公共论战 / 历史类比引用,政治人物,99,20,20,1,9,李敖有话说(20),政府、主席、国民党、像、太太、委员、报纸、共产党
汪荣祖,学术 / 创作资料协助 / 出版 / 通信 / 见面 / 历史类比引用,学术,99,20,20,1,13,李敖有话说(20),教授、朋友、儿子、像、一起、台大、警察、出版
老子,学术 / 诗文出处 / 历史类比引用 / 神交引用,学术,99,20,20,1,10,李敖有话说(20),哲学、古代、像、请我、教授、大学、台大、同学
蒙古独,神交引用 / 政治人物 / 学术行政,神交引用,99,20,17,1,8,李敖有话说(20),所谓、总统、院长、国民党、主义、大舅子、部长、古人
费正清,学术 / 历史类比引用 / 神交引用,学术,99,20,20,1,6,李敖有话说(20),认识、研究、大学、朋友、报人、国民党、书里、弟弟
陈唐山,政治人物 / 公职人员 / 公共论战,政治人物,99,20,20,1,5,李敖有话说(20),部长、所谓、同学、政府、台独、像、节目、一起
马歇尔,军事人物 / 政治人物 / 历史类比引用 / 神交引用,军事人物,99,20,20,1,4,李敖有话说(20),法官、总统、共产党、国民党、所谓、请他、主席、太太
齐桓公,政治人物 / 历史类比引用 / 神交引用,政治人物,99,20,20,1,2,李敖有话说(20),请他、朋友、政治、哥哥
公安单,情治警务 / 政治人物 / 亲属 / 诉讼,情治警务,99,19,19,1,13,李敖有话说(19),司令、警备总部、法院、国民党、共产党、警察、朋友、情治
华盛顿,政治人物 / 公职人员 / 历史类比引用,政治人物,99,19,19,1,15,李敖有话说(19),总统、请他、部长、政府、院长、法院、电报、思想
常修治,情治警务 / 见面,情治警务,99,19,19,1,10,李敖有话说(19),警察、像、研究、见、见面、请我、朋友、所谓
张乐平,文艺音乐 / 诗文出处 / 公共论战 / 历史类比引用,文艺音乐,99,19,19,1,2,李敖有话说(19),一起、出版、见、见到、爸爸、先生、共产党、序
李戡,亲属 / 出版 / 学术 / 公共论战 / 财产信托,亲属,99,19,19,1,7,李敖有话说(19),儿子、女儿、太太、妹妹、节目、电视、哥哥、古代
李振清,军事人物 / 师生,军事人物,99,19,19,1,3,李敖有话说(19),将军、司令、学生、师生、土地、秘书、国民党、像
熊十力,学术 / 神交引用,学术,99,19,19,1,8,李敖有话说(19),学者、报纸、教授、大学、学术、节目、杂志、特务
王纪言,学术行政 / 媒体,学术行政,99,19,15,1,9,李敖有话说(19),院长、先生、电视、像、节目、请我、请他、一起
艾尔先,政治人物 / 见面 / 神交引用 / 党务宣传,待复核,99,19,12,1,1,李敖有话说(19),批评、攻击、总统、宣传、节目、像、问我、妻
郭松龄,军事人物 / 政治异议者 / 历史类比引用,军事人物,99,19,19,1,3,李敖有话说(19),将军、儿子、存款、政治、一起、所谓、委员、传记
阿Q,虚拟人物 / 小说剧本人物 / 历史类比引用,虚拟人物,99,19,19,1,12,李敖有话说(19),国民党、将军、哲学、政府、文学、杂志、见、民进党
陈兆基,朋友 / 创作资料协助 / 出版 / 见面 / 历史类比引用,朋友,99,19,19,1,13,李敖有话说(19),研究、朋友、学生、先生、妈妈、书里、像、报纸
关键,公共论战,待复核,99,18,8,1,16,李敖有话说(18),国民党、军购、读、像、宣传、思想、主义、节目
刘汝明,军事人物 / 政治人物 / 历史类比引用,军事人物,99,18,18,1,3,李敖有话说(18),共产党、将军、节目、国民党、一起、军长、像、见
向蒋介,公共论战 / 通信 / 政治人物 / 姻亲 / 军事人物,公共论战,99,18,17,1,15,李敖有话说(18),国民党、太太、司令、政治、民进党、政府、秘书、宣传
哥伦布,探险航行 / 历史类比引用 / 神交引用,探险航行,99,18,18,1,7,李敖有话说(18),碰到、像、国民党、所谓、土地
国古典,神交引用 / 学术 / 亲属,神交引用,99,18,13,1,14,李敖有话说(18),研究、读、大学、学者、思想、所谓、像、哲学
山西王,公共论战 / 政治人物 / 神交引用 / 学术行政,待复核,99,18,15,1,8,李敖有话说(18),共产党、所谓、院长、总统、国民党、主席、将军、一起
曾经写,神交引用 / 政治人物 / 朋友 / 学术,神交引用,99,18,15,1,17,李敖有话说(18),诗、像、政治、朋友、出版、书里、哲学、大学
权有势,出版 / 亲属 / 见面,待复核,99,18,11,1,8,李敖有话说(18),杂志、儿子、一起、节目、思想、主编、文星、妈妈
杜正胜,政治人物 / 学术 / 见面,政治人物,99,18,18,1,6,李敖有话说(18),部长、所谓、大学、法院、委员、政府、像、书里
江青,政治人物 / 公共论战 / 历史类比引用 / 神交引用,政治人物,99,18,18,1,6,李敖有话说(18),太太、主席、嫁给、像、国民党、离婚、导演、一起
王云五,出版 / 政治人物,出版,99,18,18,1,7,李敖有话说(18),院长、委员、见、写信、老师、政府、见面、将军
程思远,政治人物 / 诗文出处 / 创作资料协助 / 通信,政治人物,99,18,18,1,3,李敖有话说(18),见、总统、先生、接见、国民党、报纸、政府、爸爸
章孝慈,学术行政 / 政治人物 / 见面 / 公共论战 / 历史类比引用,学术行政,99,18,18,1,4,李敖有话说(18),大学、弟弟、爸爸、哥哥、教书、跟我说、妈妈、见
蒋孝武,政治人物 / 亲属 / 公共论战,政治人物,99,18,18,1,6,李敖有话说(18),妈妈、夫人、共产党、太太、来信、儿子、弟弟
薛石民,情治警务 / 政治人物 / 见面,情治警务,99,18,18,1,10,李敖有话说(18),委员、中将、法院、请我、特务、报纸、立委、将军
连战做,政治人物 / 亲属 / 学术行政,政治人物,99,18,16,1,14,李敖有话说(18),总统、国民党、院长、主席、爸爸、部长、委员、民进党
顾炎武,学术 / 政治异议者 / 历史类比引用 / 神交引用,学术,99,18,18,1,4,李敖有话说(18),古人、诗、学者、研究、说过、主席、大学
伏尔泰,诗文出处 / 学术 / 政治异议者 / 历史类比引用 / 神交引用,诗文出处,99,17,17,1,11,李敖有话说(17),哲学、思想、像、传记、政府、对我说、所谓、说过
刘老板,同学 / 见面 / 称谓待考,同学,99,17,17,1,11,李敖有话说(17),节目、电视、见、一起、院长、问我、将军、家里
司徒雷登,学术 / 宗教人物 / 公职人员 / 历史类比引用 / 神交引用,学术,99,17,17,1,4,李敖有话说(17),警察、主义、所谓、节目、国民党、儿子、思想、政治
广东人,神交引用 / 军事人物,待复核,99,17,9,1,12,李敖有话说(17),将军、部长、政治、诗、参谋、朋友、学生、爸爸
曾子,诗文出处 / 历史类比引用 / 神交引用,诗文出处,99,17,17,1,6,李敖有话说(17),学生、书里、爸爸、古代、教授、大学、哲学、一起
朱婉坚,出版 / 财产债务 / 诉讼 / 证人见证 / 通信 / 姻亲,出版,99,17,17,1,2,李敖有话说(17),太太、离婚、文星、夫人、法院、认识、财产、杂志
李组长,情治警务 / 刑求人员 / 同案狱友,情治警务,99,17,17,1,3,李敖有话说(17),朋友、共产党、警备总部、对我说、像、见、见面、妈妈
杨虎城,军事人物 / 政治人物 / 公共论战 / 历史类比引用,军事人物,99,17,17,1,6,李敖有话说(17),国民党、将军、共产党、儿子、所谓、主席、政府、写信
游戏人,媒体 / 神交引用 / 政治人物,待复核,99,17,12,1,8,李敖有话说(17),选举、所谓、节目、对我说、古代、像、说过、国民党
游锡堃,政治人物 / 公职人员 / 公共论战,政治人物,99,17,17,1,10,李敖有话说(17),院长、国民党、所谓、总统、军购、委员、选举、民进党
蒋光超,媒体 / 证人见证 / 诉讼 / 见面,媒体,99,17,17,1,2,李敖有话说(17),法官、一起、法院、认识、法庭、碰到、共产党、见
蒙难记,神交引用 / 见面,待复核,99,17,16,1,3,李敖有话说(17),所谓、一起、主义、政府、写信、朋友、出版、像
陈仪写,姻亲 / 神交引用,待复核,99,17,10,1,8,李敖有话说(17),结婚、警察、诗、参谋、主义、政府、写信、主席
佛朗哥,军事人物 / 政治人物 / 公共论战 / 神交引用,军事人物,99,16,16,1,6,李敖有话说(16),将军、政府、政治、北大、选举、共产党、读
包道格,政治人物 / 亲属,政治人物,99,16,11,1,5,李敖有话说(16),总统、家里、所谓、政府、选举、委员、法院、判决
台南人,政治人物,政治人物,99,16,13,1,4,李敖有话说(16),总统、选举、所谓、像、政治、宣传
唐明皇,政治人物 / 神交引用,政治人物,99,16,16,1,6,李敖有话说(16),情人、见、告诉我、妻、小情人、古代、所谓、像
唐高祖,历史类比引用 / 政治人物 / 军事人物 / 神交引用,历史类比引用,99,16,16,1,5,李敖有话说(16),儿子、弟弟、哥哥、朋友、爸爸、古代、像、家里
李焕,政治人物 / 党务宣传 / 公共论战,政治人物,99,16,16,1,6,李敖有话说(16),朋友、院长、爸爸、国民党、委员、见、见面、政府
杨贵妃,历史类比引用 / 情感 / 神交引用,历史类比引用,99,16,16,1,5,李敖有话说(16),情人、学者、古代、见、小情人、所谓、朋友、像
林茂生,亲属 / 学术行政 / 师生,亲属,99,16,13,1,2,李敖有话说(16),大学、儿子、院长、文学、台大、教授、爸爸、学术
林蒨,师生 / 见面,师生,99,16,16,1,2,李敖有话说(16),师母、共产党、见、老师、儿子、女儿、支票、找他
柯远芬,军事人物 / 刑求人员 / 政治人物 / 公共论战,军事人物,99,16,14,1,4,李敖有话说(16),参谋、主席、司令、中将、法院、政府、保安处、国民党
猪八戒,虚拟人物 / 小说剧本人物 / 历史类比引用,虚拟人物,99,16,16,1,8,李敖有话说(16),爸爸、名言、所谓、儿子、总统、台独、宣传、共产党
王作荣,师生 / 学术 / 政治人物 / 公共论战,师生,99,16,16,1,3,李敖有话说(16),老师、国民党、院长、太太、妻、总统、所谓、告诉我
王清峰,律师代理 / 人权救援 / 公共论战,律师代理,99,16,16,1,4,李敖有话说(16),律师、太太、一起、像、教授、市长、送我、问我
玛利亚,宗教人物 / 历史类比引用 / 神交引用,宗教人物,99,16,16,1,9,李敖有话说(16),像、妹妹、文学、所谓、史学、思想、哲学、诗
红地毯,学术 / 出版,学术,99,16,15,1,1,李敖有话说(16),大学、学术、总统、北大、电视、政治、思想、报纸
裴存藩,政治人物 / 军事人物 / 邻居 / 见面,政治人物,99,16,16,1,2,李敖有话说(16),记者、市长、委员、国民党、政治、党部、中将、立委
路易十六,政治人物 / 神交引用,政治人物,99,16,16,1,3,李敖有话说(16),太太、嫁给、妈妈、传记、儿子、爸爸、女儿、像
那当然,姻亲 / 神交引用,待复核,99,16,10,1,14,李敖有话说(16),像、太太、选举、问我、法官、请他、总统、弟弟
丁文江,学术 / 学术行政 / 诗文出处 / 历史类比引用 / 神交引用,学术,99,15,15,1,4,李敖有话说(15),朋友、见、研究、中央研究院、总干事、写信、批评、思想
党能够,公共论战 / 见面,公共论战,99,15,14,1,11,李敖有话说(15),共产党、国民党、所谓、主义、宣传、说过、总统、委员
关中,政治人物 / 党务宣传 / 选举助选,政治人物,99,15,15,1,8,李敖有话说(15),委员、国民党、像、将军、先生、爸爸、主席、一起
冯沪祥,学术 / 政治人物 / 朋友 / 创作资料协助 / 公共论战,学术,99,15,15,1,6,李敖有话说(15),总统、国民党、法官、法院、政府、本院、所谓、陪我
卡特,政治人物 / 主剧情人物 / 小说剧本人物 / 历史类比引用,政治人物,99,15,15,1,7,李敖有话说(15),总统、像、政府、见、政治、所谓、见面
卡莱尔,诗文出处 / 历史类比引用 / 神交引用,诗文出处,99,15,15,1,4,李敖有话说(15),书里、出版、思想、哲学、文学、像、告诉我
张国焘,公共论战 / 出版,公共论战,99,15,14,1,2,李敖有话说(15),共产党、国民党、序、师长、所谓、像、太太、政治
爱默生,诗文出处 / 历史类比引用 / 神交引用,诗文出处,99,15,15,1,4,李敖有话说(15),文学、儿子、见、思想、像、告诉我、出版、请他
祖师爷,神交引用 / 政治人物 / 学术,神交引用,99,15,12,1,12,李敖有话说(15),国民党、研究、党部、特务、哲学、台独、主义、家中
福特,政治人物 / 主剧情人物 / 小说剧本人物 / 历史类比引用 / 神交引用,政治人物,99,15,15,1,8,李敖有话说(15),部长、名言、教授、总统、大学、法官、法院
胡佛,政治人物 / 公职人员 / 历史类比引用,政治人物,99,15,15,1,4,李敖有话说(15),总统、太太、政治、朋友、问我、节目、将军
胡汉民,政治人物 / 诗文出处 / 公共论战 / 历史类比引用,政治人物,99,15,15,1,10,李敖有话说(15),国民党、共产党、委员、院长、法院、读、思想、总统
苏荣泉,创作资料协助 / 见面,创作资料协助,99,15,15,1,3,李敖有话说(15),出版、朋友、弟弟、找我、序、律师、太太、出版社
莫斯科,政治人物,待复核,99,15,7,1,11,李敖有话说(15),部长、碰到、国民党、跟我说、院长、同学、大学
通部长,政治人物 / 亲属,政治人物,99,15,15,1,13,李敖有话说(15),部长、总统、国民党、院长、主席、爸爸、儿子、教授
陈果夫,政治人物 / 党务宣传 / 历史类比引用,政治人物,99,15,15,1,10,李敖有话说(15),国民党、节目、党务、太太、将军、见、老师、委员
马屁拍,政治人物,待复核,99,15,12,1,6,李敖有话说(15),政府、批评、见、见面、太太、国民党、共产党、所谓
高信疆,媒体 / 出版 / 通信 / 朋友 / 证人见证 / 见面 / 公共论战,媒体,99,15,15,1,6,李敖有话说(15),朋友、同学、哥哥、妻、序、先生、编辑、土地
鲍罗廷,政治人物 / 党务宣传 / 公共论战 / 历史类比引用,政治人物,99,15,15,1,4,李敖有话说(15),国民党、一起、院长、先生、将军、太太、夫人、像
全体,公共论战 / 诉讼,待复核,99,14,8,1,13,李敖有话说(14),像、法院、委员、台独、学术、立委、见、攻击
吕叔湘,师生 / 神交引用,待复核,99,14,9,1,2,李敖有话说(14),先生、老师、论文、学术、文学、读、大学、书里
孙立人,军事人物 / 政治人物 / 被害人 / 诉讼 / 公共论战 / 历史类比引用,军事人物,99,14,14,1,8,李敖有话说(14),将军、部长、上校、国民党、见、像、报纸、跟我说
广田弘,见面 / 亲属 / 姻亲,见面,99,14,13,1,3,李敖有话说(14),一起、将军、太太、部长、妈妈、夫人、爸爸、女儿
康德,神交引用,神交引用,99,14,14,1,6,李敖有话说(14),哲学、像、思想、部长、委员、研究、认识、学术
文物有,媒体 / 见面 / 神交引用,待复核,99,14,11,1,7,李敖有话说(14),节目、见、像、政府、古代、打电话、电话、所谓
曾文惠,亲属 / 财产债务 / 公共论战,亲属,99,14,14,1,1,李敖有话说(14),警察、法官、判决、儿子、法院、夫人、总统、所谓
林宪同,律师代理 / 社会案件,律师代理,99,14,14,1,2,李敖有话说(14),律师、总统、代理、告发、控告、所谓、记者、国民党
王世坚,政治人物 / 媒体,政治人物,99,14,14,1,5,李敖有话说(14),民进党、法院、委员、找我、助理、告诉我、问我、记者
王宠惠,司法人员 / 公职人员 / 政治人物 / 选举助选 / 历史类比引用,司法人员,99,14,14,1,3,李敖有话说(14),部长、院长、法院、总统、国民党、见、政府、告诉我
王幸男,政治人物 / 诉讼 / 公共论战,政治人物,99,14,14,1,2,李敖有话说(14),委员、国民党、政治、法院、总统、节目、电视、将军
王建煊,政治人物 / 公共论战,政治人物,99,14,14,1,3,李敖有话说(14),总统、市长、院长、部长、法院、所谓、国民党、先生
能当选,政治人物 / 公共论战 / 亲属,政治人物,99,14,14,1,12,李敖有话说(14),选举、所谓、民进党、总统、政治、国民党、县长、儿子
蔡同荣,政治人物 / 媒体 / 财产债务 / 诉讼 / 公共论战,政治人物,99,14,14,1,4,李敖有话说(14),委员、民进党、主席、院长、法院、见、辩护、立委
詹永杰,朋友 / 同学,朋友,99,14,14,1,3,李敖有话说(14),见、朋友、同学、同班、电视、老师、一起、政府
邓丽君,文艺音乐 / 创作资料协助 / 公共论战,文艺音乐,99,14,14,1,3,李敖有话说(14),记者、碰到、朋友、妈妈、将军、所谓
郭国基,政治人物 / 公共论战,政治人物,99,14,14,1,3,李敖有话说(14),国民党、法院、脚镣、委员、总统、财产、记者、先生
释迦牟尼,宗教人物 / 神交引用,宗教人物,99,14,14,1,7,李敖有话说(14),古代、所谓、像、主义、电视、诗
金素梅,出版 / 政治人物,待复核,99,14,10,1,4,李敖有话说(14),报纸、朋友、委员、法院、爸爸、妈妈、教授、问我
钱思亮,学术 / 学术行政 / 公共论战,学术,99,14,14,1,6,李敖有话说(14),大学、研究、中央研究院、台大、院长、朋友、见、像
阎伯川,出版 / 公共论战,待复核,99,14,8,1,6,李敖有话说(14),先生、出版、政治、总统、夫人
黄菊文,出版 / 编辑 / 创作资料协助,出版,99,14,14,1,3,李敖有话说(14),发行、朋友、书里、出版社、出版、像
严停云,出版 / 亲属 / 姻亲 / 公共论战,出版,99,13,13,1,3,李敖有话说(13),太太、妹妹、老师、女士、夫人、儿子、女儿、嫁给
利者,公共论战,待复核,99,13,7,1,9,李敖有话说(13),共产党、法院、国民党、民进党、市长、政府
国人讲,政治人物,待复核,99,13,8,1,12,李敖有话说(13),政府、哲学、大学、朋友、宣传、产权、财产、总统
孙运璿,政治人物 / 公职人员 / 公共论战 / 通信 / 历史类比引用,政治人物,99,13,13,1,2,李敖有话说(13),院长、总统、所谓、见、法院、国民党
巴顿,军事人物 / 神交引用,军事人物,99,13,13,1,6,李敖有话说(13),将军、一起、总统、参谋、文学、像
张明仁,出版 / 诗文出处 / 历史类比引用,出版,99,13,13,1,5,李敖有话说(13),读、张明仁编的、出版、一起、古代、先生、古人、张明仁先生所编
朱高正,政治人物 / 公共论战 / 党务宣传,政治人物,99,13,13,1,3,李敖有话说(13),委员、法院、选举、所谓、名言、国民党、共产党、政治
萧伯纳,诗文出处 / 历史类比引用 / 神交引用,诗文出处,99,13,13,1,10,李敖有话说(13),文学、所谓、告诉我、政治、宣传、见、古代、财产
谢东闵,政治人物 / 公共论战,政治人物,99,13,13,1,8,李敖有话说(13),主席、政治、市长、委员、国民党、像、见、寄给
鲍威尔,媒体 / 亲属 / 政治人物,媒体,99,13,12,1,6,李敖有话说(13),电视、爸爸、见、所谓、市长、共产党、节目、台独
丁慰慈,刑求受害,刑求受害,99,12,12,1,2,李敖有话说(12),国民党、刑求、办案人员
乔治·马歇尔,军事人物 / 政治人物 / 公共论战 / 历史类比引用,军事人物,99,12,12,1,4,李敖有话说(12),将军、国民党、共产党、政治、见、妻、娶、结婚
公子纠,亲属,待复核,99,12,5,1,2,李敖有话说(12),哥哥、朋友
吕正操,军事人物 / 见面,军事人物,99,12,12,1,3,李敖有话说(12),将军、见、共产党、拜访、女儿、部长、晤、告诉我
启功,学术 / 诗文出处 / 文艺音乐 / 历史类比引用 / 神交引用,学术,99,12,12,1,6,李敖有话说(12),像、先生、诗、学者、女儿、到我家、家里
吴汉,历史类比引用 / 神交引用 / 军事人物 / 政治人物,历史类比引用,99,12,12,1,3,李敖有话说(12),将军、节目、宣传、碰到、问我
宋教仁,政治人物 / 神交引用,政治人物,99,12,12,1,3,李敖有话说(12),总统、国民党、民进党、选举
张仪,政治人物 / 神交引用,政治人物,99,12,12,1,1,李敖有话说(12),见、学生、古代、朋友、同学
弥尔顿,诗文出处 / 政治异议者 / 历史类比引用 / 神交引用,诗文出处,99,12,12,1,3,李敖有话说(12),部长、总统、政治、太太、诗
撒切尔夫人,政治人物 / 历史类比引用 / 神交引用,政治人物,99,12,12,1,4,李敖有话说(12),夫人、见、共产党、像、监狱、先生
朱镕基,政治人物 / 公职人员 / 公共论战,政治人物,99,12,12,1,4,李敖有话说(12),选举、见、见证、像、总统、所谓、政治、节目
林洋港,司法人员 / 公职人员 / 政治人物 / 诉讼 / 公共论战,司法人员,99,12,12,1,8,李敖有话说(12),国民党、法院、院长、部长、像、政治、总统、见
汤如炎,学术行政,待复核,99,12,5,1,2,李敖有话说(12),委员、国民党、所谓、院长、学生、像
罗稷南,亲属 / 政治人物 / 神交引用,亲属,99,12,12,1,2,李敖有话说(12),主席、儿子、说过、出版、书店、先生、一起、书里
胡适立,学术 / 神交引用,学术,99,12,12,1,3,李敖有话说(12),像、大学、北大、共产党、历史上、总统、电视、著作
苏起,政治人物 / 学术 / 公共论战,政治人物,99,12,12,1,7,李敖有话说(12),委员、节目、电视、总统、同仁、法院、书里、立委
那人家,朋友 / 公共论战 / 神交引用,待复核,99,12,8,1,12,李敖有话说(12),问我、政治、像、国民党、思想、书里、文学、送我
亚里士多德,学术 / 神交引用,学术,99,11,11,1,5,李敖有话说(11),像、哲学、老师、教授、太太、见、台大、学生
吴思远,媒体 / 见面 / 财产债务,媒体,99,11,9,1,2,李敖有话说(11),朋友、导演、节目、认识、电视、一起、土地、像
国货,神交引用,待复核,99,11,5,1,5,李敖有话说(11),见、古代、说过、国民党、共产党、土地、市长
姚从吾,师生 / 学术 / 见面 / 创作资料协助,师生,99,11,11,1,5,李敖有话说(11),老师、大学、教授、先生、同学、一起、学生、读
孔祥熙,政治人物 / 公职人员 / 财产债务 / 公共论战 / 历史类比引用,政治人物,99,11,11,1,7,李敖有话说(11),嫁给、太太、院长、共产党、政府、部长、国民党、老师
宁恩承,亲属,亲属,99,11,6,1,1,李敖有话说(11),家里、妈妈、大学、北大
宋哲元,军事人物 / 政治人物 / 历史类比引用,军事人物,99,11,11,1,2,李敖有话说(11),军长、将军、委员、政府、像、国民党、师长、支票
宣布说,政治人物,待复核,99,11,6,1,9,李敖有话说(11),政府、像、总统、共产党、记者、台独、国民党、民进党
居浩然,诗文出处 / 学术 / 出版 / 朋友 / 公共论战,诗文出处,99,11,11,1,3,李敖有话说(11),女儿、儿子、朋友、大学、诗、见、弟弟、先生
文字有,见面,待复核,99,11,5,1,9,李敖有话说(11),一起、电视、见、批评、朋友、教授、大学、诗
林义雄,政治人物 / 政治异议者 / 人权救援 / 社会案件 / 亲属 / 公共论战,政治人物,99,11,11,1,5,李敖有话说(11),民进党、主席、支票、委员、太太、所谓、政治、国民党
林云说,姻亲 / 同学,待复核,99,11,6,1,4,李敖有话说(11),同学、结婚、妻、认识
梁实秋,学术 / 出版 / 诗文出处 / 历史类比引用 / 神交引用,学术,99,11,11,1,8,李敖有话说(11),家里、文学、大学、教授、研究、台大、中央研究院、跟我说
江泽民,政治人物 / 公共论战,政治人物,99,11,11,1,10,李敖有话说(11),像、主席、国民党、请他、将军、节目、诗、一起
空心思,见面 / 公共论战 / 姻亲,待复核,99,11,8,1,9,李敖有话说(11),国民党、诗、一起、主义、离婚、太太、像、法院
罗家伦,学术 / 学术行政 / 政治人物,学术,99,11,11,1,6,李敖有话说(11),国民党、大学、学生、院长、认识、北大、教授、像
罗马,朋友 / 神交引用,朋友,99,11,10,1,7,李敖有话说(11),朋友、所谓、见、主席、告诉我、思想、书里、像
苏联跟,政治人物 / 神交引用,待复核,99,11,8,1,11,李敖有话说(11),所谓、总统、告诉我、国民党、部长、电报、一起、共产党
蒋梦麟,学术 / 政治人物 / 见面 / 公共论战,学术,99,11,11,1,4,李敖有话说(11),北大、大学、认识、教授、学生、共产党、研究、台大
蔡志煌,媒体,媒体,99,11,11,1,2,李敖有话说(11),家里、司令、爸爸、代理、法院、主席、立委、民进党
霍姆斯,司法人员 / 诗文出处 / 历史类比引用 / 神交引用,司法人员,99,11,11,1,6,李敖有话说(11),法官、像、见、思想
黄少谷,政治人物 / 司法人员 / 公共论战 / 通信,政治人物,99,11,11,1,6,李敖有话说(11),院长、法院、儿子、台大、国民党、教授、妻、一起
黎元洪,政治人物 / 军事人物 / 历史类比引用 / 神交引用,政治人物,99,11,11,1,5,李敖有话说(11),总统、序、政治、一起、像、国民党、政府、学生
党党纲,公共论战 / 政治人物,公共论战,99,10,10,1,8,李敖有话说(10),民进党、台独、总统、主席、国民党、像、书里、支票
国字,见面,待复核,99,10,10,1,4,李敖有话说(10),认识、所谓、节目、见、研究、学术、历史上
国所谓,神交引用 / 见面,神交引用,99,10,10,1,10,李敖有话说(10),所谓、哲学、像、见、产权、财产、主义、请他
居正,政治人物 / 司法人员 / 学术行政 / 历史类比引用,政治人物,99,10,10,1,5,李敖有话说(10),参谋、国民党、院长、脚镣、儿子、司令、委员、共产党
山重水,神交引用,待复核,99,10,6,1,3,李敖有话说(10),诗、朋友、节目、见
张鸿学,政治人物 / 公共论战,政治人物,99,10,10,1,2,李敖有话说(10),法院、委员、国民党、名言、政治、共产党
明星做,姻亲 / 政治人物,姻亲,99,10,9,1,9,李敖有话说(10),主席、妻、像、导演、朋友、说过、太太
李凤姐,亲属 / 公共论战 / 神交引用,待复核,99,10,6,1,3,李敖有话说(10),国民党、说过、见、见到、母亲、儿子、像、妈妈
汪敬煦,军事人物 / 见面 / 姻亲,军事人物,99,10,10,1,3,李敖有话说(10),见、师长、台独、见面、将军、国民党、老师、朋友
牛羊,见面,见面,99,10,10,1,2,李敖有话说(10),见、诗、读、见到、古代
简瑞甫,朋友 / 财产债务,朋友,99,10,10,1,3,李敖有话说(10),朋友、请他、报导、记者、杂志、先生、见、主编
胡搅蛮,公共论战,待复核,99,10,8,1,4,李敖有话说(10),告诉我、台独、碰到、批评
胡适讲,政治人物,待复核,99,10,7,1,10,李敖有话说(10),杂志、朋友、节目、国民党、批评、院长、委员、政府
胡金铨,媒体 / 见面,媒体,99,10,9,1,5,李敖有话说(10),导演、朋友、同学、认识、像、跟我说、节目、学生
花招,政治人物 / 公共论战,政治人物,99,10,8,1,9,李敖有话说(10),总统、将军、民进党、报纸、国民党、政府、查禁、选举
萧万长,政治人物 / 公共论战,政治人物,99,10,10,1,4,李敖有话说(10),总统、国民党、所谓、选举、记者、告诉我、委员、一起
解真相,神交引用,待复核,99,10,9,1,7,李敖有话说(10),节目、诗、朋友、政治、像、思想、所谓
马君武,学术 / 诗文出处 / 公共论战 / 历史类比引用,学术,99,10,10,1,3,李敖有话说(10),诗、大学、老师、秘书、总统、像、教授
叶菊兰,政治人物 / 选举助选 / 公共论战,政治人物,99,9,9,1,4,李敖有话说(9),院长、杂志、民进党、市长、太太、一起、代理、法庭
吴忠信,同案狱友 / 政治异议者 / 刑求受害,同案狱友,99,9,9,1,1,李敖有话说(9),政府、委员、国民党、所谓、主席、院长
唐德刚,学术 / 诗文出处 / 出版 / 见面,学术,99,9,9,1,4,李敖有话说(9),教授、朋友、总统、所谓、先生、节目、结婚
姚嘉文,政治人物 / 政治异议者 / 公共论战,政治人物,99,9,9,1,4,李敖有话说(9),所谓、政府、律师、院长、民进党、台独、一起、国民党
广场,政治人物,政治人物,99,9,7,1,7,李敖有话说(9),总统、政府、选举、所谓、市长、节目
李济,学术 / 学术行政 / 公共论战,学术,99,9,9,1,3,李敖有话说(9),共产党、儿子、国民党、太太、一起、主席、委员、研究
林云二,学术 / 见面,学术,99,9,8,1,1,李敖有话说(9),北大、节目、认识、古代、学生、爸爸、学术、像
江蓝生,神交引用 / 师生,待复核,99,9,6,1,2,李敖有话说(9),节目、先生、读、老师、见、寄给、电视、学者
汤耀明,政治人物,政治人物,99,9,9,1,3,李敖有话说(9),部长、将军、论文、像、碰到、法院
王定国,诗文出处 / 历史类比引用,诗文出处,99,9,9,1,2,李敖有话说(9),将军、女士、太太、共产党、见、朋友、晤、夫人
王方宇,师生,师生,99,9,8,1,1,李敖有话说(9),教授、主义、国民党
秦孝仪,学术行政 / 政治人物 / 出版 / 出版管制 / 公共论战 / 历史类比引用,学术行政,99,9,9,1,7,李敖有话说(9),国民党、见、院长、秘书、总统、委员、思想、主编
纪昀,学术 / 诗文出处 / 历史类比引用 / 神交引用,学术,99,9,9,1,1,李敖有话说(9),政府、思想、部长、碰到、结婚、儿子、古代、书里
苏秦,政治人物 / 神交引用,政治人物,99,9,9,1,1,李敖有话说(9),学生、古代、见、同学
通吃,政治人物,政治人物,99,9,7,1,9,李敖有话说(9),市长、选举、国民党、诗、像、总统、所谓、家里
那李敖,公共论战 / 政治人物,公共论战,99,9,7,1,9,李敖有话说(9),国民党、总统、研究、法院、所谓、像、杂志、文星
那表示,神交引用,神交引用,99,9,6,1,8,李敖有话说(9),像、国民党、共产党、思想、老师、哥哥、弟弟、太太
邵主任,学术 / 政治人物,待复核,99,9,6,1,5,李敖有话说(9),国民党、委员、博士、史学、哲学、研究、共产党、节目
钱穆故,学术,学术,99,9,9,1,4,李敖有话说(9),大学、节目、一起、师母、市长、家里、学者、史学
阎王,虚拟人物 / 宗教人物 / 历史类比引用 / 神交引用,虚拟人物,99,9,9,1,4,李敖有话说(9),碰到、像、刑求、见
陈境圳,师生 / 医疗照护 / 财产信托 / 财产债务 / 见面,师生,99,9,9,1,4,李敖有话说(9),学生、妈妈、告诉我、太太、先生、助理、法院、电视
陈鼓应,学术 / 师生 / 同学 / 公共论战,学术,99,9,9,1,3,李敖有话说(9),同学、教授、朋友、哲学、请我、大学、台大、老师
陶百川,司法人员 / 公职人员 / 公共论战 / 历史类比引用,司法人员,99,9,9,1,3,李敖有话说(9),委员、见、总统、国民党、所谓、警备总部、朋友
陶英惠,同学 / 学术 / 通信 / 见面,同学,99,9,9,1,3,李敖有话说(9),先生、研究、中央研究院、同学、朋友、大学、请我、同班
马占山,军事人物 / 政治人物 / 历史类比引用,军事人物,99,9,9,1,5,李敖有话说(9),将军、国民党、政府、父亲、爸爸、像、共产党、所谓
高压电,媒体 / 公共论战,媒体,99,9,7,1,5,李敖有话说(9),共产党、电视、告诉我、委员、报人、说过、研究、中央研究院
黄光彩,学术 / 公共论战,学术,99,9,9,1,1,李敖有话说(9),大学、部长、所谓、所长、法院、代理、秘书、报纸
黄芳彦,学术行政 / 神交引用 / 政治人物,学术行政,99,9,9,1,1,李敖有话说(9),总统、所谓、秘书、院长、儿子、律师
乔治五,律师代理,律师代理,99,8,6,1,3,李敖有话说(8),律师、朋友、见、节目、说过
亚当斯,政治人物,政治人物,99,8,6,1,3,李敖有话说(8),总统、法官、朋友
刘必跟,诉讼 / 证人见证,诉讼,99,8,8,1,1,李敖有话说(8),法官、法院、问我、导演、像、办案人员、警总
史密斯,政治人物 / 创作资料协助 / 历史类比引用,政治人物,99,8,8,1,1,李敖有话说(8),总统、太太、夫人、政治、名言
史迪威,军事人物 / 政治人物 / 公共论战 / 神交引用,军事人物,99,8,8,1,1,李敖有话说(8),将军、参谋
吴彰炯,情治警务 / 军事人物 / 刑求人员,情治警务,99,8,8,1,3,李敖有话说(8),中将、将军、司令、保安处、太太、见、儿子、女儿
吴铁城,政治人物 / 公职人员 / 诗文出处 / 出版管制 / 历史类比引用,政治人物,99,8,8,1,5,李敖有话说(8),秘书、国民党、党部、将军、总统、大学、部长、共产党
周书楷,政治人物 / 公职人员 / 公共论战,政治人物,99,8,8,1,5,李敖有话说(8),部长、所谓、告诉我、台独
埃莉诺·罗斯福,政治人物 / 人权救援 / 公共论战 / 神交引用,政治人物,99,8,8,1,1,李敖有话说(8),夫人、记者、见、总统、宣传、思想
安全人,亲属,亲属,99,8,7,1,7,李敖有话说(8),见、儿子、女儿、管理员、像、总统、借钱、报纸
家吃饭,政治人物,政治人物,99,8,6,1,4,李敖有话说(8),国民党、共产党、总统、所谓、委员、碰到、院长、报纸
尹俊,情治警务 / 军事人物 / 历史类比引用,情治警务,99,8,8,1,2,李敖有话说(8),师长、司令、将军、国民党、所谓、中将、一起
师性格,律师代理,律师代理,99,8,8,1,2,李敖有话说(8),律师、像、辩护、总统、院长、委员
常能干,政治人物,政治人物,99,8,7,1,7,李敖有话说(8),部长、政府、国民党、主席、所谓、母亲、儿子、像
彭敏明,政治人物 / 公共论战,政治人物,99,8,8,1,3,李敖有话说(8),民进党、总统、台独、像、国民党、所谓、见、共产党
时分手,情感,情感,99,8,8,1,2,李敖有话说(8),分手、哲学、一起、情人
歌德,诗文出处 / 历史类比引用 / 神交引用,诗文出处,99,8,8,1,2,李敖有话说(8),文学、朋友、女儿、太太、爱上、研究、思想、情人
毛流浪,见面 / 出版,待复核,99,8,7,1,2,李敖有话说(8),出版、见、一起、报纸、国民党
洪炎秋,学术 / 出版 / 公共论战,学术,99,8,8,1,2,李敖有话说(8),教授、台大、研究、大学、中央研究院、北大、朋友、学生
满街皆,神交引用,神交引用,99,8,8,1,1,李敖有话说(8),思想、古代、节目、产权、财产、著作
笛卡儿,学术 / 科学家 / 历史类比引用 / 神交引用,学术,99,8,8,1,1,李敖有话说(8),思想、部长、打电话、电话、主席、国民党、委员、发行
苏格拉底,学术 / 历史类比引用 / 神交引用,学术,99,8,8,1,3,李敖有话说(8),像、哲学、太太、历史上、学生、思想
薛仁贵,虚拟人物,虚拟人物,99,8,8,1,1,李敖有话说(8),将军
车追汽,公共论战 / 神交引用,公共论战,99,8,7,1,7,李敖有话说(8),共产党、比喻、像、告诉我、部长、节目、军购、所谓
都失败,媒体 / 政治人物,待复核,99,8,5,1,8,李敖有话说(8),总统、选举、将军、政治、节目、电视、所谓
金花,见面,待复核,99,8,8,1,2,李敖有话说(8),认识、攻击、书里、访问、太太、家里
陈哲男,监狱行政,监狱行政,99,8,7,1,3,李敖有话说(8),秘书、民进党、总统、所谓、序、院长、律师、像
陈长文,学术 / 公共论战,学术,99,8,8,1,1,李敖有话说(8),律师、军购、见、见证、事务、部长、参谋、政治
从马英,政治人物,待复核,99,7,5,1,7,李敖有话说(7),国民党、爸爸、将军、市长、选举、民进党、主席、陪他
侯君集,军事人物 / 政治人物 / 历史类比引用 / 神交引用,军事人物,99,7,7,1,1,李敖有话说(7),像、见、参谋、儿子、书里
全部退,政治人物 / 朋友,政治人物,99,7,6,1,4,李敖有话说(7),委员、主席、法院、交情、送我
刘半农,学术 / 诗文出处 / 历史类比引用 / 神交引用,学术,99,7,7,1,2,李敖有话说(7),太太、大学、访问、教授、文学、告诉我、历史上
刘绍唐,出版 / 媒体 / 师生 / 见面 / 通信 / 公共论战 / 创作资料协助,出版,99,7,7,1,2,李敖有话说(7),杂志、传记、文学、碰到、将军、国民党、朋友、学生
刘维斌,证人见证 / 财产信托,证人见证,99,7,7,1,3,李敖有话说(7),导演、朋友、记者、记者招待会、见、嫁给、所谓、一起
卢彦如,司法人员,司法人员,99,7,7,1,1,李敖有话说(7),法官、判决、像、法院、见、警察、告诉我
台独说,师生 / 党务宣传,师生,99,7,7,1,1,李敖有话说(7),台独、教授、宣传、主席、委员、国民党、所谓、投稿
叶翔之,政治人物 / 军事人物 / 党务宣传,政治人物,99,7,7,1,2,李敖有话说(7),将军、老师、国民党、少将
尼采,学术 / 诗文出处 / 历史类比引用 / 神交引用,学术,99,7,7,1,4,李敖有话说(7),哲学、像、研究、思想、学术、读、作品、主义
时成立,神交引用 / 政治人物,神交引用,99,7,6,1,5,李敖有话说(7),委员、像、所谓、院长、国民党、共产党、出版、总统
杭立武,见面 / 师生,见面,99,7,7,1,2,李敖有话说(7),部长、访问、大学、国民党、出版、学生、先生、授课
欧洲去,政治人物,政治人物,99,7,5,1,7,李敖有话说(7),国民党、主席、总统、像、家里、节目、将军
潘毓刚,科学家 / 学术 / 朋友 / 通信 / 见面 / 公共论战,科学家,99,7,7,1,4,李敖有话说(7),妈妈、朋友、博士、像、大学、共产党、古代、教授
王柏龄,军事人物 / 公职人员 / 公共论战 / 历史类比引用,军事人物,99,7,7,1,3,李敖有话说(7),将军、朋友、见
约翰·马歇尔,司法人员 / 政治人物 / 历史类比引用 / 神交引用,司法人员,99,7,7,1,2,李敖有话说(7),法官、总统、寄给、节目、法院
胡志强,学术 / 政治人物 / 公共论战,学术,99,7,7,1,5,李敖有话说(7),部长、市长、国民党、所谓、太太、政府、选举、民进党
苏联签,政治人物,政治人物,99,7,6,1,6,李敖有话说(7),所谓、部长、序、国民党、批评、政府、院长、共产党
荀子,学术 / 诗文出处 / 历史类比引用 / 神交引用,学术,99,7,7,1,5,李敖有话说(7),法官、所谓
蔡明宪,军事人物 / 政治人物 / 公共论战,军事人物,99,7,7,1,3,李敖有话说(7),部长、委员、民进党、国民党、中将、引用、爸爸、杂志
蔡松坡,政治人物 / 师生,政治人物,99,7,6,1,3,李敖有话说(7),总统、将军、学生、节目
蔡炯敦,司法人员,司法人员,99,7,7,1,1,李敖有话说(7),法官、判决、法院、见、像、警察、告诉我
蔡锷,军事人物 / 政治人物 / 主剧情人物 / 小说剧本人物 / 历史类比引用 / 神交引用,军事人物,99,7,7,1,3,李敖有话说(7),将军、总统、节目、学生
邓振球,司法人员,司法人员,99,7,7,1,1,李敖有话说(7),法官、判决、像、本院、法院、见、警察、告诉我
郭廷亮,同案狱友 / 军事人物 / 社会案件 / 证人见证,同案狱友,99,7,7,1,2,李敖有话说(7),上校、国民党、儿子、特务、将军、像
闻一多,学术 / 诗文出处 / 政治异议者 / 历史类比引用 / 神交引用,学术,99,7,7,1,5,李敖有话说(7),国民党、教授、主义、思想、诗、大学、特务、北大
韩毅雄,医疗照护 / 学术 / 同学 / 朋友,医疗照护,99,7,7,1,3,李敖有话说(7),大学、台大、朋友、问我、同学
高度,公共论战,待复核,99,7,7,1,4,李敖有话说(7),共产党、家里、宣传、老师、太太
魏德迈,军事人物 / 历史类比引用 / 神交引用,军事人物,99,7,7,1,2,李敖有话说(7),将军、告诉我
魏道明,政治人物 / 公职人员 / 历史类比引用,政治人物,99,7,7,1,4,李敖有话说(7),主席、见、见面、认识、政府、所谓、司令、问我
丘宏达,学术 / 司法人员 / 同学 / 公共论战,学术,99,6,6,1,2,李敖有话说(6),国民党、儿子、同学、大学、司法行政部、军法、部长、像
严老师,师生,师生,99,6,6,1,1,李敖有话说(6),老师、见、认识、共产党、学生、名言、交情、找他
二郎神,虚拟人物 / 宗教人物,虚拟人物,99,6,6,1,2,李敖有话说(6),
元凶,公共论战,待复核,99,6,5,1,4,李敖有话说(6),政治、太太、司令、国民党
公墓,姻亲,姻亲,99,6,5,1,5,李敖有话说(6),告诉我、夫人、总统、将军、弟弟、警察、采访
卢梭,学术 / 诗文出处 / 历史类比引用 / 神交引用,学术,99,6,6,1,2,李敖有话说(6),哲学、思想、节目
吴悦石,朋友,朋友,99,6,6,1,1,李敖有话说(6),朋友、先生、送我
国作家,媒体,待复核,99,6,4,1,5,李敖有话说(6),节目、研究、像、所谓
埃德加·斯诺,媒体 / 诗文出处 / 公共论战 / 历史类比引用,媒体,99,6,6,1,5,李敖有话说(6),像、教授、大学、访问、读、主席
夏君璐,亲属 / 师生 / 见面 / 通信 / 医疗照护,亲属,99,6,6,1,3,李敖有话说(6),师母、老师、太太、写信、见、请他、见证、证人
姚勇来,媒体 / 同案狱友 / 政治异议者 / 被害人,媒体,99,6,6,1,1,李敖有话说(6),律师、辩护、认识、太太、刑求、杂志、写信、同案
小罗斯福,政治人物 / 公职人员 / 历史类比引用,政治人物,99,6,6,1,3,李敖有话说(6),总统、认识、朋友、总干事
居正做,看守戒护 / 学术行政 / 军事人物,看守戒护,99,6,6,1,4,李敖有话说(6),参谋、司令、脚镣、手铐、院长、所谓、访问、法院
张自忠,军事人物 / 烈士殉难 / 历史类比引用,军事人物,99,6,6,1,5,李敖有话说(6),将军、像、支票、军长、国民党、共产党
强奸民,公共论战,待复核,99,6,4,1,2,李敖有话说(6),访问、电视、军购、所谓、台独
托尔斯泰,神交引用,神交引用,99,6,6,1,4,李敖有话说(6),文学、传记、作品、像、共产党
杨锦铨,师生,师生,99,6,6,1,4,李敖有话说(6),老师、碰到、学生、请他、朋友、送我
林太乙,亲属 / 姻亲,亲属,99,6,6,1,2,李敖有话说(6),女儿、女士、见、主编、读、结婚、一起、写信
林斯顿,学术,学术,99,6,6,1,6,李敖有话说(6),大学、主义、总统、政治、校长、研究、博士、所谓
林森南,政治人物 / 媒体,政治人物,99,6,5,1,5,李敖有话说(6),主席、政府、节目、一起、委员、国民党、民进党
林琴南,学术 / 诗文出处 / 出版 / 历史类比引用 / 神交引用,学术,99,6,6,1,2,李敖有话说(6),电视、教书、北大、先生、请他
查委员,政治人物,政治人物,99,6,6,1,2,李敖有话说(6),委员、国民党、见、见面、法官、报纸
格兰特,政治人物 / 主剧情人物 / 小说剧本人物 / 军事人物 / 历史类比引用,政治人物,99,6,6,1,4,李敖有话说(6),将军、总统、像、家里、历史上、司令
水肥,学术,学术,99,6,5,1,2,李敖有话说(6),大学、部长、像、法院、批评、政府
连战还,出版,出版,99,6,6,1,6,李敖有话说(6),国民党、总统、台独、主席、部长、报纸、政府、主编
陈顾远,学术 / 律师代理 / 诗文出处 / 学术考证引用 / 公共论战,学术,99,6,6,1,1,李敖有话说(6),律师、委员、大学、教授、研究、主义、辩护、法庭
霍四究,文艺音乐 / 历史类比引用 / 神交引用,文艺音乐,99,6,6,1,1,李敖有话说(6),老师、书里、一起
顾正秋,文艺音乐 / 婚姻相关,文艺音乐,99,6,6,1,2,李敖有话说(6),儿子、主席、情人、研究、中央研究院、共产党、法官、小姐
全斗焕,政治人物 / 诉讼,政治人物,99,5,5,1,2,李敖有话说(5),总统、法庭
冷欣,军事人物 / 证人见证,军事人物,99,5,5,1,2,李敖有话说(5),将军、国民党、读、一起、诗
卢夫人,姻亲 / 亲属,姻亲,99,5,5,1,3,李敖有话说(5),夫人、离婚、妈妈、母亲、结婚、市长、一起、儿子
叶庆炳,学术 / 公共论战,学术,99,5,5,1,1,李敖有话说(5),老师、文学、台大、大学、爸爸、书里、先生
吴乃仁,政治人物 / 党务宣传,政治人物,99,5,5,1,2,李敖有话说(5),秘书、委员、民进党、大学、台独、序
唐飞,军事人物 / 政治人物 / 公职人员 / 公共论战,军事人物,99,5,5,1,4,李敖有话说(5),院长、部长、太太、妻、参谋、总统、将军、所谓
墨子,学术 / 历史类比引用 / 神交引用,学术,99,5,5,1,2,李敖有话说(5),古代、书里、朋友、所谓、见、古人
广西人,政治人物 / 军事人物,政治人物,99,5,5,1,3,李敖有话说(5),总统、将军、政府、法院、国民党、说过、节目、军长
张光锦,同学 / 军事人物 / 朋友 / 见面,同学,99,5,5,1,3,李敖有话说(5),朋友、中将、同学、总统、妈妈、将军、到我家、我家来
张显耀,政治人物 / 公共论战,政治人物,99,5,5,1,2,李敖有话说(5),委员、思想、哲学、打电话、电话、主席、国民党、部长
张贵永,师生,师生,99,5,5,1,1,李敖有话说(5),教授、家里、台大
徐武军,见面 / 学术,见面,99,5,5,1,2,李敖有话说(5),朋友、儿子、爸爸、学生、学术、政治、教授、认识
时发生,亲属,亲属,99,5,5,1,5,李敖有话说(5),国民党、女儿、主义、总统、请我、学生、教授、大学
朱德总,通信 / 军事人物,通信,99,5,5,1,3,李敖有话说(5),司令、电报、像、广播、国民党、共产党、见、委员
林元帅,政治人物,政治人物,99,5,5,1,2,李敖有话说(5),总统、所谓
沈醉,情治警务 / 军事人物 / 诗文出处 / 通信 / 出版,情治警务,99,5,5,1,2,李敖有话说(5),共产党、将军、国民党、主义、像、找我、特务、少将
石锦,姻亲 / 创作资料协助 / 历史类比引用,姻亲,99,5,5,1,4,李敖有话说(5),像、家里、共产党、妈妈、老师、大学、博士、同在
第五种思,军事人物,军事人物,99,5,5,1,1,李敖有话说(5),将军、军购、像
胡适回,学术,学术,99,5,5,1,4,李敖有话说(5),研究、中央研究院、教授、大学、博士、北大、院长、妈妈
花接木,司法人员 / 亲属,司法人员,99,5,4,1,2,李敖有话说(5),法官、警察、家里
苏智良,师生,师生,99,5,5,1,1,李敖有话说(5),教授、像、学术、律师、访问、节目、电视
连战代,政治人物 / 见面,政治人物,99,5,5,1,5,李敖有话说(5),国民党、民进党、总统、所谓、一起、主席、选举、朋友
陈云林,通信,通信,99,5,5,1,3,李敖有话说(5),电报、先生、诗、访问、主席
陈衡哲,诗文出处 / 学术 / 公共论战 / 历史类比引用,诗文出处,99,5,5,1,1,李敖有话说(5),教授、报纸、大学、女士、见、告诉我、院长
顾崇廉,军事人物 / 政治人物 / 公共论战,军事人物,99,5,5,1,2,李敖有话说(5),委员、司令、将军、主席、法院
马嘉丽,看守戒护 / 媒体,看守戒护,99,5,5,1,1,李敖有话说(5),记者、主席、共产党、见、接见、访问
马屁诗,神交引用,神交引用,99,5,5,1,2,李敖有话说(5),诗、所谓、传记、国民党、朋友、总统
黄信介,政治人物 / 政治异议者 / 媒体 / 公职人员 / 公共论战,政治人物,99,5,5,1,5,李敖有话说(5),请我、主席、教授、民进党、台独、学者、一起、院长
黄石城,公职人员 / 政治人物 / 公共论战,公职人员,99,5,5,1,3,李敖有话说(5),选举、总统、所谓、委员、院长、陪他、国民党
东西现,公款经费,公款经费,99,4,4,1,4,李敖有话说(4),归公、论文、节目
任选举,政治人物,政治人物,99,4,4,1,1,李敖有话说(4),记者、总统、选举、宣传、访问、教授、序、市长
何柱国,军事人物 / 诗文出处 / 证人见证 / 历史类比引用,军事人物,99,4,4,1,1,李敖有话说(4),将军、司令、军长、说过、节目
养鸡场,姻亲,姻亲,99,4,4,1,1,李敖有话说(4),总统、夫人、太太
史力行,军事人物 / 社会案件 / 公共论战,军事人物,99,4,4,1,1,李敖有话说(4),上校、起诉、司令
叶楚伧,政治人物 / 诗文出处 / 历史类比引用,政治人物,99,4,4,1,3,李敖有话说(4),国民党、宣传、部长、院长、法院、思想、批评、一起
叶醉白,军事人物,军事人物,99,4,4,1,2,李敖有话说(4),将军、国民党、宣传
吉拉德,军事人物,军事人物,99,4,4,1,2,李敖有话说(4),将军
吴相湘,师生 / 学术 / 见面 / 编辑 / 诗文出处 / 出版,师生,99,4,4,1,3,李敖有话说(4),老师、编辑、教授、研究、大学、所谓、见、见面
吴荣元,同案狱友 / 政治异议者 / 通信,同案狱友,99,4,4,1,2,李敖有话说(4),大学、学生、碰到、一起、教授、法院、主席、共产党
家写,亲属,亲属,99,4,3,1,3,李敖有话说(4),儿子、教授、台大、朋友
应文婵,师生 / 学术行政,师生,99,4,4,1,1,李敖有话说(4),发行、院长、学生、交情、文学、公诉、认识、老师
时浓,亲属,亲属,99,4,4,1,2,李敖有话说(4),节目、儿子、同学、母亲、像
暴君放,公共论战,公共论战,99,4,4,1,1,李敖有话说(4),政治、思想、节目
曹寿民,师生,师生,99,4,4,1,1,李敖有话说(4),法院、委员、教授、台大、国民党、教书、大学
朱崇实,学术行政 / 学术 / 见面,学术行政,99,4,4,1,1,李敖有话说(4),大学、校长、见、请我、写信、回信、教授、请他
朱总理,政治人物,政治人物,99,4,4,1,2,李敖有话说(4),总统、选举、政治、见、见证、像
李杰看,政治人物,政治人物,99,4,4,1,3,李敖有话说(4),部长、朋友、法院、将军、共产党
林郁方,政治人物 / 公共论战 / 见面,政治人物,99,4,4,1,1,李敖有话说(4),主席、委员、大学
柯立芝,政治人物 / 主剧情人物 / 小说剧本人物 / 历史类比引用,政治人物,99,4,4,1,1,李敖有话说(4),夫人、总统、太太
水神来,见面,见面,99,4,4,1,1,李敖有话说(4),见、见面、儿子、见证、读、像
池浅王,政治人物,政治人物,99,4,4,1,1,李敖有话说(4),主席、总统、选举、所谓、说过
王墨林,政治人物 / 同学 / 朋友 / 见面,政治人物,99,4,4,1,1,李敖有话说(4),好友、送我、爸爸、妈妈、委员、先生、写信、姐姐
白居易,诗文出处 / 历史类比引用 / 神交引用,诗文出处,99,4,4,1,4,李敖有话说(4),诗、太太、查禁、书里、古代、节目、电视、像
相调查,政治人物,政治人物,99,4,4,1,2,李敖有话说(4),委员、选举、检察官、院长、法官、政府、所谓、法院
老布什,政治人物 / 主剧情人物 / 小说剧本人物 / 历史类比引用,政治人物,99,4,4,1,3,李敖有话说(4),爸爸、总统、见、选举、部长
胡适反,出版,出版,99,4,4,1,3,李敖有话说(4),出版、总统、出版社、思想、主义、见、父亲、秘书
莫德惠,政治人物 / 公职人员 / 选举助选 / 历史类比引用,政治人物,99,4,4,1,2,李敖有话说(4),院长、见、特务、儿子、序、总统
蒋百里,军事人物 / 诗文出处 / 历史类比引用,军事人物,99,4,4,1,4,李敖有话说(4),将军、部长、一起、政治、像、大学
蔡启芳,政治人物 / 公共论战,政治人物,99,4,4,1,3,李敖有话说(4),主席、民进党、序、委员、国民党、立委、军购
陈又亮,学术 / 出版 / 通信 / 创作资料协助,学术,99,4,4,1,3,李敖有话说(4),朋友、见、见到、大学、女儿、情人、博士、诗
任政务,政治人物,政治人物,99,3,3,1,3,李敖有话说(3),主席、委员、市长、国民党、杂志
台独教,公共论战,公共论战,99,3,3,1,2,李敖有话说(3),台独、像、教授、大学、政治、所谓
史改写,公共论战,公共论战,99,3,3,1,2,李敖有话说(3),国民党、共产党、哲学、节目、历史上、像
国农业,政治人物,政治人物,99,3,3,1,2,李敖有话说(3),部长、总统、报纸、认识、秘书
巴达式,媒体,媒体,99,3,3,1,2,李敖有话说(3),节目、部长、像、女儿
师摇身,师生,师生,99,3,3,1,2,李敖有话说(3),助理、总统、选举、见、序、法院、委员、立委
成假,公共论战,公共论战,99,3,3,1,1,李敖有话说(3),政治
杨宗儒,律师代理,律师代理,99,3,3,1,2,李敖有话说(3),律师、总统、控告、代理、告发、所谓、记者、诉状
萧毅肃,军事人物,军事人物,99,3,3,1,1,李敖有话说(3),见、同僚、接见、少将、中将、国民党
蒋光头,亲属,亲属,99,3,3,1,2,李敖有话说(3),儿子、太太、教授、台大、朋友
蒋家门,亲属,亲属,99,3,3,1,1,李敖有话说(3),节目、弟弟、儿子、出版、父亲、妈妈、秘书、部长
连战今,见面,见面,99,3,3,1,2,李敖有话说(3),请他、主席、国民党、大学
陈支平,学术行政 / 学术 / 见面,学术行政,99,3,3,1,1,李敖有话说(3),院长、史学、教授、思想、回信、见、告诉我、大学
鲁迅者,媒体,媒体,99,3,3,1,1,李敖有话说(3),节目、共产党、所谓
黄盖,军事人物 / 历史类比引用 / 神交引用,军事人物,99,3,3,1,1,李敖有话说(3),总统、所谓
司马既明,神交引用 / 公共论战,待复核,98,10,6,1,1,李敖有话说(10),书里、国民党、先生、作品、文学、像
汪道涵,政治人物 / 公职人员 / 公共论战,政治人物,98,8,8,1,7,李敖有话说(8),国民党、先生、主席、诗、节目
丁蔚慈,刑求受害,刑求受害,98,5,4,1,1,李敖有话说(5),朋友、刑求、国民党
张俊雄,政治人物 / 公职人员 / 公共论战,政治人物,98,4,4,1,3,李敖有话说(4),民进党、委员、见、立委、院长、秘书、律师、像
谢然之,出版管制 / 政治人物 / 党务宣传 / 公职人员 / 公共论战,出版管制,98,4,4,1,1,李敖有话说(4),杂志、文星、委员、第四组主任、出版、大学、共产党、名言
戴安娜王妃,历史类比引用 / 媒体 / 神交引用,历史类比引用,97,12,12,1,4,李敖有话说(12),像、老师、见
张静江,政治人物 / 公职人员 / 财产债务 / 历史类比引用,政治人物,97,6,6,1,5,李敖有话说(6),委员、国民党、共产党、见
白实录,神交引用,神交引用,97,6,4,1,5,李敖有话说(6),书里、爸爸、报纸、报导
李富春,出版,出版,97,4,4,1,3,李敖有话说(4),部长、杂志、共产党、像、国民党、告诉我、土地
管碧玲,学术行政,学术行政,97,4,4,1,1,李敖有话说(4),民进党、研究、中央研究院、院长、节目、法院、委员、党部
邵铭煌,创作资料协助 / 学术行政 / 历史类比引用,创作资料协助,97,3,3,1,3,李敖有话说(3),党部、节目、委员、国民党、教授、一起、先生
周伯伦,政治人物 / 媒体 / 诉讼 / 公共论战 / 见面,政治人物,96,4,4,1,2,李敖有话说(4),民进党、见、立委、委员
李杰跟,政治人物,政治人物,96,4,4,1,3,李敖有话说(4),部长、跟我说、记者、将军、报纸
竺道生,宗教人物 / 神交引用,宗教人物,96,4,4,1,2,李敖有话说(4),电视、诗、见、像
罗伯特,亲属,亲属,96,4,4,1,3,李敖有话说(4),弟弟、总统、部长、诗、女儿、结婚、将军
林俊义,学术 / 政治人物 / 公共论战,学术,96,3,3,1,2,李敖有话说(3),民进党、政府、教授、立委、政治
蔡委员,政治人物,政治人物,96,3,3,1,1,李敖有话说(3),主席、委员、院长、法院
海明威,诗文出处 / 历史类比引用 / 神交引用,诗文出处,95,49,49,1,16,李敖有话说(49),文学、一起、像、诗、宣传、国民党、节目、告诉我
周公,政治人物 / 学术 / 历史类比引用 / 神交引用,政治人物,95,32,32,1,11,李敖有话说(32),弟弟、古代、古人、哥哥、思想、陪他、序、政治
魏廷朝,朋友 / 创作资料协助 / 政治异议者 / 公共论战,朋友,95,32,32,1,7,李敖有话说(32),朋友、台独、诗、妹妹、判决、一起、书里、记者
吴敬恒,学术 / 政治人物 / 公共论战 / 历史类比引用,学术,95,29,29,1,6,李敖有话说(29),老师、总统、一起、像、主席、政府、报纸、党务
汉武帝,历史类比引用 / 政治人物 / 神交引用,历史类比引用,95,26,26,1,10,李敖有话说(26),夫人、情人、见、古代、儿子、太太、节目、电视
司马光,政治人物 / 学术 / 诗文出处 / 历史类比引用 / 神交引用,政治人物,95,24,24,1,6,李敖有话说(24),政府、古代、见、国民党、共产党、历史上、所长、说过
林则徐,历史类比引用 / 政治人物 / 学术 / 神交引用,历史类比引用,95,24,24,1,5,李敖有话说(24),朋友、政府、节目、共产党
林云,宗教人物 / 婚姻相关 / 公共论战,宗教人物,95,23,23,1,5,李敖有话说(23),电话、见、跟我说、打电话、爸爸、大学、师生、节目
蒋纬国,军事人物 / 政治人物 / 亲属 / 诉讼 / 财产债务 / 公共论战 / 历史类比引用,军事人物,95,23,23,1,9,李敖有话说(23),儿子、委员、父亲、哥哥、爸爸、弟弟、见、法院
杜勒斯,政治人物 / 公职人员 / 诗文出处 / 历史类比引用 / 神交引用,政治人物,95,22,22,1,8,李敖有话说(22),弟弟、见、将军、总统、见到、政府、接见、部长
周武王,历史类比引用 / 政治人物 / 神交引用,历史类比引用,95,21,21,1,6,李敖有话说(21),弟弟、古代、哥哥、爸爸、见、古人、像、书里
子路,学术 / 神交引用,学术,95,21,21,1,6,李敖有话说(21),老师、见、学生、序、像、碰到、哥哥、主义
詹柏斯,媒体 / 证人见证 / 政治异议者 / 历史类比引用 / 公共论战,媒体,95,20,20,1,1,李敖有话说(20),认识、共产党、家里、政治、编辑、杂志、秘书、总统
鲍叔牙,政治人物 / 历史类比引用 / 神交引用,政治人物,95,20,20,1,2,李敖有话说(20),朋友、政治、请他、像、一起
李昌钰,政治人物,待复核,95,19,5,1,3,李敖有话说(19),政府、记者、法庭、警察
封面,出版 / 党务宣传,待复核,95,18,10,1,16,李敖有话说(18),杂志、大学、北大、部长、共产党、像、书店、警备总部
方言,神交引用 / 朋友,待复核,95,18,10,1,4,李敖有话说(18),像、朋友、所谓、哲学、作品、文学、教授、学术
施珂,朋友 / 见面 / 通信 / 军事人物,朋友,95,18,18,1,8,李敖有话说(18),朋友、老师、财产、教书、研究、台大、学生、节目
时候死,亲属 / 神交引用,待复核,95,18,12,1,17,李敖有话说(18),儿子、弟弟、太太、请他、思想、将军、国民党、朋友
海耶克,学术 / 公共论战 / 神交引用,学术,95,18,18,1,3,李敖有话说(18),思想、主义、政治、教授、出版、政府、书里、文学
相信有,神交引用 / 见面 / 公共论战 / 朋友,待复核,95,18,13,1,14,李敖有话说(18),像、见、朋友、对我说、法院、主义、政治、国民党
连震东,亲属 / 财产债务 / 历史类比引用,亲属,95,18,18,1,8,李敖有话说(18),爸爸、部长、儿子、院长、国民党、一起、读、太太
通用公,政治人物 / 军事人物,政治人物,95,18,12,1,3,李敖有话说(18),将军、部长、总统、请他、政府、名言、一起
乌克兰,政治人物,政治人物,95,17,14,1,2,李敖有话说(17),总统、选举、警察、主席、委员、所谓
包起来,神交引用 / 亲属,待复核,95,17,9,1,14,李敖有话说(17),像、儿子、古代、报纸、母亲、跟我说、妈妈、书里
叔齐,政治异议者 / 神交引用,政治异议者,95,17,17,1,2,李敖有话说(17),古人、历史上、像、政治、政府、古代、爸爸、杂志
巴金,出版 / 神交引用,出版,95,17,17,1,5,李敖有话说(17),主席、像、辩护、出版社、出版、书里、认识
胡适当,师生 / 学术行政,待复核,95,17,13,1,14,李敖有话说(17),国民党、学生、院长、研究、大学、中央研究院、节目、写信
陆去,公共论战 / 媒体 / 出版 / 亲属,公共论战,95,17,14,1,13,李敖有话说(17),国民党、共产党、思想、朋友、报人、儿子、主义、出版
高干,亲属,亲属,95,17,17,1,13,李敖有话说(17),国民党、爸爸、党部、像、儿子、文星、诗、说过
吴三桂,历史类比引用 / 政治人物 / 军事人物 / 情感 / 神交引用,历史类比引用,95,16,16,1,4,李敖有话说(16),爸爸、情人、政治、历史上、妈妈、政府、所谓、像
李夫人,历史类比引用 / 情感 / 神交引用,历史类比引用,95,16,16,1,2,李敖有话说(16),夫人、情人、见
能够当,政治人物 / 公共论战,政治人物,95,16,13,1,13,李敖有话说(16),总统、国民党、所谓、民进党、市长、党部、警察、选举
苏秋镇,政治人物 / 政治异议者 / 公共论战 / 见面,政治人物,95,16,16,1,2,李敖有话说(16),委员、朋友、政治、法院、研究、台大、对我说、选举
韩国,政治人物 / 公共论战 / 神交引用,待复核,95,16,9,1,13,李敖有话说(16),像、总统、太太、军购、共产党、主义、碰到、政府
那么容,公共论战 / 政治人物 / 媒体,待复核,95,15,11,1,13,李敖有话说(15),像、总统、电视、广播、警察、哲学、查禁、国民党
那种有,公共论战,待复核,95,15,8,1,15,李敖有话说(15),总统、选举、所谓、古代、研究、学者、中央研究院、院长
阿登纳,政治人物 / 公职人员 / 历史类比引用 / 神交引用,政治人物,95,15,15,1,8,李敖有话说(15),市长、国民党、民进党、监狱、批评、像
龙去脉,媒体 / 出版,待复核,95,15,11,1,15,李敖有话说(15),节目、国民党、历史上、序、传记、爸爸、妈妈、女儿
刘心皇,公共论战 / 神交引用 / 出版 / 见面,公共论战,95,14,12,1,1,李敖有话说(14),国民党、总统、出版、总干事、认识、出版社、文学、先生
方豪,师生 / 学术 / 宗教人物 / 通信 / 创作资料协助,师生,95,14,14,1,2,李敖有话说(14),老师、教授、找我、主编、杂志、文星、像、见
景延广,军事人物 / 公职人员 / 历史类比引用 / 神交引用,军事人物,95,14,14,1,2,李敖有话说(14),儿子、写信、碰到、爸爸
狄仁杰,政治人物 / 公职人员 / 历史类比引用 / 神交引用,政治人物,95,14,14,1,1,李敖有话说(14),书里、告诉我、见、传记、像
王五,江湖人物 / 烈士殉难 / 历史类比引用 / 神交引用,江湖人物,95,14,14,1,12,李敖有话说(14),朋友、像、节目、宣传、请他、学生、夫人、总统
那什么,亲属,待复核,95,14,7,1,14,李敖有话说(14),主义、爸爸、朋友、作家、判决、军法、共产党、一起
光绪,政治人物 / 历史类比引用 / 神交引用,政治人物,95,13,13,1,7,李敖有话说(13),学者、秘书、太太、大学、像、老师、诗
史记录,政治人物 / 公共论战,政治人物,95,13,10,1,11,李敖有话说(13),总统、共产党、电报、对我说、电话、同学、儿子、女儿
墨索里尼,政治人物 / 公共论战 / 历史类比引用,政治人物,95,13,13,1,5,李敖有话说(13),学者、史学、像、传记、教授、研究、陪他、女儿
张立义,姻亲,姻亲,95,13,9,1,1,李敖有话说(13),太太、结婚、离婚、教授、同学、台大、历史上、见
支持李,政治人物,待复核,95,13,8,1,12,李敖有话说(13),像、国民党、报纸、总统、一起、政治、说过、电视
朱元璋,政治人物 / 军事人物 / 历史类比引用 / 神交引用,政治人物,95,13,13,1,9,李敖有话说(13),思想、会面、所谓、古代、说过、儿子、政府、像
江人,神交引用,待复核,95,13,8,1,10,李敖有话说(13),像、诗、将军、学生、见
赛珍珠,诗文出处 / 历史类比引用 / 神交引用,诗文出处,95,13,13,1,4,李敖有话说(13),文学、朋友、教授、像、嫁给、教书、大学、认识
邓颖超,公共论战 / 媒体,公共论战,95,13,10,1,5,李敖有话说(13),共产党、节目、见、朋友、接见、像、批评、见面
邵玉铭,出版管制 / 媒体 / 公职人员 / 政治人物 / 公共论战,出版管制,95,13,13,1,3,李敖有话说(13),国民党、报纸、儿子、研究、政治、诗、所谓
郑锡华,出版 / 同案狱友 / 见面 / 财产债务 / 诉讼 / 证人见证,出版,95,13,13,1,2,李敖有话说(13),文星、朋友、国民党、特务、一起、编辑、总编辑、爸爸
高规格,见面 / 学术,见面,95,13,11,1,3,李敖有话说(13),学者、晤、国民党、报导、见、见面、政府、节目
卫长,政治人物 / 见面 / 亲属,政治人物,95,12,10,1,10,李敖有话说(12),总统、院长、所谓、见、部长、参谋、像、见面
吕洞宾,宗教人物 / 历史类比引用 / 神交引用,宗教人物,95,12,12,1,5,李敖有话说(12),一起、像、想象力、古代、告诉我、送我、读、诗
国什么,见面,待复核,95,12,9,1,12,李敖有话说(12),总统、大学、政治、回扣、告诉我、部长、共产党、电报
孙元良,军事人物 / 出版,军事人物,95,12,12,1,2,李敖有话说(12),将军、儿子、爸爸、司令、学生、历史上
家怀疑,姻亲 / 政治人物,姻亲,95,12,10,1,8,李敖有话说(12),太太、总统、所谓、离婚、选举、一起、法院、共产党
曾几何,政治人物 / 亲属 / 见面,政治人物,95,12,11,1,10,李敖有话说(12),所谓、委员、总统、国民党、政治、查禁、妈妈、大学
曾泽生,军事人物 / 政治人物 / 历史类比引用,军事人物,95,12,12,1,1,李敖有话说(12),共产党、见、军长、国民党、司令、证人、见面、电报
李应元,政治人物 / 政治异议者 / 人权救援 / 诉讼,政治人物,95,12,12,1,2,李敖有话说(12),民进党、序、主席、问我、宣传、告诉我、一起、夫人
段祺瑞,政治人物 / 军事人物 / 公共论战 / 神交引用,政治人物,95,12,12,1,5,李敖有话说(12),学生、共产党、政府、国民党、见、所谓、总统、告诉我
管道,公共论战,待复核,95,12,7,1,9,李敖有话说(12),民进党、告诉我、政治、一起、朋友、信托、写信、教授
翁得利,政治人物 / 公共论战,政治人物,95,12,11,1,3,李敖有话说(12),国民党、市长、总统、选举、所谓、民进党
全部打,见面,待复核,95,11,6,1,11,李敖有话说(11),见、诗、一起、政府、院长、司令、国民党、共产党
基辛格,政治人物 / 神交引用,政治人物,95,11,11,1,5,李敖有话说(11),见、见面、总统、像、所谓、认识、家里
宁次,军事人物 / 学术,军事人物,95,11,9,1,3,李敖有话说(11),司令、参谋、国民党、史学、将军
师胡适,师生,师生,95,11,11,1,6,李敖有话说(11),老师、学生、主义、文学、国民党、政治、政府、杂志
支持陈,政治人物 / 学术行政,政治人物,95,11,10,1,5,李敖有话说(11),选举、总统、研究、中央研究院、政治、民进党、所谓、警察
杨衢云,政治人物 / 政治异议者 / 历史类比引用 / 神交引用,政治人物,95,11,11,1,2,李敖有话说(11),政府、像、国民党
能够提,公共论战,待复核,95,11,8,1,11,李敖有话说(11),共产党、见、告诉我、查禁、国民党、总统、序、法院
齐白石,文艺音乐 / 历史类比引用 / 神交引用,文艺音乐,95,11,11,1,6,李敖有话说(11),学生、所谓、见、思想、诗、院长、法院、国民党
俞正燮,学术 / 诗文出处 / 学术考证引用 / 历史类比引用 / 神交引用,学术,95,10,10,1,4,李敖有话说(10),学者、大学、见、书里、老师、碰到、思想
全部死,亲属 / 姻亲 / 学术行政,待复核,95,10,7,1,8,李敖有话说(10),国民党、太太、院长、法院、儿子、诗、像、部长
冯玉祥,军事人物 / 政治人物 / 历史类比引用,军事人物,95,10,10,1,8,李敖有话说(10),国民党、政府、参谋、像、节目、共产党、太太、主席
凤凰台,媒体 / 见面,媒体,95,10,9,1,9,李敖有话说(10),节目、电视、请我、像、攻击、告诉我、母亲、妈妈
吉普车,见面 / 军事人物,待复核,95,10,6,1,5,李敖有话说(10),公共、见、少将、国民党、将军、中将、政治
家请看,亲属,待复核,95,10,5,1,10,李敖有话说(10),晤、助理、总统、选举、像、妈妈、妹妹、爸爸
朱自清,诗文出处 / 学术 / 神交引用,诗文出处,95,10,10,1,5,李敖有话说(10),国民党、教授、特务、大学、读、像、见、诗
殷汝耕,政治人物 / 见面,政治人物,95,10,9,1,2,李敖有话说(10),政府、一起、警察
能够自,出版,出版,95,10,8,1,10,李敖有话说(10),序、历史上、土地、国民党、像、总统、委员、所谓
通情达,亲属 / 姻亲,亲属,95,10,8,1,7,李敖有话说(10),总统、女儿、太太、妈妈、夫人、结婚、教授、研究
鲍罗庭,军事人物 / 公共论战,军事人物,95,10,10,1,2,李敖有话说(10),将军、国民党、共产党、所谓、太太、夫人、像
卢太夫人,亲属 / 历史类比引用,亲属,95,9,9,1,4,李敖有话说(9),夫人、妈妈、市长、结婚、儿子
吴俊升,军事人物 / 历史类比引用,军事人物,95,9,9,1,1,李敖有话说(9),一起、出版、旅长
国承认,政治人物,政治人物,95,9,8,1,9,李敖有话说(9),政府、所谓、总统、攻击、告诉我、书里、法院、委员
国立台,学术 / 师生,学术,95,9,9,1,7,李敖有话说(9),大学、教授、研究、院长、见、中央研究院、所长、台独
安唐妮,姻亲 / 神交引用,姻亲,95,9,7,1,1,李敖有话说(9),太太、嫁给、传记、像、妻、告诉我、哲学
平均地,公共论战 / 神交引用 / 政治人物,公共论战,95,9,9,1,4,李敖有话说(9),主义、共产党、总统、土地
曹冲称,亲属 / 见面 / 师生,亲属,95,9,7,1,4,李敖有话说(9),儿子、结婚、说过、教授、节目、见、认识、女儿
李善培,朋友 / 见面 / 邻居 / 通信 / 财产债务,朋友,95,9,9,1,2,李敖有话说(9),儿子、主席、说过、一起、朋友、爸爸、同学、弟弟
杭世骏,学术 / 神交引用,学术,95,9,9,1,1,李敖有话说(9),大学、学者、古人、一起、节目、电视、古代、委员
毕业证,师生 / 学术,师生,95,9,9,1,4,李敖有话说(9),学生、大学、文学、书里、见、总统
毛人凤,政治人物 / 情治警务 / 监狱行政 / 军事人物,政治人物,95,9,9,1,2,李敖有话说(9),将军、女友、委员、中将、少将、朋友、国民党
江冬秀,姻亲 / 出版 / 公共论战,姻亲,95,9,9,1,3,李敖有话说(9),夫人、太太、见、朋友、研究、中央研究院
王兆民,政治人物 / 公职人员 / 通信 / 出版 / 创作资料协助,政治人物,95,9,9,1,4,李敖有话说(9),同学、同班、大学、节目、爸爸、父亲、委员、母亲
王司机,亲属,亲属,95,9,5,1,1,李敖有话说(9),家里、送我
王尔德,诗文出处 / 历史类比引用 / 神交引用,诗文出处,95,9,9,1,8,李敖有话说(9),文学、像、读、结婚、院长、法院
相当程,公共论战,待复核,95,9,6,1,9,李敖有话说(9),总统、学者、辩护、政府、弟弟、家里、古代、共产党
章亚若,亲属 / 见面,亲属,95,9,8,1,3,李敖有话说(9),弟弟、妈妈、姐姐、妹妹、证人、一起、儿子、见
陈履安,政治人物 / 财产债务 / 亲属 / 通信 / 公共论战,政治人物,95,9,9,1,2,李敖有话说(9),总统、家里、儿子、到我家、所谓、学生、朋友、电视
倪文亚,政治人物 / 公共论战 / 见面,政治人物,95,8,8,1,5,李敖有话说(8),国民党、院长、法院、委员、共产党、离婚、一起、像
党派,见面,待复核,95,8,6,1,8,李敖有话说(8),委员、国民党、见、法院、民进党、所谓、政治、像
全国各,政治人物,政治人物,95,8,5,1,7,李敖有话说(8),政府、政治、所谓、总统、见、市长、共产党
利士人,见面 / 公共论战,见面,95,8,7,1,1,李敖有话说(8),攻击、碰到、见
卢太夫,姻亲 / 亲属,姻亲,95,8,8,1,4,李敖有话说(8),夫人、妈妈、结婚、市长、儿子
吴克泰,政治人物 / 公共论战,政治人物,95,8,8,1,1,李敖有话说(8),共产党、节目、委员、政治、国民党
吴忠信（党国元老）,政治人物 / 神交引用,政治人物,95,8,8,1,2,李敖有话说(8),儿子、见、告诉我、信托、一起、爸爸、朋友
国贼,政治人物,待复核,95,8,5,1,8,李敖有话说(8),部长、国民党、所谓、研究、台大、辩护、将军
安泰人,通信,待复核,95,8,4,1,1,李敖有话说(8),律师、写信、太太、寄给、存证信、回信
徐志摩,诗文出处 / 历史类比引用 / 神交引用,诗文出处,95,8,8,1,5,李敖有话说(8),大学、像、老师、教授、问我、父亲、爸爸、文学
支钢笔,亲属,亲属,95,8,5,1,2,李敖有话说(8),父亲、家里、一起、部长
李天培,学术 / 同学 / 朋友 / 见面,学术,95,8,8,1,2,李敖有话说(8),朋友、一起、弟弟、同学、儿子、学者、爸爸、大学
李霖灿,学术,学术,95,8,6,1,3,李敖有话说(8),研究
毛奇将,军事人物,军事人物,95,8,8,1,3,李敖有话说(8),将军、参谋、像
汤恩伯,军事人物,军事人物,95,8,6,1,4,李敖有话说(8),司令、共产党、写信、主席、将军、部长、国民党、大学
祖国来,公共论战 / 出版,待复核,95,8,6,1,8,李敖有话说(8),女儿、博士、共产党、报纸、国民党、说过、书店、文星
胡适思,出版 / 公共论战,出版,95,8,8,1,5,李敖有话说(8),思想、出版、书店、主义、共产党、读、政治、所谓
蔡孟坚,见面 / 政治人物,见面,95,8,8,1,2,李敖有话说(8),国民党、见、见面、市长、主席、政府、政治、请他
边有人,神交引用,神交引用,95,8,7,1,7,李敖有话说(8),所谓、见、见证、证人、记者、监狱、看守所、朋友
钱师母,师生,师生,95,8,8,1,1,李敖有话说(8),师母、爸爸、国民党、大学、学生、太太
雷震办,出版,出版,95,8,8,1,8,李敖有话说(8),杂志、文星、政治、学生、大学、出版、认识、辩护
高克毅,媒体 / 出版 / 神交引用,媒体,95,8,8,1,1,李敖有话说(8),研究、读、总统、书里、先生、一起
万现金,诉讼 / 见面,诉讼,95,7,6,1,4,李敖有话说(7),朋友、法院、委员、太太、到我家、我家来、一起、总统
于连战,公共论战,公共论战,95,7,6,1,6,李敖有话说(7),国民党、军购、批评、大学、节目、总统、警察、财产
何德何,亲属,亲属,95,7,6,1,6,李敖有话说(7),委员、国民党、政治、儿子、像、党部、爸爸、民进党
党抓到,公共论战,公共论战,95,7,7,1,7,李敖有话说(7),共产党、国民党、像、将军、大学、秘书、总统、部长
包围马,政治人物,政治人物,95,7,6,1,3,李敖有话说(7),政府、将军、共产党、家里、选举、市长
单雄信,朋友,朋友,95,7,7,1,1,李敖有话说(7),朋友
吴国祯,政治人物,政治人物,95,7,7,1,2,李敖有话说(7),委员、台独、主席、政府、夫人、朋友、儿子
居里夫人,科学家 / 神交引用,科学家,95,7,7,1,2,李敖有话说(7),夫人、产权、财产、恋爱、情书、像
张校长,亲属 / 公共论战,亲属,95,7,6,1,2,李敖有话说(7),儿子、共产党、同学、大学、学生、告诉我
曲显功,师生 / 见面,师生,95,7,6,1,1,李敖有话说(7),教授、大学、一起、见、告诉我、学术、研究、学者
李市长,政治人物,政治人物,95,7,7,1,3,李敖有话说(7),市长、太太、委员、政府
李鼎彝,亲属 / 学术 / 诗文出处,亲属,95,7,7,1,6,李敖有话说(7),父亲、大学、学生、同学、同班、文学、老师、教书
水喝,师生 / 见面,师生,95,7,6,1,5,李敖有话说(7),见、教授、家里、女儿、主席、部长、政治、像
王崇五,见面 / 媒体 / 公职人员 / 党务宣传,见面,95,7,7,1,4,李敖有话说(7),国民党、共产党、市长、跟我说、杂志、宣传、节目、政治
白先勇,诗文出处 / 出版 / 历史类比引用 / 神交引用 / 公共论战,诗文出处,95,7,7,1,2,李敖有话说(7),像、文学、朋友、爸爸、大学、记者
白虎星,公共论战 / 亲属,公共论战,95,7,7,1,5,李敖有话说(7),像、共产党、见、弟弟、太太、大学、儿子
相信共,公共论战,公共论战,95,7,7,1,6,李敖有话说(7),共产党、主义、台独、节目、总统、见、问我、学生
程师,亲属,亲属,95,7,6,1,7,李敖有话说(7),总统、太太、姐姐、院长、国民党、爸爸、妹妹、学生
第五代,亲属,亲属,95,7,6,1,2,李敖有话说(7),女儿、所谓、儿子、教授、像、大学、政治
胡适还,神交引用,神交引用,95,7,7,1,6,李敖有话说(7),出版、主义、诗、政治、共产党、查禁、学生、家里
萧老先,亲属,亲属,95,7,5,1,3,李敖有话说(7),儿子、朋友、送我、家里、国民党
贝夫人,见面,见面,95,7,7,1,1,李敖有话说(7),夫人、见、见面、情人、陪他
贝尔,科学家 / 神交引用,科学家,95,7,7,1,3,李敖有话说(7),碰到、电话、出版、部长、问我、对我说、记者、共产党
赵宁,媒体 / 学术 / 诉讼 / 公共论战 / 见面,媒体,95,7,7,1,1,李敖有话说(7),朋友、主席、法院、法庭、上诉、诗
连战有,亲属 / 财产债务,待复核,95,7,4,1,5,李敖有话说(7),爸爸、妈妈、太太、母亲、儿子、大学、国民党、房产
那胡适,见面,见面,95,7,6,1,6,李敖有话说(7),国民党、像、学生、朋友、共产党、主义、见、认识
邵尧夫,见面 / 党务宣传,见面,95,7,6,1,4,李敖有话说(7),请他、学者、宣传、读、像、朋友、历史上
陈公亮,亲属,亲属,95,7,6,1,4,李敖有话说(7),弟弟、太太、大学
陈启礼,江湖人物 / 诉讼 / 同案狱友 / 公共论战,江湖人物,95,7,7,1,2,李敖有话说(7),台独、认识、导演、见、见面、朋友、国民党
高斯,科学家 / 学术 / 神交引用,科学家,95,7,7,1,4,李敖有话说(7),老师、学生、报纸、代理、司令
鲁迅还,学术,学术,95,7,7,1,5,李敖有话说(7),思想、像、大学、主席、朋友、文学、辩护、学生
余英时,学术 / 公共论战,学术,95,6,6,1,3,李敖有话说(6),国民党、研究、中央研究院、所谓、秘书、读、学者、院长
党互相,公共论战,公共论战,95,6,6,1,6,李敖有话说(6),国民党、共产党、政治、像、民进党、总统、宣传
和朋友,朋友 / 亲属,朋友,95,6,6,1,4,李敖有话说(6),朋友、认识、女儿、像、父亲、北大、委员
孙陵,出版 / 通信 / 见面 / 出版管制 / 公共论战,出版,95,6,6,1,1,李敖有话说(6),查禁、国民党、政治、告诉我、上校、中将、司令
宣传台,党务宣传,党务宣传,95,6,6,1,3,李敖有话说(6),台独、宣传、总统、主义
家华严,亲属,亲属,95,6,5,1,1,李敖有话说(6),太太、姐姐、妹妹、妈妈、像、大学、找他、发行
家批评,亲属 / 见面,亲属,95,6,6,1,6,李敖有话说(6),批评、女儿、总统、学术、政治、一起、见、古代
家透露,媒体 / 公共论战,媒体,95,6,6,1,5,李敖有话说(6),节目、法院、政府、委员、政治、读、主义、军购
常常笑,师生,师生,95,6,5,1,6,李敖有话说(6),教授、共产党、委员、大学、政治、爸爸、哥哥、情人
梁敦厚,媒体,媒体,95,6,6,1,2,李敖有话说(6),记者、共产党、国民党、总统、女儿、警察
王小屯,姻亲 / 情感 / 见面 / 出版 / 医疗照护,姻亲,95,6,6,1,3,李敖有话说(6),太太、朋友、市长、代理、陪我、妈妈、国民党、女儿
麦克纳马拉,政治人物 / 军事人物 / 神交引用,政治人物,95,6,6,1,1,李敖有话说(6),部长、教授、大学、总统、太太、结婚、报导、出版
从连战,亲属,亲属,95,5,5,1,5,李敖有话说(5),国民党、见、爸爸、儿子、共产党、院长、检察官、起诉
党来打,政治人物 / 公共论战,政治人物,95,5,5,1,5,李敖有话说(5),共产党、委员、家里、国民党、法院、部长、所谓
别节目,媒体,媒体,95,5,5,1,5,李敖有话说(5),节目、国民党、电视、委员
包德甫,媒体 / 神交引用,媒体,95,5,5,1,1,李敖有话说(5),问我、见、电话、报纸、朋友、杂志、记者、国民党
哪吒,虚拟人物 / 宗教人物 / 历史类比引用 / 神交引用,虚拟人物,95,5,5,1,2,李敖有话说(5),见、遇见、序
廖文毅,政治人物 / 政治异议者 / 公共论战,政治人物,95,5,5,1,2,李敖有话说(5),台独、国民党、总统、院长、主席、所谓、政治
李司令,财产债务 / 军事人物,财产债务,95,5,5,1,2,李敖有话说(5),司令、财产、将军、女儿、部长、土地、报纸
李国龙,同案狱友,同案狱友,95,5,5,1,3,李敖有话说(5),学生、大学、一起、共产党、见、见面、同房、碰到
李述古,朋友 / 见面 / 通信,朋友,95,5,5,1,1,李敖有话说(5),研究、朋友、大学、诗
沈志明,同案狱友,同案狱友,95,5,5,1,1,李敖有话说(5),书店、法院、保释、认识、发行、院长、司令、书里
程序发,出版,出版,95,5,5,1,3,李敖有话说(5),序、主席、民进党、法院、委员、国民党
终止适,政治人物,政治人物,95,5,5,1,2,李敖有话说(5),委员、国民党、见、法院、一起、律师、研究、秘书
能答复,政治人物 / 学术行政,政治人物,95,5,5,1,2,李敖有话说(5),委员、法院、院长、问我
莫洛托,政治人物,政治人物,95,5,5,1,4,李敖有话说(5),部长、政府、总统、见、像
许世友,军事人物,军事人物,95,5,4,1,3,李敖有话说(5),将军、查禁、司令、告诉我
许广平,情感 / 诗文出处 / 历史类比引用 / 神交引用,情感,95,5,5,1,3,李敖有话说(5),学生、儿子、太太、结婚、爸爸、恋爱、像
郭委员,学术行政 / 政治人物,学术行政,95,5,5,1,1,李敖有话说(5),委员、院长、国民党、总统、律师
金门防,军事人物,军事人物,95,5,5,1,4,李敖有话说(5),司令、国民党、政治、将军、军长、总统、报纸、政府
陈诚跟,师生,师生,95,5,5,1,4,李敖有话说(5),院长、国民党、学生、共产党、所谓、发行、文学、认识
颜回,师生,师生,95,5,5,1,3,李敖有话说(5),学生、见、古代、教授、大学、像、研究
周海婴,亲属,亲属,95,4,4,1,4,李敖有话说(4),儿子、像、书里、先生、学生、恋爱、家里
张桂贞,亲属 / 诉讼 / 创作资料协助 / 财产债务,亲属,95,4,4,1,4,李敖有话说(4),母亲、妈妈、大学、父亲、爸爸、结婚、女士
曹昭苏,亲属,亲属,95,4,4,1,1,李敖有话说(4),爸爸、儿子、政治、认识、告诉我、家里、将军
祖先谈,亲属,亲属,95,3,3,1,2,李敖有话说(3),哥哥、见、见证、弟弟、像
伊藤博文,主剧情人物 / 小说剧本人物 / 政治人物 / 神交引用,主剧情人物,94,44,44,1,5,李敖有话说(44),见、见面、书里
秦宜禄,军事人物 / 历史类比引用 / 公共论战,军事人物,94,15,15,1,1,李敖有话说(15),妻、恋爱、儿子
马行空,神交引用,神交引用,94,9,7,1,9,李敖有话说(9),文学、想象力、思想、研究、像、妹妹、所谓
幸灾乐,公共论战,公共论战,94,8,5,1,5,李敖有话说(8),共产党、民进党、台独、思想、记者、像
黄帝,政治人物 / 宗教人物 / 历史类比引用 / 神交引用,政治人物,94,8,8,1,5,李敖有话说(8),主席、政府、将军、国民党、共产党、脚镣、告诉我、所谓
寿保险,通信,待复核,94,7,4,1,4,李敖有话说(7),写信、存证信、律师、寄给、朋友
孙二娘,虚拟人物 / 历史类比引用 / 神交引用,虚拟人物,94,6,6,1,3,李敖有话说(6),像
家挖苦,公共论战,公共论战,94,6,5,1,6,李敖有话说(6),国民党、总统、共产党、思想、哲学、像、爸爸
计算机,媒体,媒体,94,6,5,1,4,李敖有话说(6),电视、将军、司令、国民党、一起、说过、助理
包庇,政治人物 / 司法人员,政治人物,94,5,4,1,4,李敖有话说(5),法官、认识、总统、委员、市长、所谓、部长、法院
喻伯凯,公共论战 / 司法人员,公共论战,94,5,5,1,2,李敖有话说(5),公共、法官
王筱婵,情感 / 通信 / 创作资料协助 / 公共论战,情感,94,5,5,1,1,李敖有话说(5),秘书、总统、委员、太太、离婚、请我、写信
胡适没,学术,学术,94,5,5,1,5,李敖有话说(5),像、论文、见、老师、学生、父亲、节目、共产党
董显光,媒体 / 诗文出处 / 历史类比引用,媒体,94,5,5,1,4,李敖有话说(5),国民党、政治、思想、历史上、朋友、总统、共产党
黄胜常,朋友 / 见面 / 通信,朋友,94,5,5,1,2,李敖有话说(5),秘书、爸爸、读、见、见到、朋友、儿子、总统
任直选,党务宣传,党务宣传,94,4,4,1,1,李敖有话说(4),宣传、总统、记者、政治
时出门,政治人物,政治人物,94,4,4,1,2,李敖有话说(4),市长、院长、总统、所谓
罗勃肯,亲属 / 见面,亲属,94,4,4,1,1,李敖有话说(4),主义、哥哥、弟弟、总统、部长、见
萨孟武,学术 / 公共论战,学术,94,4,4,1,3,李敖有话说(4),院长、台大、台独、委员、国民党、朋友、大学、法院
柏拉图,学术 / 历史类比引用 / 神交引用,学术,94,3,3,1,2,李敖有话说(3),恋爱、老师
欧阳竟无,师生,师生,94,3,3,1,1,李敖有话说(3),教书、北大、先生
步翻译,亲属,亲属,94,3,3,1,2,李敖有话说(3),妈妈、像
罗利斯,师生,师生,94,3,3,1,2,李敖有话说(3),助理、部长、军购、像、法院
黄种人,神交引用,待复核,93,18,4,1,10,李敖有话说(18),像、大学
卫生纸,神交引用 / 姻亲,待复核,93,10,6,1,3,李敖有话说(10),像、太太、请他
梅兰芳,媒体 / 神交引用,媒体,93,10,10,1,3,李敖有话说(10),像、交情、节目
明武宗,神交引用,待复核,93,7,4,1,3,李敖有话说(7),说过、国民党、主义、像
古人来,神交引用,神交引用,93,6,6,1,5,李敖有话说(6),古人、诗、政治、读、老师、见、告诉我、思想
能进来,师生,师生,93,6,5,1,5,李敖有话说(6),警察、主席、民进党、碰到、教授、节目、国民党、序
关心人,政治人物,政治人物,93,5,4,1,3,李敖有话说(5),政府、电话、女儿、报纸、见、院长、总统、说过
蔡英文,政治人物 / 公共论战 / 选举助选,政治人物,93,5,5,1,1,李敖有话说(5),学者、记者、委员、研究、政治
金美龄,政治异议者 / 媒体 / 公共论战,政治异议者,93,5,5,1,1,李敖有话说(5),台独、研究
叶楚生,姻亲,姻亲,93,4,4,1,1,李敖有话说(4),一起、国民党、结婚、妻、委员
家来做,学术,学术,93,4,4,1,4,李敖有话说(4),大学、北大、主编、研究、学者、院长、诗、文学
白崇禧,军事人物 / 政治人物 / 选举助选 / 公共论战 / 历史类比引用,军事人物,93,4,4,1,4,李敖有话说(4),保安处、司令、写信、出版、爸爸、将军、像
沈剑虹,政治人物 / 学术 / 公共论战,政治人物,92,9,9,1,4,李敖有话说(9),所谓、见、见面、书里、电报
国家机,神交引用,神交引用,92,8,6,1,7,李敖有话说(8),委员、文学、像、所谓、共产党、打电话、电话
国谈判,政治人物,待复核,92,7,4,1,7,李敖有话说(7),委员、政府、朋友、产权、财产、批评、所谓、国民党
柳小姐,虚拟人物 / 称谓待考,虚拟人物,92,6,6,1,1,李敖有话说(6),一起、太太、节目、查禁
张三说,见面,见面,92,5,4,1,5,李敖有话说(5),一起、见、所谓、告诉我、选举、古代、写信、回信
权转移,公共论战,公共论战,92,5,4,1,5,李敖有话说(5),民进党、总统、国民党、所谓、太太、爸爸
管制言,媒体,媒体,92,5,5,1,5,李敖有话说(5),电视、国民党、政府、将军、思想、节目、发行、报纸
东柏林,党务宣传,党务宣传,92,4,4,1,1,李敖有话说(4),宣传、军购
支持国,学术行政,学术行政,92,4,4,1,4,李敖有话说(4),国民党、委员、院长、所谓、军购、宣传、儿子、政治
王善从,军事人物 / 被害人 / 证人见证 / 创作资料协助 / 历史类比引用,军事人物,92,4,4,1,1,李敖有话说(4),委员、见、见面、将军、上校、报纸
詹宏志,出版 / 媒体 / 创作资料协助,出版,92,4,4,1,1,李敖有话说(4),朋友、研究、辩护
许荣淑,政治人物 / 政治异议者 / 亲属 / 出版 / 人权救援 / 通信 / 公共论战,政治人物,92,4,4,1,3,李敖有话说(4),委员、民进党、太太、所谓、党部、像
边所谓,政治人物,政治人物,92,4,4,1,4,李敖有话说(4),所谓、法院、总统、院长、政府
连战变,政治人物,政治人物,92,4,4,1,3,李敖有话说(4),总统、政府、节目、见、老师、院长、说过
黄杰,政治人物 / 公共论战,政治人物,92,4,4,1,3,李敖有话说(4),将军、像、见、同学、夫人、主席、政府、研究
詹森,师生,师生,92,3,3,1,2,李敖有话说(3),总统、教授、大学、部长、法庭、哲学
陈纳德,军事人物 / 神交引用,军事人物,92,3,3,1,3,李敖有话说(3),将军、爸爸、中将、所谓、共产党
能够接,神交引用 / 政治人物,待复核,91,12,5,1,10,李敖有话说(12),像、历史上、请我、委员、部长、所谓、总统
胡适做,政治人物 / 神交引用,政治人物,91,7,5,1,7,李敖有话说(7),院长、委员、政府、文学、像、总统、思想、发行
常常引,神交引用,待复核,91,6,4,1,6,李敖有话说(6),将军、引用、像、认识、朋友、总统、哲学、思想
李柱中,政治异议者 / 历史类比引用 / 神交引用,政治异议者,91,6,6,1,1,李敖有话说(6),一起
公怒之,政治人物,政治人物,91,5,4,1,1,李敖有话说(5),总统、老师
刘泰英,政治人物 / 诉讼 / 财产债务,政治人物,91,5,5,1,4,李敖有话说(5),国民党、总统、一起、同学、朋友、所谓、报纸、研究
戈尔巴乔夫,政治人物 / 公共论战 / 历史类比引用,政治人物,91,5,5,1,3,李敖有话说(5),政府、碰到、太太、总统、台独、所谓
毛语录,姻亲,姻亲,91,5,4,1,4,李敖有话说(5),妻、主席、将军、共产党、思想、主义
红颜,亲属,待复核,91,5,3,1,5,李敖有话说(5),妈妈、爸爸、情人、一起
计算,政治人物,政治人物,91,5,4,1,5,李敖有话说(5),委员、杂志、法官、像、发行
都说出,神交引用,神交引用,91,5,5,1,5,李敖有话说(5),书里、像、参谋、见、大学、主义、访问、太太
台独列,公共论战,公共论战,91,4,4,1,2,李敖有话说(4),台独、主席、国民党、见、一起、政治
家打死,亲属,亲属,91,4,4,1,4,李敖有话说(4),儿子、法院、判决、一起、像、总统、民进党、节目
胡适又,公共论战,公共论战,91,4,4,1,2,李敖有话说(4),国民党、老师、教授、大学、部长、批评、宣传
那块地,军事人物,军事人物,91,4,4,1,3,李敖有话说(4),司令、总统、土地
吴伯雄,公职人员 / 政治人物 / 通信 / 公共论战,公职人员,91,3,3,1,2,李敖有话说(3),部长
朱家骅,学术行政 / 政治人物 / 公职人员 / 创作资料协助 / 历史类比引用,学术行政,91,3,3,1,3,李敖有话说(3),教授、研究、中央研究院、院长、学生、大学、北大、像
步推动,见面,见面,91,3,3,1,1,李敖有话说(3),见、总统
胡佛打,政治人物,政治人物,91,3,3,1,2,李敖有话说(3),总统、政治
蒋复璁,学术 / 公职人员 / 诗文出处 / 出版 / 历史类比引用,学术,91,3,3,1,2,李敖有话说(3),院长、研究、中央研究院
钱穆吃,学术,学术,91,3,3,1,1,李敖有话说(3),学者、请他、总统
史反讽,学术,学术,91,2,2,1,1,李敖有话说(2),研究、国民党
孙铭九,军事人物 / 创作资料协助 / 证人见证 / 历史类比引用,军事人物,90,10,10,1,2,李敖有话说(10),请我、将军
温家宝,神交引用 / 公共论战,神交引用,90,9,6,1,3,李敖有话说(9),诗、台独、报纸、引用
台来,媒体,媒体,90,6,4,1,6,李敖有话说(6),总统、请我、大学、师长、像、节目、记者
陈毅,军事人物 / 政治人物 / 历史类比引用,军事人物,90,5,5,1,3,李敖有话说(5),部长、军衔、共产党、一起
伍佛维,媒体,媒体,90,4,4,1,1,李敖有话说(4),部长、台独、记者、报纸、报导
何凡,媒体 / 出版 / 朋友 / 创作资料协助,媒体,90,4,4,1,1,李敖有话说(4),见、见面、嫁给、杂志、文星、思想、先生
华昌平,同学 / 朋友 / 见面,同学,90,4,4,1,2,李敖有话说(4),同学、大学、主席
张继,政治异议者 / 政治人物 / 创作资料协助 / 历史类比引用,政治异议者,90,4,4,1,4,李敖有话说(4),国民党、书里、学生、像、一起、院长、法院、主席
成越战,政治人物,政治人物,90,4,4,1,3,李敖有话说(4),部长
连战出,公共论战,公共论战,90,4,4,1,3,李敖有话说(4),政治、总统、见、所谓、主席、国民党、院长
吴吟之,学术行政,学术行政,90,3,3,1,3,李敖有话说(3),节目、病房、女儿、研究、中央研究院、院长、老师、像
国制造,学术,学术,90,3,3,1,3,李敖有话说(3),大学、寄给、委员、国民党、书里、碰到
甄氏女,亲属,亲属,90,3,3,1,1,李敖有话说(3),一起、儿子、找他、朋友、女儿、结婚
陈信佳,诉讼,诉讼,90,3,3,1,1,李敖有话说(3),法院、检察官、判决、公诉、法官
何爱自,公共论战,公共论战,90,2,2,1,2,李敖有话说(2),政治
台独烈,公共论战,公共论战,90,2,2,1,1,李敖有话说(2),台独
宋太祖,政治人物 / 军事人物 / 历史类比引用 / 神交引用,政治人物,89,56,56,1,12,李敖有话说(56),弟弟、历史上、爸爸、法院、见、一起、节目、宣传
徐锡麟,政治异议者 / 烈士殉难 / 历史类比引用 / 神交引用,政治异议者,89,45,45,1,7,李敖有话说(45),国民党、像、秘书、警察、传记、政府、节目、问我
郑成功,历史类比引用 / 军事人物 / 政治人物 / 神交引用,历史类比引用,89,34,34,1,10,李敖有话说(34),国民党、书里、诗、政府、太太、历史上、所谓
王裕民,学术 / 诗文出处 / 创作资料协助 / 历史类比引用,学术,89,30,30,1,9,李敖有话说(30),学生、研究、学者、朋友、大学、所谓、告诉我、攻击
刘宜良,媒体 / 出版 / 烈士殉难 / 政治异议者 / 历史类比引用,媒体,89,29,29,1,10,李敖有话说(29),诗、国民党、共产党、节目、母亲、妈妈、台独、见
范仲淹,学术 / 政治人物 / 神交引用,学术,89,29,29,1,4,李敖有话说(29),像、作品、书里、古人、儿子、古代、见、朋友
康有为,学术 / 政治人物 / 出版 / 主剧情人物 / 小说剧本人物 / 历史类比引用 / 神交引用,学术,89,26,26,1,12,李敖有话说(26),思想、像、老师、诗、学者、大学、将军、政治
贞德,政治异议者 / 军事人物 / 宗教人物 / 历史类比引用 / 神交引用,政治异议者,89,26,26,1,4,李敖有话说(26),民进党、总统、传记、国民党、共产党、政治、监狱、哲学
魏忠贤,历史类比引用 / 政治人物 / 神交引用,历史类比引用,89,26,26,1,8,李敖有话说(26),将军、部长、所谓、儿子、像、文学、政治、读
柏杨,诗文出处 / 政治异议者 / 人权救援 / 公共论战 / 出版,诗文出处,89,25,25,1,6,李敖有话说(25),国民党、一起、见、太太、研究、所谓、大学、共产党
张飞,军事人物 / 历史类比引用 / 公共论战,军事人物,89,23,23,1,8,李敖有话说(23),请我、节目、告诉我、像、共产党
李自成,政治人物 / 军事人物 / 历史类比引用 / 神交引用,政治人物,89,22,22,1,5,李敖有话说(22),爸爸、情人、妈妈、所谓、历史上、政府、主席、政治
康熙,政治人物 / 诗文出处 / 历史类比引用 / 神交引用,政治人物,89,20,20,1,12,李敖有话说(20),国民党、研究、古代、家中、诗、认识、告诉我、学术
武则天,政治人物 / 历史类比引用 / 神交引用,政治人物,89,19,19,1,5,李敖有话说(19),像、历史上、古人、政治、夫人
董其昌,文艺音乐 / 历史类比引用 / 神交引用,文艺音乐,89,19,19,1,10,李敖有话说(19),见、读、像、政治、作品
袁枚,学术 / 诗文出处 / 历史类比引用 / 神交引用,学术,89,19,19,1,6,李敖有话说(19),诗、像、妈妈、文学、妹妹、母亲、所谓、学生
陆游,诗文出处 / 历史类比引用 / 神交引用,诗文出处,89,19,19,1,11,李敖有话说(19),诗、朋友、家里、像、妈妈、太太、文学、母亲
周联华,宗教人物 / 学术,宗教人物,89,17,17,1,5,李敖有话说(17),儿子、像、电话、委员、所谓、朋友、电视、诗
左拉,诗文出处 / 政治异议者 / 公共论战 / 历史类比引用,诗文出处,89,16,16,1,5,李敖有话说(16),文学、像、所谓、报纸、政府、一起、监狱、杂志
王羲之,文艺音乐 / 诗文出处 / 历史类比引用 / 神交引用,文艺音乐,89,16,16,1,6,李敖有话说(16),所谓、爸爸、妈妈、像、将军、儿子、思想、书里
琼瑶,出版 / 神交引用,出版,89,16,16,1,4,李敖有话说(16),书里、读、妈妈、太太、文学、女儿、像
雷倩,政治人物 / 诉讼 / 公共论战,政治人物,89,16,16,1,3,李敖有话说(16),国民党、法院、委员、主席、所谓、太太、民进党、见
布鲁塔斯,历史类比引用 / 神交引用,历史类比引用,89,15,15,1,2,李敖有话说(15),像、见、朋友、教授、交情
柯俊雄,媒体 / 文艺音乐 / 政治人物 / 见面 / 公共论战,媒体,89,15,15,1,4,李敖有话说(15),法院、像、国民党、一起、民进党、委员、报纸、节目
观世音,虚拟人物 / 宗教人物 / 神交引用,虚拟人物,89,15,15,1,6,李敖有话说(15),像、见、见证、警察、证人、拜访、太太、查禁
赵少康,政治人物 / 媒体 / 公共论战 / 朋友,政治人物,89,15,15,1,6,李敖有话说(15),国民党、市长、总统、母亲、妈妈、节目、朋友、学生
伊索,诗文出处 / 历史类比引用 / 神交引用,诗文出处,89,13,13,1,7,李敖有话说(13),像、政治、比喻、告诉我、爸爸、碰到、一起、节目
何思源,政治人物,政治人物,89,13,13,1,1,李敖有话说(13),市长、女儿、将军、出版社、出版、国民党
刘昭祥,情治警务 / 见面,情治警务,89,13,13,1,5,李敖有话说(13),调查局、共产党、见、问我、弟弟、太太、博士、将军
宋太宗,政治人物 / 历史类比引用 / 神交引用,政治人物,89,13,13,1,5,李敖有话说(13),弟弟、像、哥哥
徐向前,军事人物 / 政治人物 / 神交引用,军事人物,89,13,13,1,7,李敖有话说(13),学生、共产党、所谓、军衔、见、像、国民党
李放,亲属 / 称谓待考 / 通信,亲属,89,13,13,1,7,李敖有话说(13),弟弟、女儿、朋友、请我、电话、监狱、典狱长、序
蒋廷黻,学术 / 政治人物 / 诗文出处 / 历史类比引用 / 公共论战 / 神交引用,学术,89,13,13,1,5,李敖有话说(13),序、国民党、文星、认识、秘书、总统、书店、研究
黄大洲,公职人员 / 政治人物 / 公共论战,公职人员,89,13,13,1,5,李敖有话说(13),国民党、市长、所谓、研究、学术、中央研究院、院长、财产
大禹,政治人物 / 历史类比引用 / 神交引用,政治人物,89,12,12,1,6,李敖有话说(12),古代、问我、传记、书里、像
拜伦,诗文出处 / 历史类比引用 / 神交引用,诗文出处,89,12,12,1,8,李敖有话说(12),诗、节目、朋友、监狱、一起、主义、作品、政治
马丁·路德,宗教人物 / 神交引用 / 公共论战,宗教人物,89,12,12,1,3,李敖有话说(12),像、书里、出版、政治、古代、一起
龙应台,媒体 / 学术 / 公共论战,媒体,89,12,12,1,5,李敖有话说(12),批评、像、见、市长、报纸、序、导演、学术
凯末尔,政治人物 / 军事人物 / 历史类比引用 / 神交引用,政治人物,89,11,11,1,3,李敖有话说(11),国民党、朋友、见、民进党、见到
唐绍仪,政治人物 / 公职人员 / 历史类比引用 / 神交引用,政治人物,89,11,11,1,2,李敖有话说(11),政府、总统、历史上、县长、所谓、家里、学生、特务
李金龙,政治人物 / 亲属 / 公共论战,政治人物,89,11,11,1,2,李敖有话说(11),爸爸、像、研究、警察、所谓、支票、委员、政府
熊秉坤,军事人物 / 政治异议者 / 历史类比引用,军事人物,89,11,11,1,2,李敖有话说(11),一起、将军、像、国民党、共产党
邱比特,虚拟人物 / 宗教人物 / 情感 / 历史类比引用 / 神交引用,虚拟人物,89,11,11,1,1,李敖有话说(11),像、报纸、古代、一起、说过、委员
邴原,学术 / 神交引用,学术,89,11,11,1,2,李敖有话说(11),女儿、找他、朋友、一起、儿子、结婚、节目
弗洛斯特,诗文出处 / 历史类比引用 / 神交引用,诗文出处,89,10,10,1,4,李敖有话说(10),诗、院长、所谓
桑塔亚纳,诗文出处 / 学术 / 历史类比引用 / 神交引用,诗文出处,89,10,10,1,2,李敖有话说(10),诗、教授、大学、哲学、像、情人、教书、文学
温生才,主剧情人物 / 小说剧本人物 / 烈士殉难 / 政治异议者 / 军事人物 / 历史类比引用,主剧情人物,89,10,10,1,3,李敖有话说(10),脚镣、一起、思想、国民党、将军
萨特,诗文出处 / 学术 / 历史类比引用 / 神交引用,诗文出处,89,10,10,1,6,李敖有话说(10),哲学、一起、文学、见、情人、思想、监狱、共产党
西施,历史类比引用 / 情感 / 神交引用,历史类比引用,89,10,10,1,1,李敖有话说(10),情人、见
吴凤,社会案件 / 公共论战 / 神交引用,社会案件,89,9,9,1,1,李敖有话说(9),告诉我、委员、像
宋仁宗,政治人物 / 历史类比引用 / 神交引用,政治人物,89,9,9,1,1,李敖有话说(9),见、脚镣、手铐
康宁祥,政治人物 / 政治异议者 / 选举助选 / 公共论战 / 历史类比引用,政治人物,89,9,9,1,3,李敖有话说(9),法院、委员、出版、秘书、找他、爸爸、律师
翁同龢,公职人员 / 政治人物 / 师生 / 文艺音乐 / 历史类比引用 / 神交引用,公职人员,89,9,9,1,4,李敖有话说(9),诗、老师、太太、电视、电话、儿子
西门庆,虚拟人物 / 小说剧本人物 / 历史类比引用,虚拟人物,89,9,9,1,3,李敖有话说(9),像、报导、朋友
叔本华,学术 / 神交引用,学术,89,8,8,1,3,李敖有话说(8),哲学、思想、研究、像、认识、学术、法院、判决
张翠英,亲属 / 见面 / 媒体 / 文艺音乐,亲属,89,8,8,1,6,李敖有话说(8),太太、导演、一起、朋友、家里、妻、认识、女儿
成舍我,媒体 / 学术行政 / 公共论战,媒体,89,8,8,1,3,李敖有话说(8),大学、朋友、报纸、委员、一起、法院、党部、国民党
李谌,亲属 / 学术 / 财产债务 / 财产信托,亲属,89,8,8,1,4,李敖有话说(8),太太、女儿、妈妈、思想、回信、哥哥、妹妹、儿子
林弘宣,政治异议者 / 通信 / 人权救援,政治异议者,89,8,8,1,1,李敖有话说(8),律师、政治、像、法院、所谓、辩护、同案、市长
毛姆,出版 / 神交引用,出版,89,8,8,1,4,李敖有话说(8),文学、报导、哲学、像、一起、部长
泰戈尔,诗文出处 / 历史类比引用 / 神交引用,诗文出处,89,8,8,1,5,李敖有话说(8),诗、像、文学、碰到、女儿、妈妈、国民党
胡赓年,政治人物 / 公职人员 / 亲属 / 姻亲,政治人物,89,8,8,1,4,李敖有话说(8),爸爸、教授、大学、北大、委员、国民党、太太、节目
何键,军事人物 / 政治人物 / 历史类比引用,军事人物,89,7,7,1,3,李敖有话说(7),太太、国民党、司令、书里、夫人、主席、政府、共产党
吴申叔,朋友 / 出版 / 见面 / 亲属,朋友,89,7,7,1,2,李敖有话说(7),儿子、信托、朋友、一起、研究、院长、告诉我、中央研究院
小蕾,情感 / 称谓待考 / 见面,情感,89,7,7,1,2,李敖有话说(7),朋友、妈妈、爸爸、大学、政府、国民党
张玉法,学术 / 诉讼 / 公共论战,学术,89,7,7,1,3,李敖有话说(7),国民党、研究、中央研究院、所谓、院长、学者、博士、见
张道藩,政治人物 / 党务宣传 / 出版 / 公共论战 / 历史类比引用,政治人物,89,7,7,1,1,李敖有话说(7),国民党、法院、院长、学生、委员、所谓、妈妈、见
林黛玉,虚拟人物 / 小说剧本人物 / 历史类比引用,虚拟人物,89,7,7,1,6,李敖有话说(7),像、思想、哲学、朋友、家里
柯尔律治,出版 / 神交引用,出版,89,7,7,1,4,李敖有话说(7),文学、诗、思想、读、节目、名言
毛泽民,亲属 / 政治人物 / 神交引用,亲属,89,7,7,1,4,李敖有话说(7),弟弟、共产党、国民党、政府、法庭、见
许倬云,学术 / 诉讼 / 公共论战,学术,89,7,7,1,3,李敖有话说(7),研究、中央研究院、军购、国民党、像、爸爸、学者、共产党
连家立,朋友 / 见面,朋友,89,7,7,1,6,李敖有话说(7),律师、认识、电视、像、问我、总统、选举、政府
邓朴方,亲属 / 公共论战,亲属,89,7,7,1,5,李敖有话说(7),儿子、像、父亲、见、见到、妈妈、女儿、结婚
黄郛,政治人物 / 公职人员 / 历史类比引用,政治人物,89,7,7,1,2,李敖有话说(7),电报、政府、参谋、像、哥哥
严倬云,亲属 / 姻亲,亲属,89,6,6,1,3,李敖有话说(6),太太、妹妹、女儿、嫁给、姐姐、见、爸爸、儿子
吕不韦,历史类比引用 / 政治人物 / 财产债务 / 神交引用,历史类比引用,89,6,6,1,1,李敖有话说(6),妈妈、爸爸
李庆安,政治人物 / 选举助选 / 见面 / 公共论战,政治人物,89,6,6,1,4,李敖有话说(6),朋友、委员、爸爸、院长、部长、选举、查禁、儿子
殷琪,财产债务 / 公共论战,财产债务,89,6,6,1,3,李敖有话说(6),一起、政府、警察
温莎公爵,神交引用,神交引用,89,6,6,1,1,李敖有话说(6),弟弟、儿子、爸爸
甄珍,媒体 / 文艺音乐 / 见面,媒体,89,6,6,1,2,李敖有话说(6),导演、离婚、嫁给、朋友、太太、报纸、夫人
连战没,政治人物 / 神交引用,政治人物,89,6,5,1,5,李敖有话说(6),总统、国民党、主义、市长、像
邱义仁,政治人物 / 政治异议者 / 公共论战 / 见面,政治人物,89,6,6,1,3,李敖有话说(6),民进党、秘书、总统、院长、见
邱清泉,军事人物 / 被害人 / 历史类比引用,军事人物,89,6,6,1,1,李敖有话说(6),将军、国民党、司令
陈纪滢,出版 / 媒体 / 公共论战,出版,89,6,6,1,2,李敖有话说(6),国民党、文学、见、报人、委员、教授、院长、部长
黄雪邨,媒体 / 出版 / 创作资料协助 / 公共论战,媒体,89,6,6,1,2,李敖有话说(6),秘书、爸爸、读、见、见到、朋友、儿子、总统
乔治桑,诗文出处 / 情感 / 历史类比引用 / 神交引用,诗文出处,89,5,5,1,1,李敖有话说(5),恋爱、市长、政治、节目、部长、像
吴虞,学术 / 神交引用,学术,89,5,5,1,2,李敖有话说(5),学生、像、思想、大学、文学
周令飞,媒体 / 历史类比引用 / 神交引用,媒体,89,5,5,1,1,李敖有话说(5),爸爸、像、爱上、儿子
左舜生,政治人物 / 诗文出处 / 党务宣传 / 公共论战 / 历史类比引用,政治人物,89,5,5,1,2,李敖有话说(5),编辑、见、主席
师长,军事人物 / 见面 / 称谓待考,军事人物,89,5,5,1,5,李敖有话说(5),师长、老师、朋友、台独、一起、将军、国民党、所谓
支持马,公共论战,公共论战,89,5,4,1,4,李敖有话说(5),院长、市长、将军、记者、国民党、台独
曾心仪,出版 / 通信 / 政治异议者 / 选举助选 / 人权救援 / 创作资料协助 / 公共论战,出版,89,5,5,1,2,李敖有话说(5),书里、朋友、儿子、太太、访问、请我、冤案、出版
李姿仪,朋友 / 见面 / 创作资料协助,朋友,89,5,5,1,4,李敖有话说(5),秘书、请我、教授、助理、朋友、告诉我、爸爸、女儿
杨三共,情治警务 / 证人见证 / 诉讼,情治警务,89,5,5,1,1,李敖有话说(5),认识、政府、节目、警察、共产党
沈尹默,学术 / 学术行政 / 文艺音乐 / 诗文出处 / 历史类比引用 / 神交引用,学术,89,5,5,1,3,李敖有话说(5),诗、教授、北大、大学、文学、老师、管理员、见
王志慧,亲属 / 出版 / 财产信托 / 财产债务,亲属,89,5,5,1,3,李敖有话说(5),太太、妈妈、思想、见、妹妹、见证、法官、法院
王新衡,情治警务 / 朋友 / 见面 / 历史类比引用,情治警务,89,5,5,1,2,李敖有话说(5),特务、儿子、国民党、朋友、共产党、像、同学、大学
章士钊,学术 / 诗文出处 / 政治异议者 / 公共论战 / 历史类比引用 / 神交引用,学术,89,5,5,1,2,李敖有话说(5),认识、主席、学术
罗兰夫人,神交引用 / 政治异议者,神交引用,89,5,5,1,2,李敖有话说(5),夫人、认识、名言、弟弟、像
蒋方良,亲属 / 历史类比引用 / 公共论战,亲属,89,5,5,1,4,李敖有话说(5),太太、见、见到、妈妈、特务、电话
钱太太,婚姻相关 / 见面,婚姻相关,89,5,5,1,1,李敖有话说(5),太太、师母、政府
于马英,政治人物,政治人物,89,4,4,1,4,李敖有话说(4),总统、警察、民进党、主席、国民党
孔德成,学术 / 政治人物 / 宗教人物 / 公共论战,学术,89,4,4,1,3,李敖有话说(4),院长、法院、总统、政府、国民党
孟祥柯,朋友 / 见面 / 创作资料协助 / 媒体,朋友,89,4,4,1,3,李敖有话说(4),朋友、国民党、太太、报纸、研究
居瀛玖,亲属 / 学术行政 / 财产债务 / 社会案件,亲属,89,4,4,1,1,李敖有话说(4),弟弟、女儿、写信、一起、嫁给、院长、法院、姐姐
李丽华,媒体 / 文艺音乐 / 公共论战,媒体,89,4,4,1,2,李敖有话说(4),一起、太太、夫人、节目、女儿
林毓生,学术 / 师生 / 公共论战,学术,89,4,4,1,1,李敖有话说(4),老师、军购、学生、见、国民党
沈刚伯,学术 / 学术行政 / 公共论战 / 社会案件,学术,89,4,4,1,3,李敖有话说(4),教授、台大、大学、研究、北大、中央研究院、教书、节目
王令麟,媒体 / 财产债务 / 公共论战,媒体,89,4,4,1,1,李敖有话说(4),节目、电视、主义、爸爸、儿子、研究
谷凤翔,政治人物 / 见面,政治人物,89,4,4,1,3,李敖有话说(4),秘书、党部、法院、国民党、总统、来信、杂志、书店
赖士葆,政治人物 / 学术 / 财产债务 / 见面 / 公共论战,政治人物,89,4,4,1,2,李敖有话说(4),国民党、见、朋友、委员
顾颉刚,学术 / 编辑 / 出版 / 历史类比引用 / 神交引用,学术,89,4,4,1,2,李敖有话说(4),大学、学生、论文、教书、学者、著作、老师、研究
宣布跟,见面,见面,89,3,3,1,3,李敖有话说(3),见、见面、离婚、记者、记者招待会、告诉我、妈妈、哥哥
文告百,神交引用,神交引用,89,2,2,1,1,李敖有话说(2),说过、国民党、民进党
水偷生,媒体,媒体,89,2,2,1,1,李敖有话说(2),朋友、节目、诗
江湖玩,神交引用,神交引用,89,2,2,1,1,李敖有话说(2),古代、告诉我、总统、所谓
吕布,军事人物 / 历史类比引用 / 公共论战,军事人物,88,12,12,1,1,李敖有话说(12),妻、儿子
苏黄米,神交引用 / 见面,待复核,88,12,6,1,7,李敖有话说(12),思想、见、像
华佗,医疗照护 / 历史类比引用 / 神交引用,医疗照护,88,9,9,1,1,李敖有话说(9),儿子
和证据,政治人物,政治人物,88,6,4,1,6,李敖有话说(6),选举、总统、所谓、节目、历史上
袁守谦,军事人物 / 公职人员 / 历史类比引用,军事人物,88,6,6,1,2,李敖有话说(6),国民党、像
郭正亮,政治人物,政治人物,88,5,5,1,3,李敖有话说(5),民进党、一起、立委、主席
丁惟汾,政治人物 / 历史类比引用,政治人物,88,4,4,1,1,李敖有话说(4),国民党、共产党、宣传
家康德,政治人物,政治人物,88,4,4,1,3,李敖有话说(4),哲学、像、思想、部长、委员、大学
林觉民,烈士殉难 / 政治异议者 / 通信 / 姻亲 / 历史类比引用 / 神交引用,烈士殉难,88,4,4,1,1,李敖有话说(4),太太、晤、朋友、见、委员、告诉我
福尔摩斯,虚拟人物,虚拟人物,88,4,4,1,1,李敖有话说(4),一起
顾孟余,政治人物 / 学术 / 公共论战 / 神交引用,政治人物,88,4,4,1,3,李敖有话说(4),国民党、学生、共产党、主席、政府、委员、政治、太太
于学忠,军事人物 / 政治人物 / 历史类比引用,军事人物,88,3,3,1,1,李敖有话说(3),写信、大学、北大
别人住,监狱行政,监狱行政,88,3,3,1,3,李敖有话说(3),一起、监狱、同房、政治
国王听,律师代理,律师代理,88,3,3,1,2,李敖有话说(3),律师、像、朋友
林二哥,姻亲,姻亲,88,3,3,1,1,李敖有话说(3),妻、结婚
柳午亭,见面,见面,88,3,3,1,1,李敖有话说(3),见、见到、爸爸、先生、告诉我、太太、国民党
屈原,历史类比引用 / 学术 / 政治人物 / 神交引用,历史类比引用,87,13,13,1,2,李敖有话说(13),朋友、送我、书里、见、碰到、政府、像
徐悲鸿,学术 / 文艺音乐 / 历史类比引用 / 神交引用,学术,87,8,8,1,2,李敖有话说(8),一起、情人、太太、结婚、像
CT,通信 / 朋友 / 称谓待考,通信,87,5,5,1,2,李敖有话说(5),见、特务、警察、报纸、国民党、告诉我、所谓、太太
国人耍,政治人物,政治人物,87,5,4,1,5,李敖有话说(5),所谓、总统、像、国民党、部长
罗杰斯,政治人物,政治人物,87,5,4,1,2,李敖有话说(5),告诉我、部长、像
胡虚一,通信 / 朋友 / 出版 / 创作资料协助 / 同案狱友 / 政治异议者 / 学术,通信,87,5,5,1,1,李敖有话说(5),国民党、太太、碰到、一起、政治、弟弟、像
和所谓,政治人物,政治人物,87,4,4,1,4,李敖有话说(4),所谓、总统、市长、政治
康泽同,党务宣传,党务宣传,87,4,4,1,1,李敖有话说(4),党务、将军、读、思想、共产党
张惊声,学术行政 / 亲属 / 政治异议者 / 历史类比引用,学术行政,87,4,4,1,2,李敖有话说(4),一起、嫁给、弟弟、姐姐、大学
彭德怀,军事人物 / 政治人物 / 历史类比引用,军事人物,87,4,4,1,4,李敖有话说(4),主席、将军、部长、像
江山,政治人物,政治人物,87,4,4,1,4,李敖有话说(4),像、国民党、将军、党部、共产党、市长
沈兼士,学术 / 公共论战,学术,87,4,4,1,2,李敖有话说(4),大学、见、见到、朋友、文学
张知本,政治人物,政治人物,87,3,3,1,2,李敖有话说(3),委员、共产党、访问、先生、老师、学生
李济深,军事人物 / 政治人物 / 公共论战 / 历史类比引用,军事人物,87,3,3,1,2,李敖有话说(3),国民党、共产党、太太、主席、委员
郑为元,军事人物 / 政治人物 / 公共论战,军事人物,87,3,3,1,2,李敖有话说(3),部长、将军、院长、市长、国民党、像
都落选,政治人物,政治人物,87,3,3,1,2,李敖有话说(3),委员、市长、总统、所谓、像
刁民万,政治人物,政治人物,87,2,2,1,1,李敖有话说(2),选举、所谓
和概念,媒体,媒体,87,2,2,1,1,李敖有话说(2),节目
孙女刘,公共论战,公共论战,87,2,2,1,1,李敖有话说(2),国民党、共产党
成全台,媒体,媒体,87,2,2,1,1,李敖有话说(2),节目、台独
林献堂,政治人物 / 诗文出处 / 历史类比引用 / 公共论战,政治人物,86,10,10,1,3,李敖有话说(10),像、总统、儿子、家里
施洗者约翰,宗教人物 / 神交引用,宗教人物,86,9,9,1,2,李敖有话说(9),像、碰到、朋友
陈仪讲,神交引用,待复核,86,9,4,1,5,李敖有话说(9),诗、像、朋友
韩世忠,神交引用 / 军事人物,神交引用,86,9,9,1,2,李敖有话说(9),历史上
侯宝林,文艺音乐 / 媒体 / 历史类比引用,文艺音乐,86,7,7,1,2,李敖有话说(7),书里、见、将军
曹景行,朋友,朋友,86,7,4,1,2,李敖有话说(7),问我、朋友、电视、主义
朱德,军事人物 / 政治人物 / 历史类比引用,军事人物,86,7,7,1,5,李敖有话说(7),共产党、请他、爸爸、访问、读、司令、主义、国民党
格林,诗文出处 / 历史类比引用 / 神交引用,诗文出处,86,6,6,1,1,李敖有话说(6),政府
李庆元,政治人物 / 创作资料协助 / 诉讼 / 公共论战 / 见面,政治人物,86,5,5,1,2,李敖有话说(5),朋友、像、情书、法院
金惟纯,媒体 / 出版 / 诉讼 / 公共论战,媒体,86,5,5,1,5,李敖有话说(5),一起、太太、告诉我
吴淑珍,政治人物 / 亲属 / 公共论战,政治人物,86,4,4,1,3,李敖有话说(4),民进党、夫人、序、院长、律师、秘书、总统
杨祖珺,政治人物 / 媒体 / 公共论战 / 亲属 / 情感,政治人物,86,4,4,1,1,李敖有话说(4),警察、市长、朋友、总统、所谓、政府、报纸、总干事
陆晋德,社会案件 / 被害人 / 诉讼 / 亲属,社会案件,86,4,4,1,1,李敖有话说(4),朋友、儿子、国民党、共产党、大学、夫人、见
余纪忠,媒体 / 出版 / 见面 / 朋友 / 诉讼 / 公共论战,媒体,86,3,3,1,3,李敖有话说(3),委员、国民党、报纸、上校、中将、一起、朋友
夏皮罗,媒体 / 见面,媒体,86,3,3,1,1,李敖有话说(3),记者、国民党、特务、家里
文章老,神交引用,神交引用,86,3,3,1,2,李敖有话说(3),像、问我、思想、诗
李杰来,政治人物,政治人物,86,3,3,1,3,李敖有话说(3),部长、主席、将军、民进党、校对、法院、委员
女娲,宗教人物 / 神交引用,宗教人物,85,14,14,1,4,李敖有话说(14),夫人、历史上、一起
吴经国,体育人物 / 公共论战,体育人物,85,6,6,1,1,李敖有话说(6),委员、一起
妈祖,宗教人物 / 神交引用,宗教人物,85,6,6,1,4,李敖有话说(6),思想、像、大学
景新汉,同学 / 见面 / 通信 / 朋友,同学,85,5,5,1,3,李敖有话说(5),朋友、大学、一起、杂志、文星、台大、夫人、报纸
别人借,神交引用,神交引用,85,4,4,1,2,李敖有话说(4),文学、像、编辑、共产党、所谓
埃洛弗林,媒体 / 神交引用,媒体,85,4,4,1,1,李敖有话说(4),见、总统、像
都有很,神交引用,神交引用,85,4,4,1,4,李敖有话说(4),像、助理、委员、哲学、思想、文学、想象力
陈克武,公共论战,公共论战,85,4,4,1,2,李敖有话说(4),国民党、书里、请他
张仪说,见面,见面,85,3,3,1,1,李敖有话说(3),见、朋友、同学
曹锟,政治人物,政治人物,85,3,3,1,1,李敖有话说(3),总统
杨仁江,学术,学术,85,3,3,1,1,李敖有话说(3),大学、老师
林浊水,政治人物 / 公共论战,政治人物,85,3,3,1,3,李敖有话说(3),委员、台独、民进党、像
苏联做,公共论战,公共论战,85,3,3,1,3,李敖有话说(3),总统、共产党、欠债、政府、像
雷震搞,姻亲,姻亲,85,3,3,1,3,李敖有话说(3),嫁给、老师、师母、家里、杂志、所谓
明神宗,政治人物 / 神交引用,政治人物,84,10,10,1,4,李敖有话说(10),书里、主席、像、思想
达芬奇,文艺音乐 / 科学家 / 历史类比引用 / 神交引用,文艺音乐,84,10,10,1,3,李敖有话说(10),像、告诉我、读
越王勾践,政治人物 / 军事人物 / 神交引用,政治人物,84,9,9,1,3,李敖有话说(9),国民党、历史上、老师
万宝龙,神交引用,待复核,84,8,4,1,3,李敖有话说(8),诗、节目、送我、部长、像
申出来,神交引用,待复核,84,8,4,1,8,李敖有话说(8),读、见、节目
孔融,学术 / 诗文出处 / 政治异议者 / 历史类比引用 / 神交引用,学术,84,7,7,1,1,李敖有话说(7),儿子、历史上
孙权,政治人物 / 军事人物 / 历史类比引用,政治人物,84,7,7,1,3,李敖有话说(7),文学、老师、政治
刘峙,军事人物 / 政治人物 / 诗文出处 / 公共论战 / 历史类比引用,军事人物,84,5,5,1,1,李敖有话说(5),司令、将军、书里、序、总统、国民党、研究、共产党
武松,虚拟人物 / 小说剧本人物 / 历史类比引用,虚拟人物,84,5,5,1,2,李敖有话说(5),像
陈布雷,政治人物 / 出版 / 诗文出处 / 历史类比引用,政治人物,84,5,5,1,4,李敖有话说(5),杂志、政府、委员、国民党
吴佩孚,军事人物 / 政治人物 / 历史类比引用,军事人物,84,4,4,1,2,李敖有话说(4),国民党、爸爸、司令、见
周之鸣,朋友 / 见面 / 出版 / 公共论战 / 文艺音乐 / 诗文出处 / 历史类比引用,朋友,84,4,4,1,2,李敖有话说(4),节目、朋友、主义、报人、国民党、书里
胡基峻,证人见证 / 创作资料协助 / 学术 / 诉讼,证人见证,84,4,4,1,2,李敖有话说(4),朋友、哲学、证人、法官、警备总部
齐宣王,政治人物 / 历史类比引用 / 神交引用,政治人物,84,4,4,1,2,李敖有话说(4),读
成所谓,出版,出版,84,3,3,1,3,李敖有话说(3),所谓、报纸、法院、国民党、院长、总统
李薌蘅,师生,师生,84,3,3,1,1,李敖有话说(3),老师、教书、母亲、大学、同学、父亲、嫁给、政府
王又曾,亲属,亲属,84,3,3,1,1,李敖有话说(3),节目、电视、爸爸、儿子、朋友、研究、主义
路障,神交引用,神交引用,84,3,3,1,2,李敖有话说(3),像、节目、宣传
郑庄公,亲属,亲属,84,3,3,1,1,李敖有话说(3),妈妈、弟弟、见、碰到
葛利普,师生,师生,84,2,2,1,2,李敖有话说(2),教授、大学、像
唐玄宗,政治人物 / 诗文出处 / 历史类比引用 / 神交引用,政治人物,83,9,9,1,5,李敖有话说(9),情人、小情人、古代、所谓、见、见到、告诉我
戈培尔,姻亲,姻亲,83,5,3,1,2,李敖有话说(5),部长、宣传、太太、妻、警察、像
苏洪月娇,政治人物 / 公职人员 / 政治异议者 / 社会案件 / 诉讼 / 通信 / 公共论战,政治人物,83,4,4,1,1,李敖有话说(4),朋友、大学、女儿、民进党、像
雷啸岑,诗文出处 / 出版 / 历史类比引用,诗文出处,83,4,4,1,1,李敖有话说(4),共产党、国民党、政治、报人
从胡人,亲属,亲属,83,3,3,1,2,李敖有话说(3),朋友、女儿、爸爸、历史上
佟麟阁,军事人物,军事人物,83,3,3,1,2,李敖有话说(3),军长、将军、国民党、共产党、像
公务人,财产债务,财产债务,83,3,3,1,2,李敖有话说(3),财产、总统、委员、学生、教授、告诉我、文学
封回信,通信,通信,83,3,3,1,2,李敖有话说(3),回信、学生、教授、同学、送我、北大、出版、将军
徐端,社会案件 / 军事人物,社会案件,83,3,3,1,3,李敖有话说(3),警察、妹妹、家里、代理、主席、陪他、一起、共产党
戚继光,军事人物,军事人物,83,3,3,1,1,李敖有话说(3),将军
沈之岳,情治警务,情治警务,83,3,3,1,2,李敖有话说(3),调查局、院长、检察长、法务部、法院、部长、党部、国民党
赵元任,学术 / 学术行政 / 神交引用,学术,83,3,3,1,3,李敖有话说(3),大学、诗、教授、太太、告诉我、先生
赵登禹,军事人物,军事人物,83,3,3,1,2,李敖有话说(3),军长、将军、国民党、像
梁鼎芬,学术 / 师生 / 历史类比引用 / 神交引用,学术,82,10,10,1,2,李敖有话说(10),老师、学生
保罗,宗教人物 / 历史类比引用 / 神交引用,宗教人物,82,9,9,1,2,李敖有话说(9),一起、主义
习惯来,神交引用,待复核,82,8,4,1,5,李敖有话说(8),像、诗、认识、哲学
国家亡,神交引用,神交引用,82,7,4,1,5,李敖有话说(7),古代、总统、所谓、古人、诗、像
冯友兰,学术 / 诗文出处 / 历史类比引用 / 神交引用,学术,82,5,5,1,3,李敖有话说(5),哲学、国民党、共产党、妹妹、主义、文学
彭孟缉,军事人物 / 政治人物 / 情治警务 / 公共论战,军事人物,82,5,5,1,3,李敖有话说(5),书里、像、电视、历史上、见、国民党
黄中国,同案狱友 / 政治异议者 / 诉讼 / 被害人,同案狱友,82,5,5,1,1,李敖有话说(5),共产党、认识、朋友、总统
司法权,司法人员,司法人员,82,4,3,1,2,李敖有话说(4),法官、总统
孙哲生,亲属,亲属,82,4,3,1,1,李敖有话说(4),儿子、国民党、院长、法院
小仲马,诗文出处 / 历史类比引用 / 神交引用,诗文出处,82,4,4,1,2,李敖有话说(4),爸爸
木兰,虚拟人物,虚拟人物,82,4,4,1,2,李敖有话说(4),认识
胡蝶,文艺音乐 / 诗文出处 / 公共论战 / 历史类比引用,文艺音乐,82,4,4,1,1,李敖有话说(4),见、认识、诗、一起
路温舒,司法人员 / 历史类比引用 / 神交引用,司法人员,82,4,4,1,2,李敖有话说(4),刑求、办案人员、逼供
雷震坐,出版,出版,82,4,3,1,4,李敖有话说(4),杂志、文星、见、书店、发行、政府、国民党
于凤至,亲属,亲属,82,3,3,1,1,李敖有话说(3),女儿、诗、陪他
云五,师生,师生,82,3,3,1,2,李敖有话说(3),老师、政府、发行、院长、认识、写信、朋友
家会笑,媒体,媒体,82,3,3,1,3,李敖有话说(3),节目、电视、法官、市长、选举、所谓
张建邦,政治人物 / 财产债务 / 公共论战,政治人物,82,3,3,1,2,李敖有话说(3),院长、妈妈、国民党、所谓
徐宜生,通信,通信,82,3,3,1,1,李敖有话说(3),电话、民进党、主席、党部
时间告,刑求受害,刑求受害,82,3,3,1,3,李敖有话说(3),刑求、读、节目、妈妈、妹妹、像
管犯人,看守戒护,看守戒护,82,3,3,1,1,李敖有话说(3),管理员
罗主席,见面,见面,82,3,3,1,1,李敖有话说(3),见、见到、对我说、主席、书里、像、所谓、政府
能够决,军事人物,军事人物,82,3,3,1,3,李敖有话说(3),政治、将军、法官、军法、老师、学生
谢李敖,师生,师生,82,3,3,1,2,李敖有话说(3),老师、师母、历史上、像、先生、写信、学生、节目
陈师孟,政治人物 / 公职人员 / 财产债务 / 公共论战,政治人物,82,3,3,1,1,李敖有话说(3),秘书、总统、政治、老师、所谓、研究、学者、部长
马永成,创作资料协助 / 财产债务 / 公共论战,创作资料协助,82,3,3,1,1,李敖有话说(3),秘书、总统、院长、所谓、像、见、见面、法院
荆轲,历史类比引用 / 神交引用,历史类比引用,81,13,13,1,2,李敖有话说(13),同学、哲学、读、古代
司马懿,政治人物 / 军事人物 / 历史类比引用,政治人物,81,11,11,1,3,李敖有话说(11),碰到、儿子
顾曲,历史类比引用 / 文艺音乐 / 神交引用,历史类比引用,81,9,9,1,3,李敖有话说(9),电视、诗、见、节目、批评
巴里,出版 / 神交引用,出版,81,7,7,1,3,李敖有话说(7),像、国民党、节目、部长
别人怎,亲属,待复核,81,6,3,1,6,李敖有话说(6),儿子、委员、国民党、爸爸
古人所,神交引用,神交引用,81,5,5,1,5,李敖有话说(5),古人、像
吴育昇,政治人物,政治人物,81,4,3,1,2,李敖有话说(4),部长、市长、选举、政府、国民党
唐景菘,政治人物,政治人物,81,3,3,1,1,李敖有话说(3),总统、政府
宣誓人,政治人物,政治人物,81,3,3,1,1,李敖有话说(3),委员、读、所谓、像、序、法官、结婚
张君劢,学术 / 政治人物 / 公共论战 / 神交引用,学术,81,3,3,1,1,李敖有话说(3),国民党、主席、所谓、院长、出版社、出版
房东,亲属,亲属,81,3,3,1,2,李敖有话说(3),一起、女儿、批评、市长、借钱
曲学术,师生,师生,81,3,3,1,2,李敖有话说(3),学术、教授、政府、政治
汤总司,通信,通信,81,3,3,1,1,李敖有话说(3),司令、写信、共产党、主席、将军、诗
贺圣谟,亲属,亲属,81,3,3,1,1,李敖有话说(3),对我说、儿子、一起、主席、书里
高思博,律师代理,律师代理,81,3,3,1,1,李敖有话说(3),法院、立委、律师
帕瓦罗蒂,文艺音乐 / 神交引用,文艺音乐,80,8,8,1,4,李敖有话说(8),报纸、离婚、恋爱、秘书、像
文官,政治人物,待复核,80,6,3,1,5,李敖有话说(6),部长、将军、像、政府
能够直,见面,待复核,80,6,3,1,5,李敖有话说(6),陪他、一起、报纸、序、主席
郑板桥,学术 / 文艺音乐 / 诗文出处 / 历史类比引用 / 神交引用,学术,80,6,6,1,5,李敖有话说(6),诗、妈妈、名言、像、国民党
万十万,政治人物,政治人物,80,5,3,1,5,李敖有话说(5),总统、主席、民进党、政治、像、财产
周善培,创作资料协助 / 历史类比引用 / 神交引用,创作资料协助,80,5,5,1,1,李敖有话说(5),主席、说过
宋徽宗,政治人物 / 文艺音乐 / 历史类比引用 / 神交引用,政治人物,80,5,5,1,2,李敖有话说(5),见
张白帆,出版 / 朋友 / 见面,出版,80,5,5,1,3,李敖有话说(5),结婚、恋爱、国民党、一起、法庭、总统
浮士德,虚拟人物,虚拟人物,80,4,4,1,3,李敖有话说(4),国民党、像
王导,政治人物 / 神交引用,政治人物,80,4,4,1,3,李敖有话说(4),一起、历史上、将军、政治
谢冰莹,诗文出处 / 出版 / 历史类比引用,诗文出处,80,4,4,1,2,李敖有话说(4),见、教授、院长、部长、参谋、国民党
鲁迅拿,师生,师生,80,4,3,1,1,李敖有话说(4),政府、国民党、大学、教授
党人,师生,师生,80,3,3,1,3,李敖有话说(3),见、学生、大学、共产党、部长、民进党、台独、说过
刘太希,师生,师生,80,3,3,1,1,李敖有话说(3),教授、大学、政治、朋友
吕老将,见面,见面,80,3,3,1,1,李敖有话说(3),将军、见、女儿
张荣发,财产债务 / 创作资料协助 / 公共论战,财产债务,80,3,3,1,2,李敖有话说(3),政府、国民党、弟弟、财产、台独、像、发行
徐州剿,师生,师生,80,3,3,1,2,李敖有话说(3),司令、总统、学生、军长、序
施启扬,司法人员 / 政治人物 / 同学 / 通信 / 公共论战,司法人员,80,3,3,1,3,李敖有话说(3),同学、同班、院长、法院、见、法务部、部长、政治
时定位,党务宣传,党务宣传,80,3,2,1,1,李敖有话说(3),政治、宣传、思想
沈昌焕,政治人物 / 党务宣传 / 公共论战,政治人物,80,3,3,1,3,李敖有话说(3),见、来信、院长、秘书、总统、参谋、批评、部长
祖国发,师生,师生,80,3,3,1,3,李敖有话说(3),老师、电视、共产党、朋友、宣传
许以祺,创作资料协助 / 学术 / 朋友 / 通信,创作资料协助,80,3,3,1,2,李敖有话说(3),朋友、博士、诗、杂志、像
邱立本,编辑,编辑,80,3,3,1,2,李敖有话说(3),朋友、批评、编辑、总编辑、查禁、产权
帅化民,军事人物 / 政治人物 / 公共论战,军事人物,80,2,2,1,1,李敖有话说(2),法院、将军
戴仲玉,政治人物,政治人物,80,2,2,1,1,李敖有话说(2),秘书、总统、主席、政府、所谓
王铁汉,军事人物,军事人物,80,2,2,1,2,李敖有话说(2),将军、认识、北大、政府
陈义雄,诉讼,诉讼,79,6,3,1,1,李敖有话说(6),起诉、所谓
山本勋,见面,见面,79,5,3,1,2,李敖有话说(5),访问、问我、出版、委员
李杰送,出版,出版,79,4,3,1,2,李敖有话说(4),送我、报纸、军购、见、封杀、部长、像
毛奇元,军事人物,军事人物,79,4,3,1,3,李敖有话说(4),参谋、请他、将军
纳什,出版 / 历史类比引用 / 神交引用,出版,79,4,4,1,4,李敖有话说(4),政府
蒋碧薇,见面,见面,79,4,3,1,1,李敖有话说(4),一起
边参观,公共论战,公共论战,79,4,3,1,4,李敖有话说(4),国民党、一起、儿子、委员
陈重光,媒体 / 公共论战,媒体,79,4,4,1,1,李敖有话说(4),见、政府、编辑、委员、所谓
黄巢,军事人物 / 政治异议者 / 历史类比引用 / 神交引用,军事人物,79,4,4,1,1,李敖有话说(4),部长、将军、政府、共产党
万人挥,政治人物,政治人物,79,3,3,1,1,李敖有话说(3),总统、所谓
从今天,公共论战,公共论战,79,3,3,1,2,李敖有话说(3),记者、国民党、像、总统、选举、宣传
俞大纲,文艺音乐 / 学术 / 出版 / 创作资料协助 / 公共论战,文艺音乐,79,3,3,1,1,李敖有话说(3),弟弟、学生、朋友、哥哥、杂志、文星、文学、妹妹
叶诚松,诉讼,诉讼,79,3,3,1,2,李敖有话说(3),司令、判决、同学、共产党
家合作,军事人物,军事人物,79,3,3,1,2,李敖有话说(3),将军、像、杂志、节目、国民党
尤清,公职人员 / 政治人物 / 律师代理 / 政治异议者 / 人权救援 / 公共论战,公职人员,79,3,3,1,3,李敖有话说(3),委员、民进党、像、律师、法院、县长
居然留,公共论战,公共论战,79,3,3,1,3,李敖有话说(3),国民党、将军、学者、大学、诗
彭述之,见面,见面,79,3,3,1,1,李敖有话说(3),一起、法院、报导
徐世昌,政治人物 / 公职人员 / 历史类比引用,政治人物,79,3,3,1,3,李敖有话说(3),总统、国民党
戴维斯,军事人物 / 政治人物 / 亲属 / 历史类比引用 / 神交引用,军事人物,79,3,3,1,1,李敖有话说(3),总统、一起、朋友、政治、像
苏慕萨,政治人物,政治人物,79,3,3,1,1,李敖有话说(3),总统、将军
蒙田,学术 / 神交引用,学术,79,3,3,1,1,李敖有话说(3),一起、一起给、节目
谢安,政治人物 / 神交引用,政治人物,78,14,14,1,4,李敖有话说(14),所谓、诗、古人、一起、古代
张惠妹,文艺音乐 / 媒体 / 公共论战,文艺音乐,78,10,10,1,5,李敖有话说(10),像、对我说、政治
史怀哲,宗教人物 / 人权救援 / 历史类比引用 / 神交引用,宗教人物,78,9,9,1,1,李敖有话说(9),像、主义、朋友
周瑜,军事人物 / 历史类比引用,军事人物,78,9,9,1,5,李敖有话说(9),古人、像、一起
于死命,政治人物,待复核,78,5,3,1,3,李敖有话说(5),市长、警察、院长、总统、所谓、像
国有利,政治人物,政治人物,78,5,3,1,4,李敖有话说(5),总统、告诉我、共产党、主义、像
孔子有,神交引用,神交引用,78,4,3,1,4,李敖有话说(4),读、学生、教授、大学、哲学、拜访
家公开,公共论战,公共论战,78,4,3,1,4,李敖有话说(4),国民党、总统、民进党
从赞成,政治人物,政治人物,78,3,3,1,2,李敖有话说(3),部长、政治
国会要,政治人物,政治人物,78,3,3,1,3,李敖有话说(3),政府、民进党、总统、共产党
张庆惠,政治人物 / 朋友,政治人物,78,3,3,1,2,李敖有话说(3),朋友、民进党、一起、所谓、委员
李政道,科学家 / 学术 / 历史类比引用 / 公共论战,科学家,78,3,3,1,2,李敖有话说(3),学生、研究、中央研究院、院长、老师
梁牧养,公共论战,公共论战,78,3,3,1,1,李敖有话说(3),民进党、委员、选举
王超凡,军事人物 / 公共论战,军事人物,78,2,2,1,2,李敖有话说(2),中将、政治、上校、司令、查禁、杂志、文星、国民党
麦金莱,政治人物 / 主剧情人物 / 小说剧本人物 / 历史类比引用,政治人物,78,2,2,1,1,李敖有话说(2),秘书、总统、政府
马宏祥,通信 / 同学 / 朋友 / 见面 / 出版,通信,77,9,9,1,6,李敖有话说(9),朋友、爸爸、儿子、读
刘秀,政治人物 / 军事人物 / 历史类比引用 / 神交引用,政治人物,77,5,5,1,1,李敖有话说(5),古代、将军
郦道元,诗文出处 / 历史类比引用 / 神交引用,诗文出处,77,5,5,1,2,李敖有话说(5),朋友、序、传记
全利益,公共论战,公共论战,77,3,3,1,3,李敖有话说(3),共产党、委员
刘会云,财产债务 / 诉讼 / 创作资料协助,财产债务,77,3,3,1,2,李敖有话说(3),见、朋友、妈妈、一起、见面
周玉蔻,媒体 / 见面 / 公共论战,媒体,77,3,3,1,3,李敖有话说(3),市长、选举、委员、宣传、政治、所谓
曲守约,见面,见面,77,3,3,1,1,李敖有话说(3),一起、学术、教授、古代、先生
经济搞,公共论战,公共论战,77,3,3,1,3,李敖有话说(3),共产党、台独、总统、政治
何忠俊,姻亲,姻亲,77,2,2,1,1,李敖有话说(2),结婚、离婚、太太、历史上
屠夫,媒体,媒体,77,2,2,1,2,李敖有话说(2),节目、教授、总统
时招待,媒体,媒体,77,2,2,1,2,李敖有话说(2),记者、一起、院长
钱穆盖,财产债务,财产债务,77,2,2,1,2,李敖有话说(2),产权、政府、大学
宋高宗,政治人物 / 历史类比引用 / 神交引用,政治人物,76,10,10,1,5,李敖有话说(10),像、家里、历史上
蔡京,公职人员 / 文艺音乐 / 历史类比引用 / 神交引用,公职人员,76,8,8,1,5,李敖有话说(8),思想、市长、县长
赵翼,学术 / 诗文出处 / 学术考证引用 / 历史类比引用 / 神交引用,学术,76,6,6,1,2,李敖有话说(6),诗、电视、一起、一起给
蒋孝勇,亲属 / 政治人物 / 媒体 / 公共论战,亲属,76,4,4,1,2,李敖有话说(4),儿子、所谓、妈妈、太太
邵雍,学术 / 神交引用,学术,76,4,4,1,3,李敖有话说(4),宣传、读、像
顾宪成,公职人员 / 历史类比引用 / 神交引用,公职人员,76,4,4,1,1,李敖有话说(4),
高宗武,公职人员 / 诗文出处 / 创作资料协助 / 证人见证 / 历史类比引用,公职人员,76,4,4,1,2,李敖有话说(4),部长、政府、宣传
宋英,亲属 / 政治异议者 / 出版 / 创作资料协助 / 通信,亲属,76,3,3,1,2,李敖有话说(3),太太、国民党、特务、中将、碰到、同住、弟弟
李世杰,同案狱友 / 刑求受害 / 诉讼 / 政治异议者 / 诗文出处 / 证人见证,同案狱友,76,3,3,1,3,李敖有话说(3),调查局、一起、弟弟、研究、主编、台独、同案、特务
李四讲,公共论战,公共论战,76,3,2,1,3,李敖有话说(3),政治、所谓
水肥之,学术,学术,76,3,3,1,1,李敖有话说(3),大学、所谓
特别护士,小说剧本人物 / 医疗照护,小说剧本人物,76,3,3,1,1,李敖有话说(3),母亲、妈妈、像
王小痴,文艺音乐 / 诗文出处 / 出版 / 朋友 / 见面,文艺音乐,76,3,3,1,2,李敖有话说(3),朋友、告诉我、太太、编辑、出版
贾宝玉,虚拟人物 / 小说剧本人物 / 历史类比引用,虚拟人物,76,3,3,1,3,李敖有话说(3),
陈公博,政治人物 / 公共论战 / 历史类比引用,政治人物,76,3,3,1,2,李敖有话说(3),太太、政治、宣传、见
马家辉,出版 / 媒体 / 创作资料协助,出版,76,3,3,1,1,李敖有话说(3),博士
龙云,军事人物 / 政治人物 / 历史类比引用,军事人物,76,3,3,1,2,李敖有话说(3),电报、主席、国民党
庞炳勋,军事人物 / 政治人物 / 历史类比引用,军事人物,76,2,2,1,1,李敖有话说(2),将军、师生、像、先生
文如何,媒体,媒体,76,2,2,1,2,李敖有话说(2),节目
曹操讲,亲属,亲属,76,2,2,1,1,李敖有话说(2),爸爸、弟弟、书中、请他
林颂和,律师代理 / 刑求受害 / 人权救援 / 同案狱友,律师代理,76,2,2,1,1,李敖有话说(2),律师、辩护、杂志、写信、太太
毛毛虫,公共论战,公共论战,76,2,2,1,2,李敖有话说(2),民进党、学生
经比较,媒体,媒体,76,2,2,1,2,李敖有话说(2),节目、认识、国民党
苏卡诺,政治人物 / 公职人员 / 历史类比引用,政治人物,76,2,2,1,2,李敖有话说(2),总统、见、将军、像
那么低,政治人物,政治人物,76,2,2,1,2,李敖有话说(2),委员、节目
那老师,亲属,亲属,76,2,2,1,1,李敖有话说(2),老师、哥哥、弟弟
米芾,文艺音乐 / 学术 / 历史类比引用 / 神交引用,文艺音乐,75,8,8,1,6,李敖有话说(8),像、思想、市长
叶迫,同案狱友,同案狱友,75,5,5,1,2,李敖有话说(5),请他
国家建,编辑,编辑,75,4,3,1,4,李敖有话说(4),所谓、发行、出版、政府、国民党、政治
都表示,神交引用,神交引用,75,4,3,1,4,李敖有话说(4),所谓、作品、诗、学生、国民党
家看门,公共论战,公共论战,75,3,2,1,2,李敖有话说(3),国民党、节目
师范毕,师生,师生,75,3,2,1,3,李敖有话说(3),主席、认识、学生、妈妈、家里
李涛,军事人物 / 证人见证 / 历史类比引用,军事人物,75,3,3,1,2,李敖有话说(3),电视、节目、所谓、电话、委员、见
李清照,诗文出处 / 学术 / 历史类比引用 / 神交引用,诗文出处,75,3,3,1,1,李敖有话说(3),出版、查禁、告诉我
温士源,政治人物 / 司法人员 / 公共论战,政治人物,75,3,3,1,1,李敖有话说(3),监狱、委员、国民党、文学、记者
简志信,媒体 / 出版 / 朋友,媒体,75,3,3,1,2,李敖有话说(3),朋友、像、杂志、先生
罗文干,司法人员 / 政治人物 / 公共论战 / 神交引用,司法人员,75,3,3,1,1,李敖有话说(3),总统、政治、序、政府、学生、学者、大学
艾伦·杜勒斯,情治警务 / 政治人物 / 神交引用,情治警务,75,3,3,1,1,李敖有话说(3),弟弟、总统、特务
蒋渭水,政治异议者 / 政治人物 / 公共论战 / 历史类比引用 / 神交引用,政治异议者,75,3,3,1,3,李敖有话说(3),国民党、哥哥、弟弟、出版、报人
谢启大,政治人物 / 司法人员 / 公共论战,政治人物,75,3,3,1,2,李敖有话说(3),委员、民进党、选举、木棍
钱玄同,学术 / 出版 / 神交引用,学术,75,3,3,1,2,李敖有话说(3),大学、文学、教授、北大
和假民,见面,见面,75,2,2,1,2,李敖有话说(2),见、节目、立委、政治
廖翠凤,姻亲,姻亲,75,2,2,1,1,李敖有话说(2),太太、女士、家里、妻、夫人
解决西,朋友,朋友,75,2,2,1,2,李敖有话说(2),共产党、朋友、节目
陈芳明,学术 / 媒体 / 诗文出处 / 公共论战,学术,75,2,2,1,1,李敖有话说(2),拜访、找我、部长、民进党、宣传、爸爸、儿子、国民党
龙头做,看守戒护,看守戒护,75,2,2,1,2,李敖有话说(2),共产党、脚镣、钉脚镣、学生、大学
东方朔,历史类比引用 / 神交引用,历史类比引用,74,8,8,1,1,李敖有话说(8),古代
秦桧,政治人物 / 历史类比引用 / 神交引用,政治人物,74,8,8,1,7,李敖有话说(8),像、政治
王著,文艺音乐 / 公职人员 / 历史类比引用 / 神交引用,文艺音乐,74,7,7,1,3,李敖有话说(7),像、著作
张永亭,主剧情人物 / 小说剧本人物 / 老兵士官 / 军事人物 / 朋友,主剧情人物,74,5,5,1,3,李敖有话说(5),见、节目
公孙弘,公职人员 / 历史类比引用 / 神交引用,公职人员,74,4,4,1,4,李敖有话说(4),历史上、朋友、像
家愿意,神交引用,神交引用,74,4,3,1,3,李敖有话说(4),像、教授、政府
普希金,出版 / 神交引用,出版,74,4,4,1,2,李敖有话说(4),诗、像、告诉我
蒋家三,亲属,待复核,74,4,2,1,3,李敖有话说(4),儿子
周荃,媒体 / 创作资料协助 / 通信 / 公共论战,媒体,74,3,3,1,2,李敖有话说(3),朋友、妈妈、请他、报导、电视
昌说,学术行政,学术行政,74,3,2,1,3,李敖有话说(3),告诉我、院长、委员
李永萍,媒体 / 政治人物 / 见面 / 公共论战,媒体,74,3,3,1,3,李敖有话说(3),委员、朋友、法院、所谓、见、太太
汪希苓,情治警务 / 军事人物 / 诉讼 / 公共论战,情治警务,74,3,3,1,1,李敖有话说(3),认识、导演
王三姑娘,虚拟人物 / 小说剧本人物 / 历史类比引用 / 神交引用,虚拟人物,74,3,3,1,1,李敖有话说(3),古代、爸爸、女儿、所谓
罗文嘉,政治人物 / 公共论战,政治人物,74,3,3,1,2,李敖有话说(3),选举、县长、民进党
胡适老,通信,通信,74,3,2,1,2,李敖有话说(3),写信、认识、交情、父亲
金无怠,情治警务 / 神交引用,情治警务,74,3,3,1,1,李敖有话说(3),监狱、共产党
陈雪屏,学术 / 政治人物 / 公职人员 / 党务宣传 / 历史类比引用,学术,74,3,3,1,3,李敖有话说(3),教授、研究、台大、中央研究院、像、北大、大学、节目
万封信,通信,通信,74,2,2,1,1,李敖有话说(2),写信、总统
刘醒吾,刑求人员,刑求人员,74,2,2,1,1,李敖有话说(2),保安处、司令、节目
包法利,亲属,亲属,74,2,2,1,2,李敖有话说(2),夫人、文学、哥哥
吕宁思,通信,通信,74,2,2,1,1,李敖有话说(2),写信、电视、先生、教授、大学
周邦道,亲属,亲属,74,2,2,1,1,李敖有话说(2),儿子、台大
夏莹,师生,师生,74,2,2,1,1,李敖有话说(2),教授、大学、同班、像
张三律,司法人员,司法人员,74,2,2,1,1,李敖有话说(2),法官、律师、将军
张敏之,师生,师生,74,2,2,1,1,李敖有话说(2),学生、大学、国民党、政治、党务、共产党
张晓风,师生,师生,74,2,2,1,1,李敖有话说(2),师母、先生、大学
祖先发,亲属,亲属,74,2,2,1,1,李敖有话说(2),陪他、弟弟、古人
谢冠生,司法人员 / 政治人物 / 创作资料协助 / 历史类比引用,司法人员,74,2,2,1,2,李敖有话说(2),院长、法院、军法、见、一起、特务、国民党
那天穿,姻亲,姻亲,74,2,2,1,2,李敖有话说(2),离婚、记者
那比陈,政治人物,政治人物,74,2,2,1,2,李敖有话说(2),总统、主席、国民党、像
钟荣吉,政治人物 / 公共论战,政治人物,74,2,2,1,1,李敖有话说(2),院长、法院
长孙运璿,学术行政,学术行政,74,2,2,1,1,李敖有话说(2),院长、总统
陈裕鑫,编辑,编辑,74,2,2,1,1,李敖有话说(2),发行、诉状、编辑、总编辑
陈辞修,学术行政,学术行政,74,2,2,1,1,李敖有话说(2),院长、发行、认识、学生、朋友、主义
马科斯,政治人物 / 公共论战,政治人物,74,2,2,1,1,李敖有话说(2),夫人、女儿、博士、像
黄志芳,政治人物,政治人物,74,2,2,1,2,李敖有话说(2),部长、政府、军购、总统、所谓
黎智英,诉讼,诉讼,74,2,2,1,1,李敖有话说(2),诉状、编辑、发行、总编辑
地藏菩萨,宗教人物 / 神交引用,宗教人物,73,6,6,1,3,李敖有话说(6),像、诗、读
谭嗣同,政治异议者 / 学术 / 历史类比引用 / 神交引用,政治异议者,73,6,6,1,5,李敖有话说(6),诗、一起、古代
乐融融,见面,见面,73,3,2,1,2,李敖有话说(3),见、妈妈
家设计,神交引用,神交引用,73,3,3,1,3,李敖有话说(3),像、部长
张九如,政治人物 / 公职人员 / 创作资料协助 / 见面,政治人物,73,3,3,1,1,李敖有话说(3),国民党、共产党、委员
曾约农,宗教人物 / 学术 / 神交引用,宗教人物,73,3,3,1,2,李敖有话说(3),朋友、总统、特务、所谓
艾伦·胡佛,神交引用,神交引用,73,3,3,1,1,李敖有话说(3),导演
艾登,政治人物 / 公共论战 / 神交引用,政治人物,73,3,3,1,2,李敖有话说(3),碰到、出版、部长、对我说
苏雪林,出版,出版,73,3,2,1,3,李敖有话说(3),出版、教授、院长、部长、国民党
赵紫阳,政治人物 / 公共论战,政治人物,73,3,3,1,2,李敖有话说(3),拜访、节目、政府
都很熟,神交引用,神交引用,73,3,3,1,3,李敖有话说(3),书里、编辑、古代
别人关,见面,见面,73,2,2,1,2,李敖有话说(2),一起、请我、像
徐邦达,学术 / 诗文出处 / 创作资料协助 / 文艺音乐 / 历史类比引用 / 神交引用,学术,73,2,2,1,2,李敖有话说(2),到我家、家里、请他、先生
时李宗,学术行政,学术行政,73,2,2,1,2,李敖有话说(2),请他、院长、总统、一起
能表决,媒体,媒体,73,2,2,1,2,李敖有话说(2),节目、所谓、诗
陈维昭,学术行政 / 证人见证 / 诉讼 / 公共论战,学术行政,73,2,2,1,2,李敖有话说(2),大学、部长、北大、像
鲁仲连,历史类比引用 / 政治异议者 / 神交引用,历史类比引用,72,10,10,1,3,李敖有话说(10),引用、诗
石敬瑭,政治人物 / 军事人物 / 神交引用,政治人物,72,7,7,1,3,李敖有话说(7),所谓、读
刘备说,见面,待复核,72,6,2,1,3,李敖有话说(6),一起、拜访
张良,政治人物 / 军事人物 / 历史类比引用 / 神交引用,政治人物,72,5,5,1,3,李敖有话说(5),古代、教授、哲学、诗
蔡邕,诗文出处 / 学术 / 文艺音乐 / 历史类比引用 / 神交引用,诗文出处,72,5,5,1,1,李敖有话说(5),诗、告诉我、像
阿提拉,军事人物 / 政治人物 / 历史类比引用 / 神交引用,军事人物,72,5,5,1,2,李敖有话说(5),历史上、朋友、像
狄更斯,诗文出处 / 历史类比引用 / 神交引用,诗文出处,72,4,4,1,4,李敖有话说(4),文学、朋友、像、作品
鲁迅比,神交引用,神交引用,72,4,3,1,3,李敖有话说(4),书里、说过、朋友
林海音,诗文出处 / 出版 / 朋友 / 创作资料协助,诗文出处,72,3,3,1,1,李敖有话说(3),太太、嫁给、老师、教授、台大
秦二世,政治人物 / 历史类比引用 / 神交引用,政治人物,72,3,3,1,3,李敖有话说(3),历史上、儿子
苏曼殊,出版 / 宗教人物 / 政治异议者 / 历史类比引用 / 神交引用,出版,72,3,3,1,2,李敖有话说(3),诗、妈妈、节目、见、情人、党部
东坡先,见面,见面,72,2,2,1,2,李敖有话说(2),见
乌衔纸,见面,见面,72,2,2,1,2,李敖有话说(2),见、诗
于途,政治人物,政治人物,72,2,2,1,2,李敖有话说(2),主席、国民党
劳基,政治人物,政治人物,72,2,2,1,2,李敖有话说(2),主席
卢泰愚,政治人物 / 公职人员 / 公共论战 / 历史类比引用,政治人物,72,2,2,1,2,李敖有话说(2),总统、法庭
应该退,政治人物,政治人物,72,2,2,1,1,李敖有话说(2),委员、政治
张三骂,见面,见面,72,2,2,1,2,李敖有话说(2),见、节目、政治、说过
张铭清,出版,出版,72,2,2,1,1,李敖有话说(2),民进党、台独、先生、报纸
时伸出,媒体,媒体,72,2,2,1,1,李敖有话说(2),节目
林世煜,媒体 / 政治异议者 / 通信 / 公共论战,媒体,72,2,2,1,2,李敖有话说(2),发行、所谓、杂志、总统
潘维刚,政治人物,政治人物,72,2,2,1,1,李敖有话说(2),委员、国民党、像
王八连,见面,见面,72,2,2,1,2,李敖有话说(2),一起
白伦,媒体 / 见面,媒体,72,2,2,1,1,李敖有话说(2),记者、国民党
石齐平,学术 / 媒体 / 朋友 / 见面 / 公共论战,学术,72,2,2,1,2,李敖有话说(2),先生、夫人、电视、总统、朋友
管经济,政治人物,政治人物,72,2,2,1,2,李敖有话说(2),委员、序、法院、像
那法律,司法人员,司法人员,72,2,2,1,1,李敖有话说(2),政治、法官
邵元冲,政治人物 / 诗文出处 / 历史类比引用,政治人物,72,2,2,1,2,李敖有话说(2),委员、共产党
都来,政治人物,政治人物,72,2,2,1,1,李敖有话说(2),总统
闻有限,见面,见面,72,2,2,1,1,李敖有话说(2),见
陀思妥耶夫斯基,神交引用,神交引用,72,2,2,1,2,李敖有话说(2),市长、选举、所谓
陈仪捣,政治人物,政治人物,72,2,2,1,1,李敖有话说(2),党部、特务、国民党
韩福瑞,政治人物 / 出版 / 公共论战 / 神交引用,政治人物,72,2,2,1,1,李敖有话说(2),交情、总统、像
鲁滨逊,虚拟人物 / 小说剧本人物 / 历史类比引用,虚拟人物,71,5,5,1,2,李敖有话说(5),碰到、读
屠格涅夫,诗文出处 / 历史类比引用 / 神交引用,诗文出处,71,3,3,1,2,李敖有话说(3),出版、书里、像、出版社、思想
明成祖,历史类比引用 / 政治人物 / 神交引用,历史类比引用,71,3,3,1,3,李敖有话说(3),爸爸、一起、母亲、姐姐
王菲,文艺音乐 / 媒体 / 见面,文艺音乐,71,3,3,1,3,李敖有话说(3),见、认识、同学、同班、朋友、爸爸、哥哥、大学
相信李,公共论战,公共论战,71,3,2,1,2,李敖有话说(3),台独、老师、著作
顾祝同,军事人物 / 政治人物 / 诗文出处 / 历史类比引用,军事人物,71,3,3,1,2,李敖有话说(3),国民党、将军
国同休,见面,见面,71,2,2,1,1,李敖有话说(2),一起、共产党
李建成,亲属,亲属,71,2,2,1,1,李敖有话说(2),哥哥、弟弟、一起、儿子
王先谦,出版,出版,71,2,2,1,1,李敖有话说(2),出版、攻击、思想、主义
连战合,媒体,媒体,71,2,2,1,1,李敖有话说(2),朋友、节目
邹鉴,学术,学术,71,2,2,1,2,李敖有话说(2),国民党、大学、政治、所谓
从古到,神交引用,待复核,70,9,2,1,9,李敖有话说(9),古人
卓别林,文艺音乐 / 神交引用,文艺音乐,70,8,8,1,2,李敖有话说(8),
奥威尔,出版 / 政治异议者 / 神交引用,出版,70,5,5,1,2,李敖有话说(5),像
董狐,学术 / 神交引用,学术,70,5,5,1,1,李敖有话说(5),弟弟
亚当,宗教人物 / 历史类比引用 / 神交引用,宗教人物,70,4,4,1,2,李敖有话说(4),见、太太
王正廷,政治人物 / 公职人员 / 历史类比引用,政治人物,70,4,4,1,1,李敖有话说(4),
堂吉诃德,虚拟人物,虚拟人物,70,3,3,1,2,李敖有话说(3),政治
张宗昌,军事人物 / 政治人物 / 历史类比引用,军事人物,70,3,3,1,3,李敖有话说(3),土地、电视、政治、国民党、宣传
张敞,政治人物 / 神交引用,政治人物,70,3,3,1,1,李敖有话说(3),太太、古代
李斯,政治人物 / 师生 / 历史类比引用 / 神交引用,政治人物,70,3,3,1,1,李敖有话说(3),逼供、见、见到、刑求
袁崇焕,历史类比引用 / 军事人物 / 政治异议者 / 神交引用,历史类比引用,70,3,3,1,2,李敖有话说(3),朋友、情人
阮瞻,学术 / 历史类比引用 / 神交引用,学术,70,3,3,1,1,李敖有话说(3),哲学
陈素卿,社会案件 / 婚姻相关,社会案件,70,3,3,1,2,李敖有话说(3),一起、结婚、恋爱、情人
陶德曼,政治人物 / 神交引用,政治人物,70,3,3,1,2,李敖有话说(3),像、国民党
黄飞虎,虚拟人物 / 历史类比引用 / 神交引用,虚拟人物,70,3,3,1,1,李敖有话说(3),见、遇见
徐谦,政治人物 / 公共论战 / 历史类比引用,政治人物,70,2,2,1,1,李敖有话说(2),国民党、共产党、学生、主席、政府
戴米尔,学术,学术,70,2,2,1,1,李敖有话说(2),研究、导演
时竞选,政治人物,政治人物,70,2,2,1,2,李敖有话说(2),总统
梅乐斯,军事人物 / 诗文出处 / 历史类比引用 / 神交引用,军事人物,70,2,2,1,1,李敖有话说(2),特务、将军、见
范汉杰,军事人物 / 政治人物 / 历史类比引用,军事人物,70,2,2,1,2,李敖有话说(2),一起、岳父、节目、将军、证人
萧至忠,政治人物 / 神交引用,政治人物,70,2,2,1,1,李敖有话说(2),弟弟、女儿、离婚、像
许牧野,编辑,编辑,70,2,2,1,1,李敖有话说(2),编辑、朋友
颜回谈,师生,师生,70,2,2,1,1,李敖有话说(2),像、教授、大学
黄美伦,亲属 / 情感 / 公共论战,亲属,70,2,2,1,1,李敖有话说(2),太太、离婚
龙头两,神交引用,神交引用,70,2,2,1,2,李敖有话说(2),主义、同案、共产党
胡林翼,政治人物 / 军事人物 / 学术 / 神交引用,政治人物,69,11,11,1,2,李敖有话说(11),见
高票,政治人物,待复核,69,5,2,1,4,李敖有话说(5),国民党、委员、选举、政府、主席、市长
祢衡,学术 / 公共论战 / 神交引用,学术,69,4,4,1,3,李敖有话说(4),报纸
刘文雄,政治人物 / 朋友 / 见面,政治人物,69,3,3,1,2,李敖有话说(3),判决、市长、起诉
吾尔开希,政治异议者 / 公共论战,政治异议者,69,3,3,1,1,李敖有话说(3),政府
贝多芬,文艺音乐 / 神交引用,文艺音乐,69,3,3,1,2,李敖有话说(3),像、妈妈、见
高俊明,宗教人物 / 政治异议者 / 人权救援 / 公共论战,宗教人物,69,3,3,1,2,李敖有话说(3),委员、院长、秘书、民进党
党来办,同案狱友,同案狱友,69,2,2,1,1,李敖有话说(2),共产党、法官、监狱、军法、特务、调查局
公鸡母,姻亲,姻亲,69,2,2,1,1,李敖有话说(2),夫人、总统、太太
唐飞做,姻亲,姻亲,69,2,2,1,2,李敖有话说(2),太太、院长、总统、将军、所谓、访问、记者、妻
张莘夫,朋友,朋友,69,2,2,1,1,李敖有话说(2),老师、教书、同学、父亲、母亲、嫁给、大学、政府
柯锡杰,亲属,亲属,69,2,2,1,1,李敖有话说(2),儿子、朋友、学生、爸爸
能冒充,学术,学术,69,2,2,1,2,李敖有话说(2),博士、法官、像
陈仪谈,神交引用,神交引用,69,2,2,1,2,李敖有话说(2),所谓、司令
马步芳,政治人物,政治人物,69,2,2,1,1,李敖有话说(2),主席、院长、委员、政府、所谓
蔡襄,文艺音乐 / 公职人员 / 诗文出处 / 历史类比引用 / 神交引用,文艺音乐,68,7,7,1,5,李敖有话说(7),思想、像
金圣叹,学术 / 出版 / 神交引用,学术,68,6,6,1,2,李敖有话说(6),像
玉皇大帝,虚拟人物 / 宗教人物 / 历史类比引用 / 神交引用,虚拟人物,68,5,5,1,2,李敖有话说(5),告诉我
李建中,文艺音乐 / 公职人员 / 历史类比引用 / 神交引用,文艺音乐,68,4,4,1,3,李敖有话说(4),古代、像
郑孝胥,政治人物 / 文艺音乐 / 公共论战 / 神交引用,政治人物,68,4,4,1,3,李敖有话说(4),像
潘兴,军事人物 / 神交引用,军事人物,68,3,3,1,1,李敖有话说(3),像、将军、军衔
爱丽丝,虚拟人物 / 神交引用,虚拟人物,68,3,3,1,1,李敖有话说(3),书里
胡适认,见面,见面,68,3,2,1,3,李敖有话说(3),认识、像、请他、教授、教书、学者
许寿裳,学术 / 诗文出处 / 通信 / 历史类比引用 / 神交引用,学术,68,3,3,1,3,李敖有话说(3),朋友、写信、大学
陆贾,政治人物 / 学术 / 历史类比引用 / 神交引用,政治人物,68,3,3,1,2,李敖有话说(3),诗
陈隆志,学术 / 公共论战,学术,68,3,3,1,2,李敖有话说(3),研究、台独、书里
龚自珍,学术 / 出版 / 神交引用,学术,68,3,3,1,3,李敖有话说(3),诗、家里
习精神,师生,师生,68,2,2,1,1,李敖有话说(2),碰到、学生、教授
从当选,师生,师生,68,2,2,1,2,李敖有话说(2),助理、委员、政府、女儿、太太
何香凝,姻亲,姻亲,68,2,2,1,1,李敖有话说(2),太太、宣传、主席、委员、国民党
全家,亲属,亲属,68,2,2,1,2,李敖有话说(2),妈妈、太太、将军、电话
全部通,公款经费,公款经费,68,2,2,1,2,李敖有话说(2),经费、部长、军购、法官
公鸡每,姻亲,姻亲,68,2,2,1,1,李敖有话说(2),夫人、总统
刘复刘,姻亲,姻亲,68,2,2,1,1,李敖有话说(2),太太、访问、教授、告诉我、大学
刘峰松,政治异议者 / 诗文出处 / 同案狱友 / 通信 / 公共论战,政治异议者,68,2,2,1,1,李敖有话说(2),一起、老师、学生、发行、出版
孔子解,师生,师生,68,2,2,1,2,李敖有话说(2),学生、见、像
孟武,学术行政,学术行政,68,2,2,1,2,李敖有话说(2),台大、院长、朋友、台独、教授、委员、国民党、所谓
家捐钱,政治人物,政治人物,68,2,2,1,2,李敖有话说(2),委员、爸爸、儿子、所谓
师连战,师生,师生,68,2,2,1,2,李敖有话说(2),老师、院长、委员、所谓、国民党
常运作,政治人物,政治人物,68,2,2,1,2,李敖有话说(2),委员、政府、秘书、国民党
庄因,同学 / 朋友 / 见面 / 通信,同学,68,2,2,1,1,李敖有话说(2),教授、弟弟、太太、台大
李主席,党务宣传,党务宣传,68,2,2,1,2,李敖有话说(2),主席、国民党、党务、秘书
李政一,同案狱友 / 政治异议者 / 刑求受害 / 通信,同案狱友,68,2,2,1,2,李敖有话说(2),一起、同案、思想、访问、朋友、太太、记者
李玄伯,师生 / 学术,师生,68,2,2,1,1,李敖有话说(2),教授、一起
李班长,主剧情人物 / 小说剧本人物 / 老兵士官 / 军事人物,主剧情人物,68,2,2,1,1,李敖有话说(2),儿子、杂志
李竞俊,刑求人员,刑求人员,68,2,2,1,1,李敖有话说(2),保安处、司令、告诉我
李鸿禧,学术 / 选举助选 / 公共论战,学术,68,2,2,1,1,李敖有话说(2),老师、秘书、总统、所谓
林森做,政治人物,政治人物,68,2,2,1,2,李敖有话说(2),主席、政府
查泰莱夫人,虚拟人物 / 小说剧本人物 / 神交引用,虚拟人物,68,2,2,1,1,李敖有话说(2),跟我说、家里、夫人、情人
欧阳修说,师生,师生,68,2,2,1,2,李敖有话说(2),朋友、请他、学生、碰到、父亲
满清将,军事人物,军事人物,68,2,2,1,1,李敖有话说(2),将军、见、见到、碰到
王夷甫,见面,见面,68,2,2,1,1,李敖有话说(2),见、见面、儿子
王晓波,学术 / 政治异议者 / 公共论战,学术,68,2,2,1,2,李敖有话说(2),一起、宣传、教授、大学、读
相护,情感,情感,68,2,2,1,2,李敖有话说(2),情书、法官
罗伯特·肯尼迪,政治人物 / 亲属 / 历史类比引用 / 神交引用,政治人物,68,2,2,1,1,李敖有话说(2),弟弟、总统、部长
能出面,见面,见面,68,2,2,1,2,李敖有话说(2),见、法官、检察官、选举
裴西修,学术,学术,68,2,2,1,1,李敖有话说(2),博士、论文、委员
解成功,亲属,亲属,68,2,2,1,2,李敖有话说(2),妹妹、像、见、见证、证人
那十五,政治人物,政治人物,68,2,2,1,1,李敖有话说(2),一起、委员、选举、所谓
那根本,政治人物,政治人物,68,2,2,1,2,李敖有话说(2),委员、选举、像、研究、中央研究院
邱创焕,通信,通信,68,2,2,1,1,李敖有话说(2),见、写信、院长、法院、像、大学
郑堤升,司法人员,司法人员,68,2,2,1,1,李敖有话说(2),法官、判决、所谓
郑重澄,学术行政,学术行政,68,2,2,1,2,李敖有话说(2),院长、总统、秘书、委员、国民党
都很清,通信,通信,68,2,2,1,2,李敖有话说(2),见、电报、院长
金主做,财产债务,财产债务,68,2,2,1,1,李敖有话说(2),借钱
闻部长,政治人物,政治人物,68,2,2,1,2,李敖有话说(2),部长、院长、检察长、法务部、法院、党部、国民党
马可仕,亲属,亲属,68,2,2,1,1,李敖有话说(2),家里、太太、博士、主义
黎文正,师生,师生,68,2,2,1,1,李敖有话说(2),见、学生、爸爸、情书、接见
丁尼生,诗文出处 / 神交引用,诗文出处,67,3,3,1,3,李敖有话说(3),诗、主席
万分,律师代理,律师代理,67,3,2,1,3,李敖有话说(3),碰到、律师、委员、总统
解释什,司法人员,司法人员,67,3,2,1,3,李敖有话说(3),所谓、法官、政府、国民党、法院、总统、读、像
黄遵宪,学术 / 政治人物 / 神交引用,学术,67,3,3,1,2,李敖有话说(3),诗、将军
严肃地,公款经费,公款经费,67,2,2,1,2,李敖有话说(2),一起、回扣、北大、国民党
任何单,媒体,媒体,67,2,2,1,2,李敖有话说(2),节目、见、秘书、法院、总统
公开支,政治人物,政治人物,67,2,2,1,2,李敖有话说(2),总统、所谓、朋友、查禁
刘绍棠,见面,见面,67,2,2,1,1,李敖有话说(2),传记、文学、碰到、请我、杂志、先生
利益分,党务宣传,党务宣传,67,2,2,1,2,李敖有话说(2),大学、部长、宣传、委员、国民党
吴越潮,政治人物 / 公职人员 / 财产债务 / 创作资料协助 / 见面,政治人物,67,2,2,1,2,李敖有话说(2),委员、国民党、认识、碰到
国立师,师生,师生,67,2,2,1,2,李敖有话说(2),大学、教授、像、部长
孔文吉,诉讼,诉讼,67,2,2,1,1,李敖有话说(2),法院、委员、立委
家庭利,姻亲,姻亲,67,2,2,1,1,李敖有话说(2),妻、一起
家比价,通信,通信,67,2,2,1,1,李敖有话说(2),记者、写信、委员
居然干,姻亲,姻亲,67,2,2,1,2,李敖有话说(2),所谓、夫人、总统
干到今,亲属,亲属,67,2,2,1,2,李敖有话说(2),女儿、总统、所谓
张明清,公职人员 / 公共论战,公职人员,67,2,2,1,1,李敖有话说(2),选举、台独、张明清表示
支笔来,见面,见面,67,2,2,1,2,李敖有话说(2),一起、送我、总统、委员
曾点,亲属,亲属,67,2,2,1,1,李敖有话说(2),见、爸爸、选举
李清,学术,学术,67,2,2,1,1,李敖有话说(2),大学、委员、古人、朋友、父亲
林肯当,政治人物,政治人物,67,2,2,1,2,李敖有话说(2),总统、所谓、写信、像
查权,政治人物,政治人物,67,2,2,1,2,李敖有话说(2),委员、所谓、院长
查预算,出版,出版,67,2,2,1,2,李敖有话说(2),法院、委员、朋友、序、国民党、政府
艾奇逊,政治人物 / 历史类比引用 / 神交引用,政治人物,67,2,2,1,1,李敖有话说(2),委员
苏东启,政治异议者 / 同案狱友 / 诉讼,政治异议者,67,2,2,1,1,李敖有话说(2),朋友、大学、像、女儿、民进党、先生
谷正纲,政治人物 / 公职人员 / 党务宣传 / 历史类比引用,政治人物,67,2,2,1,2,李敖有话说(2),国民党、政治、思想、历史上、院长、法院、所谓
连战受,媒体,媒体,67,2,2,1,2,李敖有话说(2),总统、访问、受访、北大
陈定南,政治人物 / 公职人员 / 司法人员 / 公共论战,政治人物,67,2,2,1,1,李敖有话说(2),法务部、部长、县长
黄埔三,见面,见面,67,2,2,1,2,李敖有话说(2),一起、同学、序、共产党、主义、学生、委员、市长
范宽,文艺音乐 / 历史类比引用 / 神交引用,文艺音乐,66,10,10,1,2,李敖有话说(10),古代
别人发,见面,待复核,66,6,2,1,6,李敖有话说(6),认识、见
家公司,见面,待复核,66,6,2,1,4,李敖有话说(6),请他、见、记者、军购、所谓
江西人,军事人物,待复核,66,5,2,1,3,李敖有话说(5),司令、像
杨守敬,学术 / 诗文出处 / 文艺音乐 / 历史类比引用 / 神交引用,学术,66,4,4,1,1,李敖有话说(4),书里
时间讲,政治人物,政治人物,66,3,2,1,2,李敖有话说(3),主席、民进党
李杰又,朋友,朋友,66,3,2,1,3,李敖有话说(3),告诉我、法院、主席、部长
杜威打,见面,见面,66,3,2,1,1,李敖有话说(3),报纸、总统、一起
王曾,政治人物 / 学术 / 神交引用,政治人物,66,3,3,1,2,李敖有话说(3),朋友
红绿灯,见面,见面,66,3,2,1,3,李敖有话说(3),碰到、报纸
都否认,媒体,媒体,66,3,2,1,3,李敖有话说(3),问我、记者、委员、政府、国民党、民进党
都投降,政治人物,政治人物,66,3,2,1,3,李敖有话说(3),选举、国民党、将军
黄埔四,军事人物,军事人物,66,3,2,1,2,李敖有话说(3),将军、像
于思想,神交引用,神交引用,66,2,2,1,2,李敖有话说(2),思想
井冈山,政治人物,政治人物,66,2,2,1,2,李敖有话说(2),主席、将军
党再怎,出版,出版,66,2,2,1,1,李敖有话说(2),主席、国民党、报纸
党团才,诉讼,诉讼,66,2,2,1,2,李敖有话说(2),法院、序、委员
冯国璋,政治人物 / 军事人物 / 历史类比引用 / 神交引用,政治人物,66,2,2,1,2,李敖有话说(2),总统、国民党
冷欣将,军事人物,军事人物,66,2,2,1,2,李敖有话说(2),将军、国民党、读
叶焕彬,见面,见面,66,2,2,1,2,李敖有话说(2),访问、拜访、节目
吴思陆,出版,出版,66,2,2,1,1,李敖有话说(2),报纸、广播、警察、委员、所谓
国啦,政治人物,政治人物,66,2,2,1,1,李敖有话说(2),总统、所谓
塔虎脱,政治人物 / 神交引用,政治人物,66,2,2,1,1,李敖有话说(2),总统、碰到、政治
孙朴园,出版,出版,66,2,2,1,1,李敖有话说(2),政治、杂志、采访
寿字,公共论战,公共论战,66,2,2,1,2,李敖有话说(2),政治、思想、像、教授、弟弟、太太、台大、院长
平常聊,见面,见面,66,2,2,1,2,李敖有话说(2),见、节目
庄严先,师生,师生,66,2,2,1,1,李敖有话说(2),学生、爸爸、太太、院长、跟我说、所谓
房东孙,学术,学术,66,2,2,1,1,李敖有话说(2),博士、市长
时义卖,姻亲,姻亲,66,2,2,1,2,李敖有话说(2),访问、太太、律师、朋友
时胡茵,公共论战,公共论战,66,2,2,1,2,李敖有话说(2),国民党、出版、节目、电视
权必滥,朋友,朋友,66,2,2,1,2,李敖有话说(2),政治、朋友、告诉我、儿子、总统
林副主,政治人物,政治人物,66,2,2,1,2,李敖有话说(2),主席、法院、所谓
柯参谋,军事人物,军事人物,66,2,2,1,1,李敖有话说(2),参谋
满村争,神交引用,神交引用,66,2,2,1,1,李敖有话说(2),诗、书里
祝李敖,媒体,媒体,66,2,2,1,1,李敖有话说(2),节目、电视、送我、先生
索尔仁尼琴,政治异议者 / 出版 / 历史类比引用 / 神交引用 / 公共论战,政治异议者,66,2,2,1,1,李敖有话说(2),政府、批评、文学、主义
终止还,政治人物,政治人物,66,2,2,1,1,李敖有话说(2),委员、国民党、见、台独
苏联元,政治人物,政治人物,66,2,2,1,2,李敖有话说(2),总统、所谓
苏联列,公共论战,公共论战,66,2,2,1,2,李敖有话说(2),国民党、共产党、学者
詹森总,诉讼,诉讼,66,2,2,1,1,李敖有话说(2),法庭、总统、哲学
越战到,政治人物,政治人物,66,2,2,1,1,李敖有话说(2),部长
连战关,见面,见面,66,2,2,1,2,李敖有话说(2),认识、一起、说过、国民党
通讯录,政治人物,政治人物,66,2,2,1,1,李敖有话说(2),委员
邓家彦,政治人物,政治人物,66,2,2,1,2,李敖有话说(2),委员、共产党
那么渊,公共论战,公共论战,66,2,2,1,2,李敖有话说(2),政治、思想、古代、上校、司令、国民党
那职员,通信,通信,66,2,2,1,2,李敖有话说(2),电话、问我
郎题字,政治人物,政治人物,66,2,2,1,1,李敖有话说(2),总统
金越光,政治人物,政治人物,66,2,2,1,1,李敖有话说(2),委员、国民党
钱穆来,政治人物,政治人物,66,2,2,1,2,李敖有话说(2),总统、所谓、认识
阮元,政治人物 / 学术 / 出版 / 诗文出处 / 学术考证引用 / 历史类比引用 / 神交引用,政治人物,66,2,2,1,1,李敖有话说(2),学者、大学、批评、书里
陈定炎,亲属 / 创作资料协助 / 见面 / 学术 / 公共论战,亲属,66,2,2,1,1,李敖有话说(2),出版、序、书里、先生
陈茹玄,诉讼,诉讼,66,2,2,1,1,李敖有话说(2),委员、法院、国民党
龙头又,军事人物,军事人物,66,2,2,1,2,李敖有话说(2),司令、共产党、政府
左宗棠,军事人物 / 政治人物 / 历史类比引用 / 神交引用,军事人物,65,3,3,1,3,李敖有话说(3),古人、认识、总统
张爱玲,诗文出处 / 文艺音乐 / 历史类比引用 / 神交引用,诗文出处,65,3,3,1,1,李敖有话说(3),哲学、出版
许世楷,政治人物 / 选举助选 / 公共论战,政治人物,65,3,3,1,2,李敖有话说(3),委员、所谓
东风,见面,见面,65,2,2,1,2,李敖有话说(2),见、共产党
培根,学术 / 神交引用,学术,65,2,2,1,2,李敖有话说(2),朋友、哲学、见
时批评,公共论战,公共论战,65,2,2,1,2,李敖有话说(2),批评、哲学、主义、大学、国民党
松说,政治人物,政治人物,65,2,2,1,2,李敖有话说(2),总统、送我
苏联开,政治人物,政治人物,65,2,2,1,2,李敖有话说(2),总统、所谓、共产党
和族群,亲属,亲属,65,1,1,1,1,李敖有话说(1),妹妹、女儿
周世宗,政治人物 / 神交引用,政治人物,64,10,10,1,5,李敖有话说(10),
阿里,体育人物 / 公共论战 / 神交引用,体育人物,64,7,7,1,3,李敖有话说(7),
白鲸,虚拟人物 / 小说剧本人物 / 历史类比引用 / 神交引用,虚拟人物,64,6,6,1,2,李敖有话说(6),
王僧虔,文艺音乐 / 诗文出处 / 历史类比引用 / 神交引用,文艺音乐,64,5,5,1,1,李敖有话说(5),
张天师,宗教人物 / 神交引用,宗教人物,64,4,4,1,2,李敖有话说(4),
张桂芳,虚拟人物 / 历史类比引用 / 神交引用,虚拟人物,64,3,3,1,1,李敖有话说(3),见、遇见
曾国荃,军事人物 / 历史类比引用 / 亲属 / 神交引用,军事人物,64,3,3,1,1,李敖有话说(3),弟弟
胡文虎,财产债务 / 出版 / 神交引用,财产债务,64,3,3,1,1,李敖有话说(3),宣传
公司之,亲属,亲属,64,2,2,1,2,李敖有话说(2),一起、女儿、批评、所谓
古书来,神交引用,神交引用,64,2,2,1,2,李敖有话说(2),古人、学者、论文
周德伟,学术 / 见面 / 历史类比引用,学术,64,2,2,1,1,李敖有话说(2),朋友、儿子、家里
唐树备,姻亲,姻亲,64,2,2,1,2,李敖有话说(2),夫人、电视、先生、诗
夏娃,宗教人物 / 历史类比引用 / 神交引用,宗教人物,64,2,2,1,1,李敖有话说(2),
孔子相,见面,见面,64,2,2,1,2,李敖有话说(2),见、见面、儿子、思想
曹丕,政治人物 / 历史类比引用,政治人物,64,2,2,1,1,李敖有话说(2),爸爸、弟弟、书中、请他
李万居,政治人物 / 公共论战 / 神交引用,政治人物,64,2,2,1,1,李敖有话说(2),所谓、老师
淳于意,医疗照护 / 神交引用,医疗照护,64,2,2,1,1,李敖有话说(2),女儿、父亲、爸爸
苏联所,师生,师生,64,2,2,1,2,李敖有话说(2),教书、所谓
蔡琰,诗文出处 / 文艺音乐 / 历史类比引用 / 神交引用,诗文出处,64,2,2,1,1,李敖有话说(2),女儿、嫁给、历史上
陈查某,财产债务 / 公款经费 / 被害人 / 社会案件 / 公共论战,财产债务,64,2,2,1,1,李敖有话说(2),太太、妻、夫人
青木,通信 / 朋友 / 财产债务,通信,64,2,2,1,1,李敖有话说(2),朋友、像、先生
马汉三,情治警务 / 政治人物 / 同案狱友,情治警务,64,2,2,1,1,李敖有话说(2),报人、脚镣、手铐、特务
魏文帝,诗文出处 / 政治人物 / 历史类比引用 / 神交引用,诗文出处,64,2,2,1,1,李敖有话说(2),爸爸、弟弟、书中
何偏袒,媒体,媒体,64,1,1,1,1,李敖有话说(1),节目、电视、共产党
叶落归,媒体,媒体,64,1,1,1,1,李敖有话说(1),朋友、节目、导演
和唐太,媒体,媒体,64,1,1,1,1,李敖有话说(1),节目、电视
家传历,师生,师生,64,1,1,1,1,李敖有话说(1),老师、节目、共产党
水之恩,媒体,媒体,64,1,1,1,1,李敖有话说(1),节目、电视
熊但跑,党务宣传,党务宣传,64,1,1,1,1,李敖有话说(1),政府、国民党、查禁、说过
白卡,学术行政,学术行政,64,1,1,1,1,李敖有话说(1),院长、军购
能雨露,政治人物,政治人物,64,1,1,1,1,李敖有话说(1),总统、选举、所谓
解读三,师生,师生,64,1,1,1,1,李敖有话说(1),老师、读
通吃扫,党务宣传,党务宣传,64,1,1,1,1,李敖有话说(1),节目、宣传
陆情,媒体,媒体,64,1,1,1,1,李敖有话说(1),节目、导演
伊诺努,神交引用 / 政治人物,神交引用,63,3,3,1,2,李敖有话说(3),部长、政治、像
叶剑英,军事人物 / 政治人物 / 公共论战 / 神交引用,军事人物,63,3,3,1,3,李敖有话说(3),军衔
孚琦,政治人物 / 军事人物 / 社会案件 / 历史类比引用,政治人物,63,3,3,1,3,李敖有话说(3),将军
张伯伦,政治人物 / 公共论战 / 神交引用,政治人物,63,3,3,1,2,李敖有话说(3),报导
张发奎,军事人物 / 政治人物 / 神交引用,军事人物,63,3,3,1,2,李敖有话说(3),报纸
连战谈,神交引用,神交引用,63,3,2,1,3,李敖有话说(3),主义、北大、国民党
别人接,神交引用,神交引用,63,2,2,1,2,李敖有话说(2),像、见、特务
吴俊才,学术 / 媒体 / 通信 / 创作资料协助 / 公共论战,学术,63,2,2,1,1,李敖有话说(2),写信、老师、教授、国民党
张立纲,学术 / 同学,学术,63,2,2,1,2,李敖有话说(2),儿子、学者、弟弟、姐姐、大学
查真相,神交引用,神交引用,63,2,2,1,2,李敖有话说(2),所谓、委员
温港成,见面,见面,63,2,2,1,1,李敖有话说(2),请我、节目、像、先生
端木恺,律师代理 / 学术 / 公共论战,律师代理,63,2,2,1,2,李敖有话说(2),见、总统、委员、所谓、学生、父亲、儿子、院长
能拦截,政治人物,政治人物,63,2,2,1,2,李敖有话说(2),像、部长、所谓
苏文忠,学术,学术,63,2,2,1,2,李敖有话说(2),学者、思想、读
贾景德,政治人物 / 公职人员 / 选举助选 / 历史类比引用,政治人物,63,2,2,1,2,李敖有话说(2),院长、秘书、总统、部长、参谋、所谓、大学
那只能,神交引用,神交引用,63,2,2,1,2,李敖有话说(2),主义、报纸、像
陈圆圆,历史类比引用 / 情感 / 神交引用,历史类比引用,63,2,2,1,1,李敖有话说(2),爸爸、情人、妈妈
乐园血,学术,学术,63,1,1,1,1,李敖有话说(1),大学、节目
云南王,媒体,媒体,63,1,1,1,1,李敖有话说(1),节目、国民党
从两场,媒体,媒体,63,1,1,1,1,李敖有话说(1),节目、国民党、像
从莫须,见面,见面,63,1,1,1,1,李敖有话说(1),见、节目
任善待,媒体,媒体,63,1,1,1,1,李敖有话说(1),节目
何坏人,媒体,媒体,63,1,1,1,1,李敖有话说(1),节目
党斗施,公共论战,公共论战,63,1,1,1,1,李敖有话说(1),国民党、民进党
全球,政治人物,政治人物,63,1,1,1,1,李敖有话说(1),政府
全靠假,政治人物,政治人物,63,1,1,1,1,李敖有话说(1),总统
华无奈,媒体,媒体,63,1,1,1,1,李敖有话说(1),节目
台独只,媒体,媒体,63,1,1,1,1,李敖有话说(1),节目、台独
台独怪,政治人物,政治人物,63,1,1,1,1,李敖有话说(1),选举、台独、所谓
史为鉴,学术 / 出版 / 见面,学术,63,1,1,1,1,李敖有话说(1),节目
史有灵,媒体,媒体,63,1,1,1,1,李敖有话说(1),节目
史迁徙,媒体,媒体,63,1,1,1,1,李敖有话说(1),电视
和俗,媒体,媒体,63,1,1,1,1,李敖有话说(1),节目
和偏见,见面,见面,63,1,1,1,1,李敖有话说(1),见、部长、像
和艾森,政治人物,政治人物,63,1,1,1,1,李敖有话说(1),总统、所谓
和造原,媒体,媒体,63,1,1,1,1,李敖有话说(1),节目
国军老,媒体,媒体,63,1,1,1,1,李敖有话说(1),节目
国救台,媒体,媒体,63,1,1,1,1,李敖有话说(1),节目
国行,媒体,媒体,63,1,1,1,1,李敖有话说(1),节目
国话芝,媒体,媒体,63,1,1,1,1,李敖有话说(1),节目
常说双,媒体,媒体,63,1,1,1,1,李敖有话说(1),节目
幸运当,诉讼,诉讼,63,1,1,1,1,李敖有话说(1),法院、委员、所谓
广告管,媒体,媒体,63,1,1,1,1,李敖有话说(1),节目
应归零,媒体,媒体,63,1,1,1,1,李敖有话说(1),节目、说过
张冠李,诉讼,诉讼,63,1,1,1,1,李敖有话说(1),法院、委员、所谓
戴面具,诉讼,诉讼,63,1,1,1,1,李敖有话说(1),法院、所谓
文字欺,媒体,媒体,63,1,1,1,1,李敖有话说(1),节目、政治
文浓缩,媒体,媒体,63,1,1,1,1,李敖有话说(1),节目
方预算,媒体,媒体,63,1,1,1,1,李敖有话说(1),节目
时间别,媒体,媒体,63,1,1,1,1,李敖有话说(1),节目、法院、所谓
明德手,公共论战,公共论战,63,1,1,1,1,李敖有话说(1),国民党、民进党
明星爱,出版,出版,63,1,1,1,1,李敖有话说(1),报纸、电视
权选择,媒体,媒体,63,1,1,1,1,李敖有话说(1),节目
段卑鄙,公共论战,公共论战,63,1,1,1,1,李敖有话说(1),国民党、民进党
游子回,媒体,媒体,63,1,1,1,1,李敖有话说(1),节目
白天打,媒体,媒体,63,1,1,1,1,李敖有话说(1),节目
程比结,诉讼,诉讼,63,1,1,1,1,李敖有话说(1),法院、所谓
章公道,见面,见面,63,1,1,1,1,李敖有话说(1),一起、节目
终觉悟,媒体,媒体,63,1,1,1,1,李敖有话说(1),节目、将军
经济杀,公共论战,公共论战,63,1,1,1,1,李敖有话说(1),台独、政治
莫做,媒体,媒体,63,1,1,1,1,李敖有话说(1),节目、主义、所谓
蓝绿两,媒体,媒体,63,1,1,1,1,李敖有话说(1),电视
蔡氏父,媒体,媒体,63,1,1,1,1,李敖有话说(1),节目
衡量思,学术,学术,63,1,1,1,1,李敖有话说(1),研究、思想
解开海,政治人物,政治人物,63,1,1,1,1,李敖有话说(1),市长、所谓
解读发,媒体,媒体,63,1,1,1,1,李敖有话说(1),节目、读、古代
那样反,媒体,媒体,63,1,1,1,1,李敖有话说(1),节目、像
陆肚皮,媒体,媒体,63,1,1,1,1,李敖有话说(1),节目
陈仪将,媒体,媒体,63,1,1,1,1,李敖有话说(1),朋友、节目、将军
马之美,媒体,媒体,63,1,1,1,1,李敖有话说(1),节目
马飞,媒体,媒体,63,1,1,1,1,李敖有话说(1),朋友、节目
高国防,见面,见面,63,1,1,1,1,李敖有话说(1),见
周越,文艺音乐 / 诗文出处 / 学术 / 公职人员 / 历史类比引用 / 神交引用,文艺音乐,62,3,3,1,2,李敖有话说(3),像
蔡维屏,政治人物 / 公职人员 / 公共论战,政治人物,62,3,3,1,1,李敖有话说(3),国民党
阿弥陀佛,宗教人物 / 神交引用,宗教人物,62,3,3,1,2,李敖有话说(3),朋友
任卓宣,政治人物 / 党务宣传 / 出版 / 公共论战,政治人物,62,2,2,1,2,李敖有话说(2),教授、大学、台大、院长、委员、文学、所谓、国民党
任夫人,婚姻相关 / 历史类比引用 / 神交引用,婚姻相关,62,2,2,1,2,李敖有话说(2),夫人
党来控,神交引用,神交引用,62,2,2,1,2,李敖有话说(2),所谓、国民党
刘九庵,学术 / 神交引用,学术,62,2,2,1,1,李敖有话说(2),
吴昌硕,文艺音乐 / 诗文出处 / 历史类比引用 / 神交引用,文艺音乐,62,2,2,1,1,李敖有话说(2),妻、思想
安东尼,政治人物 / 军事人物 / 情感 / 历史类比引用 / 神交引用,政治人物,62,2,2,1,1,李敖有话说(2),妈妈、警察、见
少年维特,虚拟人物 / 情感 / 神交引用,虚拟人物,62,2,2,1,1,李敖有话说(2),朋友、太太、爱上、文学、女儿
康德黎,学术 / 医疗照护 / 神交引用,学术,62,2,2,1,1,李敖有话说(2),晤、老师
张政雄,政治人物 / 见面,政治人物,62,2,2,1,1,李敖有话说(2),委员、选举
朱执信,政治人物 / 政治异议者 / 出版 / 历史类比引用 / 神交引用,政治人物,62,2,2,1,1,李敖有话说(2),妈妈、少将
杜夫人,亲属 / 历史类比引用 / 创作资料协助,亲属,62,2,2,1,1,李敖有话说(2),夫人、共产党、见、总统
牟宗三,学术 / 公共论战 / 神交引用,学术,62,2,2,1,2,李敖有话说(2),国民党、杂志、学术、台大、院长、部长、市长、政治
王充,诗文出处 / 学术 / 历史类比引用 / 神交引用,诗文出处,62,2,2,1,1,李敖有话说(2),爸爸、思想
王永庆,财产债务 / 财产信托 / 通信 / 公共论战,财产债务,62,2,2,1,2,李敖有话说(2),弟弟、财产、像、儿子
王维,诗文出处 / 历史类比引用 / 神交引用,诗文出处,62,2,2,1,1,李敖有话说(2),妹妹、诗
聂华苓,出版 / 媒体 / 政治异议者 / 创作资料协助 / 历史类比引用,出版,62,2,2,1,2,李敖有话说(2),研究、学术、中央研究院、主席、民进党、台独、所谓、嫁给
胡颂平,学术 / 学术行政 / 出版 / 公共论战,学术,62,2,2,1,2,李敖有话说(2),秘书、儿子、太太
艾德礼,政治人物 / 历史类比引用 / 神交引用,政治人物,62,2,2,1,1,李敖有话说(2),夫人、总统
萧广仁,财产债务 / 诉讼,财产债务,62,2,2,1,1,李敖有话说(2),爸爸、研究、学者
要离,历史类比引用 / 江湖人物 / 烈士殉难 / 神交引用,历史类比引用,62,2,2,1,2,李敖有话说(2),学生、电话、母亲、像
许水德,政治人物 / 公共论战 / 见面,政治人物,62,2,2,1,2,李敖有话说(2),秘书、法院、法庭、国民党、告诉我、研究、检察官、市长
邓铿,军事人物 / 政治人物 / 被害人 / 历史类比引用,军事人物,62,2,2,1,2,李敖有话说(2),师长、参谋、历史上、儿子
马鸿逵,军事人物 / 政治人物 / 财产债务 / 历史类比引用,军事人物,62,2,2,1,1,李敖有话说(2),电话
黄君璧,文艺音乐 / 公共论战,文艺音乐,62,2,2,1,1,李敖有话说(2),请他、老师
齐铁生,朋友 / 见面,朋友,62,2,2,1,1,李敖有话说(2),爸爸、主席、党务
从脸蛋,公共论战,公共论战,62,1,1,1,1,李敖有话说(1),政治
党才能,朋友,朋友,62,1,1,1,1,李敖有话说(1),朋友、共产党
冷水,公共论战,公共论战,62,1,1,1,1,李敖有话说(1),政治
台独傲,公共论战,公共论战,62,1,1,1,1,李敖有话说(1),台独
台独西,公共论战,公共论战,62,1,1,1,1,李敖有话说(1),台独、所谓
明头脑,公共论战,公共论战,62,1,1,1,1,李敖有话说(1),政治
费做人,公共论战,公共论战,62,1,1,1,1,李敖有话说(1),国民党
都会令,朋友,朋友,62,1,1,1,1,李敖有话说(1),对我说
俞樾,学术 / 诗文出处 / 学术考证引用 / 历史类比引用 / 神交引用,学术,61,3,3,1,2,李敖有话说(3),书里、历史上
方文件,神交引用,神交引用,61,3,2,1,2,李敖有话说(3),主义、像
张奚若,学术 / 创作资料协助 / 历史类比引用,学术,61,2,2,1,1,李敖有话说(2),学生、主义、研究、政治
张居正,政治人物 / 公职人员 / 历史类比引用 / 神交引用,政治人物,61,2,2,1,2,李敖有话说(2),政治、像、爸爸、妈妈、政府
张灏,学术 / 师生 / 学术考证引用,学术,61,2,2,1,1,李敖有话说(2),军购、老师、学生
彭真,政治人物 / 历史类比引用,政治人物,61,2,2,1,2,李敖有话说(2),见、一起、市长
洪顺隆,诗文出处 / 学术考证引用 / 学术,诗文出处,61,2,2,1,1,李敖有话说(2),研究、诗
潘公展,媒体 / 政治人物 / 历史类比引用 / 神交引用,媒体,61,2,2,1,1,李敖有话说(2),出版、国民党、查禁
白景瑞,文艺音乐 / 媒体 / 创作资料协助 / 证人见证 / 公共论战,文艺音乐,61,2,2,1,2,李敖有话说(2),认识、导演、一起、朋友、像
糜文开,诗文出处 / 学术考证引用 / 学术,诗文出处,61,2,2,1,1,李敖有话说(2),研究、诗
马树礼,政治人物 / 党务宣传 / 公共论战,政治人物,61,2,2,1,2,李敖有话说(2),国民党、院长、部长、市长
麦迪逊,政治人物 / 创作资料协助 / 历史类比引用,政治人物,61,2,2,1,1,李敖有话说(2),总统、法官
利敬先,神交引用,神交引用,61,1,1,1,1,李敖有话说(1),思想、古代
国题材,神交引用,神交引用,61,1,1,1,1,李敖有话说(1),作品、文学
松解决,神交引用,神交引用,61,1,1,1,1,李敖有话说(1),古人、诗
白请长,神交引用,神交引用,61,1,1,1,1,李敖有话说(1),作品、像
路告到,司法人员,司法人员,61,1,1,1,1,李敖有话说(1),检察官、检察长
张勋,军事人物 / 政治人物 / 历史类比引用,军事人物,60,3,3,1,1,李敖有话说(3),所谓
秋瑾,政治异议者 / 烈士殉难 / 历史类比引用 / 神交引用,政治异议者,60,3,3,1,3,李敖有话说(3),像
鲁班,历史类比引用 / 神交引用,历史类比引用,60,3,3,1,2,李敖有话说(3),古代
兰风,社会案件 / 军事人物,社会案件,60,2,2,1,1,李敖有话说(2),一起、共产党
冯沅君,学术 / 诗文出处 / 历史类比引用,学术,60,2,2,1,1,李敖有话说(2),主义、文学、书里、妹妹
刘辰旦,同案狱友 / 政治异议者 / 创作资料协助 / 公共论战,同案狱友,60,2,2,1,2,李敖有话说(2),朋友、访问、一起、太太、记者
别人完,政治人物,政治人物,60,2,1,1,2,李敖有话说(2),节目、委员、选举、所谓
单独自,神交引用,神交引用,60,2,2,1,2,李敖有话说(2),所谓、像
卢华栋,同学 / 同案狱友 / 政治异议者 / 见面,同学,60,2,2,1,1,李敖有话说(2),特务、国民党、认识、台大、政治、碰到
卢秀燕,政治人物 / 见面,政治人物,60,2,2,1,1,李敖有话说(2),法院、立委、一起、委员
古代版,神交引用,神交引用,60,2,2,1,2,李敖有话说(2),古代
庞德,诗文出处 / 历史类比引用 / 神交引用,诗文出处,60,2,2,1,2,李敖有话说(2),诗、请我、哲学、文学、像
张七郎,被害人 / 历史类比引用 / 公共论战,被害人,60,2,2,1,1,李敖有话说(2),判决
张炳华,情治警务 / 政治人物 / 公共论战,情治警务,60,2,2,1,1,李敖有话说(2),将军、报纸、国民党
曹建中,军事人物 / 情治警务 / 出版 / 公共论战,军事人物,60,2,2,1,1,李敖有话说(2),国民党、书里、出版社、出版、警备总部、查禁、告诉我、像
曾祥铎,同案狱友 / 同学 / 公共论战,同案狱友,60,2,2,1,1,李敖有话说(2),朋友、教授、大学
武大郎,虚拟人物 / 小说剧本人物 / 历史类比引用,虚拟人物,60,2,2,1,2,李敖有话说(2),一起、查禁、著作
沈定一,政治人物 / 历史类比引用,政治人物,60,2,2,1,2,李敖有话说(2),委员、共产党
牛骨头,神交引用,神交引用,60,2,2,1,1,李敖有话说(2),像
王勃,诗文出处 / 历史类比引用 / 神交引用,诗文出处,60,2,2,1,2,李敖有话说(2),一起、序、古代
简芳达,媒体 / 文艺音乐 / 公共论战 / 神交引用,媒体,60,2,2,1,1,李敖有话说(2),部长、节目
罗志明,政治人物 / 见面,政治人物,60,2,2,1,2,李敖有话说(2),律师、法院、诬告、立委、民进党、政治、像
陈建中,媒体 / 公共论战,媒体,60,2,2,1,1,李敖有话说(2),市长、国民党
乐人生,神交引用,神交引用,60,1,1,1,1,李敖有话说(1),像
卫王失,神交引用,神交引用,60,1,1,1,1,李敖有话说(1),像
庄国明,律师代理 / 诉讼,律师代理,60,1,1,1,1,李敖有话说(1),会面、访问、教授、节目、律师
权害人,神交引用,神交引用,60,1,1,1,1,李敖有话说(1),所谓
相信来,神交引用,神交引用,60,1,1,1,1,李敖有话说(1),诗
能吐光,神交引用,神交引用,60,1,1,1,1,李敖有话说(1),古代
蒋氏洗,神交引用,神交引用,60,1,1,1,1,李敖有话说(1),像
解语言,神交引用,神交引用,60,1,1,1,1,李敖有话说(1),书里
邱丽妃,律师代理,律师代理,60,1,1,1,1,李敖有话说(1),写信、寄给、存证信、律师
须求甚,神交引用,神交引用,60,1,1,1,1,李敖有话说(1),读
马做坏,神交引用,神交引用,60,1,1,1,1,李敖有话说(1),诗
丁颖,出版 / 创作资料协助,出版,59,2,2,1,2,李敖有话说(2),朋友、像、节目
刘博昆,通信 / 诗文出处 / 媒体 / 公共论战,通信,59,2,2,1,1,李敖有话说(2),国民党、杂志、大学、委员
刘永济,公职人员 / 人权救援 / 同案狱友 / 公共论战,公职人员,59,2,2,1,1,李敖有话说(2),国民党、委员
塞万提斯,出版 / 神交引用,出版,59,2,2,1,2,李敖有话说(2),像、教授、大学、文学
文彦博,政治人物 / 文艺音乐 / 历史类比引用 / 神交引用,政治人物,59,2,2,1,2,李敖有话说(2),政治、一起
朱丽叶,虚拟人物 / 小说剧本人物 / 历史类比引用 / 公共论战,虚拟人物,59,2,2,1,1,李敖有话说(2),见、问我
陈庆华,政治人物 / 公共论战 / 诉讼,政治人物,59,2,2,1,1,李敖有话说(2),国民党、委员
席各位,政治人物,政治人物,59,1,1,1,1,李敖有话说(1),主席、委员、部长、所谓
徐庆钟,政治人物 / 公职人员 / 亲属 / 创作资料协助 / 历史类比引用,政治人物,59,1,1,1,1,李敖有话说(1),见、老师
时做副,师生,师生,59,1,1,1,1,李敖有话说(1),教授、儿子
林火旺,师生,师生,59,1,1,1,1,李敖有话说(1),教授、院长、将军
汪荣组,师生,师生,59,1,1,1,1,李敖有话说(1),教授、读
王荣祖,师生,师生,59,1,1,1,1,李敖有话说(1),教授、研究
盛顿做,政治人物,政治人物,59,1,1,1,1,李敖有话说(1),院长、法院、总统、部长
罗豪才,师生,师生,59,1,1,1,1,李敖有话说(1),一起、教授、大学、北大、主席、民进党
都跟李,师生,师生,59,1,1,1,1,李敖有话说(1),老师、爸爸
灶王爷,虚拟人物 / 宗教人物 / 神交引用,虚拟人物,58,3,3,1,1,李敖有话说(3),
维多利亚女王,历史类比引用 / 政治人物 / 神交引用,历史类比引用,58,3,3,1,2,李敖有话说(3),
丁守中,政治人物 / 公共论战,政治人物,58,2,2,1,1,李敖有话说(2),国民党、所谓
任瑰,政治人物 / 历史类比引用 / 神交引用,政治人物,58,2,2,1,2,李敖有话说(2),儿子、所谓、像
宗教层,公共论战,公共论战,58,2,1,1,1,李敖有话说(2),批评
董必武,政治人物 / 公共论战 / 历史类比引用 / 神交引用,政治人物,58,2,2,1,1,李敖有话说(2),共产党
薛蟠,虚拟人物 / 小说剧本人物 / 历史类比引用,虚拟人物,58,2,2,1,1,李敖有话说(2),
谢雪红,政治异议者 / 被害人 / 历史类比引用 / 公共论战,政治异议者,58,2,2,1,2,李敖有话说(2),告诉我、共产党、国民党
任交通,政治人物,政治人物,58,1,1,1,1,李敖有话说(1),主席、部长
党行政,政治人物,政治人物,58,1,1,1,1,李敖有话说(1),同仁、院长、法院、主席、民进党
向林故,政治人物,政治人物,58,1,1,1,1,李敖有话说(1),院长、主席
国罗故,政治人物,政治人物,58,1,1,1,1,李敖有话说(1),总统、政府
时机跟,政治人物,政治人物,58,1,1,1,1,李敖有话说(1),一起、总统、选举、国民党、共产党
邓泽如,政治人物 / 历史类比引用,政治人物,57,2,2,1,1,李敖有话说(2),主义、国民党、共产党、书里
韩国做,政治人物,政治人物,57,2,1,1,1,李敖有话说(2),总统、像
于程序,政治人物,政治人物,57,1,1,1,1,李敖有话说(1),序、委员、国民党、民进党
任宣传,政治人物,政治人物,57,1,1,1,1,李敖有话说(1),朋友、部长、国民党、宣传、查禁
傅作义,军事人物 / 政治人物 / 历史类比引用,军事人物,57,1,1,1,1,李敖有话说(1),市长、将军、国民党、共产党
党正副,政治人物,政治人物,57,1,1,1,1,李敖有话说(1),总统、民进党
党荣誉,政治人物,政治人物,57,1,1,1,1,李敖有话说(1),见、主席、国民党
别娶,姻亲,姻亲,57,1,1,1,1,李敖有话说(1),妻、娶、结婚、离婚、将军
司马歇尔,军事人物,军事人物,57,1,1,1,1,李敖有话说(1),结婚、离婚、将军
吉鸿昌,军事人物 / 政治人物 / 历史类比引用,军事人物,57,1,1,1,1,李敖有话说(1),将军
向教育,政治人物,政治人物,57,1,1,1,1,李敖有话说(1),报纸、部长、台独、攻击
向林肯,政治人物,政治人物,57,1,1,1,1,李敖有话说(1),总统、将军、司令
国现任,政治人物,政治人物,57,1,1,1,1,李敖有话说(1),爸爸、总统、所谓
国竞选,政治人物,政治人物,57,1,1,1,1,李敖有话说(1),总统
国詹森,政治人物,政治人物,57,1,1,1,1,李敖有话说(1),总统、像
师政委,政治人物,政治人物,57,1,1,1,1,李敖有话说(1),序、委员、将军
易仲裁,政治人物,政治人物,57,1,1,1,1,李敖有话说(1),女儿、判决、委员
李玑衡,亲属,亲属,57,1,1,1,1,李敖有话说(1),父亲、母亲、爸爸、妈妈、结婚、先生
毛邦初,军事人物,军事人物,57,1,1,1,1,李敖有话说(1),妈妈、夫人、将军
王生明,军事人物,军事人物,57,1,1,1,1,李敖有话说(1),上校
第五任代,政治人物,政治人物,57,1,1,1,1,李敖有话说(1),总统
罗卓英,军事人物 / 政治人物 / 历史类比引用,军事人物,57,1,1,1,1,李敖有话说(1),将军、国民党
边写副,政治人物,政治人物,57,1,1,1,1,李敖有话说(1),见、总统
郝平副,见面,见面,57,1,1,1,1,李敖有话说(1),见、见到、父亲、博士、大学、校长
闻布什,政治人物,政治人物,57,1,1,1,1,李敖有话说(1),记者、总统、台独
阙汉骞,军事人物,军事人物,57,1,1,1,1,李敖有话说(1),认识、老师、儿子、大学、将军
陆宗霖,军事人物,军事人物,57,1,1,1,1,李敖有话说(1),一起、将军
马哥跟,媒体,媒体,57,1,1,1,1,李敖有话说(1),见、记者、宣传
齐召开,媒体,媒体,57,1,1,1,1,李敖有话说(1),见、记者、委员、民进党、台独、军购
刘贡父,诗文出处 / 历史类比引用 / 神交引用,诗文出处,56,2,2,1,1,李敖有话说(2),碰到、朋友、父亲
唐尧,政治人物 / 神交引用,政治人物,56,2,2,1,2,李敖有话说(2),告诉我、古代
夏桀,历史类比引用 / 政治人物 / 神交引用,历史类比引用,56,2,2,1,1,李敖有话说(2),
张瑞珂,见面,见面,56,2,2,1,2,李敖有话说(2),
朱子又,神交引用,神交引用,56,2,1,1,1,李敖有话说(2),读
石达开,历史类比引用 / 军事人物 / 出版 / 神交引用,历史类比引用,56,2,2,1,2,李敖有话说(2),秘书
邵力子,政治人物 / 公职人员 / 历史类比引用,政治人物,56,2,2,1,1,李敖有话说(2),主席、政府
金露华,媒体 / 神交引用,媒体,56,2,2,1,1,李敖有话说(2),爱上
陈七,历史类比引用 / 称谓待考 / 神交引用,历史类比引用,56,2,2,1,1,李敖有话说(2),国民党、民进党、军购
霍桑,出版 / 神交引用,出版,56,2,2,1,2,李敖有话说(2),文学、书里、像
从副总,政治人物,政治人物,56,1,1,1,1,李敖有话说(1),院长、总统、主席、部长
从省主,政治人物,政治人物,56,1,1,1,1,李敖有话说(1),院长、总统、主席、部长
从部长,政治人物,政治人物,56,1,1,1,1,李敖有话说(1),院长、总统、主席、部长
孙女钱,亲属,亲属,56,1,1,1,1,李敖有话说(1),一起、母亲、妈妈、女儿、太太
时又杀,亲属,亲属,56,1,1,1,1,李敖有话说(1),哥哥、弟弟、儿子
那孙科,亲属,亲属,56,1,1,1,1,李敖有话说(1),母亲、妈妈、儿子、结婚、总统、市长
黄昆辉,学术行政 / 政治人物 / 公共论战,学术行政,56,1,1,1,1,李敖有话说(1),陪他、院长、秘书、法院、总统、部长、市长、国民党
张其昀,政治人物 / 学术行政 / 学术 / 党务宣传 / 公共论战 / 历史类比引用,政治人物,55,2,2,1,2,李敖有话说(2),问我、大学、国民党
戴布斯,政治人物 / 政治异议者 / 历史类比引用 / 神交引用,政治人物,55,2,2,1,1,李敖有话说(2),总统
斯威夫特,诗文出处 / 历史类比引用 / 神交引用,诗文出处,55,2,2,1,1,李敖有话说(2),见
林彪,军事人物 / 政治人物 / 历史类比引用,军事人物,55,2,2,1,2,李敖有话说(2),主席、将军
潘恩,出版 / 政治异议者 / 历史类比引用 / 神交引用,出版,55,2,2,1,2,李敖有话说(2),节目、主义、像
董卓,神交引用 / 政治人物 / 军事人物,神交引用,55,2,2,1,1,李敖有话说(2),见
裴普贤,诗文出处 / 学术考证引用 / 学术,诗文出处,55,2,2,1,1,李敖有话说(2),研究、诗
辛弃疾,诗文出处 / 文艺音乐 / 历史类比引用 / 神交引用,诗文出处,55,2,2,1,2,李敖有话说(2),见
黄主文,政治人物 / 公共论战,政治人物,55,2,2,1,1,李敖有话说(2),主席、读
黄昭堂,政治异议者 / 政治人物 / 公共论战,政治异议者,55,2,2,1,1,李敖有话说(2),委员
傅佩荣,师生,师生,55,1,1,1,1,李敖有话说(1),学生、教授、大学、读、哲学
别人招,姻亲,姻亲,55,1,1,1,1,李敖有话说(1),女儿、太太、夫人、总统
吴实,亲属 / 历史类比引用 / 神交引用,亲属,55,1,1,1,1,李敖有话说(1),将军、少将、中将、国民党
唐飞跟,姻亲,姻亲,55,1,1,1,1,李敖有话说(1),访问、太太、妻、院长、记者、将军
师嘛,律师代理,律师代理,55,1,1,1,1,李敖有话说(1),律师、辩护、总统、像
平转移,政治人物,政治人物,55,1,1,1,1,李敖有话说(1),院长、总统、政府、所谓
成好好,亲属,亲属,55,1,1,1,1,李敖有话说(1),妈妈、家里、所谓、先生
敖之说,媒体,媒体,55,1,1,1,1,李敖有话说(1),一起、朋友、跟我说、记者、记者招待会、导演
文化束,财产债务,财产债务,55,1,1,1,1,李敖有话说(1),产权、财产
曹冲平,学术,学术,55,1,1,1,1,李敖有话说(1),教授、研究、学术、大学
李四介,姻亲,姻亲,55,1,1,1,1,李敖有话说(1),太太、妻
李焕老,政治人物,政治人物,55,1,1,1,1,李敖有话说(1),见、见面、爸爸、院长、委员、政府、国民党、先生
林宗义,学术,学术,55,1,1,1,1,李敖有话说(1),教授、儿子、学术、大学、台大、院长、文学、先生
查员,同案狱友,同案狱友,55,1,1,1,1,李敖有话说(1),法官、监狱、军法、共产党、读
梁鸿志,政治人物 / 公职人员 / 历史类比引用,政治人物,55,1,1,1,1,李敖有话说(1),院长、主席、政府
石建言,学术行政,学术行政,55,1,1,1,1,李敖有话说(1),研究、中央研究院、院长
胡人生,亲属,亲属,55,1,1,1,1,李敖有话说(1),父亲、儿子
胡适人,师生,师生,55,1,1,1,1,李敖有话说(1),学生、教授、研究、北大、中央研究院、院长
董祀,婚姻相关 / 政治人物 / 历史类比引用 / 神交引用,婚姻相关,55,1,1,1,1,李敖有话说(1),儿子、女儿、嫁给
蒋故,政治人物,政治人物,55,1,1,1,1,李敖有话说(1),院长、总统、政府、共产党
赵检察,政治人物,政治人物,55,1,1,1,1,李敖有话说(1),院长、检察长、法务部、军法、部长、党部、国民党
那张三,通信,通信,55,1,1,1,1,李敖有话说(1),见、写信、回信、法官
那男孩,亲属,亲属,55,1,1,1,1,李敖有话说(1),爸爸、妈妈
那相声,亲属,亲属,55,1,1,1,1,李敖有话说(1),母亲、弟弟、太太
都拒绝,媒体,媒体,55,1,1,1,1,李敖有话说(1),访问、太太、记者、报导
都有独,司法人员,司法人员,55,1,1,1,1,李敖有话说(1),法官、检察官、总统、委员、像
陈仪带,政治人物,政治人物,55,1,1,1,1,李敖有话说(1),保安处、总统、主席、部长、参谋
任何客,看守戒护,看守戒护,54,2,1,1,2,李敖有话说(2),见、接见
华兹华斯,诗文出处 / 历史类比引用 / 神交引用,诗文出处,54,2,2,1,1,李敖有话说(2),诗
家建议,师生,师生,54,2,1,1,2,李敖有话说(2),老师、古代
李杰干,政治人物,政治人物,54,2,1,1,2,李敖有话说(2),法院、委员、部长、所谓
李贺,诗文出处 / 文艺音乐 / 历史类比引用 / 神交引用,诗文出处,54,2,2,1,1,李敖有话说(2),诗
查慎行,学术 / 出版 / 神交引用,学术,54,2,2,1,1,李敖有话说(2),诗、像
米开朗琪罗,文艺音乐 / 历史类比引用 / 神交引用,文艺音乐,54,2,2,1,2,李敖有话说(2),像
苏联领,监狱行政,监狱行政,54,2,1,1,2,李敖有话说(2),秘书、总统、政治
詹姆士,学术 / 科学家 / 历史类比引用 / 神交引用,学术,54,2,2,1,1,李敖有话说(2),所谓
贾似道,政治人物 / 公职人员 / 文艺音乐 / 历史类比引用 / 神交引用,政治人物,54,2,2,1,2,李敖有话说(2),历史上
赖国洲,媒体 / 学术 / 公职人员 / 公共论战,媒体,54,2,2,1,1,李敖有话说(2),主义
通航,公共论战,公共论战,54,2,1,1,2,李敖有话说(2),政府、国民党、民进党、共产党
陆九渊,学术 / 诗文出处 / 历史类比引用 / 神交引用,学术,54,2,2,1,1,李敖有话说(2),读
马偕,医疗照护 / 宗教人物 / 神交引用,医疗照护,54,2,2,1,1,李敖有话说(2),所谓
万物背,师生,师生,54,1,1,1,1,李敖有话说(1),教授、同学
东坡作,姻亲,姻亲,54,1,1,1,1,李敖有话说(1),妻、诗
东骂西,姻亲,姻亲,54,1,1,1,1,李敖有话说(1),夫人、书店、诗
严林蒨,师生,师生,54,1,1,1,1,李敖有话说(1),师母、支票、女士
习当立,师生,师生,54,1,1,1,1,李敖有话说(1),见、助理、序、法院、委员、立委
于干扰,学术行政,学术行政,54,1,1,1,1,李敖有话说(1),大学、院长
从德国,亲属,亲属,54,1,1,1,1,李敖有话说(1),女儿、总统、像
伽利略,科学家 / 政治异议者 / 历史类比引用 / 神交引用,科学家,54,1,1,1,1,李敖有话说(1),像
何鹰家,看守戒护,看守戒护,54,1,1,1,1,李敖有话说(1),同事、课员、政府
侯选人,亲属,亲属,54,1,1,1,1,李敖有话说(1),妈妈、总统、民进党
党务顾,党务宣传,党务宣传,54,1,1,1,1,李敖有话说(1),国民党、党务
党喔,师生,师生,54,1,1,1,1,李敖有话说(1),教授、立委、民进党、政治
党部侵,财产债务,财产债务,54,1,1,1,1,李敖有话说(1),财产、出版、政府、党部
全班说,师生,师生,54,1,1,1,1,李敖有话说(1),老师、大学、台大、文学
全花掉,师生,师生,54,1,1,1,1,李敖有话说(1),助理、委员
全部功,政治人物,政治人物,54,1,1,1,1,李敖有话说(1),委员、选举
刘全生,律师代理,律师代理,54,1,1,1,1,李敖有话说(1),大学、代理、秘书、委员
刘真先,见面,见面,54,1,1,1,1,李敖有话说(1),见、访问、大学、总统
别人偶,同案狱友,同案狱友,54,1,1,1,1,李敖有话说(1),一起、军法、像
别人公,情感,情感,54,1,1,1,1,李敖有话说(1),情人
别人口,政治人物,政治人物,54,1,1,1,1,李敖有话说(1),总统、政府
别人最,财产债务,财产债务,54,1,1,1,1,李敖有话说(1),土地
别人立,师生,师生,54,1,1,1,1,李敖有话说(1),学生、大学、像
别演唱,监狱行政,监狱行政,54,1,1,1,1,李敖有话说(1),一起、秘书
包括曾,政治人物,政治人物,54,1,1,1,1,李敖有话说(1),主席、政府
包括杜,亲属,亲属,54,1,1,1,1,李敖有话说(1),妈妈、太太、将军
卢国贤,师生,师生,54,1,1,1,1,李敖有话说(1),教授、台大
古建筑,学术行政,学术行政,54,1,1,1,1,李敖有话说(1),院长
叶玉甫,通信,通信,54,1,1,1,1,李敖有话说(1),电报
向卡斯,见面,见面,54,1,1,1,1,李敖有话说(1),见、见到、对我说、主席、书里、像
向当道,通信,通信,54,1,1,1,1,李敖有话说(1),写信、学生、妻
向政治,学术,学术,54,1,1,1,1,李敖有话说(1),研究、学术、中央研究院、委员、政治、所谓
向王太,姻亲,姻亲,54,1,1,1,1,李敖有话说(1),夫人
吕俊宏,师生,师生,54,1,1,1,1,李敖有话说(1),教授
吴建春,师生,师生,54,1,1,1,1,李敖有话说(1),教授
吴树立,司法人员 / 诉讼 / 公共论战,司法人员,54,1,1,1,1,李敖有话说(1),院长、法官、法院、判决
吴焕章,朋友 / 见面,朋友,54,1,1,1,1,李敖有话说(1),爸爸、主席、国民党、先生
周英,军事人物,军事人物,54,1,1,1,1,李敖有话说(1),上校、少将
和主任,师生,师生,54,1,1,1,1,李敖有话说(1),教授、同学、像
唐飞说,学术行政,学术行政,54,1,1,1,1,李敖有话说(1),院长、部长、想象力
国人道,军事人物,军事人物,54,1,1,1,1,李敖有话说(1),上校、司令
国会捏,学术行政,学术行政,54,1,1,1,1,李敖有话说(1),院长、总统
国务副,姻亲,姻亲,54,1,1,1,1,李敖有话说(1),朋友、太太、院长、代理、市长、民进党
国家祈,姻亲,姻亲,54,1,1,1,1,李敖有话说(1),妻、电视
国焘,姻亲,姻亲,54,1,1,1,1,李敖有话说(1),请他、太太
国焘走,亲属,亲属,54,1,1,1,1,李敖有话说(1),儿子、太太、共产党
国特又,司法人员,司法人员,54,1,1,1,1,李敖有话说(1),法官、判决、军法、国民党、共产党
国王讲,律师代理,律师代理,54,1,1,1,1,李敖有话说(1),朋友、律师
国穷老,姻亲,姻亲,54,1,1,1,1,李敖有话说(1),太太、总统
国立交,律师代理,律师代理,54,1,1,1,1,李敖有话说(1),大学、代理、秘书
国际护,财产债务,财产债务,54,1,1,1,1,李敖有话说(1),支票、电视
夏铸九,师生,师生,54,1,1,1,1,李敖有话说(1),找我、教授、送我、问我、大学
孔子才,师生,师生,54,1,1,1,1,李敖有话说(1),教授、大学、读
孔融儿,亲属,亲属,54,1,1,1,1,李敖有话说(1),儿子
孙子思,学术行政,学术行政,54,1,1,1,1,李敖有话说(1),事务、诗
孙武根,学术,学术,54,1,1,1,1,李敖有话说(1),学者、大学
孙陵老,党务宣传,党务宣传,54,1,1,1,1,李敖有话说(1),国民党、查禁、作家
孟庆发,司法人员,司法人员,54,1,1,1,1,李敖有话说(1),审判长、判决
安妇老,姻亲,姻亲,54,1,1,1,1,李敖有话说(1),太太、情人、像
宗道歉,政治人物,政治人物,54,1,1,1,1,李敖有话说(1),总统、部长
宣布判,司法人员,司法人员,54,1,1,1,1,李敖有话说(1),法官、判决、军法
宣称要,师生,师生,54,1,1,1,1,李敖有话说(1),见、助理、序、法院、委员、立委
家秀才,师生,师生,54,1,1,1,1,李敖有话说(1),碰到、教授、博士、主席
家要抢,亲属,亲属,54,1,1,1,1,李敖有话说(1),儿子、总统、国民党、所谓
家角力,学术行政,学术行政,54,1,1,1,1,李敖有话说(1),碰到、院长、法院、国民党、民进党、所谓
富邦财,见面,见面,54,1,1,1,1,李敖有话说(1),见、见面
尚无违,媒体,媒体,54,1,1,1,1,李敖有话说(1),记者、采访、法庭
居五十,证人见证,证人见证,54,1,1,1,1,李敖有话说(1),见、见证、证人、国民党、政治
居牙医,亲属,亲属,54,1,1,1,1,李敖有话说(1),妈妈、太太
师母吵,师生,师生,54,1,1,1,1,李敖有话说(1),一起、师母、朋友
师范当,师生,师生,54,1,1,1,1,李敖有话说(1),认识、学生、主席
席赶走,亲属,亲属,54,1,1,1,1,李敖有话说(1),家里、主席、国民党、所谓
常例,司法人员,司法人员,54,1,1,1,1,李敖有话说(1),见、报纸、法官、判决
常识之,情感,情感,54,1,1,1,1,李敖有话说(1),情人
干到八,师生,师生,54,1,1,1,1,李敖有话说(1),教授、大学
干垮,学术,学术,54,1,1,1,1,李敖有话说(1),大学、北大、国民党
干预,律师代理,律师代理,54,1,1,1,1,李敖有话说(1),辩护、批评
廖正豪,司法人员 / 公职人员 / 政治人物 / 公共论战,司法人员,54,1,1,1,1,李敖有话说(1),法务部、部长
张伯母,亲属,亲属,54,1,1,1,1,李敖有话说(1),朋友、妈妈、将军
张哲琛,监狱行政,监狱行政,54,1,1,1,1,李敖有话说(1),秘书、委员、国民党
张彤禾,媒体,媒体,54,1,1,1,1,李敖有话说(1),记者、报导
张慰慈,学术 / 诗文出处 / 神交引用,学术,54,1,1,1,1,李敖有话说(1),教授、朋友、大学
张承宗,师生,师生,54,1,1,1,1,李敖有话说(1),一起、老师
张斌,医疗照护 / 学术,医疗照护,54,1,1,1,1,李敖有话说(1),同学、儿子、大学
张群说,监狱行政,监狱行政,54,1,1,1,1,李敖有话说(1),秘书、总统
强占主,政治人物,政治人物,54,1,1,1,1,李敖有话说(1),见、主席、委员、国民党、民进党
强盗碰,亲属,亲属,54,1,1,1,1,李敖有话说(1),家里
彭胜竹,军事人物,军事人物,54,1,1,1,1,李敖有话说(1),拜访、法院、中将、参谋
徐遐生,律师代理,律师代理,54,1,1,1,1,李敖有话说(1),大学、代理、秘书
成叛国,司法人员,司法人员,54,1,1,1,1,李敖有话说(1),法官、总统
房间牢,见面,见面,54,1,1,1,1,李敖有话说(1),陪他、一起、委员
方冷笑,刑求人员,刑求人员,54,1,1,1,1,李敖有话说(1),调查局
时医生,刑求受害,刑求受害,54,1,1,1,1,李敖有话说(1),刑求
时发炮,军事人物,军事人物,54,1,1,1,1,李敖有话说(1),将军、司令、国民党
时引证,师生,师生,54,1,1,1,1,李敖有话说(1),见、教授
时看看,姻亲,姻亲,54,1,1,1,1,李敖有话说(1),夫人、诗
昌出来,学术行政,学术行政,54,1,1,1,1,李敖有话说(1),院长、总统、警察、所谓
明天另,师生,师生,54,1,1,1,1,李敖有话说(1),见、教授、大学、政府
明鉴,政治人物,政治人物,54,1,1,1,1,李敖有话说(1),节目、法院、委员、政府、读
晏子求,亲属,亲属,54,1,1,1,1,李敖有话说(1),碰到、爸爸
晏子讲,亲属,亲属,54,1,1,1,1,李敖有话说(1),爸爸、政治
晏子说,亲属,亲属,54,1,1,1,1,李敖有话说(1),爸爸
暨战略,学术行政,学术行政,54,1,1,1,1,李敖有话说(1),研究、中央研究院、总统、委员
曲报告,政治人物,政治人物,54,1,1,1,1,李敖有话说(1),委员、党部、国民党、攻击
曹操发,情感,情感,54,1,1,1,1,李敖有话说(1),恋爱、像
曹魏,亲属,亲属,54,1,1,1,1,李敖有话说(1),儿子
朱介凡,出版,出版,54,1,1,1,1,李敖有话说(1),杂志、文星、中将、国民党、政治
朱德写,通信,通信,54,1,1,1,1,李敖有话说(1),电报、司令、国民党
朱立民,学术,学术,54,1,1,1,1,李敖有话说(1),大学、台大、院长、文学、像
权解释,司法人员,司法人员,54,1,1,1,1,李敖有话说(1),法官、判决
李云龙,亲属,亲属,54,1,1,1,1,李敖有话说(1),儿子、政府、先生
李天羽,军事人物 / 政治人物 / 见面,军事人物,54,1,1,1,1,李敖有话说(1),法院、部长、司令、参谋
李永平,政治人物,政治人物,54,1,1,1,1,李敖有话说(1),委员、选举
李陵辩,律师代理,律师代理,54,1,1,1,1,李敖有话说(1),辩护
杜致义,亲属,亲属,54,1,1,1,1,李敖有话说(1),妈妈、太太、总统、政府、先生
杨丰卿,司法人员 / 诉讼,司法人员,54,1,1,1,1,李敖有话说(1),院长、法官、法院、判决
杨力行,司法人员 / 诉讼,司法人员,54,1,1,1,1,李敖有话说(1),院长、法官、法院、判决、宣传
林彪有,姻亲,姻亲,54,1,1,1,1,李敖有话说(1),见、夫人
林振国,政治人物 / 通信,政治人物,54,1,1,1,1,李敖有话说(1),写信、部长
林肯丑,通信,通信,54,1,1,1,1,李敖有话说(1),写信、像
林肯很,监狱行政,监狱行政,54,1,1,1,1,李敖有话说(1),秘书、总统、政府
查分析,司法人员,司法人员,54,1,1,1,1,李敖有话说(1),研究、检察官、法院、所谓
柴红,司法人员,司法人员,54,1,1,1,1,李敖有话说(1),审判长、判决
梁院长,学术行政,学术行政,54,1,1,1,1,李敖有话说(1),院长
梅讲,师生,师生,54,1,1,1,1,李敖有话说(1),找我、教授、问我、大学
水桶传,师生,师生,54,1,1,1,1,李敖有话说(1),学生、总统
温振源,师生,师生,54,1,1,1,1,李敖有话说(1),教授、台大
满声浪,监狱行政,监狱行政,54,1,1,1,1,李敖有话说(1),秘书、主席
满心期,师生,师生,54,1,1,1,1,李敖有话说(1),教授、北大、批评
牛来玩,师生,师生,54,1,1,1,1,李敖有话说(1),学生、杂志
王家骅,证人见证 / 诉讼,证人见证,54,1,1,1,1,李敖有话说(1),秘书、总统
王惕吾,媒体 / 出版 / 财产债务 / 公共论战,媒体,54,1,1,1,1,李敖有话说(1),报纸、上校、中将、像
皮子,学术行政,学术行政,54,1,1,1,1,李敖有话说(1),本院、律师、部长
盛举,师生,师生,54,1,1,1,1,李敖有话说(1),教授、大学
程潜,军事人物 / 政治人物 / 选举助选 / 公共论战 / 历史类比引用,军事人物,54,1,1,1,1,李敖有话说(1),太太、国民党、共产党
程潜选,亲属,亲属,54,1,1,1,1,李敖有话说(1),儿子、序、总统
第五场,亲属,亲属,54,1,1,1,1,李敖有话说(1),见、母亲
简历,政治人物,政治人物,54,1,1,1,1,李敖有话说(1),委员、部长、像
纪昌,师生,师生,54,1,1,1,1,李敖有话说(1),教授、北大
纪纲,学术行政,学术行政,54,1,1,1,1,李敖有话说(1),院长
经国夫,姻亲,姻亲,54,1,1,1,1,李敖有话说(1),夫人、研究、中央研究院、像
罗勃泰,亲属,亲属,54,1,1,1,1,李敖有话说(1),爸爸
翁林澄,学术,学术,54,1,1,1,1,李敖有话说(1),碰到、博士、大学、总干事、法院、先生
胡春惠,师生,师生,54,1,1,1,1,李敖有话说(1),教授、研究、中央研究院、所长
胡森田,司法人员 / 诉讼,司法人员,54,1,1,1,1,李敖有话说(1),院长、法官、法院、判决、宣传
胡适代,律师代理,律师代理,54,1,1,1,1,李敖有话说(1),交情、大学、代理
能改观,政治人物,政治人物,54,1,1,1,1,李敖有话说(1),法院、主席、委员、国民党、所谓
能辞职,学术行政,学术行政,54,1,1,1,1,李敖有话说(1),院长、总统、所谓
苏州相,师生,师生,54,1,1,1,1,李敖有话说(1),师母
苏联关,亲属,亲属,54,1,1,1,1,李敖有话说(1),朋友、弟弟、国民党
苏起还,媒体,媒体,54,1,1,1,1,李敖有话说(1),同仁、节目、电视、法院
荣版公,律师代理,律师代理,54,1,1,1,1,李敖有话说(1),见、辩护、立委、民进党
蒋公偕,姻亲,姻亲,54,1,1,1,1,李敖有话说(1),夫人
蓝灯出,出版,出版,54,1,1,1,1,李敖有话说(1),出版社、出版、政府、查禁
融危机,通信,通信,54,1,1,1,1,李敖有话说(1),电话、部长
许出版,通信,通信,54,1,1,1,1,李敖有话说(1),回信、出版、将军
许增男,司法人员 / 诉讼,司法人员,54,1,1,1,1,李敖有话说(1),院长、法官、法院、判决、宣传
许表决,政治人物,政治人物,54,1,1,1,1,李敖有话说(1),主席、委员、国民党、民进党
谢松苍,师生,师生,54,1,1,1,1,李敖有话说(1),教授
谢正勇,师生,师生,54,1,1,1,1,李敖有话说(1),教授、台大
谢谢三,学术行政,学术行政,54,1,1,1,1,李敖有话说(1),告诉我、院长、委员
赖蒋公,政治人物,政治人物,54,1,1,1,1,李敖有话说(1),总统、部长
赵良燕,政治人物 / 公共论战,政治人物,54,1,1,1,1,李敖有话说(1),委员、部长
连宋阵,见面,见面,54,1,1,1,1,李敖有话说(1),见、见面、政治
连战压,亲属,亲属,54,1,1,1,1,李敖有话说(1),家里
连战同,证人见证,证人见证,54,1,1,1,1,李敖有话说(1),见、见证、证人、国民党、政治
连战并,见面,见面,54,1,1,1,1,李敖有话说(1),认识、一起、总统、选举、民进党、所谓
连战支,通信,通信,54,1,1,1,1,李敖有话说(1),致函、主席、委员、国民党、民进党、军购
连爆炸,亲属,亲属,54,1,1,1,1,李敖有话说(1),儿子、特务
那么开,政治人物,政治人物,54,1,1,1,1,李敖有话说(1),主席、委员、政治、所谓
那么阔,亲属,亲属,54,1,1,1,1,李敖有话说(1),交情、儿子、将军
那很难,姻亲,姻亲,54,1,1,1,1,李敖有话说(1),问我、太太
那王太,亲属,亲属,54,1,1,1,1,李敖有话说(1),儿子、夫人
那种头,师生,师生,54,1,1,1,1,李敖有话说(1),教授、研究、大学、中央研究院、节目
那种打,党务宣传,党务宣传,54,1,1,1,1,李敖有话说(1),部长、国民党、宣传
那钱行,师生,师生,54,1,1,1,1,李敖有话说(1),老师、儿子、先生
郑彦棻,司法人员 / 公职人员 / 政治人物 / 党务宣传 / 选举助选 / 监狱行政 / 公共论战 / 历史类比引用,司法人员,54,1,1,1,1,李敖有话说(1),学生、父亲、大学、秘书、总统、部长、共产党
郑清茂,创作资料协助 / 学术 / 出版,创作资料协助,54,1,1,1,1,李敖有话说(1),教授、弟弟、太太、台大、院长、法院
郑邦镇,学术 / 政治人物 / 选举助选 / 公共论战,学术,54,1,1,1,1,李敖有话说(1),教授
郑部长,学术行政,学术行政,54,1,1,1,1,李敖有话说(1),院长、检察长、法务部、法院、部长、国民党
郭重吉,律师代理,律师代理,54,1,1,1,1,李敖有话说(1),大学、代理、秘书、委员
都口口,师生,师生,54,1,1,1,1,李敖有话说(1),教授、总统
金校长,师生,师生,54,1,1,1,1,李敖有话说(1),老师、父亲
金溥聪,政治人物 / 见面 / 公共论战,政治人物,54,1,1,1,1,李敖有话说(1),见、请我、市长
金耀基,师生,师生,54,1,1,1,1,李敖有话说(1),教授、大学
金花老,师生,师生,54,1,1,1,1,李敖有话说(1),教授、告诉我、太太、大学、历史上
钱付卡,公款经费,公款经费,54,1,1,1,1,李敖有话说(1),经费、国民党
钱穆认,师生,师生,54,1,1,1,1,李敖有话说(1),认识、学生
钱穆讲,见面,见面,54,1,1,1,1,李敖有话说(1),见、见面、总统、所谓
钱贿选,司法人员,司法人员,54,1,1,1,1,李敖有话说(1),检察官、委员、选举
闻闻看,师生,师生,54,1,1,1,1,李敖有话说(1),学生、大学、共产党
阎孟华,亲属,亲属,54,1,1,1,1,李敖有话说(1),父亲、太太、委员
陆启功,亲属,亲属,54,1,1,1,1,李敖有话说(1),女儿、像、先生
陈冲,政治人物,政治人物,54,1,1,1,1,李敖有话说(1),写信、部长
陈彦增,同学 / 朋友 / 见面 / 通信 / 证人见证 / 出版 / 公共论战,同学,54,1,1,1,1,李敖有话说(1),律师
陈涵,司法人员 / 诉讼 / 公共论战,司法人员,54,1,1,1,1,李敖有话说(1),检察官、法院
陈诚听,财产债务,财产债务,54,1,1,1,1,李敖有话说(1),财产
陈诚讲,见面,见面,54,1,1,1,1,李敖有话说(1),见、见到、院长、记者、法院、总统、国民党
陈金英,亲属,亲属,54,1,1,1,1,李敖有话说(1),一起、妈妈、情书、总统、女士
陈阿姨,亲属,亲属,54,1,1,1,1,李敖有话说(1),一起、女儿
陶委员,政治人物,政治人物,54,1,1,1,1,李敖有话说(1),见、总统、委员、警备总部、所谓
雷登,师生,师生,54,1,1,1,1,李敖有话说(1),一起、老师、大学
雷震辩,律师代理,律师代理,54,1,1,1,1,李敖有话说(1),送我、辩护、政府、国民党、像
颜回言,师生,师生,54,1,1,1,1,李敖有话说(1),见、教授、大学
高职位,师生,师生,54,1,1,1,1,李敖有话说(1),学生、总统
魏火耀,学术行政,学术行政,54,1,1,1,1,李敖有话说(1),台大、院长
鲁迅捧,师生,师生,54,1,1,1,1,李敖有话说(1),教授、大学、台大
鲁迅立,亲属,亲属,54,1,1,1,1,李敖有话说(1),哥哥、思想、所谓、像
鲁迅辩,律师代理,律师代理,54,1,1,1,1,李敖有话说(1),辩护
黄郛看,通信,通信,54,1,1,1,1,李敖有话说(1),电报
黄阿厚,财产债务,财产债务,54,1,1,1,1,李敖有话说(1),支票、女士
东说西,媒体,媒体,53,2,1,1,2,李敖有话说(2),电视
从西安,政治人物,政治人物,53,2,1,1,2,李敖有话说(2),主席、国民党、政治
和战略,公共论战,公共论战,53,2,1,1,2,李敖有话说(2),国民党、共产党
时拿出,媒体,媒体,53,2,1,1,2,李敖有话说(2),节目
时推出,见面,见面,53,2,1,1,2,李敖有话说(2),一起
时陈水,政治人物,政治人物,53,2,1,1,2,李敖有话说(2),选举、所谓
李四骂,见面,见面,53,2,1,1,2,李敖有话说(2),见
甘地所,见面,见面,53,2,1,1,2,李敖有话说(2),一起、朋友
甘肃,政治人物,政治人物,53,2,1,1,1,李敖有话说(2),政府
能算,政治人物,政治人物,53,2,1,1,2,李敖有话说(2),总统
蔡璧煌,政治人物,政治人物,53,2,1,1,1,李敖有话说(2),主席、国民党
越南来,政治人物,政治人物,53,2,1,1,2,李敖有话说(2),部长
邵氏公,见面,见面,53,2,1,1,1,李敖有话说(2),认识、导演
郑所南,学术 / 出版 / 神交引用,学术,53,2,2,1,1,李敖有话说(2),古人、像
陆分离,媒体,媒体,53,2,1,1,2,李敖有话说(2),记者、部长、台独
陈得星,见面,见面,53,2,1,1,2,李敖有话说(2),见、先生
龙头住,见面,见面,53,2,1,1,2,李敖有话说(2),一起、朋友
万才,政治人物,政治人物,53,1,1,1,1,李敖有话说(1),部长、将军
万计算,政治人物,政治人物,53,1,1,1,1,李敖有话说(1),主席、国民党
严受损,学术,学术,53,1,1,1,1,李敖有话说(1),大学、部长
严重缺,诉讼,诉讼,53,1,1,1,1,李敖有话说(1),法院、委员、所谓
丰厚,政治人物,政治人物,53,1,1,1,1,李敖有话说(1),总统
习人员,见面,见面,53,1,1,1,1,李敖有话说(1),见
于九十,媒体,媒体,53,1,1,1,1,李敖有话说(1),记者、委员
于澳洲,政治人物,政治人物,53,1,1,1,1,李敖有话说(1),委员
于盘踞,政治人物,政治人物,53,1,1,1,1,李敖有话说(1),总统、共产党
从共产,政治人物,政治人物,53,1,1,1,1,李敖有话说(1),部长、共产党
从好比,见面,见面,53,1,1,1,1,李敖有话说(1),一起
从来急,政治人物,政治人物,53,1,1,1,1,李敖有话说(1),主席
从梅乐,见面,见面,53,1,1,1,1,李敖有话说(1),见、特务、将军
从罗斯,政治人物,政治人物,53,1,1,1,1,李敖有话说(1),总统
何振梁,政治人物,政治人物,53,1,1,1,1,李敖有话说(1),委员
侯世家,政治人物,政治人物,53,1,1,1,1,李敖有话说(1),主席
全部目,见面,见面,53,1,1,1,1,李敖有话说(1),见、台独
公事有,诉讼,诉讼,53,1,1,1,1,李敖有话说(1),法院
公文呈,政治人物,政治人物,53,1,1,1,1,李敖有话说(1),总统
关到警,情治警务,情治警务,53,1,1,1,1,李敖有话说(1),警察、像
关心慰,政治人物,政治人物,53,1,1,1,1,李敖有话说(1),政府
关李敖,学术,学术,53,1,1,1,1,李敖有话说(1),北大、先生
凤山,军事人物,军事人物,53,1,1,1,1,李敖有话说(1),将军、像
刘兆玄,学术 / 政治人物 / 公职人员 / 公共论战,学术,53,1,1,1,1,李敖有话说(1),大学、诗
利文斯,政治人物,政治人物,53,1,1,1,1,李敖有话说(1),总统
利背信,见面,见面,53,1,1,1,1,李敖有话说(1),见
别人撞,见面,见面,53,1,1,1,1,李敖有话说(1),一起、报纸、电视
别人约,政治人物,政治人物,53,1,1,1,1,李敖有话说(1),总统、所谓
别人美,军事人物,军事人物,53,1,1,1,1,李敖有话说(1),师长、国民党、像
别人质,见面,见面,53,1,1,1,1,李敖有话说(1),到我家、朋友
别人选,学术,学术,53,1,1,1,1,李敖有话说(1),大学、封杀、像
包括审,学术,学术,53,1,1,1,1,李敖有话说(1),研究
包钱,学术,学术,53,1,1,1,1,李敖有话说(1),北大
单独发,政治人物,政治人物,53,1,1,1,1,李敖有话说(1),主席、像
印度驻,政治人物,政治人物,53,1,1,1,1,李敖有话说(1),部长、像
台电公,朋友,朋友,53,1,1,1,1,李敖有话说(1),朋友、告诉我、委员
史料重,见面,见面,53,1,1,1,1,李敖有话说(1),一起
向全国,政治人物,政治人物,53,1,1,1,1,李敖有话说(1),总统、国民党
吴健雄,神交引用 / 科学家,神交引用,53,1,1,1,1,李敖有话说(1),委员
吴育升,政治人物,政治人物,53,1,1,1,1,李敖有话说(1),委员、所谓
周谷城,政治人物,政治人物,53,1,1,1,1,李敖有话说(1),主席
周锡玮,政治人物 / 媒体 / 公共论战,政治人物,53,1,1,1,1,李敖有话说(1),委员
和地说,政治人物,政治人物,53,1,1,1,1,李敖有话说(1),主席、说过
和平人,政治人物,政治人物,53,1,1,1,1,李敖有话说(1),总统
和平恢,学术,学术,53,1,1,1,1,李敖有话说(1),研究、总统
和记录,见面,见面,53,1,1,1,1,李敖有话说(1),见、法院、总统
国信守,政治人物,政治人物,53,1,1,1,1,李敖有话说(1),总统
国军歌,军事人物,军事人物,53,1,1,1,1,李敖有话说(1),将军、像
国库来,编辑,编辑,53,1,1,1,1,李敖有话说(1),发行、政府、警察、国民党
国签,政治人物,政治人物,53,1,1,1,1,李敖有话说(1),总统
国表态,政治人物,政治人物,53,1,1,1,1,李敖有话说(1),部长
国际级,政治人物,政治人物,53,1,1,1,1,李敖有话说(1),总统
安保,政治人物,政治人物,53,1,1,1,1,李敖有话说(1),部长、军购
安息,军事人物,军事人物,53,1,1,1,1,李敖有话说(1),将军
家乡父,见面,见面,53,1,1,1,1,李敖有话说(1),一起、说过
尚包围,媒体,媒体,53,1,1,1,1,李敖有话说(1),节目
尚尼姑,媒体,媒体,53,1,1,1,1,李敖有话说(1),节目
尹常两,见面,见面,53,1,1,1,1,李敖有话说(1),一起
山札基,出版,出版,53,1,1,1,1,李敖有话说(1),文星、部长
干部点,军事人物,军事人物,53,1,1,1,1,李敖有话说(1),将军
平奖委,政治人物,政治人物,53,1,1,1,1,李敖有话说(1),委员、政治
平奖授,政治人物,政治人物,53,1,1,1,1,李敖有话说(1),委员、政治
平解决,见面,见面,53,1,1,1,1,李敖有话说(1),一起、政府
廖学广,见面,见面,53,1,1,1,1,李敖有话说(1),见、委员、国民党
张三堆,神交引用,神交引用,53,1,1,1,1,李敖有话说(1),古代、古人、诗、像
张三祝,政治人物,政治人物,53,1,1,1,1,李敖有话说(1),委员
张公汉,出版,出版,53,1,1,1,1,李敖有话说(1),序、将军
张立夫,见面,见面,53,1,1,1,1,李敖有话说(1),一起、少将
张群同,同学,同学,53,1,1,1,1,李敖有话说(1),同班
张讲,政治人物,政治人物,53,1,1,1,1,李敖有话说(1),主席
彭仁敏,见面,见面,53,1,1,1,1,李敖有话说(1),请我、台独
戴名世,出版,出版,53,1,1,1,1,李敖有话说(1),序、学者
戴笠熟,见面,见面,53,1,1,1,1,李敖有话说(1),见
支援国,公共论战,公共论战,53,1,1,1,1,李敖有话说(1),共产党、军购
支烟,政治人物,政治人物,53,1,1,1,1,李敖有话说(1),主席、将军
文件写,政治人物,政治人物,53,1,1,1,1,李敖有话说(1),部长
文回忆,见面,见面,53,1,1,1,1,李敖有话说(1),见、书店
文杞,政治人物,政治人物,53,1,1,1,1,李敖有话说(1),主席
时出示,政治人物,政治人物,53,1,1,1,1,李敖有话说(1),朋友、总统
时又承,见面,见面,53,1,1,1,1,李敖有话说(1),访问
时反问,媒体,媒体,53,1,1,1,1,李敖有话说(1),记者
时听听,同事,同事,53,1,1,1,1,李敖有话说(1),同事、政府、文学
时期组,政治人物,政治人物,53,1,1,1,1,李敖有话说(1),党部、国民党
时登出,公共论战,公共论战,53,1,1,1,1,李敖有话说(1),国民党、军购
时禁止,出版,出版,53,1,1,1,1,李敖有话说(1),出版、政治、书里、诗
时蒋宋,政治人物,政治人物,53,1,1,1,1,李敖有话说(1),委员
时西北,政治人物,政治人物,53,1,1,1,1,李敖有话说(1),委员、像
时要派,政治人物,政治人物,53,1,1,1,1,李敖有话说(1),市长、警察
时还原,政治人物,政治人物,53,1,1,1,1,李敖有话说(1),政府
明光,政治人物,政治人物,53,1,1,1,1,李敖有话说(1),部长
曹冲用,见面,见面,53,1,1,1,1,李敖有话说(1),一起
曹操争,学术,学术,53,1,1,1,1,李敖有话说(1),台大、书里
朱德讲,政治人物,政治人物,53,1,1,1,1,李敖有话说(1),主席、司令、共产党、主义
权力人,学术,学术,53,1,1,1,1,李敖有话说(1),学者、政府、主义
权蒙混,政治人物,政治人物,53,1,1,1,1,李敖有话说(1),委员
李四活,见面,见面,53,1,1,1,1,李敖有话说(1),一起
李四红,政治人物,政治人物,53,1,1,1,1,李敖有话说(1),告诉我、选举、古代
李四能,政治人物,政治人物,53,1,1,1,1,李敖有话说(1),部长
李四证,政治人物,政治人物,53,1,1,1,1,李敖有话说(1),委员
李四跟,见面,见面,53,1,1,1,1,李敖有话说(1),一起
李海,政治人物,政治人物,53,1,1,1,1,李敖有话说(1),主席、参谋
杜威来,见面,见面,53,1,1,1,1,李敖有话说(1),访问、部长、国民党
束人,出版,出版,53,1,1,1,1,李敖有话说(1),序
束兵,军事人物,军事人物,53,1,1,1,1,李敖有话说(1),将军
杨老先,见面,见面,53,1,1,1,1,李敖有话说(1),碰到、像
杰克逊,政治人物 / 主剧情人物 / 小说剧本人物 / 历史类比引用,政治人物,53,1,1,1,1,李敖有话说(1),总统
林彪同,军事人物,军事人物,53,1,1,1,1,李敖有话说(1),将军
林肯讲,政治人物,政治人物,53,1,1,1,1,李敖有话说(1),总统、像
查业务,政治人物,政治人物,53,1,1,1,1,李敖有话说(1),委员
梁叫梁,政治人物,政治人物,53,1,1,1,1,李敖有话说(1),委员、民进党
欧洲古,见面,见面,53,1,1,1,1,李敖有话说(1),认识、古代
步之际,政治人物,政治人物,53,1,1,1,1,李敖有话说(1),委员
步来告,学术,学术,53,1,1,1,1,李敖有话说(1),跟我说、博士、总统
武穆,政治人物,政治人物,53,1,1,1,1,李敖有话说(1),委员
毛笔可,学术,学术,53,1,1,1,1,李敖有话说(1),研究
水肥分,学术,学术,53,1,1,1,1,李敖有话说(1),大学、法院、立委、批评
沙荡,媒体 / 公共论战,媒体,53,1,1,1,1,李敖有话说(1),问我、杂志、记者
洪秀柱,政治人物 / 公共论战,政治人物,53,1,1,1,1,李敖有话说(1),委员
牛顿齐,学术,学术,53,1,1,1,1,李敖有话说(1),研究
牧养,政治人物,政治人物,53,1,1,1,1,李敖有话说(1),委员、民进党
王兆国,军事人物,军事人物,53,1,1,1,1,李敖有话说(1),将军、先生
王壮弘,出版,出版,53,1,1,1,1,李敖有话说(1),出版、研究、先生
王纯碧,政治人物,政治人物,53,1,1,1,1,李敖有话说(1),委员
王长慧,政治人物,政治人物,53,1,1,1,1,李敖有话说(1),委员、女士
相争锋,军事人物,军事人物,53,1,1,1,1,李敖有话说(1),将军、像
祖国历,见面,见面,53,1,1,1,1,李敖有话说(1),一起
祖国合,见面,见面,53,1,1,1,1,李敖有话说(1),一起
祖国要,见面,见面,53,1,1,1,1,李敖有话说(1),一起
祖国连,见面,见面,53,1,1,1,1,李敖有话说(1),一起、历史上
祖国闹,政治人物,政治人物,53,1,1,1,1,李敖有话说(1),委员、主义、所谓
秦国皇,见面,见面,53,1,1,1,1,李敖有话说(1),见、朋友
程序违,见面,见面,53,1,1,1,1,李敖有话说(1),见、序、委员
管子写,学术,学术,53,1,1,1,1,李敖有话说(1),传记、政治、古人
管钱,诉讼,诉讼,53,1,1,1,1,李敖有话说(1),法院、委员、像
纪念状,政治人物,政治人物,53,1,1,1,1,李敖有话说(1),总统
经济财,诉讼,诉讼,53,1,1,1,1,李敖有话说(1),法院、委员
胡适透,媒体,媒体,53,1,1,1,1,李敖有话说(1),记者、总统
胡骑来,军事人物,军事人物,53,1,1,1,1,李敖有话说(1),将军
能够宏,政治人物,政治人物,53,1,1,1,1,李敖有话说(1),总统
能审查,出版,出版,53,1,1,1,1,李敖有话说(1),序、委员
能悛,政治人物,政治人物,53,1,1,1,1,李敖有话说(1),朋友、总统
苏俄缔,政治人物,政治人物,53,1,1,1,1,李敖有话说(1),政府
苏嘉全,政治人物 / 公共论战,政治人物,53,1,1,1,1,李敖有话说(1),部长、民进党
苏方谈,政治人物,政治人物,53,1,1,1,1,李敖有话说(1),政府、主义
苏联勾,公共论战,公共论战,53,1,1,1,1,李敖有话说(1),国民党、共产党、主义
苏联搞,政治人物,政治人物,53,1,1,1,1,李敖有话说(1),总统、台独、所谓
苏联比,政治人物,政治人物,53,1,1,1,1,李敖有话说(1),总统
苏联直,公共论战,公共论战,53,1,1,1,1,李敖有话说(1),国民党、共产党
苏联眉,见面,见面,53,1,1,1,1,李敖有话说(1),见、主义
苏联紧,政治人物,政治人物,53,1,1,1,1,李敖有话说(1),总统
苏联翻,公共论战,公共论战,53,1,1,1,1,李敖有话说(1),国民党、共产党、主义、所谓
苏联达,政治人物,政治人物,53,1,1,1,1,李敖有话说(1),政府
苏起能,政治人物,政治人物,53,1,1,1,1,李敖有话说(1),委员
蒙田玩,见面,见面,53,1,1,1,1,李敖有话说(1),一起、一起给
袁维春,出版,出版,53,1,1,1,1,李敖有话说(1),出版、研究、先生
解很普,见面,见面,53,1,1,1,1,李敖有话说(1),见、批评、像
诸君痛,见面,见面,53,1,1,1,1,李敖有话说(1),陪他
诸葛亮三,见面,见面,53,1,1,1,1,李敖有话说(1),拜访
赵世勋,出版,出版,53,1,1,1,1,李敖有话说(1),报纸、记者
越南领,政治人物,政治人物,53,1,1,1,1,李敖有话说(1),部长
连战勋,媒体,媒体,53,1,1,1,1,李敖有话说(1),节目
连战性,见面,见面,53,1,1,1,1,李敖有话说(1),见、朋友、导演
连战澄,公共论战,公共论战,53,1,1,1,1,李敖有话说(1),国民党、军购、说过
那何世,军事人物,军事人物,53,1,1,1,1,李敖有话说(1),将军
那流氓,出版,出版,53,1,1,1,1,李敖有话说(1),报纸
那理由,学术,学术,53,1,1,1,1,李敖有话说(1),大学、总统、所谓
那边保,诉讼,诉讼,53,1,1,1,1,李敖有话说(1),法院、总统、所谓
都举手,政治人物,政治人物,53,1,1,1,1,李敖有话说(1),委员
都受伤,政治人物,政治人物,53,1,1,1,1,李敖有话说(1),问我、部长、司令、国民党
都广开,政治人物,政治人物,53,1,1,1,1,李敖有话说(1),总统
都络绎,政治人物,政治人物,53,1,1,1,1,李敖有话说(1),主席、国民党
都肯割,军事人物,军事人物,53,1,1,1,1,李敖有话说(1),中将
金运昌,媒体,媒体,53,1,1,1,1,李敖有话说(1),记者、像、先生
钱支持,媒体,媒体,53,1,1,1,1,李敖有话说(1),电视、政府
钱穆找,政治人物,政治人物,53,1,1,1,1,李敖有话说(1),总统
闻有关,见面,见面,53,1,1,1,1,李敖有话说(1),见、节目、民进党
陈仪行,政治人物,政治人物,53,1,1,1,1,李敖有话说(1),主席、司令
陈诚用,见面,见面,53,1,1,1,1,李敖有话说(1),见、总统、司令、政治
韩愈问,政治人物,政治人物,53,1,1,1,1,李敖有话说(1),市长、诗
马祖磕,政治人物,政治人物,53,1,1,1,1,李敖有话说(1),部长
鲁迅恐,政治人物,政治人物,53,1,1,1,1,李敖有话说(1),跟我说、主席、说过
鲁迅现,政治人物,政治人物,53,1,1,1,1,李敖有话说(1),主席
鲁迅结,见面,见面,53,1,1,1,1,李敖有话说(1),一起、古代
黄埔没,媒体,媒体,53,1,1,1,1,李敖有话说(1),节目
齐国君,媒体,媒体,53,1,1,1,1,李敖有话说(1),节目
龙头核,见面,见面,53,1,1,1,1,李敖有话说(1),一起、像
劳莱,文艺音乐 / 历史类比引用 / 神交引用,文艺音乐,52,2,2,1,2,李敖有话说(2),所谓
宣统,政治人物 / 历史类比引用 / 神交引用,政治人物,52,2,2,1,2,李敖有话说(2),像
李镇源,科学家 / 医疗照护 / 学术 / 人权救援 / 公共论战,科学家,52,2,2,1,2,李敖有话说(2),像
刘经扶,公共论战,公共论战,52,1,1,1,1,李敖有话说(1),共产党、先生
台独人,公共论战,公共论战,52,1,1,1,1,李敖有话说(1),台独
台独讲,公共论战,公共论战,52,1,1,1,1,李敖有话说(1),台独
和平谈,公共论战,公共论战,52,1,1,1,1,李敖有话说(1),台独
宋嘉树,朋友,朋友,52,1,1,1,1,李敖有话说(1),朋友
山西政,公共论战,公共论战,52,1,1,1,1,李敖有话说(1),政治
左派妥,朋友,朋友,52,1,1,1,1,李敖有话说(1),告诉我、思想
平运动,公共论战,公共论战,52,1,1,1,1,李敖有话说(1),政治
张三投,公共论战,公共论战,52,1,1,1,1,李敖有话说(1),政治
成算命,公共论战,公共论战,52,1,1,1,1,李敖有话说(1),共产党、先生
时并立,公共论战,公共论战,52,1,1,1,1,李敖有话说(1),国民党
时有钱,公共论战,公共论战,52,1,1,1,1,李敖有话说(1),共产党
权威斗,公共论战,公共论战,52,1,1,1,1,李敖有话说(1),国民党
李四没,公共论战,公共论战,52,1,1,1,1,李敖有话说(1),政治
经济分,公共论战,公共论战,52,1,1,1,1,李敖有话说(1),政治
胡适很,公共论战,公共论战,52,1,1,1,1,李敖有话说(1),政治、思想、所谓
胡风说,朋友,朋友,52,1,1,1,1,李敖有话说(1),跟我说、像
舒密特,通信 / 神交引用,通信,52,1,1,1,1,李敖有话说(1),朋友、主义
苏联隔,公共论战,公共论战,52,1,1,1,1,李敖有话说(1),政治
谢谢别,公共论战,公共论战,52,1,1,1,1,李敖有话说(1),政治
赖岳忠,媒体 / 朋友 / 见面 / 医疗照护 / 创作资料协助,媒体,52,1,1,1,1,李敖有话说(1),朋友
鲁迅等,公共论战,公共论战,52,1,1,1,1,李敖有话说(1),批评
黄巢睡,朋友,朋友,52,1,1,1,1,李敖有话说(1),问我
黑格尔,学术 / 神交引用,学术,52,1,1,1,1,李敖有话说(1),
胡适重,神交引用,神交引用,51,2,1,1,2,李敖有话说(2),思想、所谓
班叫徐,神交引用,神交引用,51,1,1,1,1,李敖有话说(1),古代、像
蔡邕说,神交引用,神交引用,51,1,1,1,1,李敖有话说(1),书里、古人
鲁迅正,神交引用,神交引用,51,1,1,1,1,李敖有话说(1),思想、文学
俞棘,媒体 / 出版 / 公共论战,媒体,50,2,2,1,2,李敖有话说(2),
刘德华,文艺音乐 / 媒体 / 神交引用,文艺音乐,50,2,2,1,1,李敖有话说(2),
徐树铮,军事人物 / 政治人物 / 公共论战 / 历史类比引用 / 神交引用,军事人物,50,2,2,1,1,李敖有话说(2),
成吉思汗,军事人物 / 政治人物 / 历史类比引用 / 神交引用,军事人物,50,2,2,1,1,李敖有话说(2),
王莽,政治人物 / 公职人员 / 宗教人物 / 历史类比引用 / 神交引用,政治人物,50,2,2,1,2,李敖有话说(2),
珍妃,情感 / 政治人物 / 历史类比引用 / 神交引用,情感,50,2,2,1,1,李敖有话说(2),
田耕莘,宗教人物 / 政治人物 / 公共论战,宗教人物,50,2,2,1,1,李敖有话说(2),
秦叔宝,军事人物 / 神交引用,军事人物,50,2,2,1,1,李敖有话说(2),
蓝波,虚拟人物 / 媒体 / 神交引用,虚拟人物,50,2,2,1,1,李敖有话说(2),
褚遂良,公职人员 / 诗文出处 / 文艺音乐 / 历史类比引用 / 神交引用,公职人员,50,2,2,1,1,李敖有话说(2),
那种又,神交引用,神交引用,50,2,1,1,2,李敖有话说(2),像
那种疯,神交引用,神交引用,50,2,1,1,2,李敖有话说(2),文学
金简,公职人员 / 出版 / 历史类比引用 / 神交引用,公职人员,50,2,2,1,1,李敖有话说(2),
颜真卿,文艺音乐 / 诗文出处 / 公职人员 / 历史类比引用 / 神交引用,文艺音乐,50,2,2,1,1,李敖有话说(2),
万大鋐,诗文出处 / 情治警务 / 出版 / 历史类比引用,诗文出处,50,1,1,1,1,李敖有话说(1),诗、先生
刘邦拼,神交引用,神交引用,50,1,1,1,1,李敖有话说(1),古代
别人无,神交引用,神交引用,50,1,1,1,1,李敖有话说(1),思想
别式全,神交引用,神交引用,50,1,1,1,1,李敖有话说(1),所谓
却常常,神交引用,神交引用,50,1,1,1,1,李敖有话说(1),像
国同种,神交引用,神交引用,50,1,1,1,1,李敖有话说(1),诗
国际发,神交引用,神交引用,50,1,1,1,1,李敖有话说(1),主义
国际名,神交引用,神交引用,50,1,1,1,1,李敖有话说(1),文学
孔子先,神交引用,神交引用,50,1,1,1,1,李敖有话说(1),古代
张隆延,诗文出处 / 出版 / 文艺音乐,诗文出处,50,1,1,1,1,李敖有话说(1),诗
强盗拼,神交引用,神交引用,50,1,1,1,1,李敖有话说(1),像
时做恩,神交引用,神交引用,50,1,1,1,1,李敖有话说(1),主义
时单独,神交引用,神交引用,50,1,1,1,1,李敖有话说(1),像
时很卑,神交引用,神交引用,50,1,1,1,1,李敖有话说(1),说过
时经国,神交引用,神交引用,50,1,1,1,1,李敖有话说(1),所谓、先生
朱子所,神交引用,神交引用,50,1,1,1,1,李敖有话说(1),诗
束很强,神交引用,神交引用,50,1,1,1,1,李敖有话说(1),主义
满村听,神交引用,神交引用,50,1,1,1,1,李敖有话说(1),诗
胡适开,神交引用,神交引用,50,1,1,1,1,李敖有话说(1),所谓
连战授,神交引用,神交引用,50,1,1,1,1,李敖有话说(1),说过
郑曼青,文艺音乐 / 学术 / 历史类比引用,文艺音乐,50,1,1,1,1,李敖有话说(1),诗
余井塘,政治人物 / 公职人员 / 党务宣传 / 选举助选 / 历史类比引用,政治人物,49,1,1,1,1,李敖有话说(1),代理、主席、委员、政府
刘雨卿,军事人物 / 历史类比引用,军事人物,49,1,1,1,1,李敖有话说(1),主席、政府、司令、师长、参谋
勃朗宁,诗文出处 / 文艺音乐 / 历史类比引用 / 神交引用,诗文出处,49,1,1,1,1,李敖有话说(1),老师、学生、诗
周至柔,军事人物 / 政治人物 / 公共论战,军事人物,49,1,1,1,1,李敖有话说(1),院长、秘书、总统、部长、参谋、国民党、所谓
甘夫人,亲属 / 历史类比引用,亲属,49,1,1,1,1,李敖有话说(1),太太、夫人
田雨时,创作资料协助 / 证人见证 / 历史类比引用,创作资料协助,49,1,1,1,1,李敖有话说(1),学生、父亲、儿子、院长、秘书、总统、共产党
秦德纯,军事人物 / 政治人物 / 诗文出处 / 证人见证 / 历史类比引用,军事人物,49,1,1,1,1,李敖有话说(1),院长、部长、市长、国民党、政治、哲学
程天放,政治人物 / 学术行政 / 公共论战 / 历史类比引用,政治人物,49,1,1,1,1,李敖有话说(1),大学、秘书、总统、委员、部长、共产党、像
维纳斯,虚拟人物 / 宗教人物 / 情感 / 历史类比引用 / 神交引用,虚拟人物,49,1,1,1,1,李敖有话说(1),太太、离婚、像
蒋彦士,政治人物 / 公共论战,政治人物,49,1,1,1,1,李敖有话说(1),研究、中央研究院、院长
蒋芸,文艺音乐 / 创作资料协助 / 公共论战,文艺音乐,49,1,1,1,1,李敖有话说(1),母亲、妈妈
陈大革,见面 / 朋友 / 创作资料协助 / 亲属,见面,49,1,1,1,1,李敖有话说(1),请他、妈妈、妹妹
黄季陆,政治人物 / 学术行政 / 公共论战 / 神交引用,政治人物,49,1,1,1,1,李敖有话说(1),院长、秘书、总统、部长、参谋、国民党、所谓
丁邦新,学术 / 公共论战 / 创作资料协助,学术,48,1,1,1,1,李敖有话说(1),夫人、研究、中央研究院、像
于斌,宗教人物 / 学术行政 / 政治人物 / 公共论战,宗教人物,48,1,1,1,1,李敖有话说(1),学者、大学
俞国华,政治人物 / 公共论战,政治人物,48,1,1,1,1,李敖有话说(1),院长、总统
俞明震,公职人员 / 诉讼 / 公共论战 / 历史类比引用,公职人员,48,1,1,1,1,李敖有话说(1),母亲
刘建德,社会案件,社会案件,48,1,1,1,1,李敖有话说(1),陪他、一起、共产党
刘秋芳,政治人物 / 情治警务,政治人物,48,1,1,1,1,李敖有话说(1),女友、委员
卢森堡,政治人物 / 政治异议者 / 历史类比引用 / 神交引用,政治人物,48,1,1,1,1,李敖有话说(1),太太、判决、总统
卫仲道,婚姻相关 / 历史类比引用 / 神交引用,婚姻相关,48,1,1,1,1,李敖有话说(1),女儿、嫁给
司马昭,政治人物 / 军事人物 / 历史类比引用 / 神交引用,政治人物,48,1,1,1,1,李敖有话说(1),儿子
唐纵,情治警务 / 政治人物 / 公共论战,情治警务,48,1,1,1,1,李敖有话说(1),院长、秘书、法院、总统、所谓
妺喜,历史类比引用 / 情感 / 神交引用,历史类比引用,48,1,1,1,1,李敖有话说(1),认识、找我、妹妹
孙英善,同学 / 朋友 / 见面 / 诗文出处 / 医疗照护 / 公共论战,同学,48,1,1,1,1,李敖有话说(1),同学、同房、跟我说、大学
尹清枫,军事人物 / 被害人 / 公款经费 / 公共论战,军事人物,48,1,1,1,1,李敖有话说(1),回扣
崔书琴,学术 / 公职人员 / 创作资料协助 / 历史类比引用,学术,48,1,1,1,1,李敖有话说(1),教授、研究、委员、主义
张伯伯,称谓待考 / 见面,称谓待考,48,1,1,1,1,李敖有话说(1),父亲、太太、共产党
张小燕,媒体 / 见面,媒体,48,1,1,1,1,李敖有话说(1),朋友、女儿
张平,出版 / 见面 / 创作资料协助,出版,48,1,1,1,1,李敖有话说(1),房产、文星
张杨,神交引用 / 军事人物,神交引用,48,1,1,1,1,李敖有话说(1),共产党、宣传
怀民,通信 / 公共论战,通信,48,1,1,1,1,李敖有话说(1),一起、大学、北大、像
方素敏,政治异议者 / 人权救援 / 社会案件 / 通信 / 亲属 / 公共论战,政治异议者,48,1,1,1,1,李敖有话说(1),太太、支票、委员、民进党、所谓
施大哥,军事人物 / 朋友 / 见面 / 称谓待考,军事人物,48,1,1,1,1,李敖有话说(1),老师、朋友
施性忠,政治人物 / 政治异议者 / 通信 / 见面 / 创作资料协助,政治人物,48,1,1,1,1,李敖有话说(1),朋友、爸爸、市长
易培基,学术行政 / 公职人员 / 创作资料协助 / 历史类比引用,学术行政,48,1,1,1,1,李敖有话说(1),学生、政府、国民党、共产党
曹圣芬,媒体 / 党务宣传 / 公职人员 / 军事人物 / 公共论战 / 历史类比引用,媒体,48,1,1,1,1,李敖有话说(1),检察长、法务部、复判、军法、部长、党部、司令、国民党
曹汤三,公共论战 / 神交引用,公共论战,48,1,1,1,1,李敖有话说(1),
李塨,学术 / 神交引用,学术,48,1,1,1,1,李敖有话说(1),妻、学者
李宗吾,诗文出处 / 政治异议者 / 历史类比引用 / 神交引用,诗文出处,48,1,1,1,1,李敖有话说(1),发行、出版社、出版、政府、查禁
李幼冬,社会案件,社会案件,48,1,1,1,1,李敖有话说(1),家里、法官、法庭
李煜瀛,政治人物 / 学术 / 历史类比引用,政治人物,48,1,1,1,1,李敖有话说(1),学生、政府、国民党、共产党
李章达,政治人物 / 公职人员 / 历史类比引用,政治人物,48,1,1,1,1,李敖有话说(1),太太、主席、委员、国民党
李锡恩,学术 / 政治人物,学术,48,1,1,1,1,李敖有话说(1),认识、朋友、父亲、大学、委员、古人
杜致勇,亲属 / 见面,亲属,48,1,1,1,1,李敖有话说(1),妈妈、太太、总统
林正弘,证人见证 / 创作资料协助 / 学术 / 诉讼,证人见证,48,1,1,1,1,李敖有话说(1),证人、法官、警备总部
林黛,媒体 / 神交引用,媒体,48,1,1,1,1,李敖有话说(1),爸爸、报纸
柯元馨,见面 / 朋友 / 文艺音乐,见面,48,1,1,1,1,李敖有话说(1),同学、哥哥、妻
柳亚子,学术 / 出版 / 神交引用,学术,48,1,1,1,1,李敖有话说(1),太太、主席、委员、国民党
桑格夫人,人权救援 / 医疗照护 / 公共论战 / 诗文出处 / 历史类比引用 / 神交引用,人权救援,48,1,1,1,1,李敖有话说(1),夫人、警察
梅仲协,学术 / 学术行政 / 司法人员 / 诗文出处,学术,48,1,1,1,1,李敖有话说(1),教授、台大、院长、委员、所谓
毛子水,学术 / 公共论战,学术,48,1,1,1,1,李敖有话说(1),教授、大学、台大、院长、委员、文学、所谓
毛泽覃,亲属 / 政治人物 / 神交引用,亲属,48,1,1,1,1,李敖有话说(1),弟弟、太太、师长、国民党、共产党
毛高文,学术行政 / 政治人物 / 公共论战,学术行政,48,1,1,1,1,李敖有话说(1),夫人、像
汪东林,诗文出处 / 出版 / 历史类比引用,诗文出处,48,1,1,1,1,李敖有话说(1),访问、出版、书店
清仁宗,政治人物 / 神交引用,政治人物,48,1,1,1,1,李敖有话说(1),儿子
王夫之,学术 / 诗文出处 / 政治异议者 / 历史类比引用 / 神交引用,学术,48,1,1,1,1,李敖有话说(1),师母
王宝钏,虚拟人物 / 小说剧本人物 / 历史类比引用 / 情感 / 神交引用,虚拟人物,48,1,1,1,1,李敖有话说(1),见、见面、老师
王实味,出版 / 政治异议者 / 神交引用,出版,48,1,1,1,1,李敖有话说(1),太太、共产党、政治
王尚勤,情感 / 亲属 / 朋友 / 见面 / 通信 / 公共论战 / 创作资料协助,情感,48,1,1,1,1,李敖有话说(1),朋友、女儿、台大
王恒庆,师生 / 见面,师生,48,1,1,1,1,李敖有话说(1),老师、读
王昭君,历史类比引用 / 情感 / 神交引用,历史类比引用,48,1,1,1,1,李敖有话说(1),调查局
王船山,诗文出处 / 学术 / 历史类比引用 / 神交引用,诗文出处,48,1,1,1,1,李敖有话说(1),师母
班禅额尔德尼,宗教人物 / 政治人物 / 公共论战 / 神交引用,宗教人物,48,1,1,1,1,李敖有话说(1),写信
瑟古德·马歇尔,神交引用 / 司法人员 / 政治人物 / 公共论战,神交引用,48,1,1,1,1,李敖有话说(1),法官、法院
璩诗方,证人见证 / 姻亲 / 财产信托 / 通信,证人见证,48,1,1,1,1,李敖有话说(1),妈妈、报纸、总统、委员、诗
盗跖,神交引用,神交引用,48,1,1,1,1,李敖有话说(1),弟弟、古代
石永贵,媒体 / 党务宣传 / 出版管制 / 公共论战,媒体,48,1,1,1,1,李敖有话说(1),教授、研究、中央研究院、所长
石璋如,学术 / 公共论战,学术,48,1,1,1,1,李敖有话说(1),夫人、像
章伯钧,政治人物 / 政治异议者 / 公共论战 / 历史类比引用,政治人物,48,1,1,1,1,李敖有话说(1),爸爸
罗尔纲,学术 / 出版 / 神交引用,学术,48,1,1,1,1,李敖有话说(1),
耿直,军事人物 / 政治异议者 / 历史类比引用 / 神交引用,军事人物,48,1,1,1,1,李敖有话说(1),拜访、一起、警察
胡三省,学术 / 出版 / 神交引用,学术,48,1,1,1,1,李敖有话说(1),老师、古人
胡祖望,出版 / 创作资料协助,出版,48,1,1,1,1,李敖有话说(1),儿子、太太、秘书
艾玫,通信 / 姻亲,通信,48,1,1,1,1,李敖有话说(1),太太、大学
董作宾,学术 / 学术行政 / 见面 / 公共论战,学术,48,1,1,1,1,李敖有话说(1),教授、院长、国民党
蒋匀田,政治人物 / 出版 / 学术 / 公共论战,政治人物,48,1,1,1,1,李敖有话说(1),教授、院长、部长、国民党
蔡俊军,同案狱友,同案狱友,48,1,1,1,1,李敖有话说(1),学生、大学、共产党
蔡廷锴,军事人物 / 政治人物 / 诗文出处 / 公共论战 / 历史类比引用,军事人物,48,1,1,1,1,李敖有话说(1),太太、主席、委员、国民党
谭平山,政治人物 / 历史类比引用,政治人物,48,1,1,1,1,李敖有话说(1),太太、主席、委员、国民党
赵天仪,证人见证 / 创作资料协助 / 学术 / 诉讼,证人见证,48,1,1,1,1,李敖有话说(1),证人、法官、警备总部
赵盾,政治人物 / 历史类比引用 / 神交引用,政治人物,48,1,1,1,1,李敖有话说(1),弟弟
邹容,政治异议者 / 烈士殉难 / 诗文出处 / 历史类比引用 / 神交引用,政治异议者,48,1,1,1,1,李敖有话说(1),监狱
金日成,政治人物 / 公职人员 / 历史类比引用,政治人物,48,1,1,1,1,李敖有话说(1),儿子、杂志
闵维方,学术行政 / 见面,学术行政,48,1,1,1,1,李敖有话说(1),父亲、大学、文学
陆正,被害人 / 社会案件,被害人,48,1,1,1,1,李敖有话说(1),朋友、儿子
陈仁涛,诗文出处 / 学术 / 历史类比引用 / 神交引用,诗文出处,48,1,1,1,1,李敖有话说(1),研究、论文
陈济棠,军事人物 / 政治人物 / 历史类比引用,军事人物,48,1,1,1,1,李敖有话说(1),将军、军衔、像
陈璧君,政治异议者 / 同案狱友 / 情感 / 历史类比引用,政治异议者,48,1,1,1,1,李敖有话说(1),太太、像
陈致中,亲属 / 财产债务 / 公共论战,亲属,48,1,1,1,1,李敖有话说(1),儿子、国民党
陈铭枢,政治人物 / 军事人物 / 公共论战 / 历史类比引用,政治人物,48,1,1,1,1,李敖有话说(1),太太、主席、委员、国民党
霍梅尼,政治人物 / 宗教人物 / 神交引用,政治人物,48,1,1,1,1,李敖有话说(1),朋友、总统、市长
韦政通,证人见证 / 创作资料协助 / 学术 / 诉讼,证人见证,48,1,1,1,1,李敖有话说(1),证人、法官、警备总部
项元汴,文艺音乐 / 诗文出处 / 历史类比引用 / 神交引用,文艺音乐,48,1,1,1,1,李敖有话说(1),同学、同班、父亲
马浩,见面 / 情感,见面,48,1,1,1,1,李敖有话说(1),教授、弟弟、太太、台大、院长、法院
黄任中,通信 / 见面,通信,48,1,1,1,1,李敖有话说(1),儿子、妻、院长、法院
黄侃,学术 / 诗文出处 / 师生 / 历史类比引用 / 神交引用,学术,48,1,1,1,1,李敖有话说(1),学者、北大、文学
黄炎培,政治人物 / 诗文出处 / 历史类比引用 / 神交引用,政治人物,48,1,1,1,1,李敖有话说(1),爸爸
黄艺之,朋友 / 见面 / 通信 / 创作资料协助,朋友,48,1,1,1,1,李敖有话说(1),见、军法、主义、文学、所谓
丁原,神交引用 / 军事人物,神交引用,47,1,1,1,1,李敖有话说(1),研究
俞飞鹏,军事人物 / 公职人员 / 历史类比引用,军事人物,47,1,1,1,1,李敖有话说(1),少将、像
卫立煌,军事人物 / 政治人物 / 公共论战 / 历史类比引用,军事人物,47,1,1,1,1,李敖有话说(1),主席、国民党
史东,媒体 / 出版 / 历史类比引用 / 神交引用,媒体,47,1,1,1,1,李敖有话说(1),报纸、像
叶城松,政治异议者 / 被害人 / 诉讼 / 历史类比引用 / 公共论战,政治异议者,47,1,1,1,1,李敖有话说(1),司令、共产党
叶慈,诗文出处 / 历史类比引用 / 神交引用,诗文出处,47,1,1,1,1,李敖有话说(1),节目、诗、说过
吴大澂,学术 / 诗文出处 / 公职人员 / 历史类比引用 / 神交引用,学术,47,1,1,1,1,李敖有话说(1),大学
吴宗宪,媒体 / 文艺音乐 / 公共论战,媒体,47,1,1,1,1,李敖有话说(1),节目
周清玉,公职人员 / 政治人物 / 政治异议者 / 人权救援 / 通信 / 选举助选 / 公共论战,公职人员,47,1,1,1,1,李敖有话说(1),委员
容闳,学术 / 政治人物 / 神交引用,学术,47,1,1,1,1,李敖有话说(1),大学
巴列维国王,政治人物 / 公共论战 / 神交引用,政治人物,47,1,1,1,1,李敖有话说(1),总统
张善惠,邻居 / 社会案件,邻居,47,1,1,1,1,李敖有话说(1),节目
张昭雄,政治人物 / 公共论战,政治人物,47,1,1,1,1,李敖有话说(1),总统、所谓
张煦华,学术 / 媒体 / 朋友 / 创作资料协助,学术,47,1,1,1,1,李敖有话说(1),一起、朋友、博士
文华（五五日记）,见面 / 称谓待考,见面,47,1,1,1,1,李敖有话说(1),大学
方苞,诗文出处 / 学术 / 同案狱友 / 历史类比引用 / 神交引用,诗文出处,47,1,1,1,1,李敖有话说(1),序、学者
晏子,政治人物 / 诗文出处 / 历史类比引用 / 神交引用,政治人物,47,1,1,1,1,李敖有话说(1),见、政治、思想、古代
李宗黄,政治人物 / 党务宣传 / 选举助选 / 公共论战 / 历史类比引用,政治人物,47,1,1,1,1,李敖有话说(1),委员、共产党
李文忠,政治人物 / 公共论战 / 见面,政治人物,47,1,1,1,1,李敖有话说(1),一起、立委
李烈钧,军事人物 / 政治人物 / 历史类比引用,军事人物,47,1,1,1,1,李敖有话说(1),委员、国民党、共产党
李玠,诗文出处 / 出版,诗文出处,47,1,1,1,1,李敖有话说(1),序、诗
李纪珠,政治人物 / 学术 / 见面,政治人物,47,1,1,1,1,李敖有话说(1),法院、立委
林柏榕,公职人员 / 政治人物 / 诉讼 / 公共论战,公职人员,47,1,1,1,1,李敖有话说(1),市长
林祖涵,政治人物 / 历史类比引用,政治人物,47,1,1,1,1,李敖有话说(1),委员、共产党
梅农,神交引用 / 政治人物,神交引用,47,1,1,1,1,李敖有话说(1),部长、像
波娃,学术 / 出版 / 情感 / 神交引用,学术,47,1,1,1,1,李敖有话说(1),一起、哲学
济公,宗教人物 / 虚拟人物 / 神交引用,宗教人物,47,1,1,1,1,李敖有话说(1),师长、像
潘金莲,虚拟人物 / 小说剧本人物 / 历史类比引用,虚拟人物,47,1,1,1,1,李敖有话说(1),报导、像
王桂燕,社会案件,社会案件,47,1,1,1,1,李敖有话说(1),一起、共产党
王耀武,军事人物 / 政治人物 / 历史类比引用,军事人物,47,1,1,1,1,李敖有话说(1),证人
罗密欧,虚拟人物 / 小说剧本人物 / 历史类比引用,虚拟人物,47,1,1,1,1,李敖有话说(1),见、问我
薛岳,军事人物 / 政治人物 / 神交引用,军事人物,47,1,1,1,1,李敖有话说(1),报纸
许岱宗,证人见证 / 同案狱友,证人见证,47,1,1,1,1,李敖有话说(1),证人、共产党
钱纳水,政治人物 / 通信 / 创作资料协助 / 公共论战 / 历史类比引用,政治人物,47,1,1,1,1,李敖有话说(1),法院、国民党、像
陈奎淼,政治人物 / 公共论战,政治人物,47,1,1,1,1,李敖有话说(1),立委
陈梦雷,诗文出处 / 编辑 / 出版 / 政治异议者 / 历史类比引用 / 神交引用,诗文出处,47,1,1,1,1,李敖有话说(1),学者
陶侃,军事人物 / 政治人物 / 历史类比引用 / 神交引用,军事人物,47,1,1,1,1,李敖有话说(1),传记、书里
韩信,军事人物 / 历史类比引用 / 神交引用,军事人物,47,1,1,1,1,李敖有话说(1),委员
高一涵,学术 / 公共论战 / 神交引用,学术,47,1,1,1,1,李敖有话说(1),大学
黄百韬,军事人物 / 被害人 / 历史类比引用,军事人物,47,1,1,1,1,李敖有话说(1),司令
匡章,历史类比引用 / 神交引用,历史类比引用,46,1,1,1,1,李敖有话说(1),朋友
唐僧,宗教人物 / 历史类比引用 / 虚拟人物 / 神交引用,宗教人物,46,1,1,1,1,李敖有话说(1),像
孙连仲,军事人物 / 政治人物 / 历史类比引用,军事人物,46,1,1,1,1,李敖有话说(1),国民党
小林正成,同案狱友 / 证人见证 / 人权救援,同案狱友,46,1,1,1,1,李敖有话说(1),国民党
张冲,政治人物 / 公共论战 / 历史类比引用,政治人物,46,1,1,1,1,李敖有话说(1),国民党
曾虚白,媒体 / 出版 / 创作资料协助 / 公共论战,媒体,46,1,1,1,1,李敖有话说(1),国民党
李费蒙,朋友 / 见面 / 称谓待考,朋友,46,1,1,1,1,李敖有话说(1),朋友
林蔚,军事人物 / 公职人员 / 政治人物 / 历史类比引用,军事人物,46,1,1,1,1,李敖有话说(1),国民党
洪奇昌,政治人物 / 政治异议者 / 公共论战 / 见面,政治人物,46,1,1,1,1,李敖有话说(1),民进党、像
王尚义,同学 / 朋友 / 出版 / 创作资料协助 / 通信,同学,46,1,1,1,1,李敖有话说(1),作品、主义、像
王莫愁,朋友 / 见面 / 通信,朋友,46,1,1,1,1,李敖有话说(1),朋友
祁德武,主剧情人物 / 小说剧本人物 / 老兵士官 / 军事人物 / 反共人士,主剧情人物,46,1,1,1,1,李敖有话说(1),送我、国民党、所谓
萧军,出版 / 公共论战 / 神交引用,出版,46,1,1,1,1,李敖有话说(1),共产党
薛平贵,虚拟人物 / 小说剧本人物 / 历史类比引用 / 情感 / 神交引用,虚拟人物,46,1,1,1,1,李敖有话说(1),
虞舜,历史类比引用 / 政治人物 / 神交引用,历史类比引用,46,1,1,1,1,李敖有话说(1),告诉我
谢稚柳,学术 / 神交引用,学术,46,1,1,1,1,李敖有话说(1),古人、诗、像
赵飞燕,历史类比引用 / 情感 / 神交引用,历史类比引用,46,1,1,1,1,李敖有话说(1),朋友
邓育昆,媒体 / 见面 / 朋友,媒体,46,1,1,1,1,李敖有话说(1),朋友
陈子和,财产债务 / 诉讼 / 证人见证,财产债务,46,1,1,1,1,李敖有话说(1),朋友、诗
狄阿杰尼斯,学术 / 神交引用,学术,45,1,1,1,1,李敖有话说(1),哲学、像
罗丹,文艺音乐 / 历史类比引用 / 神交引用,文艺音乐,45,1,1,1,1,李敖有话说(1),作品、像
门罗,政治人物 / 主剧情人物 / 小说剧本人物 / 历史类比引用,政治人物,45,1,1,1,1,李敖有话说(1),主义、所谓
魏征,历史类比引用 / 政治人物 / 学术 / 神交引用,历史类比引用,45,1,1,1,1,李敖有话说(1),历史上、像
伍子胥,历史类比引用 / 政治人物 / 军事人物 / 神交引用,历史类比引用,44,1,1,1,1,李敖有话说(1),历史上
伏羲,宗教人物 / 神交引用,宗教人物,44,1,1,1,1,李敖有话说(1),古代
刘禹锡,诗文出处 / 文艺音乐 / 历史类比引用 / 神交引用,诗文出处,44,1,1,1,1,李敖有话说(1),诗
利玛窦,宗教人物 / 学术 / 诗文出处 / 历史类比引用 / 神交引用,宗教人物,44,1,1,1,1,李敖有话说(1),书里
华特·奥图,文艺音乐 / 神交引用,文艺音乐,44,1,1,1,1,李敖有话说(1),像
叶利钦,政治人物 / 公共论战,政治人物,44,1,1,1,1,李敖有话说(1),像
唐公房,宗教人物 / 神交引用,宗教人物,44,1,1,1,1,李敖有话说(1),书里
夏洛瓦,文艺音乐 / 神交引用,文艺音乐,44,1,1,1,1,李敖有话说(1),说过
如来佛,虚拟人物 / 宗教人物 / 历史类比引用 / 神交引用,虚拟人物,44,1,1,1,1,李敖有话说(1),主义
孙震,学术行政 / 证人见证 / 公共论战,学术行政,44,1,1,1,1,李敖有话说(1),像
左思,神交引用 / 学术,神交引用,44,1,1,1,1,李敖有话说(1),诗
布雷克,诗文出处 / 历史类比引用 / 神交引用,诗文出处,44,1,1,1,1,李敖有话说(1),诗
库普林,出版 / 神交引用,出版,44,1,1,1,1,李敖有话说(1),思想
弗吉尼亚·伍尔夫,诗文出处 / 文艺音乐 / 历史类比引用 / 神交引用,诗文出处,44,1,1,1,1,李敖有话说(1),文学
张献忠,历史类比引用 / 军事人物 / 政治人物 / 神交引用,历史类比引用,44,1,1,1,1,李敖有话说(1),像
彭玉麟,军事人物 / 历史类比引用 / 神交引用,军事人物,44,1,1,1,1,李敖有话说(1),像
惠特曼,出版 / 神交引用,出版,44,1,1,1,1,李敖有话说(1),诗
文征明,文艺音乐 / 历史类比引用 / 神交引用,文艺音乐,44,1,1,1,1,李敖有话说(1),像
曹雪芹,诗文出处 / 历史类比引用 / 神交引用,诗文出处,44,1,1,1,1,李敖有话说(1),像
李商隐,诗文出处 / 历史类比引用 / 神交引用,诗文出处,44,1,1,1,1,李敖有话说(1),诗
李根源,政治人物 / 军事人物 / 学术 / 历史类比引用 / 神交引用,政治人物,44,1,1,1,1,李敖有话说(1),书里
杜牧,诗文出处 / 历史类比引用 / 神交引用,诗文出处,44,1,1,1,1,李敖有话说(1),古代
梁惠王,政治人物 / 历史类比引用 / 神交引用,政治人物,44,1,1,1,1,李敖有话说(1),读
狄青,军事人物 / 历史类比引用 / 神交引用,军事人物,44,1,1,1,1,李敖有话说(1),像
祖逖,军事人物 / 政治异议者 / 历史类比引用 / 神交引用,军事人物,44,1,1,1,1,李敖有话说(1),像
神农,宗教人物 / 医疗照护 / 历史类比引用 / 神交引用,宗教人物,44,1,1,1,1,李敖有话说(1),古代
罗瑞卿,军事人物 / 政治人物 / 历史类比引用 / 神交引用,军事人物,44,1,1,1,1,李敖有话说(1),像
翁方纲,学术 / 诗文出处 / 文艺音乐 / 历史类比引用 / 神交引用,学术,44,1,1,1,1,李敖有话说(1),诗
芮逸夫,学术 / 学术行政 / 公共论战,学术,44,1,1,1,1,李敖有话说(1),像
萨达姆·侯赛因,政治人物 / 军事人物 / 公共论战 / 神交引用,政治人物,44,1,1,1,1,李敖有话说(1),像
郑燮,学术 / 神交引用,学术,44,1,1,1,1,李敖有话说(1),像
阮维周,学术行政 / 公款经费 / 公共论战,学术行政,44,1,1,1,1,李敖有话说(1),像
阿里巴巴,虚拟人物 / 小说剧本人物 / 历史类比引用,虚拟人物,44,1,1,1,1,李敖有话说(1),像
陈后主,政治人物 / 公职人员 / 历史类比引用 / 神交引用,政治人物,44,1,1,1,1,李敖有话说(1),古代
陈宏正,朋友 / 创作资料协助 / 出版,朋友,44,1,1,1,1,李敖有话说(1),哲学
何廷有,军校学生 / 见面 / 称谓待考,军校学生,42,1,1,1,1,李敖有话说(1),
元世祖,政治人物 / 神交引用,政治人物,42,1,1,1,1,李敖有话说(1),
刘伶,神交引用,神交引用,42,1,1,1,1,李敖有话说(1),
刘瑾,政治人物 / 机构警卫 / 历史类比引用 / 神交引用,政治人物,42,1,1,1,1,李敖有话说(1),
咸丰,政治人物 / 历史类比引用 / 神交引用,政治人物,42,1,1,1,1,李敖有话说(1),
太子丹,历史类比引用 / 政治人物 / 神交引用,历史类比引用,42,1,1,1,1,李敖有话说(1),
姜太公,政治人物 / 军事人物 / 神交引用,政治人物,42,1,1,1,1,李敖有话说(1),
安岐,诗文出处 / 文艺音乐 / 历史类比引用 / 神交引用,诗文出处,42,1,1,1,1,李敖有话说(1),
尹常,文艺音乐 / 历史类比引用 / 神交引用,文艺音乐,42,1,1,1,1,李敖有话说(1),
张权,同案狱友 / 被害人 / 医疗照护 / 人权救援,同案狱友,42,1,1,1,1,李敖有话说(1),
彭祖,宗教人物 / 神交引用,宗教人物,42,1,1,1,1,李敖有话说(1),
托斯卡尼尼,文艺音乐 / 神交引用,文艺音乐,42,1,1,1,1,李敖有话说(1),
曹敏,党务宣传 / 军事人物 / 出版 / 公共论战,党务宣传,42,1,1,1,1,李敖有话说(1),
杨亮功,学术行政 / 政治人物 / 证人见证,学术行政,42,1,1,1,1,李敖有话说(1),
杨家骆,学术 / 诗文出处 / 学术考证引用 / 历史类比引用 / 神交引用,学术,42,1,1,1,1,李敖有话说(1),
林顶立,情治警务 / 政治人物 / 媒体 / 出版 / 历史类比引用,情治警务,42,1,1,1,1,李敖有话说(1),
梁敬錞,诗文出处 / 学术 / 历史类比引用,诗文出处,42,1,1,1,1,李敖有话说(1),
梁章钜,学术 / 诗文出处 / 学术考证引用 / 历史类比引用 / 神交引用,学术,42,1,1,1,1,李敖有话说(1),
沈葆桢,政治人物 / 军事人物 / 历史类比引用 / 神交引用,政治人物,42,1,1,1,1,李敖有话说(1),
王武,军事人物,军事人物,42,1,1,1,1,李敖有话说(1),
王母娘娘,宗教人物 / 神交引用,宗教人物,42,1,1,1,1,李敖有话说(1),
田士林,媒体 / 出版 / 公共论战,媒体,42,1,1,1,1,李敖有话说(1),
石坚,政治人物 / 政治异议者 / 人权救援 / 刑求受害 / 公共论战,政治人物,42,1,1,1,1,李敖有话说(1),
约伯,宗教人物 / 历史类比引用 / 神交引用,宗教人物,42,1,1,1,1,李敖有话说(1),
维辛斯基,司法人员 / 政治人物 / 神交引用,司法人员,42,1,1,1,1,李敖有话说(1),
罗光,宗教人物 / 学术 / 公共论战 / 通信,宗教人物,42,1,1,1,1,李敖有话说(1),
苏志诚,政治人物 / 公职人员 / 创作资料协助 / 公共论战,政治人物,42,1,1,1,1,李敖有话说(1),
蔡琴,文艺音乐 / 媒体 / 见面,文艺音乐,42,1,1,1,1,李敖有话说(1),
许散愁,学术 / 历史类比引用 / 神交引用,学术,42,1,1,1,1,李敖有话说(1),
谢枋得,历史类比引用 / 政治异议者 / 神交引用,历史类比引用,42,1,1,1,1,李敖有话说(1),
赵孟頫,文艺音乐 / 诗文出处 / 公职人员 / 历史类比引用 / 神交引用,文艺音乐,42,1,1,1,1,李敖有话说(1),
赵普,历史类比引用 / 神交引用,历史类比引用,42,1,1,1,1,李敖有话说(1),
路特,政治人物 / 司法人员 / 历史类比引用 / 神交引用,政治人物,42,1,1,1,1,李敖有话说(1),
那志良,学术 / 诗文出处 / 创作资料协助 / 历史类比引用,学术,42,1,1,1,1,李敖有话说(1),
陈奇禄,学术 / 学术行政 / 公职人员 / 诗文出处 / 公共论战,学术,42,1,1,1,1,李敖有话说(1),
陈桥,诗文出处 / 出版 / 公共论战,诗文出处,42,1,1,1,1,李敖有话说(1),
陈槃,学术 / 学术行政 / 出版 / 历史类比引用,学术,42,1,1,1,1,李敖有话说(1),
水红毛,待复核,待复核,99,9,9,1,5,李敖有话说(9),见、见面、老师、研究
温故知,待复核,待复核,99,9,6,1,7,李敖有话说(9),研究、总统、节目、对我说、所谓
麻开门,待复核,待复核,99,9,7,1,3,李敖有话说(9),节目、情书、像
牛士,待复核,待复核,99,6,6,1,1,李敖有话说(6),哲学
应得,待复核,待复核,99,5,3,1,4,李敖有话说(5),夫人、见、见到
丁神灯,待复核,待复核,99,4,4,1,1,李敖有话说(4),所谓
平则怨,待复核,待复核,99,4,4,1,1,李敖有话说(4),节目
米尔公,待复核,待复核,99,4,4,1,1,李敖有话说(4),记者、碰到
于土,待复核,待复核,99,3,3,1,1,李敖有话说(3),朋友、一起
李杰讲,待复核,待复核,96,6,5,1,3,李敖有话说(6),共产党、像、一起、市长、军购、告诉我
广州,待复核,待复核,95,14,7,1,9,李敖有话说(14),儿子、总统、市长、政府、院长、爸爸、学生、告诉我
山东人,待复核,待复核,95,10,6,1,9,李敖有话说(10),父亲、女儿、书店、朋友、哲学、见、导演、学生
居然没,待复核,待复核,95,8,6,1,8,李敖有话说(8),国民党、研究、检察官、起诉、总统、节目、电视、告诉我
武器可,待复核,待复核,95,8,5,1,8,李敖有话说(8),木棍、将军、写信、主席、国民党、部长、共产党
连战当,待复核,待复核,95,8,6,1,8,李敖有话说(8),总统、国民党、学生、大学、政治、妈妈、太太、妻
连战讲,待复核,待复核,95,7,5,1,6,李敖有话说(7),朋友、大学、主席、委员、国民党、台独、所谓、访问
明朝末,待复核,待复核,94,8,5,1,8,李敖有话说(8),像、节目、爸爸、政治、朋友、情人、历史上、见
能抵抗,待复核,待复核,94,7,5,1,7,李敖有话说(7),思想、将军、本院、部长、爸爸、妈妈、问我、古人
安单位,待复核,待复核,92,6,4,1,4,李敖有话说(6),证人、警备总部、大学、法官、哲学、教授、夫人、司令
花乱坠,待复核,待复核,92,6,4,1,6,李敖有话说(6),总统、民进党、太太、教授、史学、请我、国民党
越做越,待复核,待复核,90,5,4,1,5,李敖有话说(5),总统、将军、见、节目、主义、像、杂志
包皮,待复核,待复核,90,4,2,1,2,李敖有话说(4),像、太太
能够替,待复核,待复核,89,6,4,1,5,李敖有话说(6),像、总统、报纸、诗、民进党、女儿、律师
马路,待复核,待复核,89,6,4,1,6,李敖有话说(6),土地、归公、总统、学生、所谓
农奴,待复核,待复核,88,7,4,1,3,李敖有话说(7),主义、共产党、脚镣、手铐、节目
刘湘女,待复核,待复核,88,7,4,1,2,李敖有话说(7),历史上、见、夫人、委员、研究
时间跟,待复核,待复核,87,8,4,1,7,李敖有话说(8),思想、朋友、节目、批评、政府、所谓、一起
章取义,待复核,待复核,87,5,3,1,3,李敖有话说(5),杂志、书店、文星、查禁、主席、思想、见
广益,待复核,待复核,87,3,2,1,2,李敖有话说(3),节目
方神圣,待复核,待复核,87,2,2,1,1,李敖有话说(2),节目
家属,待复核,待复核,86,6,3,1,6,李敖有话说(6),见、接见、放封、问我
周经理,待复核,待复核,86,5,3,1,1,李敖有话说(5),弟弟、问我、土地
常感谢,待复核,待复核,86,5,3,1,5,李敖有话说(5),儿子、院长、母亲、教授、史学、思想
蒙汗药,待复核,待复核,86,5,3,1,3,李敖有话说(5),访问、法院、军购、所谓、像
苏州名,待复核,待复核,86,2,2,1,1,李敖有话说(2),攻击
鲁迅人,待复核,待复核,86,2,2,1,1,李敖有话说(2),朋友
易相信,待复核,待复核,85,4,3,1,4,李敖有话说(4),教授、大学、一起
柴季晟,待复核,待复核,84,5,3,1,2,李敖有话说(5),读、报导、委员、像、共产党、先生
国人全,待复核,待复核,84,3,2,1,2,李敖有话说(3),说过
别人好,待复核,待复核,83,5,3,1,5,李敖有话说(5),大学、诗、老师
融会贯,待复核,待复核,83,5,3,1,5,李敖有话说(5),一起、电视、读、师生、国民党、共产党
步骤,待复核,待复核,82,5,3,1,4,李敖有话说(5),委员、节目、电视、党部、律师
全有,待复核,待复核,82,2,2,1,1,李敖有话说(2),
向平等,待复核,待复核,82,2,2,1,1,李敖有话说(2),
辛辛苦,待复核,待复核,81,5,3,1,5,李敖有话说(5),所谓、主席、法院、委员、国民党、打电话、电话、参谋
连战要,待复核,待复核,81,5,3,1,4,李敖有话说(5),访问、国民党、写信、学术、大学、总统
祖国统,待复核,待复核,80,9,3,1,7,李敖有话说(9),电视、爸爸、国民党、碰到
连战比,待复核,待复核,80,5,3,1,5,李敖有话说(5),国民党、总统、主席、所谓、爸爸、像
那种非,待复核,待复核,80,5,3,1,5,李敖有话说(5),告诉我、爸爸、妈妈、电视、政府
时如果,待复核,待复核,78,7,3,1,7,李敖有话说(7),北大、共产党、主席、告诉我
解释错,待复核,待复核,77,7,3,1,6,李敖有话说(7),教授、学者、大学、诗、节目
和蒋经,待复核,待复核,77,3,2,1,3,李敖有话说(3),夫人、节目
曹操说,待复核,待复核,74,4,2,1,4,李敖有话说(4),老师、见、见面、嫁给
连战鼓,待复核,待复核,73,3,2,1,3,李敖有话说(3),节目、电视、见
陈明忠,待复核,待复核,71,7,2,1,1,李敖有话说(7),国民党、电视
蓝绿夹,待复核,待复核,71,2,2,1,2,李敖有话说(2),选举
别人错,待复核,待复核,69,4,2,1,4,李敖有话说(4),打电话、电话、朋友、一起、同案、思想
能力来,待复核,待复核,69,4,2,1,4,李敖有话说(4),报纸、诗
向曹操,待复核,待复核,68,4,2,1,2,李敖有话说(4),见、见面、嫁给、儿子、妻
曾经发,待复核,待复核,68,4,2,1,4,李敖有话说(4),研究、大学、中央研究院、院长、思想、主义、政府
任何要,待复核,待复核,68,3,2,1,3,李敖有话说(3),电话、妈妈、律师
向人家,待复核,待复核,68,3,2,1,3,李敖有话说(3),委员、选举、所谓、一起、同事、借钱、像
国家标,待复核,待复核,67,4,2,1,4,李敖有话说(4),委员、教授、研究、大学、中央研究院、节目
家谈判,待复核,待复核,67,4,2,1,4,李敖有话说(4),将军、历史上、爸爸、太太、法院
时间没,待复核,待复核,67,4,2,1,4,李敖有话说(4),教授、学者
武官,待复核,待复核,67,4,2,1,3,李敖有话说(4),像、部长、政府、将军
那连战,待复核,待复核,67,4,2,1,4,李敖有话说(4),选举、财产、总统、所谓
文字结,待复核,待复核,66,11,2,1,7,李敖有话说(11),共产党、情人
祖国有,待复核,待复核,66,5,2,1,5,李敖有话说(5),共产党、宣传、告诉我、政治、像
别人斗,待复核,待复核,66,3,2,1,3,李敖有话说(3),国民党、像、市长、选举
王静安,待复核,待复核,66,3,2,1,3,李敖有话说(3),北大、像、一起
解释来,待复核,待复核,65,7,2,1,7,李敖有话说(7),认识、节目、政治、所谓
曹无伤,待复核,待复核,65,6,2,1,2,李敖有话说(6),告诉我、一起
山东有,待复核,待复核,65,3,2,1,3,李敖有话说(3),朋友、哲学、委员、国民党
时间干,待复核,待复核,65,3,2,1,3,李敖有话说(3),国民党、共产党、朋友
时宋朝,待复核,待复核,64,5,2,1,3,李敖有话说(5),告诉我、历史上、政治
从容地,待复核,待复核,64,4,2,1,4,李敖有话说(4),古人、一起、太太、哲学
闻别人,待复核,待复核,64,3,1,1,2,李敖有话说(3),教授、大学、节目、电视
那么爱,待复核,待复核,63,5,2,1,5,李敖有话说(5),主席、像
时有很,待复核,待复核,63,4,2,1,4,李敖有话说(4),像、一起、节目
蓟花,待复核,待复核,63,4,2,1,2,李敖有话说(4),一起、像
鲁迅所,待复核,待复核,63,4,2,1,2,李敖有话说(4),像、见
刘邦说,待复核,待复核,63,3,2,1,3,李敖有话说(3),将军、古代
都做完,待复核,待复核,63,3,1,1,3,李敖有话说(3),节目
公理,待复核,待复核,63,2,1,1,2,李敖有话说(2),控告、总统、所谓
孔子所,待复核,待复核,62,4,1,1,4,李敖有话说(4),像
和美女,待复核,待复核,58,2,1,1,2,李敖有话说(2),
安郡王,待复核,待复核,58,2,1,1,1,李敖有话说(2),政治
习拿破,待复核,待复核,58,1,1,1,1,李敖有话说(1),
于真理,待复核,待复核,58,1,1,1,1,李敖有话说(1),
何愿做,待复核,待复核,58,1,1,1,1,李敖有话说(1),
别学鲁,待复核,待复核,58,1,1,1,1,李敖有话说(1),
别用放,待复核,待复核,58,1,1,1,1,李敖有话说(1),
劳报告,待复核,待复核,58,1,1,1,1,李敖有话说(1),
劳爱联,待复核,待复核,58,1,1,1,1,李敖有话说(1),
和卡斯,待复核,待复核,58,1,1,1,1,李敖有话说(1),
和卫生,待复核,待复核,58,1,1,1,1,李敖有话说(1),
和滑头,待复核,待复核,58,1,1,1,1,李敖有话说(1),
国方式,待复核,待复核,58,1,1,1,1,李敖有话说(1),
国毁谤,待复核,待复核,58,1,1,1,1,李敖有话说(1),
安妇血,待复核,待复核,58,1,1,1,1,李敖有话说(1),
容尿真,待复核,待复核,58,1,1,1,1,李敖有话说(1),
支持西,待复核,待复核,58,1,1,1,1,李敖有话说(1),
方式打,待复核,待复核,58,1,1,1,1,李敖有话说(1),
暴君带,待复核,待复核,58,1,1,1,1,李敖有话说(1),
王赫斯,待复核,待复核,58,1,1,1,1,李敖有话说(1),
能可圈,待复核,待复核,58,1,1,1,1,李敖有话说(1),
黄盖自,待复核,待复核,58,1,1,1,1,李敖有话说(1),
纪念毛,待复核,待复核,57,2,1,1,2,李敖有话说(2),主席
李杏村,待复核,待复核,56,7,1,1,2,李敖有话说(7),说过
罗马人,待复核,待复核,56,6,1,1,4,李敖有话说(6),历史上
张齐云,待复核,待复核,56,3,1,1,1,李敖有话说(3),文学
别人纠,待复核,待复核,56,2,1,1,2,李敖有话说(2),像
曹操看,待复核,待复核,56,2,1,1,2,李敖有话说(2),古代
祖父祖,待复核,待复核,55,2,1,1,2,李敖有话说(2),写信、爸爸、妈妈
陈仪死,待复核,待复核,55,2,1,1,2,李敖有话说(2),中将、司令、参谋
别人同,待复核,待复核,54,3,1,1,3,李敖有话说(3),总统、选举、民进党
别人谈,待复核,待复核,54,3,1,1,3,李敖有话说(3),儿子
终点,待复核,待复核,54,3,1,1,2,李敖有话说(3),爸爸、像
关钱穆,待复核,待复核,54,2,1,1,1,李敖有话说(2),学者、大学、著作、像、先生
刘备干,待复核,待复核,54,2,1,1,2,李敖有话说(2),儿子
包括胡,待复核,待复核,54,2,1,1,2,李敖有话说(2),台独、宣传
国王说,待复核,待复核,54,2,1,1,2,李敖有话说(2),律师
富庶,待复核,待复核,54,2,1,1,2,李敖有话说(2),土地
应该心,待复核,待复核,54,2,1,1,2,李敖有话说(2),院长、政府
徐展堂,待复核,待复核,54,2,1,1,2,李敖有话说(2),电话、节目、委员、所谓、先生
时受到,待复核,待复核,54,2,1,1,2,李敖有话说(2),学生
权鼎立,待复核,待复核,54,2,1,1,2,李敖有话说(2),法官、总统
能揭发,待复核,待复核,54,2,1,1,2,李敖有话说(2),委员、部长
苏联又,待复核,待复核,54,2,1,1,2,李敖有话说(2),见、见到、记者、特务
蓝墙白,待复核,待复核,54,2,1,1,1,李敖有话说(2),夫人
路人有,待复核,待复核,54,2,1,1,2,李敖有话说(2),法院、判决
包润石,待复核,待复核,53,6,1,1,2,李敖有话说(6),选举、所谓
劳苦功,待复核,待复核,53,4,1,1,2,李敖有话说(4),主席
文化来,待复核,待复核,53,4,1,1,4,李敖有话说(4),研究、节目
时死掉,待复核,待复核,53,4,1,1,3,李敖有话说(4),总统
连战卖,待复核,待复核,53,4,1,1,2,李敖有话说(4),总统
和技巧,待复核,待复核,53,3,1,1,3,李敖有话说(3),法院
全发展,待复核,待复核,53,2,1,1,2,李敖有话说(2),报纸
孙公,待复核,待复核,53,2,1,1,2,李敖有话说(2),总统
应该直,待复核,待复核,53,2,1,1,2,李敖有话说(2),委员
应该谈,待复核,待复核,53,2,1,1,2,李敖有话说(2),将军、政治
相约束,待复核,待复核,53,2,1,1,2,李敖有话说(2),记者
通告,待复核,待复核,53,2,1,1,1,李敖有话说(2),请他
霍普金,待复核,待复核,53,2,1,1,1,李敖有话说(2),节目
时已经,待复核,待复核,52,7,1,1,7,李敖有话说(7),共产党
单薄,待复核,待复核,52,4,1,1,4,李敖有话说(4),共产党
别人帮,待复核,待复核,50,4,1,1,4,李敖有话说(4),像
段文字,待复核,待复核,50,4,1,1,3,李敖有话说(4),书中
孔子活,待复核,待复核,50,3,1,1,2,李敖有话说(3),读
别人叫,待复核,待复核,50,2,1,1,2,李敖有话说(2),说过
庄子有,待复核,待复核,50,2,1,1,1,李敖有话说(2),像
蔡佳芳,待复核,待复核,50,2,1,1,2,李敖有话说(2),像、小姐
别人开,待复核,待复核,46,4,0,1,4,李敖有话说(4),
张三更,待复核,待复核,46,2,0,1,1,李敖有话说(2),
张汉卿,待复核,待复核,46,2,0,1,2,李敖有话说(2),
时出土,待复核,待复核,46,2,0,1,1,李敖有话说(2),
李四更,待复核,待复核,46,2,0,1,1,李敖有话说(2),
花保持,待复核,待复核,46,2,0,1,1,李敖有话说(2),
苏联拼,待复核,待复核,46,2,0,1,1,李敖有话说(2),
苏联谈,待复核,待复核,46,2,0,1,2,李敖有话说(2),
詹洪阁,待复核,待复核,46,2,0,1,1,李敖有话说(2),
诸侯约,待复核,待复核,46,2,0,1,1,李敖有话说(2),
马死没,待复核,待复核,46,2,0,1,2,李敖有话说(2),
