姓名,分类,主分类,可信度,出现次数,相关出现,涉及书数,涉及章节数,主要书目,线索
李登辉,政治人物 / 公职人员 / 公共论战 / 选举助选 / 财产债务 / 历史类比引用,政治人物,99,6737,6737,42,661,挑战李敖(2236)；李敖大哥大(1917)；李敖笑傲江湖(795)；李敖颠倒众生(532)；李敖秘密书房(447)；李敖访谈录1990-2018(173)；世论新语(93)；李敖议坛哀思录(89),总统、国民党、像、见、主席、共产党、政治、民进党
蒋介石,政治人物 / 公共论战 / 历史类比引用,政治人物,99,5896,5896,58,922,李敖笑傲江湖(1025)；李敖大哥大(966)；挑战李敖(507)；中国现代史正论(458)；李敖秘密书房(306)；李敖颠倒众生(221)；我梦碎，所以我梦醒(220)；李敖风流自传(169),国民党、总统、像、共产党、见、委员、研究、政府
陈水扁,政治人物 / 公职人员 / 律师代理 / 人权救援 / 通信 / 选举助选 / 公共论战,政治人物,99,4394,4394,32,538,李敖大哥大(1626)；挑战李敖(1062)；李敖颠倒众生(524)；李敖秘密书房(311)；李敖议坛哀思录(260)；李敖访谈录1990-2018(140)；李敖Talk秀(130)；李敖笑傲江湖(125),总统、国民党、民进党、市长、像、政府、见、政治
胡适,通信 / 见面 / 学术 / 学术行政 / 诗文出处 / 公共论战 / 历史类比引用,通信,99,3474,3474,76,547,李敖秘密书房(470)；李敖大哥大(230)；文化论战丹火录(191)；李敖风流自传(180)；李敖快意恩仇录(177)；你笨蛋，你笨蛋(172)；李敖自传与回忆(157)；一个预备军官的日记(137),先生、思想、研究、见、朋友、大学、像、读
宋楚瑜,政治人物 / 党务宣传 / 见面 / 选举助选 / 公共论战,政治人物,99,3281,3281,33,349,挑战李敖(2043)；李敖大哥大(608)；李敖秘密书房(248)；李敖颠倒众生(72)；李敖议坛哀思录(56)；李敖访谈录1990-2018(54)；李敖笑傲江湖(40)；我梦碎，所以我梦醒(30),国民党、总统、像、政治、主席、见、民进党、选举
孙中山,政治人物 / 公共论战 / 历史类比引用,政治人物,99,2413,2413,74,425,李敖笑傲江湖(299)；李敖全集(289)；李敖大哥大(285)；挑战李敖(267)；千秋万岁乌鸦求是合集(160)；李敖秘密书房(115)；我梦碎，所以我梦醒(78)；李敖书函集(67),国民党、主义、像、总统、研究、见、政府、先生
陈文茜,媒体 / 政治人物 / 通信 / 朋友 / 见面 / 公共论战,媒体,99,2248,2248,23,227,李敖大哥大(1368)；挑战李敖(303)；李敖书序集续集(161)；李敖秘密书房(117)；李敖Talk秀(62)；李敖访谈录1990-2018(61)；李敖笑傲江湖(41)；虽千万人，李敖往矣(34),节目、民进党、像、电视、总统、政治、委员、法院
殷海光,学术 / 师生 / 见面 / 出版 / 公共论战 / 诗文出处 / 历史类比引用,学术,99,1874,1874,52,223,千秋万岁乌鸦求是合集(276)；李敖快意恩仇录(246)；李敖全集(227)；李敖风流自传(216)；李敖笑傲江湖(137)；李敖回忆录(70)；李敖语录(60)；李敖大哥大(55),国民党、台大、见、学生、大学、思想、教授、师母
马英九,政治人物 / 公共论战 / 选举助选,政治人物,99,1832,1832,22,290,李敖大哥大(575)；挑战李敖(365)；李敖秘密书房(209)；李敖议坛哀思录(143)；李敖颠倒众生(123)；虽千万人，李敖往矣(93)；李敖笑傲江湖(87)；我梦碎，所以我梦醒(77),国民党、市长、像、总统、见、政府、政治、民进党
蒋经国,政治人物 / 公共论战 / 历史类比引用,政治人物,99,1782,1782,51,496,李敖笑傲江湖(341)；李敖大哥大(307)；挑战李敖(244)；千秋万岁乌鸦求是合集(90)；李敖语录(74)；李敖颠倒众生(64)；李敖秘密书房(56)；李敖Talk秀(44),总统、国民党、政治、见、像、儿子、共产党、院长
上帝李,主剧情人物 / 小说剧本人物,主剧情人物,99,1744,1744,4,47,阳痿美国(1740)；李敖访谈录1990-2018(2)；李敖风流自传(1)；李敖相关(1),总统、像、主义、见、政府、太太、将军、政治
连战,政治人物 / 公职人员 / 选举助选 / 公共论战,政治人物,99,1680,1680,23,302,挑战李敖(819)；李敖大哥大(390)；李敖秘密书房(184)；李敖颠倒众生(60)；李敖笑傲江湖(52)；李敖访谈录1990-2018(40)；李敖议坛哀思录(30)；虽千万人，李敖往矣(28),国民党、总统、像、主席、见、选举、民进党、政治
萧孟能,出版 / 出版管制 / 财产债务 / 公共论战 / 历史类比引用,出版,99,1679,1679,47,203,李敖自传与回忆续集(545)；李敖回忆录(145)；李敖书简集(124)；李敖风流自传(110)；李敖快意恩仇录(74)；李敖书信集(68)；李敖书牍集(52)；李敖书笺集(40),文星、法院、见、诬告、太太、判决、所谓、杂志
孔子,诗文出处 / 学术 / 历史类比引用 / 神交引用,诗文出处,99,1457,1457,71,383,李敖语录(102)；李敖大哥大(92)；独白下的传统(85)；千秋万岁乌鸦求是合集(81)；中国命研究(74)；李敖笑傲江湖(74)；虽千万人，李敖往矣(67)；挑战李敖(55),见、像、思想、学生、诗、读、所谓、研究
张学良,军事人物 / 政治人物 / 公共论战 / 历史类比引用,军事人物,99,1420,1420,32,106,中国现代史正论(558)；李敖笑傲江湖(267)；李敖大哥大(212)；李敖颠倒众生(153)；李敖Talk秀(47)；李敖语录(33)；李敖书启集(19)；世论新语(12),国民党、见、共产党、将军、政府、一起、主义、告诉我
彭明敏,政治异议者 / 人权救援 / 公共论战,政治异议者,99,1261,1261,34,240,李敖大哥大(281)；李敖笑傲江湖(191)；李敖快意恩仇录(174)；挑战李敖(142)；李敖风流自传(96)；李敖回忆录(55)；李敖颠倒众生(52)；李敖五五日记(29),国民党、总统、台独、朋友、见、政治、像、老师
李远哲,科学家 / 学术 / 学术行政 / 选举助选 / 公共论战,科学家,99,1153,1153,20,162,挑战李敖(499)；李敖大哥大(226)；李敖秘密书房(210)；李敖颠倒众生(57)；李敖笑傲江湖(43)；李敖议坛哀思录(30)；李敖Talk秀(23)；李敖随写录前集(22),研究、中央研究院、院长、像、总统、学术、见、国民党
胡茵梦,情感 / 姻亲 / 财产信托 / 诉讼 / 媒体 / 出版,情感,99,1145,1145,40,212,李敖秘密书房(146)；李敖大哥大(131)；李敖回忆录(112)；挑战李敖(82)；李敖自传与回忆续集(72)；李敖书简集(70)；李敖风流自传(64)；千秋万岁乌鸦求是合集(51),离婚、结婚、妻、见、国民党、像、电话、记者
胡秋原,公共论战 / 诉讼 / 学术 / 出版 / 党务宣传 / 左派转向 / 诗文出处 / 历史类比引用,公共论战,99,1126,1126,46,159,中国现代史定论(207)；文化论战丹火录(112)；李敖笑傲江湖(103)；千秋万岁乌鸦求是合集(79)；李敖回忆录(78)；李敖快意恩仇录(67)；李敖风流自传(58)；李敖自传与回忆(55),国民党、文星、法院、委员、见、台大、杂志、所谓
上帝,宗教人物 / 神交引用,宗教人物,99,1118,1118,69,332,阳痿美国(110)；虚拟的十七岁(90)；红色11(72)；李敖秘密书房(67)；挑战李敖(66)；上山·上山·爱(60)；李敖大哥大(56)；李敖语录(53),像、见、国民党、诗、朋友、哲学、古代、总统
耶稣,宗教人物 / 历史类比引用 / 神交引用,宗教人物,99,1029,1029,72,330,李敖笑傲江湖(105)；红色11(100)；挑战李敖(68)；李敖秘密书房(58)；李敖大哥大(49)；中国近代史新论(46)；李敖风流自传(35)；虚拟的十七岁(31),像、见、一起、思想、总统、政治、问我、国民党
龙头,主剧情人物 / 小说剧本人物 / 政治异议者 / 同案狱友 / 刑求受害 / 出版,主剧情人物,99,802,802,1,5,红色11(802),共产党、像、见、国民党、老师、朋友、政府、脚镣
毛泽东,政治人物 / 公共论战 / 历史类比引用,政治人物,99,754,754,47,251,我是天安门(136)；虽千万人，李敖往矣(107)；李敖笑傲江湖(84)；李敖大哥大(62)；李敖访谈录1990-2018(49)；挑战李敖(49)；李敖风流自传(29)；李敖秘密书房(29),国民党、共产党、主席、见、主义、像、太太、政治
李昂,诗文出处 / 出版 / 媒体 / 朋友 / 见面 / 公共论战,诗文出处,99,745,745,11,26,李敖Talk秀(317)；李敖秘密书房(205)；李敖访谈录1990-2018(109)；挑战李敖(68)；李敖五五日记(17)；李敖大哥大(16)；波波颂(5)；李敖随写录前集(3),像、朋友、政治、见、学生、一起、总统、结婚
柏杨,诗文出处 / 政治异议者 / 人权救援 / 公共论战 / 出版,诗文出处,99,742,742,38,114,李敖笑傲江湖(185)；李敖快意恩仇录(145)；李敖大哥大(112)；中国性研究(42)；李敖语录(38)；李敖对话录(28)；李敖秘密书房(28)；李敖风流自传(21),国民党、太太、见、像、政治、读、出版、朋友
马宏祥,通信 / 同学 / 朋友 / 见面 / 出版,通信,99,729,729,37,159,一个预备军官的日记(232)；给马戈的五十封信(145)；大学日记后期乙集(112)；大学日记后期甲集(53)；早年日记(23)；李敖书信集(20)；李敖风流自传(17)；李敖大哥大(13),见、读、诗、来信、朋友、台大、写信、像
许信良,政治人物 / 政治异议者 / 公共论战 / 选举助选,政治人物,99,707,707,26,190,挑战李敖(262)；世论新语(97)；李敖大哥大(92)；李敖颠倒众生(84)；李敖秘密书房(40)；李敖笑傲江湖(22)；李敖访谈录1990-2018(21)；千秋万岁乌鸦求是合集(20),总统、民进党、国民党、政治、像、主席、朋友、见
李庆华,政治人物 / 选举助选 / 见面 / 朋友 / 公共论战,政治人物,99,665,665,14,146,挑战李敖(262)；李敖大哥大(202)；李敖秘密书房(51)；李敖颠倒众生(46)；千秋万岁乌鸦求是合集(20)；李敖议坛哀思录(19)；李敖笑傲江湖(16)；李敖Talk秀(16),主席、总统、见、委员、朋友、像、国民党、选举
吕秀莲,政治人物 / 公共论战 / 选举助选,政治人物,99,641,641,17,127,李敖颠倒众生(161)；李敖大哥大(149)；挑战李敖(139)；李敖秘密书房(82)；李敖Talk秀(39)；李敖访谈录1990-2018(30)；李敖议坛哀思录(11)；李敖笑傲江湖(9),总统、像、政治、刑求、见、民进党、县长、所谓
朱仑,主剧情人物 / 小说剧本人物 / 情感,主剧情人物,99,636,636,3,51,虚拟的十七岁(608)；李敖风流自传(18)；你笨蛋，你笨蛋(10),像、见、太太、诗、哲学、文学、一起、思想
雷震,政治异议者 / 出版 / 媒体 / 同案狱友,政治异议者,99,613,613,48,175,李敖书笺集(70)；李敖大哥大(67)；挑战李敖(59)；李敖风流自传(48)；李敖秘密书房(39)；李敖快意恩仇录(34)；李敖书札集(28)；李敖随写录后集(25),国民党、杂志、朋友、政治、像、见、太太、监狱
鲁迅,诗文出处 / 学术 / 历史类比引用 / 神交引用 / 公共论战,诗文出处,99,606,606,43,142,李敖秘密书房(157)；李敖访谈录1990-2018(138)；李敖大哥大(70)；李敖笑傲江湖(46)；虽千万人，李敖往矣(33)；李敖秘藏日记(26)；挑战李敖(18)；李敖语录(13),像、文学、政治、诗、国民党、共产党、思想、作品
郑南榕,烈士殉难 / 媒体 / 政治异议者 / 公共论战 / 朋友 / 见面 / 通信,烈士殉难,99,597,597,31,120,李敖大哥大(194)；李敖秘藏日记(68)；李敖回忆录(66)；世论新语(37)；李敖风流自传(33)；我最难忘的事和人(28)；挑战李敖(28)；李敖笑傲江湖(20),杂志、政治、国民党、民进党、见、朋友、台独、委员
叶葇,主剧情人物 / 小说剧本人物 / 情感 / 亲属 / 通信,主剧情人物,99,584,584,3,5,上山·上山·爱(575)；李敖风流自传(7)；李敖访谈录1990-2018(2),像、一起、见、诗、哲学、情人、大学、学生
李戡,亲属 / 出版 / 学术 / 公共论战 / 财产信托,亲属,99,558,558,13,66,李敖访谈录1990-2018(436)；虽千万人，李敖往矣(59)；你笨蛋，你笨蛋(24)；李敖风流自传(9)；挑战李敖(7)；李敖议坛哀思录(5)；李敖笑傲江湖(5)；第73烈士(4),李戡、儿子、父亲、大学、读、北大、国民党、记者
马克思,学术 / 公共论战 / 历史类比引用,学术,99,551,551,41,103,李敖书牍集(267)；虽千万人，李敖往矣(37)；我是天安门(30)；李敖回忆录(16)；李敖全集(15)；你笨蛋，你笨蛋(14)；千秋万岁乌鸦求是合集(13)；红色11(13),主义、思想、共产党、见、哲学、著作、读、批评
谢长廷,政治人物 / 律师代理 / 选举助选 / 公共论战,政治人物,99,525,525,24,119,李敖议坛哀思录(232)；李敖大哥大(80)；李敖颠倒众生(45)；挑战李敖(34)；李敖笑傲江湖(29)；李敖秘密书房(24)；李敖访谈录1990-2018(18)；李敖风流自传(10),院长、委员、民进党、主席、总统、朋友、政治、律师
谭嗣同,政治异议者 / 学术 / 历史类比引用 / 神交引用,政治异议者,99,520,520,44,100,北京法源寺(305)；李敖秘密书房(52)；中国近代史新论(16)；李敖访谈录1990-2018(13)；历史与人像(12)；李敖大哥大(9)；要把金针度与人(8)；李敖文存二集(7),像、老师、见、诗、朋友、政府、所谓、父亲
袁世凯,政治人物 / 公共论战 / 历史类比引用,政治人物,99,509,509,45,137,挑战李敖(79)；李敖大哥大(79)；李敖笑傲江湖(77)；北京法源寺(39)；我梦碎，所以我梦醒(29)；历史与人像(26)；第73烈士(24)；李敖秘密书房(19),总统、国民党、政府、见、像、政治、儿子、研究
宋美龄,亲属 / 政治人物 / 公职人员 / 公共论战 / 历史类比引用,亲属,99,485,485,37,120,李敖大哥大(136)；李敖笑傲江湖(112)；挑战李敖(42)；李敖随写录前集(37)；李敖颠倒众生(24)；李敖风流自传(15)；中国艺术新研(15)；李敖访谈录1990-2018(13),夫人、见、太太、总统、国民党、像、院长、所谓
梁启超,学术 / 政治人物 / 诗文出处 / 历史类比引用 / 神交引用,学术,99,479,479,52,166,北京法源寺(112)；李敖秘密书房(40)；李敖全集(30)；李敖语录(27)；挑战李敖(24)；李敖大哥大(24)；李敖笑傲江湖(22)；李敖访谈录1990-2018(18),诗、见、像、老师、学生、思想、大学、读
秦孝仪,学术行政 / 政治人物 / 出版 / 出版管制 / 公共论战 / 历史类比引用,学术行政,99,471,471,24,79,李敖笑傲江湖(161)；中国艺术新研(113)；李敖大哥大(43)；李敖颠倒众生(39)；李敖书启集(24)；千秋万岁乌鸦求是合集(20)；挑战李敖(18)；李敖秘密书房(12),出版、国民党、院长、法院、见、像、总统、律师
钱穆,学术 / 诗文出处 / 历史类比引用 / 神交引用,学术,99,468,468,37,87,李敖大哥大(106)；李敖自传与回忆续集(65)；李敖回忆录(44)；李敖风流自传(43)；我最难忘的事和人(28)；李敖语录(20)；为中国思想趋向求答案(18)；我梦碎，所以我梦醒(13),读、政府、研究、大学、见、学生、学者、国民党
达赖喇嘛,宗教人物 / 政治人物 / 公共论战 / 人权救援,宗教人物,99,466,466,18,36,我是天安门(123)；世论新语(94)；阳痿美国(73)；我梦碎，所以我梦醒(41)；挑战李敖(32)；上山·上山·爱(25)；李敖笑傲江湖(18)；李敖秘密书房(16),委员、政府、见、主义、总统、所谓、宣传、访问
居浩然,诗文出处 / 学术 / 出版 / 朋友 / 公共论战,诗文出处,99,455,455,30,57,李敖书序集(128)；千秋万岁乌鸦求是合集(83)；李敖文存(59)；李敖语录(30)；李敖风流自传(26)；文化论战丹火录(23)；李敖快意恩仇录(20)；李敖书翰集(15),居浩然、太太、朋友、见、读、大学、文星、国民党
张俊宏,政治人物 / 政治异议者 / 媒体 / 财产债务 / 诉讼 / 公共论战,政治人物,99,453,453,24,70,李敖大哥大(178)；李敖颠倒众生(124)；挑战李敖(55)；李敖笑傲江湖(22)；千秋万岁乌鸦求是合集(17)；李敖随写录前集(13)；李敖语录(6)；李敖Talk秀(6),民进党、电视、委员、一起、朋友、政治、主席、见
魏廷朝,朋友 / 创作资料协助 / 政治异议者 / 公共论战,朋友,99,452,452,35,120,挑战李敖(69)；李敖风流自传(65)；李敖回忆录(46)；李敖快意恩仇录(34)；李敖秘藏日记(29)；李敖自传与回忆续集(27)；千秋万岁乌鸦求是合集(19)；李敖笑傲江湖(16),朋友、台独、见、国民党、一起、政治、同学、同案
周伯伦,政治人物 / 媒体 / 诉讼 / 公共论战 / 见面,政治人物,99,442,442,9,25,李敖大哥大(391)；李敖颠倒众生(22)；挑战李敖(14)；李敖秘藏日记(6)；李敖笑傲江湖(3)；李敖议坛哀思录(2)；李敖访谈录1990-2018(2)；李敖札记(1),民进党、法院、调查局、委员、国民党、判决、记者、主席
景新汉,同学 / 见面 / 通信 / 朋友,同学,99,442,442,21,87,一个预备军官的日记(208)；给马戈的五十封信(67)；早年日记(60)；大学日记后期甲集(35)；大学日记后期乙集(32)；李敖的情诗(6)；李敖回忆录(5)；李敖情书集(5),见、诗、来信、读、写信、朋友、福利社、像
关公,军事人物 / 宗教人物 / 历史类比引用 / 神交引用,军事人物,99,435,435,39,89,李敖笑傲江湖(117)；李敖大哥大(60)；一个预备军官的日记(53)；上下古今谈(51)；李敖语录(29)；虽千万人，李敖往矣(17)；挑战李敖(12)；李敖快意恩仇录(9),像、见、历史上、一起、师长、太太、将军、所谓
严侨,师生 / 学术 / 朋友 / 见面 / 政治异议者 / 同案狱友 / 人权救援,师生,99,428,428,24,53,李敖自传与回忆(149)；李敖回忆录(87)；李敖风流自传(76)；你笨蛋，你笨蛋(47)；李敖笑傲江湖(23)；李敖快意恩仇录(9)；李敖大哥大(9)；一个预备军官的日记(4),老师、国民党、见、师母、共产党、像、告诉我、学生
希特勒,政治人物 / 公共论战 / 历史类比引用 / 神交引用,政治人物,99,427,427,34,117,李敖大哥大(133)；挑战李敖(112)；李敖笑傲江湖(35)；李敖秘密书房(33)；千秋万岁乌鸦求是合集(17)；李敖语录(16)；上下古今谈(12)；李敖全集(7),像、国民党、总统、见、一起、委员、民进党、选举
谢聪敏,政治人物 / 人权救援 / 创作资料协助 / 公共论战,政治人物,99,426,426,28,128,李敖风流自传(82)；李敖快意恩仇录(48)；李敖回忆录(35)；李敖大哥大(35)；李敖新刊(26)；挑战李敖(26)；李敖笑傲江湖(21)；李敖随写录后集(18),台独、国民党、朋友、政治、一起、委员、见、同学
余纪忠,媒体 / 出版 / 见面 / 朋友 / 诉讼 / 公共论战,媒体,99,425,425,27,71,李敖大哥大(324)；李敖快意恩仇录(17)；李敖书札集(11)；世论新语(9)；李敖回忆录(7)；李敖风流自传(7)；早年日记(6)；李敖笑傲江湖(5),国民党、报纸、像、政治、见、中将、先生、老师
郝柏村,军事人物 / 政治人物 / 公职人员 / 选举助选 / 公共论战,军事人物,99,422,422,22,124,挑战李敖(115)；李敖笑傲江湖(70)；李敖大哥大(65)；千秋万岁乌鸦求是合集(47)；李敖颠倒众生(27)；李敖随写录前集(25)；李敖Talk秀(11)；虽千万人，李敖往矣(9),院长、总统、国民党、像、法院、委员、见、民进党
余三共,主剧情人物 / 小说剧本人物 / 同案狱友 / 政治异议者 / 刑求受害,主剧情人物,99,411,411,1,5,红色11(411),共产党、像、见、国民党、学生、朋友、老师、主义
冯沪祥,学术 / 政治人物 / 朋友 / 创作资料协助 / 公共论战,学术,99,409,409,18,92,李敖大哥大(192)；挑战李敖(144)；李敖颠倒众生(21)；李敖笑傲江湖(15)；李敖秘密书房(7)；千秋万岁乌鸦求是合集(6)；李敖议坛哀思录(5)；李敖书笺集(5),总统、委员、像、见、法院、国民党、朋友、民进党
慈禧,政治人物 / 历史类比引用 / 神交引用,政治人物,99,408,408,37,108,北京法源寺(99)；中国命研究(71)；中国性研究(27)；李敖秘密书房(26)；挑战李敖(24)；李敖语录(21)；李敖笑傲江湖(21)；独白下的传统(19),见、政治、像、政府、国民党、儿子、《火烧圆明园》和《垂帘听政》、古代
陈鼓应,学术 / 师生 / 同学 / 公共论战,学术,99,406,406,31,84,一个预备军官的日记(91)；李敖书信集(67)；李敖书札集(60)；千秋万岁乌鸦求是合集(46)；大学日记后期乙集(16)；早年日记(14)；李敖札记(14)；李敖语录(12),见、朋友、国民党、学生、大学、台大、像、政治
姚从吾,师生 / 学术 / 见面 / 创作资料协助,师生,99,404,404,30,78,李敖自传与回忆(167)；李敖回忆录(54)；李敖风流自传(50)；李敖快意恩仇录(18)；一个预备军官的日记(12)；你笨蛋，你笨蛋(11)；李敖新刊(11)；早年日记(11),老师、研究、见、教授、台大、北大、助理、先生
林正杰,政治人物 / 媒体 / 公共论战 / 通信 / 情感,政治人物,99,401,401,31,120,世论新语(140)；千秋万岁乌鸦求是合集(62)；求是新语(30)；李敖书函集(23)；李敖书札集(19)；李敖秘藏日记(17)；李敖随写录前集(10)；李敖笑傲江湖(10),国民党、民进党、杂志、法院、政治、见、选举、朋友
康宁祥,政治人物 / 政治异议者 / 选举助选 / 公共论战 / 历史类比引用,政治人物,99,400,400,33,94,李敖对话录(95)；李敖大哥大(42)；千秋万岁乌鸦求是合集(32)；李敖书简集(32)；李敖书札集(26)；李敖语录(24)；李敖颠倒众生(21)；世论新语(14),国民党、委员、像、见、法院、政治、立委、民进党
曹操,政治人物 / 军事人物 / 诗文出处 / 历史类比引用 / 公共论战,政治人物,99,395,395,40,97,李敖笑傲江湖(95)；李敖秘密书房(39)；要把金针度与人(35)；上下古今谈(24)；李敖文存二集(22)；李敖语录(20)；读史指南(19)；独白下的传统(16),见、儿子、像、历史上、读、女儿、太太、诗
蒋纬国,军事人物 / 政治人物 / 亲属 / 诉讼 / 财产债务 / 公共论战 / 历史类比引用,军事人物,99,394,394,20,54,李敖笑傲江湖(291)；李敖大哥大(25)；世论新语(13)；求是新语(11)；挑战李敖(10)；李敖书函集(9)；李敖五五日记(6)；李敖报刊集(5),像、儿子、书里、将军、爸爸、夫人、见、太太
蔡同荣,政治人物 / 媒体 / 财产债务 / 诉讼 / 公共论战,政治人物,99,391,391,13,62,李敖大哥大(140)；李敖颠倒众生(123)；挑战李敖(62)；李敖议坛哀思录(26)；李敖访谈录1990-2018(8)；我梦碎，所以我梦醒(6)；李敖笑傲江湖(6)；李敖风流自传(5),民进党、电视、委员、国民党、像、一起、法院、立委
孟子,学术 / 历史类比引用 / 神交引用,学术,99,386,386,62,194,要把金针度与人(41)；挑战李敖(31)；虽千万人，李敖往矣(23)；第73烈士(21)；李敖语录(17)；李敖笑傲江湖(16)；李敖大哥大(16)；中国命研究(15),思想、见、诗、所谓、古代、像、父亲、读
康有为,学术 / 政治人物 / 出版 / 主剧情人物 / 小说剧本人物 / 历史类比引用 / 神交引用,学术,99,376,376,26,70,北京法源寺(213)；李敖秘密书房(77)；中国近代史新论(13)；李敖访谈录1990-2018(11)；要把金针度与人(11)；挑战李敖(8)；中国艺术新研(6)；李敖大哥大(5),见、像、老师、诗、政治、思想、学生、共产党
李翰祥,媒体 / 文艺音乐 / 朋友 / 见面 / 公共论战 / 创作资料协助,媒体,99,360,360,29,58,李敖笑傲江湖(97)；李敖快意恩仇录(52)；中国命研究(44)；李敖秘密书房(31)；中国性研究(27)；千秋万岁乌鸦求是合集(19)；李敖语录(19)；李敖回忆录(10),国民党、导演、朋友、太太、像、一起、见、家里
林肯,政治人物 / 历史类比引用 / 神交引用,政治人物,99,355,355,40,128,阳痿美国(105)；挑战李敖(28)；李敖Talk秀(27)；李敖大哥大(25)；李敖笑傲江湖(24)；坐牢家爸爸给女儿的八十封信(14)；虽千万人，李敖往矣(13)；李敖秘密书房(9),总统、像、儿子、主义、见、朋友、妈妈、部长
施启扬,司法人员 / 政治人物 / 同学 / 通信 / 公共论战,司法人员,99,353,353,36,104,我最难忘的事和人(70)；李敖风流自传(34)；挑战李敖(29)；李敖快意恩仇录(25)；世论新语(19)；李敖大哥大(18)；李敖回忆录(16)；李敖随写录前集(15),同学、国民党、学生、法务部、院长、法院、部长、见
谢启大,政治人物 / 司法人员 / 公共论战,政治人物,99,353,353,7,51,李敖大哥大(280)；挑战李敖(55)；李敖秘密书房(13)；李敖笑傲江湖(2)；李敖风流自传(1)；李敖颠倒众生(1)；李敖Talk秀(1),委员、国民党、像、主席、民进党、法院、朋友、总统
朱婉坚,出版 / 财产债务 / 诉讼 / 证人见证 / 通信 / 姻亲,出版,99,340,340,22,52,李敖自传与回忆续集(174)；李敖对话录(37)；李敖回忆录(18)；你笨蛋，你笨蛋(18)；李敖风流自传(16)；李敖快意恩仇录(15)；李敖大哥大(10)；李敖书启集(7),文星、太太、妻、书店、出版、离婚、法院、见
徐复观,学术 / 出版 / 诉讼 / 公共论战,学术,99,339,339,43,99,千秋万岁乌鸦求是合集(60)；李敖快意恩仇录(37)；李敖文存(25)；文化论战丹火录(22)；我梦碎，所以我梦醒(20)；李敖风流自传(15)；李敖书简集(15)；李敖书信集(10),国民党、见、像、朋友、学术、法院、法官、读
郁慕明,政治人物 / 诉讼 / 朋友 / 公共论战 / 见面,政治人物,99,331,331,20,61,李敖大哥大(74)；李敖秘密书房(67)；李敖笑傲江湖(60)；李敖书笺集(30)；李敖书信集(26)；挑战李敖(20)；求是新语(10)；李敖风流自传(9),国民党、朋友、发行、像、立委、杂志、出版、推事
诸葛亮,政治人物 / 军事人物 / 历史类比引用,政治人物,99,321,321,53,116,李敖笑傲江湖(83)；李敖大哥大(27)；虽千万人，李敖往矣(23)；挑战李敖(21)；李敖语录(19)；爱情的秘密(13)；世论新语(11)；李敖Talk秀(10),像、政治、见、历史上、国民党、主义、古代、出版
小布什,政治人物 / 主剧情人物 / 小说剧本人物 / 历史类比引用,政治人物,99,313,313,8,35,阳痿美国(267)；李敖大哥大(34)；李敖议坛哀思录(4)；李敖访谈录1990-2018(3)；你笨蛋，你笨蛋(2)；李敖风流自传(1)；我梦碎，所以我梦醒(1)；虽千万人，李敖往矣(1),总统、像、见、一起、大学、政府、序、儿子
施寄青,诗文出处 / 人权救援 / 朋友 / 见面 / 公共论战,诗文出处,99,310,310,11,26,李敖秘密书房(171)；李敖Talk秀(55)；李敖大哥大(45)；挑战李敖(26)；李敖书序集续集(6)；李敖五五日记(2)；李敖回忆录(1)；李敖风流自传(1),老师、像、施寄青老师、朋友、离婚、律师、节目、见
陈定南,政治人物 / 公职人员 / 司法人员 / 公共论战,政治人物,99,309,309,8,62,李敖大哥大(200)；李敖颠倒众生(52)；李敖Talk秀(23)；世论新语(16)；挑战李敖(6)；你是景福门(5)；李敖秘密书房(5)；李敖随写录前集(2),法务部、部长、检察官、总统、民进党、像、政府、调查局
李文,亲属 / 财产债务 / 财产信托 / 公共论战 / 通信 / 创作资料协助,亲属,99,308,308,25,48,李敖访谈录1990-2018(190)；坐牢家爸爸给女儿的八十封信(24)；李敖自传与回忆续集(14)；文化论战丹火录(14)；你笨蛋，你笨蛋(13)；李敖快意恩仇录(8)；李敖风流自传(8)；李敖语录(6),李文、女儿、爸爸、一起、见、母亲、记者、采访
李师科,烈士殉难 / 社会案件 / 老兵士官,烈士殉难,99,305,305,16,22,第73烈士(241)；李敖语录(29)；千秋万岁乌鸦求是合集(12)；李敖颠倒众生(3)；李敖大哥大(3)；李敖风流自传(2)；你笨蛋，你笨蛋(2)；李敖书信集(2),像、政府、女儿、国民党、见、警察、将军、读
章太炎,学术 / 诗文出处 / 出版 / 政治异议者 / 公共论战 / 历史类比引用,学术,99,305,305,43,83,中国近代史新论(79)；李敖笑傲江湖(33)；第73烈士(23)；李敖书序集(17)；要把金针度与人(17)；李敖秘密书房(14)；为历史拨云(11)；李敖语录(9),见、国民党、序、学生、像、读、老师、大学
苏秋镇,政治人物 / 政治异议者 / 公共论战 / 见面,政治人物,99,305,305,26,74,李敖书信集(86)；李敖秘藏日记(26)；李敖书札集(23)；世论新语(19)；千秋万岁乌鸦求是合集(18)；李敖大哥大(17)；李敖五五日记(15)；挑战李敖(15),国民党、法院、立委、见、委员、朋友、政治、杂志
罗斯福,政治人物 / 神交引用,政治人物,99,304,304,39,112,李敖大哥大(107)；挑战李敖(41)；李敖秘密书房(36)；李敖文存二集(13)；李敖语录(12)；李敖笑傲江湖(10)；李敖议坛哀思录(9)；为自由招魂(9),总统、像、见、法官、一起、政府、主义、助理
邓小平,政治人物 / 公共论战 / 历史类比引用 / 神交引用,政治人物,99,304,304,24,110,挑战李敖(104)；李敖访谈录1990-2018(35)；你笨蛋，你笨蛋(26)；我是天安门(24)；李敖大哥大(23)；虽千万人，李敖往矣(15)；李敖随写录前集(12)；李敖秘密书房(11),共产党、见、总统、主义、同学、大学、所谓、国民党
刘家昌,媒体 / 文艺音乐 / 情感 / 公共论战 / 见面,媒体,99,299,299,23,65,挑战李敖(68)；李敖秘密书房(49)；中国性研究(34)；李敖大哥大(25)；李敖笑傲江湖(22)；李敖回忆录(17)；李敖风流自传(17)；千秋万岁乌鸦求是合集(16),朋友、国民党、导演、像、记者、太太、见、爸爸
苏贞昌,政治人物 / 公职人员 / 公共论战,政治人物,99,298,298,13,44,李敖议坛哀思录(252)；挑战李敖(13)；李敖颠倒众生(10)；李敖大哥大(10)；李敖秘密书房(3)；虽千万人，李敖往矣(2)；李敖对话录(2)；你是景福门(1),院长、委员、民进党、主席、法院、律师、台独、像
陈彦增,同学 / 朋友 / 见面 / 通信 / 证人见证 / 出版 / 公共论战,同学,99,298,298,22,88,一个预备军官的日记(115)；大学日记后期乙集(40)；早年日记(26)；大学日记后期甲集(15)；李敖五五日记(15)；李敖风流自传(12)；李敖随写录前集(11)；给马戈的五十封信(9),见、朋友、读、台大、诗、来信、大学、像
李焕,政治人物 / 党务宣传 / 公共论战,政治人物,99,297,297,23,81,世论新语(77)；李敖风流自传(35)；李敖书函集(33)；李敖快意恩仇录(26)；李敖笑傲江湖(23)；千秋万岁乌鸦求是合集(22)；李敖大哥大(16)；求是新语(14),国民党、院长、见、报导、总统、法院、爸爸、请我
李济,学术 / 学术行政 / 公共论战,学术,99,295,295,27,46,教育与脸谱(149)；李敖快意恩仇录(23)；李敖文存(18)；你笨蛋，你笨蛋(14)；千秋万岁乌鸦求是合集(13)；李敖语录(13)；李敖书启集(13)；李敖回忆录(10),研究、中央研究院、学术、见、院长、大学、出版、所长
尤清,公职人员 / 政治人物 / 律师代理 / 政治异议者 / 人权救援 / 公共论战,公职人员,99,294,294,32,113,李敖对话录(42)；世论新语(35)；挑战李敖(22)；求是新语(20)；李敖议坛哀思录(19)；李敖秘藏日记(16)；李敖语录(15)；李敖颠倒众生(15),民进党、县长、国民党、见、律师、像、政治、委员
刘邦,历史类比引用 / 政治人物 / 军事人物 / 神交引用,历史类比引用,99,292,292,42,96,李敖大哥大(36)；李敖颠倒众生(34)；李敖笑傲江湖(30)；独白下的传统(27)；北京法源寺(16)；挑战李敖(13)；要把金针度与人(11)；中国命研究(11),见、像、儿子、太太、朋友、政治、书中、历史上
冯翊纲,文艺音乐 / 媒体 / 见面 / 诗文出处,文艺音乐,99,291,291,1,1,李敖秘密书房(291),冯翊纲：、像、妈妈、朋友、节目、见、爸爸、一起
辜振甫,政治人物 / 财产债务 / 财产信托 / 公共论战 / 通信,政治人物,99,288,288,23,71,李敖书简集(87)；挑战李敖(32)；李敖大哥大(28)；李敖回忆录(24)；李敖快意恩仇录(15)；世论新语(15)；李敖自传与回忆(12)；李敖风流自传(11),先生、信托、师母、国民党、政府、弟弟、见、像
蒋廷黻,学术 / 政治人物 / 诗文出处 / 历史类比引用 / 公共论战 / 神交引用,学术,99,287,287,32,54,李敖文存(112)；教育与脸谱(58)；李敖语录(20)；中国近代史新论(19)；李敖秘密书房(10)；传统下的再白(7)；李敖快意恩仇录(5)；李敖风流自传(5),序、出版、主义、政治、研究、文星、像、读
孙悟空,虚拟人物 / 小说剧本人物 / 历史类比引用,虚拟人物,99,285,285,39,81,挑战李敖(50)；李敖大哥大(42)；李敖全集(35)；李敖颠倒众生(19)；文化论战丹火录(14)；李敖语录(14)；千秋万岁乌鸦求是合集(10)；中国命研究(10),像、查禁、见、情书、思想、大学、论战、将军
王世杰,政治人物 / 学术行政 / 公共论战 / 公款经费 / 财产债务,政治人物,99,284,284,35,79,传统下的再白(32)；李敖大哥大(30)；李敖快意恩仇录(27)；李敖风流自传(23)；李敖文存(21)；李敖秘密书房(14)；李敖自传与回忆(12)；我梦碎，所以我梦醒(12),研究、院长、中央研究院、部长、见、国民党、序、老师
黄珊珊,律师代理 / 政治人物 / 见面 / 公共论战,律师代理,99,282,282,5,8,李敖秘密书房(271)；李敖大哥大(6)；李敖议坛哀思录(2)；李敖风流自传(2)；波波颂(1),黄珊珊：、律师、像、法官、警察、政府、碰到、诗
刘宜良,媒体 / 出版 / 烈士殉难 / 政治异议者 / 历史类比引用,媒体,99,281,281,32,78,波波颂(55)；千秋万岁乌鸦求是合集(23)；李敖秘密书房(22)；李敖笑傲江湖(21)；挑战李敖(21)；李敖大哥大(18)；李敖快意恩仇录(17)；李敖秘藏日记(15),国民党、母亲、像、见、诗、政府、朋友、记者
乾隆,历史类比引用 / 政治人物 / 神交引用,历史类比引用,99,277,277,36,89,中国艺术新研(56)；读史指南(26)；中国近代史新论(22)；北京法源寺(19)；中国命研究(19)；你笨蛋，你笨蛋(18)；要把金针度与人(14)；李敖笑傲江湖(10),诗、见、像、序、学者、儿子、大学、查禁
孟祥柯,朋友 / 见面 / 创作资料协助 / 媒体,朋友,99,273,273,37,100,李敖回忆录(23)；李敖自传与回忆续集(21)；李敖快意恩仇录(20)；李敖书札集(17)；李敖风流自传(16)；千秋万岁乌鸦求是合集(16)；李敖对话录(16)；李敖书信集(15),国民党、见、问我、朋友、政治、电话、像、离婚
余光中,学术 / 出版 / 见面 / 通信 / 朋友 / 公共论战 / 学术考证引用,学术,99,268,268,44,93,李敖笑傲江湖(28)；李敖快意恩仇录(24)；爱情的秘密(22)；李敖风流自传(20)；李敖语录(15)；文化论战丹火录(14)；李敖访谈录1990-2018(11)；李敖情书集(11),诗、文星、见、朋友、国民党、文学、出版、像
李善培,朋友 / 见面 / 邻居 / 通信 / 财产债务,朋友,99,266,266,17,46,一个预备军官的日记(150)；早年日记(48)；大学日记后期甲集(15)；大学日记后期乙集(12)；李敖快意恩仇录(8)；李敖情书集(6)；给马戈的五十封信(6)；李敖回忆录(5),见、太太、读、来信、像、一起、诗、送我
李放,亲属 / 称谓待考 / 通信,亲属,99,265,265,27,61,李敖书简集(40)；李敖自传与回忆(34)；李敖秘藏日记(30)；李敖书信集(27)；李敖自传与回忆续集(24)；李敖回忆录(19)；李敖五五日记(16)；传统下的独白(10),见、弟弟、妈妈、电话、推事、法院、警察、序
陶希圣,政治人物 / 学术 / 诗文出处 / 公共论战 / 见面 / 历史类比引用,政治人物,99,264,264,27,49,李敖回忆录(68)；李敖自传与回忆(57)；李敖风流自传(46)；李敖大哥大(24)；千秋万岁乌鸦求是合集(14)；李敖笑傲江湖(9)；文化论战丹火录(6)；李敖快意恩仇录(5),国民党、老师、见、委员、儿子、文星、北大、研究
罗素,诗文出处 / 学术 / 历史类比引用 / 神交引用 / 出版,诗文出处,99,263,263,49,128,李敖秘密书房(26)；千秋万岁乌鸦求是合集(23)；李敖大哥大(23)；李敖语录(18)；李敖全集(17)；挑战李敖(16)；李敖对话录(13)；李敖笑傲江湖(13),哲学、思想、像、主义、读、见、太太、文学
斯大林,政治人物 / 公共论战 / 历史类比引用,政治人物,99,261,261,35,88,李敖大哥大(67)；我是天安门(19)；李敖书牍集(19)；李敖笑傲江湖(16)；李敖文存二集(15)；为自由招魂(14)；中国现代史定论(14)；挑战李敖(12),见、共产党、主义、政府、国民党、像、政治、总统
王剑芬,情感 / 姻亲 / 财产信托 / 财产债务 / 诉讼,情感,99,261,261,16,31,李敖自传与回忆续集(73)；李敖书函集(52)；李敖书简集(32)；李敖书札集(25)；李敖情书集(16)；李敖书牍集(15)；李敖书笺集(12)；李敖回忆录(10),法院、见、警察、判决、所谓、太太、过户、妻
苏轼,诗文出处 / 学术 / 历史类比引用 / 神交引用,诗文出处,99,256,256,44,113,中国艺术新研(38)；李敖访谈录1990-2018(28)；虚拟的十七岁(23)；李敖大哥大(21)；虽千万人，李敖往矣(20)；李敖笑傲江湖(13)；李敖语录(10)；要把金针度与人(10),诗、像、见、古人、苏东坡、思想、朋友、读
张桂贞,亲属 / 诉讼 / 创作资料协助 / 财产债务,亲属,99,254,254,23,39,李敖自传与回忆续集(67)；李敖快意恩仇录(47)；千秋万岁乌鸦求是合集(37)；李敖书笺集(25)；李敖书简集(13)；李敖笑傲江湖(10)；李敖风流自传(8)；虽千万人，李敖往矣(8),判决、法官、法院、出版、母亲、政府、所谓、见
王作荣,师生 / 学术 / 政治人物 / 公共论战,师生,99,249,249,10,35,李敖大哥大(103)；李敖笑傲江湖(64)；挑战李敖(30)；李敖快意恩仇录(25)；李敖风流自传(11)；李敖颠倒众生(7)；李敖秘密书房(5)；虽千万人，李敖往矣(2),老师、国民党、院长、总统、节目、像、告诉我、批评
李杰,军事人物 / 政治人物 / 公共论战,军事人物,99,245,245,7,41,李敖议坛哀思录(217)；李敖风流自传(11)；我梦碎，所以我梦醒(7)；虽千万人，李敖往矣(4)；李敖访谈录1990-2018(3)；李敖Talk秀(2)；你笨蛋，你笨蛋(1),部长、委员、主席、军购、法院、见、像、共产党
孙立人,军事人物 / 政治人物 / 被害人 / 诉讼 / 公共论战 / 历史类比引用,军事人物,99,244,244,28,49,李敖笑傲江湖(77)；李敖大哥大(34)；李敖书序集(23)；千秋万岁乌鸦求是合集(21)；李敖语录(14)；李敖随写录后集(8)；我梦碎，所以我梦醒(7)；李敖札记(7),将军、司令、见、研究、像、参谋、总统、军长
周恩来,政治人物 / 公共论战 / 历史类比引用,政治人物,99,243,243,27,86,李敖大哥大(52)；中国现代史正论(34)；李敖笑傲江湖(28)；中国现代史定论(23)；虽千万人，李敖往矣(13)；李敖颠倒众生(12)；求是新语(11)；李敖访谈录1990-2018(11),共产党、国民党、见、政治、像、电报、委员、一起
王尚义,同学 / 朋友 / 出版 / 创作资料协助 / 通信,同学,99,241,241,21,41,李敖自传与回忆续集(87)；李敖书信集(50)；一个预备军官的日记(22)；李敖快意恩仇录(20)；李敖风流自传(12)；千秋万岁乌鸦求是合集(11)；李敖访谈录1990-2018(6)；李敖书翰集(6),朋友、读、妹妹、台大、弟弟、出版、学生、哥哥
许荣淑,政治人物 / 政治异议者 / 亲属 / 出版 / 人权救援 / 通信 / 公共论战,政治人物,99,240,240,29,70,李敖大哥大(96)；挑战李敖(32)；李敖议坛哀思录(25)；李敖颠倒众生(25)；李敖风流自传(7)；李敖对话录(5)；李敖书信集(5)；李敖书简集(5),委员、民进党、国民党、杂志、法院、太太、一起、政治
梁实秋,学术 / 出版 / 诗文出处 / 历史类比引用 / 神交引用,学术,99,239,239,39,88,李敖快意恩仇录(46)；李敖秘密书房(39)；李敖大哥大(26)；李敖风流自传(14)；李敖笑傲江湖(13)；李敖自传与回忆(9)；李敖情书集(9)；虽千万人，李敖往矣(8),先生、文星、国民党、见、研究、老师、朋友、写信
丘吉尔,政治人物 / 诗文出处 / 历史类比引用 / 神交引用,政治人物,99,237,237,33,101,挑战李敖(44)；李敖大哥大(38)；李敖秘密书房(32)；李敖议坛哀思录(13)；李敖语录(13)；李敖书信集(12)；虽千万人，李敖往矣(11)；李敖笑傲江湖(10),像、政治、总统、一起、国民党、见、文学、广播
朱高正,政治人物 / 公共论战 / 党务宣传,政治人物,99,236,236,23,61,李敖书牍集(34)；你是景福门(32)；李敖随写录前集(30)；李敖笑傲江湖(29)；李敖新刊(16)；千秋万岁乌鸦求是合集(15)；挑战李敖(14)；李敖书函集(13),民进党、法院、委员、国民党、立委、政治、见、像
傅斯年,学术 / 学术行政 / 诗文出处 / 公共论战 / 历史类比引用,学术,99,234,234,36,67,教育与脸谱(38)；中国现代史定论(31)；李敖秘密书房(31)；李敖书启集(22)；李敖笑傲江湖(22)；李敖大哥大(19)；李敖自传与回忆(7)；李敖文存(7),大学、研究、见、中央研究院、学生、台大、先生、朋友
王晓波,学术 / 政治异议者 / 公共论战,学术,99,232,232,25,50,李敖书札集(86)；千秋万岁乌鸦求是合集(21)；挑战李敖(20)；李敖快意恩仇录(13)；李敖全集(13)；李敖书信集(11)；李敖秘密书房(11)；李敖颠倒众生(9),台大、见、国民党、教授、学生、大学、师母、老师
林洋港,司法人员 / 公职人员 / 政治人物 / 诉讼 / 公共论战,司法人员,99,226,226,23,79,李敖笑傲江湖(79)；挑战李敖(45)；李敖大哥大(18)；千秋万岁乌鸦求是合集(13)；李敖随写录后集(13)；李敖颠倒众生(10)；李敖语录(7)；李敖秘密书房(6),总统、院长、法院、国民党、政治、见、委员、像
克林顿,政治人物 / 公职人员 / 公共论战 / 历史类比引用,政治人物,99,225,225,12,52,阳痿美国(111)；李敖笑傲江湖(35)；李敖大哥大(28)；挑战李敖(22)；李敖Talk秀(9)；虚拟的十七岁(5)；李敖快意恩仇录(4)；李敖议坛哀思录(4),总统、像、政府、部长、所谓、政治、大学、见
康熙,政治人物 / 诗文出处 / 历史类比引用 / 神交引用,政治人物,99,224,224,31,68,中国近代史新论(49)；读史指南(35)；虽千万人，李敖往矣(26)；要把金针度与人(13)；中国艺术新研(13)；李敖访谈录1990-2018(12)；中国命研究(10)；为中国思想趋向求答案(9),见、节目、像、儿子、读、诗、妻、电视
林瑞图,政治人物 / 选举助选 / 通信 / 公共论战,政治人物,99,224,224,6,31,挑战李敖(107)；李敖秘密书房(92)；李敖大哥大(16)；李敖颠倒众生(4)；李敖书启集(3)；李敖Talk秀(2),节目、委员、朋友、像、总统、老师、检察官、起诉
王建煊,政治人物 / 公共论战,政治人物,99,224,224,13,51,李敖大哥大(106)；挑战李敖(44)；李敖秘密书房(33)；李敖Talk秀(25)；李敖颠倒众生(4)；李敖议坛哀思录(2)；李敖风流自传(2)；你笨蛋，你笨蛋(2),国民党、县长、委员、总统、选举、先生、朋友、像
汪精卫,政治人物 / 公职人员 / 历史类比引用,政治人物,99,221,221,29,73,李敖书序集(38)；我梦碎，所以我梦醒(31)；李敖笑傲江湖(22)；挑战李敖(20)；中国近代史新论(15)；中国现代史正论(14)；李敖秘密书房(9)；虽千万人，李敖往矣(8),国民党、委员、政府、汪精卫、见、诗、院长、像
蔡元培,学术行政 / 学术 / 诗文出处 / 公共论战 / 历史类比引用,学术行政,99,219,219,35,82,李敖大哥大(29)；李敖语录(21)；中国近代史新论(21)；李敖秘密书房(21)；李敖笑傲江湖(20)；挑战李敖(10)；李敖颠倒众生(9)；李敖议坛哀思录(6),大学、研究、中央研究院、院长、国民党、北大、像、政府
李宗仁,政治人物 / 军事人物 / 公职人员 / 选举助选 / 诗文出处 / 历史类比引用,政治人物,99,218,218,23,47,李敖书序集(100)；李敖大哥大(29)；李敖秘密书房(18)；李敖笑傲江湖(17)；我最难忘的事和人(12)；挑战李敖(10)；中国现代史定论(6)；李敖回忆录(3),总统、李宗仁、国民党、见、所谓、选举、秘书、历史上
王尚勤,情感 / 亲属 / 朋友 / 见面 / 通信 / 公共论战 / 创作资料协助,情感,99,216,216,22,58,李敖访谈录1990-2018(78)；李敖书信集(33)；李敖自传与回忆续集(22)；李敖风流自传(12)；坐牢家爸爸给女儿的八十封信(7)；李敖快意恩仇录(6)；李敖秘藏日记(6)；李敖五五日记(6),王尚勤、朋友、女儿、妹妹、出版、学生、认识、校对
胡佛,政治人物 / 公职人员 / 历史类比引用,政治人物,99,216,216,25,42,阳痿美国(64)；教育与脸谱(56)；波波颂(24)；李敖笑傲江湖(14)；挑战李敖(13)；李敖颠倒众生(13)；千秋万岁乌鸦求是合集(4)；李敖Talk秀(4),总统、太太、台大、夫人、政府、研究、像、政治
里根,政治人物 / 主剧情人物 / 小说剧本人物 / 媒体 / 历史类比引用,政治人物,99,216,216,23,65,阳痿美国(112)；千秋万岁乌鸦求是合集(17)；挑战李敖(15)；李敖大哥大(14)；李敖秘密书房(9)；李敖笑傲江湖(7)；李敖Talk秀(7)；虽千万人，李敖往矣(5),总统、像、政治、朋友、太太、夫人、政府、国民党
陈仪,政治人物 / 军事人物 / 公共论战 / 历史类比引用 / 神交引用,政治人物,99,215,215,19,31,李敖大哥大(97)；我梦碎，所以我梦醒(46)；第73烈士(20)；李敖秘密书房(14)；李敖笑傲江湖(9)；求是新语(6)；挑战李敖(4)；李敖五五日记(3),国民党、党部、主席、见、政府、参谋、将军、少将
华盛顿,政治人物 / 公职人员 / 历史类比引用,政治人物,99,212,212,32,78,阳痿美国(114)；李敖大哥大(15)；李敖笑傲江湖(14)；李敖颠倒众生(7)；挑战李敖(6)；千秋万岁乌鸦求是合集(5)；李敖语录(5)；虽千万人，李敖往矣(5),总统、像、政府、国民党、大学、见、序、将军
李世民,历史类比引用 / 政治人物 / 军事人物 / 神交引用,历史类比引用,99,211,211,30,58,北京法源寺(37)；李敖大哥大(17)；独白下的传统(15)；李敖笑傲江湖(15)；李敖颠倒众生(12)；虚拟的十七岁(11)；李敖访谈录1990-2018(11)；李敖秘密书房(10),像、见、朋友、弟弟、政治、夫人、哥哥、一起
甘地,历史类比引用 / 政治异议者 / 神交引用,历史类比引用,99,210,210,34,75,李敖大哥大(24)；李敖秘密书房(19)；红色11(17)；挑战李敖(17)；李敖语录(16)；坐牢家爸爸给女儿的八十封信(14)；李敖对话录(13)；李敖文存(12),像、主义、律师、政府、朋友、夫人、政治、太太
陈璧君,政治异议者 / 同案狱友 / 情感 / 历史类比引用,政治异议者,99,210,210,5,6,上山·上山·爱(189)；我最难忘的事和人(14)；第73烈士(3)；中国近代史新论(3)；虽千万人，李敖往矣(1),像、一起、母亲、大学、女儿、见、诗、情人
三毛,文艺音乐 / 出版 / 见面 / 公共论战,文艺音乐,99,209,209,21,31,李敖风流自传(31)；李敖回忆录(24)；我梦碎，所以我梦醒(24)；波波颂(19)；李敖语录(19)；你是景福门(17)；李敖笑傲江湖(15)；李敖新刊(14),所谓、国民党、报导、像、作品、同仁、见、跟我说
刘泰英,政治人物 / 诉讼 / 财产债务,政治人物,99,208,208,10,73,挑战李敖(102)；李敖秘密书房(29)；李敖大哥大(21)；李敖颠倒众生(16)；李敖笑傲江湖(14)；李敖访谈录1990-2018(9)；李敖风流自传(6)；李敖议坛哀思录(4),国民党、同学、请我、像、总统、法院、法官、见
林重谟,政治人物 / 公共论战,政治人物,99,208,208,3,24,李敖大哥大(202)；李敖议坛哀思录(5)；李敖秘密书房(1),民进党、委员、法院、像、节目、政治、碰到、见
朱熹,神交引用 / 学术,神交引用,99,207,207,39,73,千秋万岁乌鸦求是合集(34)；要把金针度与人(30)；读史指南(19)；李敖大哥大(16)；李敖笑傲江湖(14)；历史与人像(11)；我最难忘的事和人(9)；上山·上山·爱(6),见、思想、像、读、学生、诗、所谓、古人
艾森豪威尔,政治人物 / 军事人物 / 历史类比引用,政治人物,99,205,205,23,66,阳痿美国(98)；李敖大哥大(28)；挑战李敖(21)；李敖笑傲江湖(17)；李敖颠倒众生(6)；李敖Talk秀(5)；波波颂(3)；千秋万岁乌鸦求是合集(3),总统、将军、见、像、太太、大学、政府、访问
方豪,师生 / 学术 / 宗教人物 / 通信 / 创作资料协助,师生,99,204,204,20,47,李敖回忆录(44)；李敖风流自传(34)；千秋万岁乌鸦求是合集(25)；李敖大哥大(17)；李敖新刊(14)；大学日记后期甲集(8)；李敖快意恩仇录(7)；大学日记后期乙集(7),老师、大学、文星、台大、请我、见、告诉我、国民党
徐高阮,学术 / 党务宣传 / 公共论战 / 左派转向,学术,99,203,203,18,37,李敖自传与回忆(28)；李敖书简集(28)；千秋万岁乌鸦求是合集(25)；李敖风流自传(22)；李敖回忆录(16)；李敖快意恩仇录(16)；你是景福门(13)；李敖全集(10),研究、国民党、中央研究院、学术、同学、杂志、共产党、文星
戴高乐,政治人物 / 军事人物 / 神交引用,政治人物,99,202,202,25,45,李敖秘密书房(118)；挑战李敖(21)；李敖大哥大(12)；李敖回忆录(4)；李敖快意恩仇录(4)；李敖文存(4)；我是天安门(4)；上山·上山·爱(4),总统、将军、部长、政治、像、政府、见、出版社
毛人凤,政治人物 / 情治警务 / 监狱行政 / 军事人物,政治人物,99,202,202,5,7,我最难忘的事和人(187)；李敖风流自传(7)；李敖笑傲江湖(6)；我梦碎，所以我梦醒(1)；李敖五五日记(1),先生、见、总统、将军、委员、军法、司令、朋友
李鸿章,政治人物 / 学术 / 公共论战 / 神交引用,政治人物,99,200,200,34,71,李敖大哥大(35)；挑战李敖(33)；李敖全集(22)；李敖语录(17)；千秋万岁乌鸦求是合集(11)；北京法源寺(8)；要把金针度与人(7)；虽千万人，李敖往矣(6),见、主义、所谓、朋友、政府、政治、书里、学生
杜鲁门,政治人物 / 历史类比引用 / 神交引用,政治人物,99,199,199,21,64,阳痿美国(99)；挑战李敖(29)；李敖颠倒众生(14)；李敖笑傲江湖(12)；李敖大哥大(11)；世论新语(6)；我梦碎，所以我梦醒(4)；波波颂(3),总统、政治、像、见、女儿、委员、碰到、共产党
蔡英文,政治人物 / 公共论战 / 选举助选,政治人物,99,198,198,5,43,李敖大哥大(134)；虽千万人，李敖往矣(24)；李敖访谈录1990-2018(22)；李敖颠倒众生(15)；李敖议坛哀思录(3),委员、法院、国民党、像、蔡英文、政治、见、学者
王宇,主剧情人物 / 小说剧本人物 / 老兵士官 / 军事人物 / 朋友 / 见面,主剧情人物,99,197,197,8,17,第73烈士(151)；一个预备军官的日记(24)；李敖风流自传(8)；你笨蛋，你笨蛋(6)；早年日记(3)；李敖快意恩仇录(2)；李敖大哥大(2)；挑战李敖(1),见、像、书中、国民党、打电话、电话、认识、学生
王安石,历史类比引用 / 政治人物 / 学术 / 神交引用,历史类比引用,99,197,197,37,97,要把金针度与人(23)；挑战李敖(17)；李敖大哥大(13)；李敖对话录(12)；中国艺术新研(11)；北京法源寺(10)；李敖语录(10)；李敖访谈录1990-2018(10),诗、见、政治、像、古人、读、朋友、妻
尹清枫,军事人物 / 被害人 / 公款经费 / 公共论战,军事人物,99,196,196,6,25,李敖颠倒众生(137)；挑战李敖(23)；李敖大哥大(19)；李敖Talk秀(10)；李敖笑傲江湖(4)；李敖秘密书房(3),像、总统、见、电话、上校、夫人、委员、打电话
邓维桢,媒体 / 政治异议者 / 公共论战 / 见面 / 通信,媒体,99,196,196,30,82,千秋万岁乌鸦求是合集(21)；李敖秘藏日记(20)；李敖书札集(18)；李敖书牍集(18)；李敖书信集(17)；李敖书笺集(11)；李敖随写录前集(9)；李敖五五日记(8),朋友、政治、见、电话、杂志、国民党、出版、碰到
庄子,历史类比引用 / 神交引用,历史类比引用,99,195,195,43,106,虚拟的十七岁(25)；上山·上山·爱(18)；中国命研究(16)；要把金针度与人(14)；李敖语录(12)；李敖自传与回忆续集(11)；李敖大哥大(11)；李敖秘密书房(10),思想、像、见、哲学、所谓、古代、诗、书里
林光烈,主剧情人物 / 小说剧本人物 / 老兵士官 / 军事人物 / 政治异议者 / 出版,主剧情人物,99,194,194,1,5,第73烈士(194),大学、见、像、国民党、学生、同学、认识、将军
梁肃戎,政治人物 / 公职人员 / 通信 / 公共论战,政治人物,99,194,194,23,50,李敖笑傲江湖(26)；李敖颠倒众生(22)；李敖随写录前集(20)；李敖大哥大(19)；千秋万岁乌鸦求是合集(18)；李敖书简集(18)；李敖快意恩仇录(10)；世论新语(10),法院、院长、国民党、像、委员、见、民进党、夫人
汉武帝,历史类比引用 / 政治人物 / 神交引用,历史类比引用,99,194,194,32,67,李敖大哥大(26)；李敖笑傲江湖(18)；中国命研究(16)；要把金针度与人(13)；中国迷信新研(13)；李敖颠倒众生(13)；中国性研究(12)；李敖访谈录1990-2018(9),夫人、像、见、儿子、父亲、历史上、学生、作品
秦始皇,政治人物 / 历史类比引用 / 公共论战 / 神交引用,政治人物,99,193,193,34,73,李敖大哥大(30)；李敖笑傲江湖(25)；挑战李敖(25)；要把金针度与人(14)；中国命研究(11)；虽千万人，李敖往矣(10)；李敖Talk秀(7)；世论新语(5),见、儿子、妈妈、像、弟弟、思想、古人、爸爸
陈炯明,政治人物 / 军事人物 / 公共论战 / 历史类比引用,政治人物,99,193,193,11,16,李敖笑傲江湖(114)；第73烈士(35)；李敖大哥大(16)；千秋万岁乌鸦求是合集(10)；李敖风流自传(7)；李敖书序集(5)；为中国思想趋向求答案(2)；李敖自传与回忆(1),国民党、见、像、参谋、儿子、司令、研究、政府
王永庆,财产债务 / 财产信托 / 通信 / 公共论战,财产债务,99,191,191,16,53,挑战李敖(83)；李敖大哥大(55)；李敖秘密书房(19)；李敖笑傲江湖(10)；李敖颠倒众生(7)；李敖书简集(3)；李敖Talk秀(3)；李敖对话录(2),像、儿子、政治、序、总统、政府、见、报纸
尹章义,学术 / 朋友 / 见面 / 创作资料协助 / 公共论战,学术,99,190,190,8,15,李敖秘密书房(160)；李敖随写录前集(8)；李敖大哥大(6)；李敖秘藏日记(5)；李敖五五日记(4)；挑战李敖(3)；李敖回忆录(2)；李敖议坛哀思录(2),国民党、像、母亲、朋友、教授、研究、民进党、太太
爱因斯坦,科学家 / 历史类比引用 / 神交引用,科学家,99,190,190,34,93,挑战李敖(32)；李敖秘密书房(24)；李敖大哥大(22)；李敖访谈录1990-2018(15)；李敖对话录(9)；李敖笑傲江湖(9)；李敖议坛哀思录(7)；虽千万人，李敖往矣(7),像、总统、太太、调查局、请他、研究、访问、见
王小痴,文艺音乐 / 诗文出处 / 出版 / 朋友 / 见面,文艺音乐,99,190,190,17,33,千秋万岁乌鸦求是合集(74)；李敖秘藏日记(24)；李敖五五日记(23)；李敖书序集(19)；李敖随写录后集(11)；李敖札记(7)；李敖回忆录(6)；波波颂(5),读、朋友、见、院长、法院、女儿、共产党、小痴
郝广才,出版 / 诗文出处 / 媒体 / 见面 / 公共论战,出版,99,190,190,1,4,李敖秘密书房(190),郝广才：、像、政治、总统、见、文学、出版、朋友
陈又亮,学术 / 出版 / 通信 / 创作资料协助,学术,99,190,190,25,58,大学日记后期乙集(41)；李敖五五日记(26)；一个预备军官的日记(22)；早年日记(20)；大学日记后期甲集(11)；李敖风流自传(10)；李敖新刊(7)；李敖快意恩仇录(6),见、教授、诗、小丢、博士、朋友、台大、电话
吴敬恒,学术 / 政治人物 / 公共论战 / 历史类比引用,学术,99,188,188,30,36,中国近代史新论(98)；李敖报刊集(15)；李敖全集(8)；文化论战丹火录(7)；李敖秘藏日记(6)；为历史拨云(6)；挑战李敖(5)；上下古今谈(4),国民党、见、像、先生、老师、杂志、吴稚晖、朋友
尼克松,政治人物 / 主剧情人物 / 小说剧本人物 / 历史类比引用,政治人物,99,188,188,21,57,阳痿美国(113)；李敖大哥大(17)；挑战李敖(10)；李敖颠倒众生(10)；李敖秘密书房(9)；李敖访谈录1990-2018(6)；李敖新刊(4)；李敖Talk秀(4),总统、政治、像、见、访问、杂志、太太、律师
李元簇,司法人员 / 政治人物 / 公职人员 / 公共论战 / 历史类比引用,司法人员,99,187,187,20,55,李敖大哥大(55)；李敖笑傲江湖(25)；李敖自传与回忆续集(21)；李敖随写录前集(12)；李敖书信集(10)；挑战李敖(10)；李敖秘密书房(7)；李敖书简集(6),总统、法务部、部长、看守所、见、一起、监狱、电视
文天祥,历史类比引用 / 政治异议者,历史类比引用,99,186,186,35,79,挑战李敖(31)；李敖大哥大(18)；虽千万人，李敖往矣(17)；李敖笑傲江湖(13)；李敖访谈录1990-2018(12)；李敖语录(9)；要把金针度与人(9)；中国现代史定论(9),像、见、家里、共产党、国民党、古人、太太、诗
施明德,政治异议者 / 政治人物 / 公共论战,政治异议者,99,186,186,21,78,李敖大哥大(37)；李敖秘密书房(35)；李敖颠倒众生(26)；挑战李敖(21)；李敖Talk秀(12)；李敖访谈录1990-2018(9)；李敖笑傲江湖(8)；李敖随写录前集(6),民进党、主席、像、朋友、国民党、政治、记者、一起
江泽民,政治人物 / 公共论战,政治人物,99,186,186,12,63,挑战李敖(118)；李敖Talk秀(18)；李敖颠倒众生(14)；我是天安门(10)；李敖秘密书房(9)；李敖大哥大(7)；李敖访谈录1990-2018(4)；李敖笑傲江湖(2),见、总统、像、共产党、主席、政府、访问、所谓
王小屯,姻亲 / 情感 / 见面 / 出版 / 医疗照护,姻亲,99,184,184,19,81,李敖五五日记(79)；虽千万人，李敖往矣(30)；李敖随写录前集(16)；李敖风流自传(15)；李敖随写录后集(9)；李敖快意恩仇录(7)；李敖自传与回忆(6)；李敖回忆录(5),见、电话、太太、女儿、碰到、妈妈、儿子、来信
林义雄,政治人物 / 政治异议者 / 人权救援 / 社会案件 / 亲属 / 公共论战,政治人物,99,182,182,22,58,挑战李敖(24)；李敖语录(23)；李敖秘密书房(23)；李敖大哥大(22)；李敖书笺集(13)；李敖书札集(12)；李敖议坛哀思录(11)；李敖颠倒众生(11),国民党、民进党、主席、像、总统、政治、家里、见
张宏谋,军校学生 / 见面 / 称谓待考,军校学生,99,179,179,4,17,一个预备军官的日记(173)；李敖回忆录(2)；李敖快意恩仇录(2)；李敖风流自传(2),宏谋、像、读、张宏谋、见、诗、情书、福利社
章孝慈,学术行政 / 政治人物 / 见面 / 公共论战 / 历史类比引用,学术行政,99,179,179,16,54,李敖回忆录(52)；李敖笑傲江湖(43)；李敖大哥大(20)；李敖风流自传(15)；李敖书启集(9)；李敖Talk秀(8)；挑战李敖(7)；李敖相关(5),大学、请我、教书、见、学生、政治、校长、朋友
曾文惠,亲属 / 财产债务 / 公共论战,亲属,99,178,178,8,32,李敖大哥大(81)；挑战李敖(38)；世论新语(21)；李敖笑傲江湖(20)；李敖秘密书房(12)；李敖颠倒众生(4)；李敖议坛哀思录(1)；挑战李敖——敖语录(1),夫人、女士、法官、总统、太太、节目、见、电话
柯俊雄,媒体 / 文艺音乐 / 政治人物 / 见面 / 公共论战,媒体,99,178,178,6,16,李敖秘密书房(158)；李敖议坛哀思录(12)；李敖访谈录1990-2018(3)；李敖风流自传(2)；虽千万人，李敖往矣(2)；李敖书启集(1),像、朋友、一起、导演、碰到、法院、委员、部长
钱思亮,学术 / 学术行政 / 公共论战,学术,99,178,178,30,60,千秋万岁乌鸦求是合集(21)；李敖全集(18)；李敖笑傲江湖(17)；李敖快意恩仇录(12)；李敖风流自传(11)；挑战李敖(11)；李敖新刊(10)；李敖大哥大(10),大学、台大、学生、研究、院长、见、国民党、教授
陈布雷,政治人物 / 出版 / 诗文出处 / 历史类比引用,政治人物,99,177,177,14,24,李敖笑傲江湖(57)；我梦碎，所以我梦醒(43)；中国艺术新研(17)；李敖大哥大(16)；中国现代史正论(10)；李敖语录(8)；李敖快意恩仇录(7)；李敖颠倒众生(6),国民党、共产党、秘书、见、女儿、儿子、所谓、像
关中,政治人物 / 党务宣传 / 选举助选,政治人物,99,176,176,28,64,李敖笑傲江湖(37)；挑战李敖(28)；求是新语(20)；李敖大哥大(13)；李敖议坛哀思录(10)；李敖秘密书房(9)；李敖回忆录(8)；李敖风流自传(8),国民党、研究、像、委员、见、教授、朋友、院长
林语堂,学术 / 诗文出处 / 公共论战 / 神交引用,学术,99,176,176,29,43,李敖大哥大(62)；李敖秘密书房(16)；李敖书札集(10)；李敖文存(9)；李敖语录(7)；李敖情书集(7)；给马戈的五十封信(7)；文化论战丹火录(6),博士、女儿、像、政府、出版、一起、读、大学
龙应台,媒体 / 学术 / 公共论战,媒体,99,176,176,12,38,挑战李敖(58)；李敖大哥大(53)；李敖颠倒众生(16)；你笨蛋，你笨蛋(13)；李敖秘密书房(13)；李敖风流自传(8)；李敖访谈录1990-2018(6)；虽千万人，李敖往矣(3),见、像、政府、思想、见面、书里、批评、市长
李鸿禧,学术 / 选举助选 / 公共论战,学术,99,175,175,16,37,李敖大哥大(92)；挑战李敖(26)；李敖秘密书房(12)；李敖快意恩仇录(7)；你笨蛋，你笨蛋(6)；李敖笑傲江湖(6)；李敖书启集(5)；李敖颠倒众生(5),总统、台大、学生、学者、大学、老师、教授、国民党
王五,江湖人物 / 烈士殉难 / 历史类比引用 / 神交引用,江湖人物,99,175,175,15,38,北京法源寺(113)；历史与人像(19)；李敖大哥大(15)；李敖秘密书房(9)；挑战李敖(7)；李敖访谈录1990-2018(3)；传统下的独白(1)；独白下的传统(1),见、认识、朋友、像、一起、法院、书里、见面
肯尼迪,政治人物 / 公职人员 / 历史类比引用,政治人物,99,175,175,23,55,阳痿美国(71)；李敖笑傲江湖(21)；李敖颠倒众生(17)；李敖大哥大(11)；挑战李敖(10)；李敖秘密书房(10)；李敖语录(4)；教育与脸谱(3),总统、像、部长、弟弟、见、主义、政治、诗
谢然之,出版管制 / 政治人物 / 党务宣传 / 公职人员 / 公共论战,出版管制,99,175,175,16,27,李敖新刊(48)；李敖自传与回忆续集(31)；李敖颠倒众生(21)；李敖快意恩仇录(17)；为自由招魂(12)；李敖回忆录(11)；李敖风流自传(10)；李敖对话录(6),国民党、文星、先生、杂志、第四组主任、党部、见、党限
杰斐逊,政治人物 / 历史类比引用 / 神交引用,政治人物,99,173,173,25,58,阳痿美国(55)；李敖大哥大(55)；李敖笑傲江湖(12)；挑战李敖(5)；李敖秘密书房(5)；李敖对话录(4)；李敖书笺集(4)；李敖Talk秀(4),总统、像、政府、报纸、母亲、所谓、国民党、史学
胡牧师,主剧情人物 / 小说剧本人物 / 宗教人物 / 师生 / 同案狱友,主剧情人物,99,173,173,1,3,红色11(173),像、见、共产党、国民党、总统、宣传、一起、军法
陈平景,通信 / 创作资料协助 / 朋友 / 公共论战,通信,99,173,173,24,53,早年日记(26)；李敖快意恩仇录(22)；李敖风流自传(20)；李敖笑傲江湖(19)；李敖全集(13)；李敖五五日记(10)；李敖书信集(9)；李敖书札集(9),见、朋友、到我家、电话、见到、像、陪他、病房
侯冠群,文艺音乐 / 媒体 / 见面 / 公共论战,文艺音乐,99,172,172,5,10,李敖Talk秀(157)；李敖秘密书房(12)；李敖议坛哀思录(1)；你笨蛋，你笨蛋(1)；李敖大哥大(1),像、共产党、节目、总统、主席、见、主义、学生
章孝严,政治人物 / 公共论战,政治人物,99,172,172,11,41,挑战李敖(89)；李敖笑傲江湖(30)；李敖大哥大(23)；李敖Talk秀(19)；李敖秘密书房(3)；李敖议坛哀思录(2)；李敖访谈录1990-2018(2)；李敖回忆录(1),像、国民党、离婚、秘书、委员、总统、大学、见
陈履安,政治人物 / 财产债务 / 亲属 / 通信 / 公共论战,政治人物,99,172,172,17,59,挑战李敖(58)；李敖笑傲江湖(42)；李敖大哥大(24)；李敖秘密书房(20)；李敖秘藏日记(11)；李敖快意恩仇录(2)；李敖风流自传(2)；李敖随写录后集(2),国民党、总统、爸爸、朋友、先生、像、院长、儿子
刘备,政治人物 / 军事人物 / 历史类比引用 / 公共论战,政治人物,99,171,171,22,36,李敖笑傲江湖(86)；李敖秘密书房(13)；一个预备军官的日记(12)；李敖大哥大(12)；上下古今谈(8)；读史指南(6)；李敖文存二集(5)；挑战李敖(5),像、儿子、见、历史上、找他、传记、妈妈、一起
欧卡曾,主剧情人物 / 小说剧本人物 / 同案狱友 / 江湖人物,主剧情人物,99,171,171,1,4,红色11(171),像、老师、见、政治、脚镣、一起、大学、监狱
陈立夫,政治人物 / 党务宣传 / 出版 / 公职人员 / 选举助选 / 出版管制 / 公共论战 / 历史类比引用,政治人物,99,171,171,26,53,中国现代史正论(44)；李敖笑傲江湖(24)；李敖大哥大(21)；中国现代史定论(17)；千秋万岁乌鸦求是合集(8)；李敖语录(7)；李敖Talk秀(7)；李敖风流自传(5),国民党、见、法院、选举、共产党、院长、政治、委员
张大千,文艺音乐 / 诗文出处 / 公共论战 / 历史类比引用 / 神交引用,文艺音乐,99,170,170,19,42,李敖大哥大(61)；李敖秘密书房(30)；李敖颠倒众生(24)；虽千万人，李敖往矣(9)；中国艺术新研(7)；李敖笑傲江湖(7)；李敖访谈录1990-2018(6)；李敖随写录后集(4),像、太太、诗、大学、见、出版、节目、朋友
薛石民,情治警务 / 政治人物 / 见面,情治警务,99,170,170,5,17,李敖议坛哀思录(162)；李敖风流自传(5)；我梦碎，所以我梦醒(1)；李敖访谈录1990-2018(1)；挑战李敖(1),委员、主席、总统、律师、研究、法院、序、告诉我
郑学稼,学术 / 出版 / 公共论战,学术,99,169,169,16,23,李敖书牍集(75)；文化论战丹火录(46)；李敖自传与回忆续集(12)；李敖回忆录(11)；李敖快意恩仇录(4)；传统下的独白(4)；李敖新刊(4)；李敖笑傲江湖(3),主义、政治、先生、文星、思想、见、研究、国民党
庄因,同学 / 朋友 / 见面 / 通信,同学,99,168,168,17,53,一个预备军官的日记(60)；大学日记后期乙集(37)；大学日记后期甲集(22)；早年日记(10)；给马戈的五十封信(9)；李敖快意恩仇录(5)；李敖风流自传(4)；李敖自传与回忆续集(3),见、诗、台大、来信、像、读、儿子、朋友
Rosa,情感 / 通信 / 见面,情感,99,167,167,10,38,一个预备军官的日记(97)；早年日记(18)；大学日记后期甲集(16)；大学日记后期乙集(12)；李敖的情诗(11)；李敖风流自传(5)；传统下的独白(3)；李敖快意恩仇录(2),见、像、读、来信、恋爱、文学、诗、写信
列宁,政治人物 / 公共论战 / 历史类比引用,政治人物,99,167,167,26,69,李敖议坛哀思录(24)；李敖书牍集(21)；虽千万人，李敖往矣(20)；李敖大哥大(17)；李敖风流自传(12)；挑战李敖(9)；我是天安门(8)；李敖随写录前集(8),国民党、共产党、政治、主义、民进党、所谓、见、委员
赵少康,政治人物 / 媒体 / 公共论战 / 朋友,政治人物,99,167,167,18,75,李敖大哥大(43)；挑战李敖(30)；千秋万岁乌鸦求是合集(25)；李敖笑傲江湖(16)；求是新语(11)；李敖秘密书房(11)；世论新语(8)；李敖议坛哀思录(6),国民党、朋友、像、市长、政治、选举、民进党、总统
张群,政治人物 / 公职人员 / 出版管制 / 公共论战 / 历史类比引用,政治人物,99,166,166,29,57,世论新语(25)；李敖回忆录(24)；李敖大哥大(21)；李敖笑傲江湖(13)；挑战李敖(12)；中国现代史正论(10)；我梦碎，所以我梦醒(7)；李敖Talk秀(6),总统、学生、同班、见、同学、文星、国民党、秘书
利玛窦,宗教人物 / 学术 / 诗文出处 / 历史类比引用 / 神交引用,宗教人物,99,165,165,6,9,中国近代史新论(131)；李敖语录(18)；李敖文存(10)；为中国思想趋向求答案(3)；李敖大哥大(2)；李敖秘密书房(1),见、像、大学、说过、文学、所谓、政治、朋友
莎士比亚,诗文出处 / 历史类比引用 / 神交引用,诗文出处,99,165,165,39,91,虚拟的十七岁(35)；挑战李敖(29)；李敖秘密书房(7)；波波颂(6)；上下古今谈(6)；李敖语录(6)；虽千万人，李敖往矣(6)；李敖书牍集(6),文学、像、读、诗、文星、见、出版、国民党
萧同兹,出版 / 出版管制 / 政治人物 / 历史类比引用,出版,99,165,165,23,41,李敖回忆录(55)；李敖书信集(17)；李敖笑傲江湖(15)；李敖风流自传(12)；李敖自传与回忆续集(10)；李敖书简集(7)；早年日记(6)；李敖书序集(6),文星、国民党、书店、先生、见、委员、父亲、杂志
周弘,朋友 / 见面 / 通信,朋友,99,164,164,11,35,大学日记后期甲集(56)；一个预备军官的日记(54)；大学日记后期乙集(34)；早年日记(10)；李敖回忆录(2)；李敖五五日记(2)；给马戈的五十封信(2)；李敖自传与回忆(1),见、读、来信、像、诗、寄给、父亲、大学
张俊雄,政治人物 / 公职人员 / 公共论战,政治人物,99,164,164,15,56,李敖大哥大(94)；李敖颠倒众生(31)；李敖议坛哀思录(13)；李敖笑傲江湖(6)；李敖Talk秀(5)；挑战李敖(4)；你是景福门(2)；李敖书札集(2),院长、委员、民进党、总统、秘书、夫人、法院、国民党
施性忠,政治人物 / 政治异议者 / 通信 / 见面 / 创作资料协助,政治人物,99,164,164,20,40,世论新语(32)；李敖大哥大(27)；李敖书函集(23)；李敖语录(21)；李敖书信集(10)；千秋万岁乌鸦求是合集(8)；李敖随写录后集(8)；李敖秘藏日记(6),市长、政治、国民党、民进党、哥哥、弟弟、选举、见
司马迁,历史类比引用 / 神交引用,历史类比引用,99,163,163,37,69,李敖大哥大(25)；中国性研究(18)；要把金针度与人(14)；为历史拨云(10)；虽千万人，李敖往矣(9)；李敖语录(8)；中国命研究(7)；李敖Talk秀(7),国民党、像、见、史学、父亲、政治、思想、政府
李世杰,同案狱友 / 刑求受害 / 诉讼 / 政治异议者 / 诗文出处 / 证人见证,同案狱友,99,163,163,18,24,李敖书序集(88)；李敖快意恩仇录(11)；李敖书序集续集(10)；李敖书牍集(9)；李敖风流自传(6)；红色11(6)；李敖随写录前集(6)；求是新语(4),李世杰、调查局、国民党、见、研究、党部、军法、委员
陈诚,政治人物 / 军事人物 / 创作资料协助 / 历史类比引用,政治人物,99,162,162,30,68,李敖秘密书房(18)；李敖大哥大(17)；李敖快意恩仇录(16)；李敖笑傲江湖(14)；李敖书笺集(13)；李敖风流自传(12)；李敖颠倒众生(11)；中国现代史正论(9),国民党、爸爸、总统、共产党、见、委员、师长、党部
戴笠,情治警务 / 军事人物 / 公共论战 / 历史类比引用,情治警务,99,161,161,17,23,李敖笑傲江湖(68)；我最难忘的事和人(51)；挑战李敖(14)；第73烈士(7)；中国艺术新研(3)；李敖大哥大(3)；李敖自传与回忆续集(2)；我是天安门(2),特务、将军、国民党、见、共产党、像、先生、同学
杜正胜,政治人物 / 学术 / 见面,政治人物,99,161,161,10,37,李敖议坛哀思录(80)；李敖大哥大(29)；李敖颠倒众生(21)；李敖秘密书房(10)；你笨蛋，你笨蛋(6)；挑战李敖(6)；李敖笑傲江湖(4)；李敖快意恩仇录(2),部长、委员、院长、像、研究、见、中央研究院、政治
陆啸钊,同学 / 朋友 / 出版 / 学术 / 创作资料协助 / 公共论战,同学,99,161,161,31,63,李敖风流自传(24)；李敖自传与回忆续集(20)；李敖书序集(19)；李敖回忆录(16)；李敖五五日记(11)；李敖报刊集(11)；李敖快意恩仇录(10)；李敖书翰集(7),朋友、文星、见、台大、国民党、先生、杂志、同学
吴相湘,师生 / 学术 / 见面 / 编辑 / 诗文出处 / 出版,师生,99,160,160,31,58,李敖自传与回忆(32)；李敖风流自传(19)；李敖回忆录(18)；早年日记(8)；大学日记后期乙集(7)；李敖书函集(7)；李敖全集(6)；大学日记后期甲集(6),老师、见、国民党、研究、同学、大学、告诉我、史学
陶百川,司法人员 / 公职人员 / 公共论战 / 历史类比引用,司法人员,99,160,160,26,42,李敖大哥大(48)；千秋万岁乌鸦求是合集(22)；波波颂(21)；李敖语录(11)；李敖书简集(10)；李敖书札集(8)；李敖Talk秀(5)；李敖报刊集(4),国民党、像、军法、学生、政治、委员、政府、批评
岳飞,历史类比引用 / 军事人物 / 神交引用,历史类比引用,99,159,159,24,51,李敖大哥大(29)；挑战李敖(20)；为历史拨云(18)；红色11(17)；李敖语录(14)；李敖议坛哀思录(13)；独白下的传统(8)；中国近代史新论(6),将军、部长、像、历史上、见、政府、政治、法官
光绪,政治人物 / 历史类比引用 / 神交引用,政治人物,99,158,158,27,53,北京法源寺(61)；读史指南(10)；中国近代史新论(10)；李敖秘密书房(9)；中国命研究(8)；为历史拨云(7)；中国艺术新研(7)；独白下的传统(6),见、政治、像、政府、国民党、一起、老师、读
陶传正,媒体 / 文艺音乐 / 见面 / 公共论战,媒体,99,157,157,1,1,李敖秘密书房(157),陶传正：、像、找我、电视、所谓、告诉我、妹妹、太太
张天师,宗教人物 / 神交引用,宗教人物,99,154,154,12,15,大学日记后期甲集(55)；传统下的独白(49)；李敖大哥大(33)；我是天安门(4)；文化论战丹火录(2)；为中国思想趋向求答案(2)；上山·上山·爱(2)；虚拟的十七岁(2),政府、儿子、广播、结婚、像、报导、文星、主义
余登发,政治人物 / 政治异议者 / 公共论战,政治人物,99,152,152,10,34,世论新语(73)；李敖大哥大(55)；求是新语(6)；李敖语录(4)；李敖对话录(4)；李敖书信集(3)；千秋万岁乌鸦求是合集(2)；李敖五五日记(2),国民党、民进党、见、台独、选举、政治、县长、像
周越,文艺音乐 / 诗文出处 / 学术 / 公职人员 / 历史类比引用 / 神交引用,文艺音乐,99,152,152,1,3,中国艺术新研(152),研究、见、臣越题、作品、论文、周越《古今法书苑》、秦孝仪发行、诗
程国强,亲属 / 学术 / 创作资料协助,亲属,99,151,151,30,81,李敖五五日记(23)；李敖访谈录1990-2018(23)；虽千万人，李敖往矣(13)；李敖风流自传(11)；李敖笑傲江湖(11)；李敖书启集(10)；李敖秘密书房(9)；李敖回忆录(7),同学、国民党、爸爸、共产党、父亲、电话、朋友、学生
陈独秀,学术 / 政治人物 / 神交引用,学术,99,151,151,35,52,李敖秘密书房(37)；我是天安门(16)；文化论战丹火录(11)；李敖笑傲江湖(10)；李敖自传与回忆续集(6)；李敖快意恩仇录(6)；红色11(6)；李敖访谈录1990-2018(6),共产党、文学、政治、国民党、见、杂志、主义、朋友
黄信介,政治人物 / 政治异议者 / 媒体 / 公职人员 / 公共论战,政治人物,99,151,151,23,63,挑战李敖(28)；世论新语(20)；你是景福门(18)；李敖随写录前集(16)；求是新语(13)；李敖大哥大(9)；李敖秘密书房(8)；李敖书函集(6),民进党、主席、政治、国民党、总统、朋友、像、见
琼瑶,出版 / 神交引用,出版,99,150,150,28,66,挑战李敖(22)；李敖秘密书房(20)；李敖语录(15)；李敖书翰集(14)；李敖笑傲江湖(13)；李敖访谈录1990-2018(9)；李敖风流自传(7)；李敖大哥大(7),像、作品、文学、见、大学、文星、批评、读
许历农,军事人物 / 党务宣传 / 政治人物 / 见面 / 公共论战,军事人物,99,150,150,17,46,李敖大哥大(63)；李敖笑傲江湖(34)；李敖议坛哀思录(12)；李敖快意恩仇录(10)；挑战李敖(9)；李敖秘密书房(6)；李敖访谈录1990-2018(4)；李敖随写录后集(2),将军、国民党、像、政战、请我、查禁、朋友、政治
于右任,政治人物 / 公职人员 / 选举助选 / 公共论战 / 历史类比引用,政治人物,99,149,149,28,58,李敖文存(23)；李敖笑傲江湖(20)；李敖大哥大(18)；李敖语录(15)；中国现代史定论(9)；李敖风流自传(8)；李敖回忆录(6)；教育与脸谱(5),像、院长、国民党、诗、总统、请我、见、委员
张怡筠,学术 / 医疗照护 / 诗文出处 / 见面 / 公共论战,学术,99,148,148,2,2,李敖秘密书房(113)；李敖Talk秀(35),像、研究、见、教授、博士、总统、学者、律师
杨尔琳,同学 / 朋友 / 通信 / 见面 / 创作资料协助,同学,99,148,148,10,33,一个预备军官的日记(92)；李敖情书集(16)；早年日记(15)；李敖快意恩仇录(6)；李敖风流自传(6)；李敖书启集(4)；李敖五五日记(3)；中国性研究(3),来信、读、同学、见、大学、太太、福利社、主义
万劫,主剧情人物 / 小说剧本人物 / 情感 / 政治异议者 / 出版,主剧情人物,99,146,146,1,3,上山·上山·爱(146),像、见、诗、大学、哲学、儿子、特务、台独
郝龙斌,政治人物 / 公共论战,政治人物,99,146,146,9,38,李敖大哥大(58)；挑战李敖(49)；李敖秘密书房(17)；李敖议坛哀思录(11)；李敖风流自传(4)；李敖笑傲江湖(3)；我梦碎，所以我梦醒(2)；李敖相关(1),主席、像、民进党、总统、记者、爸爸、见、政府
释迦牟尼,宗教人物 / 神交引用,宗教人物,99,146,146,22,43,李敖大哥大(50)；李敖秘密书房(36)；挑战李敖(16)；上山·上山·爱(9)；李敖全集(5)；虽千万人，李敖往矣(5)；北京法源寺(3)；李敖语录(3),像、见、思想、所谓、妈妈、主义、老师、说过
陶渊明,诗文出处 / 学术 / 历史类比引用 / 神交引用,诗文出处,99,146,146,32,62,李敖语录(19)；波波颂(16)；李敖笑傲江湖(13)；李敖秘密书房(11)；李敖全集(9)；中国命研究(9)；李敖大哥大(9)；挑战李敖(7),诗、主义、读、像、见、儿子、朋友、文学
公孙策,媒体 / 诗文出处 / 见面 / 公共论战,媒体,99,144,144,1,2,李敖秘密书房(144),公孙策：、国民党、政府、像、总统、所谓、见、民进党
张永亭,主剧情人物 / 小说剧本人物 / 老兵士官 / 军事人物 / 朋友,主剧情人物,99,144,144,6,16,第73烈士(50)；我最难忘的事和人(35)；李敖回忆录(31)；一个预备军官的日记(25)；李敖大哥大(2)；李敖快意恩仇录(1),见、朋友、碰到、借钱、送我、像、大学、女儿
黄中国,同案狱友 / 政治异议者 / 诉讼 / 被害人,同案狱友,99,143,143,10,13,李敖自传与回忆(54)；李敖快意恩仇录(40)；李敖风流自传(18)；李敖书序集(10)；李敖回忆录(7)；千秋万岁乌鸦求是合集(6)；李敖自传与回忆续集(4)；爱情的秘密(2),国民党、军法、一起、判决、脚镣、政治、问我、看守所
凯撒,政治人物 / 军事人物 / 历史类比引用 / 神交引用,政治人物,99,141,141,21,37,挑战李敖(51)；李敖大哥大(24)；坐牢家爸爸给女儿的八十封信(15)；李敖秘密书房(7)；李敖秘藏日记(6)；李敖笑傲江湖(6)；李敖文存(4)；阳痿美国(4),读、将军、古代、太太、像、见、朋友、碰到
司马光,政治人物 / 学术 / 诗文出处 / 历史类比引用 / 神交引用,政治人物,99,141,141,21,37,李敖笑傲江湖(27)；李敖秘密书房(17)；历史与人像(16)；要把金针度与人(14)；李敖对话录(12)；读史指南(10)；李敖大哥大(9)；独白下的传统(8),见、哲学、著作、爸爸、读、娶、像、国民党
黄兴,政治人物 / 政治异议者 / 历史类比引用 / 神交引用,政治人物,99,141,141,20,34,第73烈士(33)；李敖秘密书房(27)；李敖大哥大(21)；中国近代史新论(16)；李敖笑傲江湖(14)；李敖文存(4)；李敖语录(4)；李敖全集(3),像、国民党、见、将军、认识、政府、所谓、诗
周玉蔻,媒体 / 见面 / 公共论战,媒体,99,140,140,8,18,李敖Talk秀(65)；李敖访谈录1990-2018(55)；挑战李敖(6)；李敖秘密书房(4)；李敖快意恩仇录(3)；李敖风流自传(3)；李敖大哥大(3)；李敖回忆录(1),周玉蔻、像、政治、访问、节目、电视、问我、太太
蔡敏,文艺音乐 / 学术 / 见面,文艺音乐,99,140,140,2,2,李敖秘密书房(133)；挑战李敖(7),蔡敏：、像、大学、学生、见、教授、老师、教书
乔家才,情治警务 / 军事人物 / 创作资料协助 / 历史类比引用,情治警务,99,138,138,7,12,我最难忘的事和人(101)；李敖风流自传(18)；李敖书序集(8)；李敖五五日记(4)；李敖笑傲江湖(3)；红色11(2)；李敖书函集(2),将军、见、来信、特务、国民党、同学、学生、委员
刘辰旦,同案狱友 / 政治异议者 / 创作资料协助 / 公共论战,同案狱友,99,138,138,21,37,李敖自传与回忆续集(64)；李敖回忆录(22)；李敖风流自传(10)；李敖书牍集(5)；虽千万人，李敖往矣(4)；李敖随写录后集(4)；李敖大哥大(4)；李敖随写录前集(3),同案、朋友、见、姐姐、所谓、认识、刑求、请他
夏君璐,亲属 / 师生 / 见面 / 通信 / 医疗照护,亲属,99,138,138,10,23,千秋万岁乌鸦求是合集(35)；李敖书札集(30)；李敖风流自传(26)；李敖全集(20)；李敖快意恩仇录(8)；世论新语(6)；李敖笑傲江湖(6)；挑战李敖(4),师母、太太、见、学生、老师、思想、朋友、出版
指导员,军事人物 / 见面 / 称谓待考,军事人物,99,138,138,1,18,一个预备军官的日记(138),指导员
卡特,政治人物 / 主剧情人物 / 小说剧本人物 / 历史类比引用,政治人物,99,136,136,16,36,阳痿美国(75)；李敖大哥大(13)；挑战李敖(6)；李敖秘密书房(6)；李敖Talk秀(6)；你笨蛋，你笨蛋(5)；李敖风流自传(4)；李敖秘藏日记(4),总统、政府、请我、访问、见、杂志、像、教授
叶菊兰,政治人物 / 选举助选 / 公共论战,政治人物,99,136,136,13,48,李敖大哥大(68)；李敖随写录后集(11)；挑战李敖(11)；李敖笑傲江湖(10)；李敖随写录前集(6)；李敖颠倒众生(6)；李敖Talk秀(6)；李敖书函集(5),民进党、委员、杂志、朋友、部长、政治、国民党、一起
欧阳修,学术 / 政治人物 / 神交引用,学术,99,136,136,29,54,中国艺术新研(20)；李敖文存二集(14)；挑战李敖(13)；李敖访谈录1990-2018(11)；要把金针度与人(10)；独白下的传统(6)；读史指南(6)；虚拟的十七岁(5),像、见、读、家里、诗、朋友、所谓、学术
宋太祖,政治人物 / 军事人物 / 历史类比引用 / 神交引用,政治人物,99,135,135,16,33,李敖笑傲江湖(38)；为历史拨云(17)；挑战李敖(16)；李敖大哥大(11)；李敖文存二集(8)；千秋万岁乌鸦求是合集(8)；读史指南(8)；独白下的传统(7),见、弟弟、妈妈、儿子、政治、历史上、哥哥、像
璩美凤,媒体 / 社会案件 / 公共论战,媒体,99,135,135,3,12,李敖大哥大(129)；李敖秘密书房(4)；李敖笑傲江湖(2),像、批评、告诉我、报导、见、民进党、节目、记者
祖国,公共论战,待复核,99,135,85,29,86,虽千万人，李敖往矣(33)；李敖大哥大(26)；李敖风流自传(10)；李敖访谈录1990-2018(10)；挑战李敖(6)；我是天安门(5)；李敖书序集续集(5)；李敖秘密书房(5),政治、像、主义、共产党、出版、见、国民党、政府
李庆安,政治人物 / 选举助选 / 见面 / 公共论战,政治人物,99,134,134,11,44,李敖秘密书房(50)；李敖大哥大(46)；挑战李敖(12)；李敖议坛哀思录(11)；李敖风流自传(4)；李敖笑傲江湖(4)；李敖快意恩仇录(2)；李敖访谈录1990-2018(2),国民党、委员、像、朋友、电视、爸爸、一起、民进党
潘毓刚,科学家 / 学术 / 朋友 / 通信 / 见面 / 公共论战,科学家,99,134,134,27,47,一个预备军官的日记(26)；李敖访谈录1990-2018(18)；中国性研究(14)；李敖五五日记(8)；你笨蛋，你笨蛋(7)；虽千万人，李敖往矣(7)；李敖随写录后集(7)；我是天安门(6),教授、大学、朋友、母亲、好友、像、见、读
吴俊才,学术 / 媒体 / 通信 / 创作资料协助 / 公共论战,学术,99,133,133,26,53,李敖风流自传(18)；李敖笑傲江湖(16)；李敖回忆录(13)；世论新语(11)；李敖快意恩仇录(9)；李敖文存(8)；大学日记后期乙集(7)；李敖秘藏日记(7),老师、国民党、研究、见、大学、先生、同学、政治
王昇,军事人物 / 党务宣传 / 公共论战 / 历史类比引用,军事人物,99,133,133,28,58,李敖风流自传(23)；李敖快意恩仇录(17)；李敖大哥大(13)；李敖新刊(12)；李敖回忆录(7)；李敖笑傲江湖(7)；千秋万岁乌鸦求是合集(6)；李敖Talk秀(6),政治、国民党、文星、见、杂志、诬告、律师、见面
徐渊涛,公职人员 / 创作资料协助 / 证人见证 / 见面 / 公共论战,公职人员,99,132,132,2,7,李敖秘密书房(78)；挑战李敖(54),朋友、先生、共产党、父亲、像、见、院长、大学
许倬云,学术 / 诉讼 / 公共论战,学术,99,132,132,18,33,你笨蛋，你笨蛋(61)；千秋万岁乌鸦求是合集(21)；李敖快意恩仇录(11)；李敖书函集(8)；李敖笑傲江湖(7)；李敖风流自传(4)；李敖大哥大(4)；虽千万人，李敖往矣(3),研究、出版、大学、中央研究院、所谓、见、教授、国民党
陈维昭,学术行政 / 证人见证 / 诉讼 / 公共论战,学术行政,99,132,132,9,23,挑战李敖(45)；李敖笑傲江湖(36)；李敖大哥大(22)；李敖杂文集(12)；李敖颠倒众生(10)；李敖风流自传(2)；李敖书启集(2)；李敖秘密书房(2),大学、台大、学生、像、教授、批评、法院、部长
朱元璋,政治人物 / 军事人物 / 历史类比引用 / 神交引用,政治人物,99,131,131,30,53,传统下的独白(16)；读史指南(12)；李敖文存(9)；李敖语录(9)；李敖秘密书房(8)；中国迷信新研(7)；李敖笑傲江湖(6)；独白下的传统(5),将军、像、政治、见、政府、一起、妈妈、太太
拿破仑,政治人物 / 军事人物 / 历史类比引用 / 神交引用,政治人物,99,130,130,32,58,挑战李敖(31)；李敖大哥大(25)；李敖笑傲江湖(8)；求是新语(6)；我是天安门(5)；你是景福门(5)；阳痿美国(5)；爱情的秘密(5),像、主义、所谓、文学、一起、国民党、妻、部长
胡虚一,通信 / 朋友 / 出版 / 创作资料协助 / 同案狱友 / 政治异议者 / 学术,通信,99,130,130,25,50,李敖书函集(14)；李敖快意恩仇录(12)；李敖书笺集(12)；李敖自传与回忆续集(11)；李敖随写录后集(11)；李敖书牍集(10)；爱情的秘密(9)；李敖随写录前集(8),先生、见、朋友、读、国民党、写信、来信、杂志
叶明勋,财产债务 / 财产信托 / 通信,财产债务,99,129,129,18,38,为自由招魂(30)；李敖自传与回忆(15)；李敖笑傲江湖(15)；李敖颠倒众生(12)；李敖大哥大(10)；李敖回忆录(9)；李敖风流自传(8)；李敖书信集(6),先生、发行、文星、国民党、杂志、共产党、妹妹、大舅子
刘会云,财产债务 / 诉讼 / 创作资料协助,财产债务,99,127,127,18,43,李敖自传与回忆续集(29)；李敖秘藏日记(28)；李敖书笺集(14)；李敖风流自传(12)；李敖书信集(11)；李敖情书集(7)；李敖回忆录(6)；李敖札记(5),法院、电话、文星、杂志、见、判决、告发、朋友
宋希濂,军事人物 / 诗文出处 / 通信 / 出版 / 创作资料协助,军事人物,99,127,127,8,12,我最难忘的事和人(65)；李敖书序集(30)；李敖大哥大(10)；李敖风流自传(7)；李敖语录(5)；李敖五五日记(5)；李敖书函集(4)；李敖回忆录(1),将军、出版、国民党、见、出版社、序、电话、宋希濂将军
曾国藩,历史类比引用 / 政治人物 / 军事人物 / 神交引用,历史类比引用,99,127,127,33,62,李敖笑傲江湖(24)；挑战李敖(12)；读史指南(8)；要把金针度与人(7)；虽千万人，李敖往矣(6)；中国近代史新论(6)；千秋万岁乌鸦求是合集(5)；大学札记(5),像、朋友、女儿、见、儿子、诗、写信、所谓
段宏俊,财产债务 / 诉讼 / 社会案件,财产债务,99,127,127,19,34,世论新语(21)；你笨蛋，你笨蛋(20)；千秋万岁乌鸦求是合集(20)；李敖五五日记(17)；李敖书启集(15)；李敖快意恩仇录(5)；李敖秘藏日记(5)；李敖自传与回忆续集(3),见、总统、法官、国民党、太太、像、所谓、离婚
罗文嘉,政治人物 / 公共论战,政治人物,99,127,127,5,23,李敖大哥大(91)；李敖秘密书房(14)；挑战李敖(13)；李敖笑傲江湖(5)；虽千万人，李敖往矣(4),见、民进党、大学、台大、像、节目、政治、找我
孙武,军事人物 / 历史类比引用 / 神交引用,军事人物,99,125,125,15,22,要把金针度与人(47)；为历史拨云(17)；李敖大哥大(14)；李敖新刊(10)；李敖颠倒众生(9)；李敖Talk秀(7)；挑战李敖(5)；李敖秘密书房(5),见、古代、著作、学术、一起、史学、论文、研究
杨西崑,公职人员 / 创作资料协助 / 通信 / 历史类比引用,公职人员,99,125,125,14,26,李敖随写录后集(35)；李敖秘密书房(33)；李敖大哥大(26)；挑战李敖(12)；李敖访谈录1990-2018(3)；中国艺术新研(3)；李敖回忆录(2)；李敖快意恩仇录(2),见、先生、夫人、像、跟我说、朋友、一起、请我
李镇源,科学家 / 医疗照护 / 学术 / 人权救援 / 公共论战,科学家,99,124,124,9,35,李敖大哥大(53)；挑战李敖(22)；李敖颠倒众生(19)；李敖随写录前集(13)；李敖秘密书房(7)；我梦碎，所以我梦醒(5)；李敖议坛哀思录(2)；李敖笑傲江湖(2),国民党、台大、共产党、总统、台独、政治、研究、像
郑成功,历史类比引用 / 军事人物 / 政治人物 / 神交引用,历史类比引用,99,124,124,23,43,李敖大哥大(31)；李敖秘密书房(25)；李敖语录(15)；挑战李敖(7)；上下古今谈(6)；北京法源寺(5)；一个预备军官的日记(4)；李敖笑傲江湖(4),政府、像、见、父亲、爸爸、思想、妈妈、历史上
何应钦,军事人物 / 政治人物 / 公职人员 / 历史类比引用,军事人物,99,122,122,25,37,我梦碎，所以我梦醒(51)；李敖大哥大(16)；李敖议坛哀思录(6)；中国艺术新研(6)；李敖笑傲江湖(6)；李敖Talk秀(6)；你是景福门(5)；李敖风流自传(3),司令、将军、参谋、国民党、见、中将、像、学生
韩愈,学术 / 出版 / 历史类比引用 / 神交引用,学术,99,121,121,29,47,要把金针度与人(23)；独白下的传统(17)；中国迷信新研(15)；李敖语录(11)；李敖大哥大(8)；挑战李敖(7)；上山·上山·爱(6)；李敖文存(4),诗、所谓、像、读、思想、批评、法官、法庭
杰克逊,政治人物 / 主剧情人物 / 小说剧本人物 / 历史类比引用,政治人物,99,120,120,10,19,阳痿美国(101)；李敖大哥大(6)；李敖快意恩仇录(3)；李敖风流自传(3)；李敖笑傲江湖(2)；李敖议坛哀思录(1)；李敖杂文集(1)；虚拟的十七岁(1),总统、将军、选举、所谓、主义、政府、法院、大学
沈刚伯,学术 / 学术行政 / 公共论战 / 社会案件,学术,99,120,120,31,54,教育与脸谱(40)；李敖风流自传(9)；李敖快意恩仇录(8)；李敖自传与回忆(6)；李敖回忆录(6)；李敖全集(6)；你笨蛋，你笨蛋(6)；李敖语录(5),文学、院长、台大、研究、大学、教授、见、批评
徐志摩,诗文出处 / 历史类比引用 / 神交引用,诗文出处,99,119,119,19,28,李敖秘密书房(59)；李敖全集(9)；李敖语录(8)；大学日记后期甲集(8)；李敖文存(5)；挑战李敖(5)；李敖颠倒众生(4)；李敖访谈录1990-2018(3),像、离婚、诗、读、学生、一起、情书、书店
老子,学术 / 诗文出处 / 历史类比引用 / 神交引用,学术,99,119,119,38,58,李敖大哥大(18)；中国命研究(10)；千秋万岁乌鸦求是合集(7)；要把金针度与人(7)；北京法源寺(6)；上下古今谈(5)；李敖语录(5)；李敖议坛哀思录(4),哲学、思想、见、古代、书中、诗、主义、所谓
李十力,虚拟人物 / 小说剧本人物 / 主剧情人物 / 历史类比引用 / 政治异议者,虚拟人物,99,118,118,4,11,北京法源寺(64)；李敖秘密书房(45)；李敖大哥大(5)；李敖书启集(4),见、共产党、一起、大学、像、教授、哥哥、见面
沈醉,情治警务 / 军事人物 / 诗文出处 / 通信 / 出版,情治警务,99,117,117,10,12,我最难忘的事和人(74)；李敖书序集(29)；李敖书函集(5)；爱情的秘密(2)；李敖五五日记(2)；李敖回忆录(1)；李敖风流自传(1)；李敖随写录后集(1),将军、见、共产党、国民党、出版、特务、妻、写信
罗福助,政治人物 / 江湖人物 / 诉讼 / 公共论战,政治人物,99,117,117,4,23,李敖大哥大(93)；挑战李敖(22)；李敖秘密书房(1)；李敖颠倒众生(1),委员、儿子、政治、法院、民进党、立委、像、告诉我
陈之藩,学术 / 诗文出处 / 通信 / 朋友 / 公共论战 / 出版,学术,99,117,117,5,6,李敖笑傲江湖(79)；李敖大哥大(31)；李敖秘密书房(3)；李敖快意恩仇录(2)；李敖情书集(2),情书、像、朋友、大学、太太、写信、出版、见
陈师孟,政治人物 / 公职人员 / 财产债务 / 公共论战,政治人物,99,117,117,7,28,李敖大哥大(69)；李敖笑傲江湖(27)；李敖Talk秀(9)；李敖颠倒众生(5)；挑战李敖(3)；李敖快意恩仇录(2)；李敖随写录前集(2),民进党、像、总统、市长、政治、国民党、教授、秘书
堂吉诃德,虚拟人物,虚拟人物,99,116,116,18,23,李敖大哥大(59)；波波颂(15)；李敖语录(11)；红色11(5)；阳痿美国(5)；李敖书函集(4)；传统下的再白(2)；虚拟的十七岁(2),唐吉诃德、像、总统、文学、读、报导、民进党、比喻
李政一,同案狱友 / 政治异议者 / 刑求受害 / 通信,同案狱友,99,116,116,17,37,李敖自传与回忆续集(46)；李敖回忆录(13)；李敖风流自传(13)；你笨蛋，你笨蛋(12)；李敖快意恩仇录(8)；中国命研究(5)；千秋万岁乌鸦求是合集(4)；李敖自传与回忆(3),朋友、见、同案、所谓、判决、同学、刑求、认识
苏志诚,政治人物 / 公职人员 / 创作资料协助 / 公共论战,政治人物,99,116,116,5,40,挑战李敖(66)；李敖颠倒众生(32)；李敖大哥大(9)；李敖秘密书房(7)；李敖Talk秀(2),总统、像、国民党、回扣、历史上、秘书、党部、见
萧万长,政治人物 / 公共论战,政治人物,99,116,116,7,51,挑战李敖(77)；李敖大哥大(13)；李敖秘密书房(10)；李敖颠倒众生(10)；李敖笑傲江湖(4)；挑战李敖——敖语录(1)；李敖Talk秀(1),总统、国民党、见、像、院长、夫人、部长、委员
巫神医,主剧情人物 / 小说剧本人物 / 医疗照护 / 科学家,主剧情人物,99,115,115,1,10,虚拟的十七岁(115),像、院长、见、说过、见到、院方、警察、书中
萧天赞,司法人员 / 政治人物 / 诉讼 / 公共论战,司法人员,99,115,115,8,31,世论新语(89)；你是景福门(10)；为历史拨云(8)；千秋万岁乌鸦求是合集(3)；李敖大哥大(2)；李敖议坛哀思录(1)；李敖新刊(1)；李敖书启集(1),法务部、部长、委员、院长、政治、电话、国民党、总统
富兰克林,政治人物 / 诗文出处 / 历史类比引用 / 神交引用,政治人物,99,114,114,22,57,千秋万岁乌鸦求是合集(31)；阳痿美国(11)；挑战李敖(9)；李敖访谈录1990-2018(8)；虽千万人，李敖往矣(7)；李敖秘密书房(7)；李敖对话录(6)；坐牢家爸爸给女儿的八十封信(5),像、见、总统、碰到、认识、政府、著作、所谓
朱光军,监狱行政 / 看守戒护 / 人权救援 / 公共论战,监狱行政,99,114,114,7,10,李敖书简集(41)；李敖自传与回忆续集(39)；李敖书信集(20)；李敖快意恩仇录(11)；李敖回忆录(1)；李敖风流自传(1)；李敖对话录(1),看守所、所长、管理员、见、法务部、台北看守所、电视、监狱
Y（小Y）,情感 / 通信 / 见面 / 称谓待考,情感,99,113,113,1,1,李敖情书集(113),小Y、Y，、亲爱的Y、给Y的四十八封信、Y女史
雷倩,政治人物 / 诉讼 / 公共论战,政治人物,99,113,113,2,13,李敖大哥大(71)；李敖议坛哀思录(42),委员、军购、见、国民党、立委、宣传、序、爸爸
任卓宣,政治人物 / 党务宣传 / 出版 / 公共论战,政治人物,99,112,112,28,42,文化论战丹火录(44)；千秋万岁乌鸦求是合集(12)；你是景福门(8)；李敖自传与回忆(5)；李敖回忆录(5)；李敖风流自传(4)；李敖秘藏日记(4)；一个预备军官的日记(3),国民党、政治、主义、共产党、读、宣传、教授、见
张昭雄,政治人物 / 公共论战,政治人物,99,112,112,5,23,挑战李敖(57)；李敖大哥大(45)；李敖秘密书房(6)；李敖颠倒众生(3)；挑战李敖——敖语录(1),总统、政治、批评、节目、像、民进党、选举、先生
王惕吾,媒体 / 出版 / 财产债务 / 公共论战,媒体,99,112,112,17,43,李敖大哥大(35)；李敖笑傲江湖(24)；千秋万岁乌鸦求是合集(15)；世论新语(11)；李敖颠倒众生(6)；李敖快意恩仇录(3)；你是景福门(3)；挑战李敖(3),国民党、报纸、像、法院、判决、推事、中将、上校
何世礼,军事人物 / 通信 / 创作资料协助 / 公共论战,军事人物,99,111,111,7,12,李敖颠倒众生(61)；李敖大哥大(19)；李敖书启集(14)；李敖笑傲江湖(10)；李敖五五日记(3)；中国现代史正论(3)；李敖Talk秀(1),将军、见、告诉我、儿子、何世礼将军、见到、父亲、序
吴丰山,媒体 / 公职人员 / 公共论战,媒体,99,111,111,21,38,李敖随写录后集(11)；李敖书牍集(11)；李敖风流自传(10)；世论新语(10)；李敖书启集(10)；李敖大哥大(10)；李敖书函集(8)；你是景福门(7),见、所谓、国民党、编辑、发行、法院、报纸、夫人
杨国枢,学术 / 公共论战,学术,99,111,111,13,27,挑战李敖(50)；李敖笑傲江湖(33)；求是新语(9)；波波颂(7)；李敖快意恩仇录(3)；世论新语(2)；李敖风流自传(1)；传统下的独白(1),研究、中央研究院、院长、大学、国民党、政治、台大、同学
许水德,政治人物 / 公共论战 / 见面,政治人物,99,111,111,18,53,李敖笑傲江湖(23)；挑战李敖(20)；李敖书牍集(10)；李敖大哥大(9)；李敖书函集(8)；李敖秘密书房(7)；李敖风流自传(5)；为历史拨云(5),国民党、市长、法院、像、儿子、秘书、院长、委员
阎锡山,军事人物 / 政治人物 / 历史类比引用,军事人物,99,111,111,23,35,李敖大哥大(47)；李敖秘藏日记(8)；我最难忘的事和人(7)；李敖风流自传(6)；我梦碎，所以我梦醒(6)；李敖秘密书房(5)；李敖自传与回忆(4)；李敖新刊(4),国民党、总统、共产党、产权、政府、像、先生、院长
蔡琴,文艺音乐 / 媒体 / 见面,文艺音乐,99,110,110,5,5,李敖Talk秀(106)；李敖风流自传(1)；李敖五五日记(1)；李敖随写录前集(1)；李敖大哥大(1),蔡琴：、节目、离婚、问我、妻、碰到、朋友、见
阎王,虚拟人物 / 宗教人物 / 历史类比引用 / 神交引用,虚拟人物,99,110,110,29,49,虚拟的十七岁(11)；中国命研究(11)；李敖语录(10)；上山·上山·爱(8)；红色11(8)；李敖大哥大(7)；第73烈士(6)；一个预备军官的日记(5),见、一起、像、母亲、太太、哲学、所谓、读
玛利亚,宗教人物 / 历史类比引用 / 神交引用,宗教人物,99,109,109,29,59,李敖秘密书房(25)；千秋万岁乌鸦求是合集(12)；一个预备军官的日记(6)；李敖大哥大(6)；李敖回忆录(5)；挑战李敖(5)；红色11(4)；虚拟的十七岁(4),像、见、妹妹、家里、一起、共产党、主义、妻
郑进一,文艺音乐 / 媒体 / 见面,文艺音乐,99,109,109,1,1,李敖Talk秀(109),郑进一：、像、节目、导演、一起、结婚、朋友、电视
伽利略,科学家 / 政治异议者 / 历史类比引用 / 神交引用,科学家,99,107,107,11,12,千秋万岁乌鸦求是合集(76)；李敖语录(8)；上下古今谈(7)；求是新语(3)；为自由招魂(3)；上山·上山·爱(2)；红色11(2)；李敖对话录(2),大学、特务、见、批评、碰到、思想、教授、书中
冯作民,社会案件 / 出版 / 财产债务 / 诉讼,社会案件,99,107,107,4,7,李敖新刊(53)；李敖自传与回忆续集(32)；李敖快意恩仇录(17)；李敖风流自传(5),债务、见、法院、还钱、电话、法庭、上诉、出版
黄帝,政治人物 / 宗教人物 / 历史类比引用 / 神交引用,政治人物,99,107,107,25,46,李敖语录(17)；李敖全集(13)；千秋万岁乌鸦求是合集(12)；李敖文存(7)；中国命研究(7)；李敖随写录前集(6)；为中国思想趋向求答案(5)；要把金针度与人(5),所谓、历史上、见、总统、一起、书里、引用、著作
刘福增,学术 / 出版 / 诗文出处 / 公共论战,学术,99,106,106,21,35,李敖书简集(39)；李敖风流自传(11)；李敖书信集(8)；千秋万岁乌鸦求是合集(7)；李敖随写录后集(6)；中国命研究(5)；世论新语(4)；李敖随写录前集(4),同学、教授、台大、学生、见、政治、批评、老师
吕安妮,媒体 / 学术 / 师生 / 见面 / 公共论战,媒体,99,106,106,5,8,李敖笑傲江湖(53)；李敖大哥大(45)；挑战李敖(3)；李敖颠倒众生(3)；李敖Talk秀(2),教授、大学、台大、像、朋友、找我、见、记者
巴顿,军事人物 / 神交引用,军事人物,99,106,106,14,24,挑战李敖(37)；李敖大哥大(12)；千秋万岁乌鸦求是合集(10)；李敖语录(9)；波波颂(6)；我最难忘的事和人(5)；李敖回忆录(5)；我是天安门(5),将军、总统、少将、参谋、一起、司令、回信、宣传
赖士葆,政治人物 / 学术 / 财产债务 / 见面 / 公共论战,政治人物,99,106,106,4,18,挑战李敖(45)；李敖秘密书房(30)；李敖大哥大(21)；李敖议坛哀思录(10),赖士葆：、像、政府、委员、立委、批评、法院、节目
阿登纳,政治人物 / 公职人员 / 历史类比引用 / 神交引用,政治人物,99,106,106,21,29,李敖大哥大(51)；李敖笑傲江湖(10)；李敖风流自传(7)；上山·上山·爱(5)；李敖文存(3)；李敖秘藏日记(3)；李敖对话录(3)；中国近代史新论(3),市长、像、国民党、将军、政府、总统、家里、朋友
高信疆,媒体 / 出版 / 通信 / 朋友 / 证人见证 / 见面 / 公共论战,媒体,99,106,106,21,42,李敖风流自传(18)；李敖回忆录(9)；你笨蛋，你笨蛋(9)；李敖访谈录1990-2018(9)；李敖快意恩仇录(7)；李敖随写录后集(7)；李敖书札集(7)；李敖报刊集(6),国民党、见、写信、主编、太太、出版、结婚、封杀
居瀛玖,亲属 / 学术行政 / 财产债务 / 社会案件,亲属,99,105,105,5,6,李敖书序集(78)；千秋万岁乌鸦求是合集(24)；李敖快意恩仇录(1)；李敖风流自传(1)；求是新语(1),居瀛玖、结婚、太太、儿子、女儿、妈妈、嫁给、写信
张建邦,政治人物 / 财产债务 / 公共论战,政治人物,99,105,105,15,25,千秋万岁乌鸦求是合集(54)；李敖书序集(22)；李敖报刊集(7)；李敖笑傲江湖(6)；李敖随写录前集(3)；求是新语(2)；李敖随写录后集(2)；挑战李敖(2),国民党、儿子、法院、太太、大学、妈妈、女儿、立委
王企祥,学术 / 科学家 / 公共论战,学术,99,105,105,15,27,挑战李敖(55)；李敖语录(15)；李敖随写录前集(9)；李敖书翰集(6)；求是新语(5)；李敖五五日记(3)；李敖大哥大(3)；李敖风流自传(2),博士、老师、教授、研究、见、大学、学术、学生
萧镜昌,军校学生 / 军事人物 / 见面 / 创作资料协助,军校学生,99,105,105,3,13,一个预备军官的日记(98)；中国性研究(5)；早年日记(2),镜昌、读、萧镜昌、碰到、朋友、见、送我、像
周公,政治人物 / 学术 / 历史类比引用 / 神交引用,政治人物,99,104,104,29,46,李敖笑傲江湖(14)；我梦碎，所以我梦醒(13)；要把金针度与人(10)；李敖秘密书房(9)；李敖议坛哀思录(5)；李敖书笺集(5)；中国命研究(5)；李敖风流自传(4),哥哥、弟弟、思想、见、儿子、所谓、诗、政治
汪荣祖,学术 / 创作资料协助 / 出版 / 通信 / 见面 / 历史类比引用,学术,99,104,104,23,69,挑战李敖(17)；李敖笑傲江湖(12)；李敖秘密书房(10)；李敖书信集(7)；李敖风流自传(6)；李敖书函集(5)；李敖回忆录(4)；李敖快意恩仇录(4),教授、研究、朋友、史学、像、出版、见、记者
苏荣泉,创作资料协助 / 见面,创作资料协助,99,104,104,16,36,李敖秘藏日记(30)；李敖笑傲江湖(23)；李敖五五日记(12)；李敖快意恩仇录(9)；你是景福门(6)；李敖大哥大(4)；我最难忘的事和人(3)；李敖回忆录(3),出版、出版社、小苏、书店、像、文星、朋友、电话
苏南成,公职人员 / 政治人物 / 社会案件 / 公共论战,公职人员,99,103,103,13,34,挑战李敖(31)；李敖语录(23)；李敖书笺集(8)；李敖笑傲江湖(8)；千秋万岁乌鸦求是合集(7)；世论新语(5)；李敖快意恩仇录(4)；李敖对话录(4),国民党、市长、政治、见、像、主义、委员、批评
黄胜常,朋友 / 见面 / 通信,朋友,99,103,103,22,32,李敖快意恩仇录(23)；李敖风流自传(18)；李敖全集(10)；李敖书札集(10)；李敖书信集(5)；李敖书翰集(5)；李敖书序集(4)；李敖回忆录(3),见、读、像、台大、国民党、师母、文星、找我
吴子嘉,媒体 / 见面 / 公共论战,媒体,99,102,102,6,20,挑战李敖(53)；李敖颠倒众生(45)；李敖议坛哀思录(1)；李敖风流自传(1)；虽千万人，李敖往矣(1)；李敖大哥大(1),电视、节目、全民电通的监察人、朋友、一起、先生、像、告诉我
张作霖,军事人物 / 政治人物 / 公职人员 / 历史类比引用,军事人物,99,102,102,25,44,李敖笑傲江湖(27)；李敖大哥大(14)；李敖秘密书房(11)；历史与人像(6)；李敖Talk秀(6)；我梦碎，所以我梦醒(5)；中国现代史正论(5)；李敖自传与回忆(3),父亲、爸爸、国民党、所谓、老师、政府、共产党、像
海明威,诗文出处 / 历史类比引用 / 神交引用,诗文出处,99,102,102,29,59,一个预备军官的日记(15)；李敖大哥大(13)；李敖访谈录1990-2018(8)；李敖笑傲江湖(6)；李敖快意恩仇录(5)；中国性研究(5)；李敖议坛哀思录(4)；爱情的秘密(4),文学、像、读、诗、告诉我、朋友、所谓、见
许阿桂,司法人员 / 诉讼 / 公共论战,司法人员,99,102,102,2,5,李敖随写录后集(57)；李敖随写录前集(45),检察官、政治、许阿桂、见、法院、起诉、法官、序
陈兆基,朋友 / 创作资料协助 / 出版 / 见面 / 历史类比引用,朋友,99,102,102,20,49,李敖五五日记(30)；李敖秘藏日记(13)；中国艺术新研(9)；李敖大哥大(8)；李敖秘密书房(6)；李敖回忆录(5)；李敖风流自传(5)；李敖随写录后集(3),见、朋友、好友、像、研究、出版社、出版、先生
高玉树,政治人物 / 公职人员 / 公共论战,政治人物,99,102,102,23,42,世论新语(22)；李敖大哥大(14)；李敖快意恩仇录(11)；李敖全集(10)；李敖风流自传(5)；李敖随写录后集(5)；李敖笑傲江湖(5)；李敖语录(4),市长、国民党、政治、见、一起、像、民进党、请我
冈村宁次,军事人物 / 神交引用,军事人物,99,101,101,5,6,我梦碎，所以我梦醒(91)；挑战李敖(7)；李敖书笺集(1)；李敖笑傲江湖(1)；李敖大哥大(1),司令、国民党、参谋、见、将军、少将、记者、中将
台币,政治人物,待复核,99,101,70,23,68,挑战李敖(25)；李敖议坛哀思录(17)；李敖秘密书房(14)；李敖访谈录1990-2018(8)；李敖笑傲江湖(6)；我梦碎，所以我梦醒(5)；李敖书启集(5)；李敖回忆录(4),政府、发行、委员、军购、见、电视、像、广播
杨虎城,军事人物 / 政治人物 / 公共论战 / 历史类比引用,军事人物,99,101,101,11,22,李敖笑傲江湖(40)；中国现代史正论(31)；中国艺术新研(7)；李敖大哥大(7)；李敖书序集(5)；挑战李敖(4)；中国命研究(3)；我最难忘的事和人(1),秘书、女儿、儿子、国民党、将军、太太、共产党、见
老黄,主剧情人物 / 小说剧本人物 / 同案狱友 / 财产债务,主剧情人物,99,101,101,1,3,红色11(101),共产党、调查局、法官、脚镣、国民党、像、军法、见
能证明,神交引用 / 公共论战,待复核,99,101,69,35,72,李敖大哥大(15)；李敖笑傲江湖(8)；李敖议坛哀思录(6)；李敖风流自传(6)；上山·上山·爱(6)；李敖自传与回忆(5)；红色11(4)；阳痿美国(4),像、见、总统、文星、共产党、国民党、所谓、法官
观世音,虚拟人物 / 宗教人物 / 神交引用,虚拟人物,99,101,101,19,30,李敖大哥大(37)；李敖文存(10)；李敖语录(10)；为历史拨云(10)；挑战李敖(6)；独白下的传统(4)；波波颂(4)；上山·上山·爱(4),像、见、灌水、所谓、思想、政治、爸爸、总统
谢尔昭,军校学生 / 见面,军校学生,99,101,101,3,15,一个预备军官的日记(98)；中国性研究(2)；早年日记(1),尔昭、像、读、送我、谢尔昭、一起、见、碰到
陈敏明,媒体 / 文艺音乐 / 见面 / 创作资料协助,媒体,99,101,101,1,1,李敖秘密书房(101),像、教授、台大、结婚、认识、土地、朋友、读
刘绍唐,出版 / 媒体 / 师生 / 见面 / 通信 / 公共论战 / 创作资料协助,出版,99,100,100,26,37,挑战李敖(27)；李敖笑傲江湖(11)；李敖秘密书房(10)；李敖书函集(7)；李敖随写录后集(5)；李敖情书集(4)；李敖自传与回忆续集(3)；李敖回忆录(3),文学、传记、见、国民党、出版、杂志、北大、大学
孙陵,出版 / 通信 / 见面 / 出版管制 / 公共论战,出版,99,100,100,5,5,为自由招魂(83)；早年日记(9)；李敖书翰集(6)；教育与脸谱(1)；李敖新刊(1),国民党、见、查禁、文星、司令、政府、出版、部长
李美葵,亲属 / 被害人 / 证人见证 / 创作资料协助 / 公共论战,亲属,99,100,100,2,6,李敖颠倒众生(94)；挑战李敖(6),夫人、总统、女士、上校、像、军法、见、朋友
祢衡,学术 / 公共论战 / 神交引用,学术,99,100,100,23,30,李敖文存二集(32)；波波颂(15)；千秋万岁乌鸦求是合集(13)；李敖回忆录(4)；李敖议坛哀思录(4)；李敖语录(4)；李敖秘藏日记(4)；李敖大哥大(3),见、像、朋友、碰到、读、国民党、对我说、诗
谷正文,情治警务 / 军事人物 / 见面 / 证人见证 / 创作资料协助 / 公共论战,情治警务,99,100,100,14,26,李敖笑傲江湖(50)；挑战李敖(13)；我最难忘的事和人(9)；李敖风流自传(9)；李敖大哥大(5)；千秋万岁乌鸦求是合集(3)；李敖回忆录(2)；李敖随写录后集(2),将军、共产党、国民党、请他、告诉我、朋友、见、少将
杜甫,诗文出处 / 历史类比引用 / 神交引用,诗文出处,99,99,99,31,58,要把金针度与人(11)；李敖大哥大(11)；李敖秘密书房(10)；读史指南(6)；北京法源寺(5)；一个预备军官的日记(5)；李敖访谈录1990-2018(5)；李敖笑傲江湖(5),诗、读、像、见、所谓、同学、朋友、一起
莫文蔚,文艺音乐 / 媒体 / 见面,文艺音乐,99,99,99,9,19,李敖大哥大(42)；挑战李敖(26)；虽千万人，李敖往矣(11)；李敖访谈录1990-2018(8)；李敖风流自传(4)；李敖Talk秀(3)；李敖相关(2)；李敖秘密书房(2),记者、见、像、节目、情人、主义、结婚、报纸
顾炎武,学术 / 政治异议者 / 历史类比引用 / 神交引用,学术,99,99,99,28,52,李敖大哥大(15)；要把金针度与人(12)；读史指南(7)；独白下的传统(6)；李敖语录(6)；李敖书信集(6)；中国命研究(5)；李敖笑傲江湖(5),学者、所谓、像、大学、妈妈、见、政府、国民党
黄天福,政治人物 / 媒体 / 出版 / 公共论战 / 通信,政治人物,99,99,99,18,28,李敖书信集(33)；李敖秘藏日记(24)；挑战李敖(16)；千秋万岁乌鸦求是合集(5)；李敖对话录(4)；李敖自传与回忆续集(3)；李敖书翰集(2)；李敖秘密书房(2),电话、见、天福、杂志、国民党、委员、钟鼓锣、立委
俞国华,政治人物 / 公共论战,政治人物,99,98,98,15,34,李敖颠倒众生(27)；李敖札记(17)；为历史拨云(10)；李敖笑傲江湖(10)；千秋万岁乌鸦求是合集(7)；李敖书牍集(7)；挑战李敖(4)；李敖秘密书房(4),院长、国民党、委员、法院、总统、见、像、主席
小罗斯福,政治人物 / 公职人员 / 历史类比引用,政治人物,99,98,98,8,26,阳痿美国(78)；李敖笑傲江湖(7)；李敖大哥大(7)；李敖秘密书房(2)；李敖书信集(1)；李敖书牍集(1)；挑战李敖(1)；李敖颠倒众生(1),总统、像、见、爸爸、见到、政府、部长、秘书
布什,政治人物 / 公共论战,政治人物,99,98,98,13,35,李敖大哥大(52)；李敖议坛哀思录(16)；你是景福门(7)；求是新语(4)；挑战李敖(4)；李敖Talk秀(4)；李敖访谈录1990-2018(3)；你笨蛋，你笨蛋(2),总统、政府、像、见、报纸、台独、一起、委员
张惠妹,文艺音乐 / 媒体 / 公共论战,文艺音乐,99,98,98,8,33,李敖Talk秀(26)；李敖大哥大(26)；挑战李敖(24)；李敖颠倒众生(9)；李敖秘密书房(7)；李敖访谈录1990-2018(3)；虚拟的十七岁(2)；李敖议坛哀思录(1),像、总统、朋友、政治、主义、台独、所谓、封杀
时候还,政治人物 / 见面,待复核,99,98,63,16,80,挑战李敖(28)；李敖秘密书房(24)；李敖大哥大(20)；李敖颠倒众生(7)；李敖笑傲江湖(5)；李敖自传与回忆(3)；红色11(2)；李敖议坛哀思录(1),像、国民党、见、民进党、委员、部长、政治、总统
明神宗,政治人物 / 神交引用,政治人物,99,98,98,24,34,中国近代史新论(22)；历史与人像(18)；李敖大哥大(14)；为中国思想趋向求答案(6)；李敖访谈录1990-2018(5)；李敖笑傲江湖(5)；为历史拨云(3)；中国艺术新研(3),见、像、妻、研究、爸爸、书里、妹妹、见到
解决问,政治人物 / 公共论战,待复核,99,98,61,33,80,挑战李敖(24)；李敖大哥大(14)；李敖秘密书房(6)；李敖自传与回忆(4)；阳痿美国(4)；李敖颠倒众生(4)；李敖Talk秀(4)；千秋万岁乌鸦求是合集(3),政府、国民党、总统、朋友、一起、结婚、告诉我、思想
陈良埙,军事人物 / 同案狱友 / 证人见证 / 见面,军事人物,99,98,98,10,18,千秋万岁乌鸦求是合集(41)；李敖五五日记(20)；我梦碎，所以我梦醒(14)；李敖大哥大(7)；李敖书牍集(5)；李敖书序集(4)；世论新语(3)；李敖随写录前集(2),见、将军、参谋、司令、同学、弟弟、判决、碰到
魏忠贤,历史类比引用 / 政治人物 / 神交引用,历史类比引用,99,98,98,28,44,李敖自传与回忆(11)；李敖风流自传(9)；中国性研究(8)；中国命研究(8)；红色11(6)；李敖颠倒众生(6)；李敖议坛哀思录(5)；挑战李敖(5),像、国民党、思想、研究、政府、部长、读、政治
乔·路易斯,体育人物 / 历史类比引用 / 神交引用,体育人物,99,97,97,8,9,李敖风流自传(24)；波波颂(24)；李敖快意恩仇录(22)；虽千万人，李敖往矣(19)；李敖全集(3)；一个预备军官的日记(2)；李敖颠倒众生(2)；李敖访谈录1990-2018(1),朋友、记者、见、编辑、读、法院、妈妈、像
吴三连,媒体 / 政治人物 / 诉讼 / 公共论战,媒体,99,97,97,13,25,为自由招魂(25)；李敖书牍集(22)；李敖新刊(10)；波波颂(9)；你是景福门(8)；李敖笑傲江湖(7)；李敖书笺集(5)；李敖大哥大(3),国民党、发行、编辑、报纸、读、请他、总编辑、法院
威尔逊,政治人物 / 公职人员 / 公共论战 / 历史类比引用 / 神交引用,政治人物,99,97,97,18,28,阳痿美国(70)；虽千万人，李敖往矣(3)；李敖书札集(3)；坐牢家爸爸给女儿的八十封信(3)；李敖大哥大(3)；教育与脸谱(2)；挑战李敖(2)；李敖议坛哀思录(1),总统、主义、像、见、政治、委员、史学、上校
张继高,媒体 / 出版 / 通信 / 朋友 / 见面 / 公共论战,媒体,99,97,97,15,25,李敖笑傲江湖(29)；波波颂(20)；李敖风流自传(12)；李敖快意恩仇录(7)；上下古今谈(6)；李敖书信集(4)；文化论战丹火录(3)；为中国思想趋向求答案(3),大学、见、朋友、文星、批评、先生、出版、写信
麦克阿瑟,军事人物 / 公职人员 / 历史类比引用,军事人物,99,97,97,20,50,李敖大哥大(18)；李敖颠倒众生(11)；挑战李敖(10)；李敖笑傲江湖(9)；我是天安门(6)；阳痿美国(5)；李敖书简集(5)；李敖议坛哀思录(4),将军、总统、参谋、像、情书、少将、警察、政府
朱惠良,政治人物 / 通信 / 选举助选 / 公共论战,政治人物,99,96,96,4,15,李敖秘密书房(78)；挑战李敖(12)；李敖大哥大(5)；李敖笑傲江湖(1),像、研究、见、电话、政治、总统、委员、打电话
王令麟,媒体 / 财产债务 / 公共论战,媒体,99,96,96,8,23,挑战李敖(61)；李敖大哥大(12)；李敖颠倒众生(10)；李敖秘密书房(5)；李敖访谈录1990-2018(4)；李敖笑傲江湖(2)；李敖风流自传(1)；李敖Talk秀(1),电视、仓储、节目、国民党、儿子、像、王令麟、委员
阿Q,虚拟人物 / 小说剧本人物 / 历史类比引用,虚拟人物,99,96,96,33,54,文化论战丹火录(18)；李敖访谈录1990-2018(7)；你是景福门(6)；李敖快意恩仇录(5)；李敖情书集(5)；李敖自传与回忆续集(4)；虽千万人，李敖往矣(4)；一个预备军官的日记(4),像、政治、作品、哲学、所谓、儿子、国民党、思想
萧伯纳,诗文出处 / 历史类比引用 / 神交引用,诗文出处,99,95,95,35,70,李敖访谈录1990-2018(11)；李敖风流自传(5)；上山·上山·爱(5)；挑战李敖(5)；李敖秘密书房(5)；李敖快意恩仇录(4)；虚拟的十七岁(4)；李敖语录(4),像、文学、主义、情书、说过、所谓、读、老师
连方瑀,公共论战 / 亲属,公共论战,99,95,95,7,24,挑战李敖(44)；李敖笑傲江湖(26)；李敖大哥大(14)；李敖秘密书房(6)；挑战李敖——敖语录(2)；李敖Talk秀(2)；虽千万人，李敖往矣(1),像、夫人、太太、国民党、见、朋友、告诉我、政治
傅正,媒体 / 出版 / 政治异议者 / 公共论战 / 学术 / 同案狱友,媒体,99,94,94,15,21,李敖随写录后集(37)；李敖书函集(27)；求是新语(11)；李敖对话录(5)；李敖风流自传(2)；世论新语(2)；李敖书札集(2)；李敖回忆录(1),民进党、先生、傅正先生、太太、见、台独、像、教书
周荃,媒体 / 创作资料协助 / 通信 / 公共论战,媒体,99,94,94,11,34,李敖大哥大(36)；李敖风流自传(14)；挑战李敖(11)；李敖笑傲江湖(10)；李敖回忆录(4)；李敖访谈录1990-2018(4)；李敖颠倒众生(4)；虽千万人，李敖往矣(3),电视、委员、节目、像、大学、老师、朋友、妹妹
张飞,军事人物 / 历史类比引用 / 公共论战,军事人物,99,94,94,25,37,李敖语录(24)；李敖笑傲江湖(11)；传统下的独白(7)；李敖秘密书房(7)；第73烈士(4)；一个预备军官的日记(4)；读史指南(4)；中国艺术新研(4),恋爱、像、太太、将军、见、妻、情人、诗
施珂,朋友 / 见面 / 通信 / 军事人物,朋友,99,94,94,16,45,一个预备军官的日记(49)；李敖风流自传(11)；早年日记(7)；李敖回忆录(6)；大学日记后期乙集(5)；李敖快意恩仇录(4)；李敖自传与回忆(2)；李敖大哥大(2),送我、像、朋友、见、老师、研究、诗、财产
朱广诚,同学 / 朋友 / 见面,同学,99,93,93,10,39,一个预备军官的日记(48)；大学日记后期甲集(13)；早年日记(10)；大学日记后期乙集(10)；中国性研究(3)；我最难忘的事和人(2)；李敖回忆录(2)；李敖风流自传(2),见、同学、太太、福利社、朋友、来信、读、请他
林正丰,创作资料协助 / 见面 / 公共论战,创作资料协助,99,93,93,1,1,李敖秘密书房(93),林正丰：、总统、院长、民进党、像、朋友、学生、政治
武则天,政治人物 / 历史类比引用 / 神交引用,政治人物,99,93,93,23,39,中国性研究(19)；中国命研究(9)；要把金针度与人(8)；李敖大哥大(7)；李敖颠倒众生(6)；挑战李敖(5)；李敖回忆录(4)；李敖文存二集(4),儿子、见、像、读、国民党、作品、诗、历史上
高院三推事（李敖书简集）,司法人员 / 诉讼 / 公共论战 / 称谓待考,司法人员,99,93,93,1,1,李敖书简集(93),高院三推事、林晃、黄剑青、顾锦才三推事
伊藤博文,主剧情人物 / 小说剧本人物 / 政治人物 / 神交引用,主剧情人物,99,92,92,4,12,李敖大哥大(45)；挑战李敖(22)；北京法源寺(19)；虽千万人，李敖往矣(6),见、政府、像、所谓、一起、代理、政治、法院
关键,政治人物 / 神交引用,待复核,99,92,66,39,77,挑战李敖(15)；李敖大哥大(8)；李敖秘密书房(6)；李敖议坛哀思录(5)；传统下的独白(3)；李敖文存(3)；文化论战丹火录(3)；上下古今谈(3),国民党、政治、委员、见、像、所谓、思想、政府
刘峰松,政治异议者 / 诗文出处 / 同案狱友 / 通信 / 公共论战,政治异议者,99,92,92,16,24,中国性研究(25)；李敖秘藏日记(12)；你是景福门(11)；李敖秘密书房(11)；李敖大哥大(6)；李敖回忆录(5)；李敖快意恩仇录(5)；李敖书启集(4),见、朋友、政治、看守所、监狱、国民党、峰松、哲学
游锡堃,政治人物 / 公职人员 / 公共论战,政治人物,99,92,92,9,33,李敖大哥大(54)；李敖议坛哀思录(12)；李敖颠倒众生(10)；李敖秘密书房(7)；你是景福门(3)；李敖对话录(2)；为历史拨云(2)；李敖访谈录1990-2018(1),爸爸、民进党、院长、国民党、妈妈、秘书、嫁给、总统
郭力恒,军事人物 / 同案狱友 / 证人见证 / 公款经费 / 公共论战,军事人物,99,92,92,2,6,李敖颠倒众生(79)；李敖Talk秀(13),见、像、见面、专案小组、委员、将军、先生、监狱
伏尔泰,诗文出处 / 学术 / 政治异议者 / 历史类比引用 / 神交引用,诗文出处,99,91,91,35,57,挑战李敖(19)；李敖五五日记(6)；李敖访谈录1990-2018(6)；李敖笑傲江湖(6)；李敖大哥大(6)；李敖语录(5)；坐牢家爸爸给女儿的八十封信(5)；虽千万人，李敖往矣(3),像、传记、哲学、思想、见、文学、国民党、古代
那当然,政治人物 / 神交引用,待复核,99,91,65,11,70,李敖秘密书房(43)；挑战李敖(18)；李敖笑傲江湖(14)；李敖颠倒众生(5)；李敖大哥大(4)；李敖访谈录1990-2018(2)；李敖语录(1)；李敖对话录(1),像、国民党、总统、政府、节目、法院、民进党、一起
邵玉铭,出版管制 / 媒体 / 公职人员 / 政治人物 / 公共论战,出版管制,99,91,91,20,40,李敖书函集(15)；李敖新刊(10)；世论新语(9)；求是新语(9)；你是景福门(7)；挑战李敖(6)；李敖秘密书房(6)；李敖报刊集(5),国民党、法院、记者、警察、报纸、作品、记者招待会、电视
墨子,学术 / 历史类比引用 / 神交引用,学术,99,90,90,21,30,要把金针度与人(18)；中国命研究(14)；李敖语录(13)；李敖快意恩仇录(12)；李敖风流自传(7)；挑战李敖(4)；李敖全集(2)；千秋万岁乌鸦求是合集(2),古代、思想、哲学、见、诗、研究、像、书中
小蕾,情感 / 称谓待考 / 见面,情感,99,90,90,15,35,李敖回忆录(19)；李敖笑傲江湖(19)；李敖风流自传(18)；李敖秘藏日记(7)；李敖快意恩仇录(6)；李敖文存二集(4)；李敖自传与回忆(3)；李敖相关(3),朋友、情人、小情人、妈妈、见、见面、一起、家里
徐树铮,军事人物 / 政治人物 / 公共论战 / 历史类比引用 / 神交引用,军事人物,99,90,90,7,8,历史与人像(73)；李敖语录(8)；千秋万岁乌鸦求是合集(2)；中国近代史新论(2)；李敖笑傲江湖(2)；李敖大哥大(2)；挑战李敖(1),先生、教授、父亲、司令、引用、见、批评、诗
林青霞,媒体 / 见面,媒体,99,90,90,21,42,虽千万人，李敖往矣(18)；我梦碎，所以我梦醒(14)；李敖大哥大(12)；李敖风流自传(8)；李敖秘密书房(6)；李敖访谈录1990-2018(5)；千秋万岁乌鸦求是合集(4)；李敖议坛哀思录(3),见、读、写信、朋友、像、回信、电视、妻
洪其德,见面 / 公共论战,见面,99,90,90,1,2,李敖Talk秀(90),洪其德：、像、朋友、一起、同学、大学、妹妹、家里
老布什,政治人物 / 主剧情人物 / 小说剧本人物 / 历史类比引用,政治人物,99,90,90,4,18,阳痿美国(84)；李敖大哥大(4)；李敖议坛哀思录(1)；李敖风流自传(1),总统、儿子、政府、爸爸、像、共产党、学生、宣传
吴大猷,学术 / 学术行政 / 公共论战,学术,99,89,89,16,31,李敖笑傲江湖(29)；李敖书牍集(12)；李敖语录(11)；挑战李敖(7)；李敖秘密书房(6)；李敖五五日记(5)；李敖议坛哀思录(4)；李敖访谈录1990-2018(4),院长、研究、中央研究院、总统、见、出版、所谓、学生
孙观汉,科学家 / 学术行政 / 诗文出处 / 创作资料协助,科学家,99,89,89,9,13,李敖大哥大(21)；李敖快意恩仇录(17)；李敖语录(16)；李敖笑傲江湖(10)；李敖风流自传(9)；李敖情书集(6)；李敖Talk秀(5)；李敖对话录(4),见、写信、国民党、像、大学、政治、博士、先生
王金平,政治人物 / 朋友 / 见面 / 通信 / 财产债务,政治人物,99,89,89,12,36,李敖议坛哀思录(27)；李敖大哥大(22)；李敖访谈录1990-2018(14)；虽千万人，李敖往矣(7)；李敖书牍集(7)；李敖秘密书房(4)；挑战李敖(3)；李敖风流自传(1),法院、院长、国民党、委员、民进党、记者、立委、朋友
蒋孝武,政治人物 / 亲属 / 公共论战,政治人物,99,89,89,12,29,李敖笑傲江湖(33)；挑战李敖(15)；千秋万岁乌鸦求是合集(9)；李敖快意恩仇录(8)；求是新语(8)；李敖秘密书房(7)；李敖风流自传(4)；李敖回忆录(1),儿子、诗、国民党、见、妈妈、总统、像、弟弟
黄玉娇,政治人物 / 公职人员 / 政治异议者 / 选举助选 / 资金支持 / 朋友 / 公共论战,政治人物,99,89,89,16,27,李敖秘密书房(39)；世论新语(13)；挑战李敖(7)；李敖对话录(6)；李敖颠倒众生(4)；李敖秘藏日记(3)；千秋万岁乌鸦求是合集(2)；李敖语录(2),国民党、民进党、政治、主席、像、县长、看守所、党部
金美龄,政治异议者 / 媒体 / 公共论战,政治异议者,99,88,88,4,28,李敖大哥大(74)；李敖风流自传(9)；李敖访谈录1990-2018(4)；李敖议坛哀思录(1),台独、像、政治、国民党、总统、书里、监狱、民进党
孙运璿,政治人物 / 公职人员 / 公共论战 / 通信 / 历史类比引用,政治人物,99,87,87,21,36,挑战李敖(22)；李敖文存二集(13)；李敖书简集(6)；我是天安门(5)；为自由招魂(5)；李敖札记(4)；李敖书札集(4)；李敖新刊(3),院长、国民党、法院、委员、政府、见、总统、电视
左舜生,政治人物 / 诗文出处 / 党务宣传 / 公共论战 / 历史类比引用,政治人物,99,87,87,22,27,李敖文存(24)；李敖风流自传(10)；早年日记(6)；李敖随写录前集(6)；中国现代史正论(6)；李敖快意恩仇录(5)；文化论战丹火录(4)；李敖书序集(4),见、国民党、政治、出版、攻击、读、共产党、政府
干嘛,政治人物 / 见面,待复核,99,87,55,27,71,挑战李敖(12)；李敖秘密书房(11)；李敖笑傲江湖(7)；上山·上山·爱(6)；红色11(5)；虚拟的十七岁(4)；李敖颠倒众生(4)；李敖议坛哀思录(3),像、总统、政府、民进党、学生、电话、共产党、嫁给
李光耀,政治人物 / 公共论战,政治人物,99,87,87,14,34,李敖大哥大(21)；挑战李敖(20)；李敖访谈录1990-2018(10)；虽千万人，李敖往矣(7)；求是新语(6)；李敖随写录前集(6)；李敖笑傲江湖(5)；李敖秘密书房(3),见、像、政治、共产党、主义、总统、古代、访问
李述古,朋友 / 见面 / 通信,朋友,99,87,87,7,26,早年日记(28)；一个预备军官的日记(23)；大学日记后期乙集(20)；大学日记后期甲集(7)；李敖回忆录(4)；李敖风流自传(4)；虚拟的十七岁(1),送我、太太、见、好友、来信、读、妹妹、见面
林蒨,师生 / 见面,师生,99,87,87,10,17,李敖自传与回忆(26)；李敖回忆录(19)；李敖风流自传(16)；你笨蛋，你笨蛋(9)；李敖对话录(7)；李敖大哥大(6)；李敖相关(1)；虽千万人，李敖往矣(1),师母、家里、见、爸爸、学生、女儿、老师、儿子
翁松燃,同学 / 朋友 / 见面,同学,99,87,87,15,31,大学日记后期甲集(18)；大学日记后期乙集(16)；大学札记(15)；李敖风流自传(5)；李敖札记(5)；李敖书翰集(5)；李敖语录(4)；一个预备军官的日记(4),见、台大、松燃、同房、大学、同学、思想、请他
能看到,神交引用 / 公共论战 / 见面,待复核,99,87,48,32,71,李敖秘密书房(21)；李敖访谈录1990-2018(10)；李敖大哥大(8)；挑战李敖(5)；教育与脸谱(3)；上山·上山·爱(3)；我最难忘的事和人(2)；李敖快意恩仇录(2),像、见、读、共产党、研究、政治、好友、杂志
袁崇焕,历史类比引用 / 军事人物 / 政治异议者 / 神交引用,历史类比引用,99,87,87,6,15,北京法源寺(54)；李敖秘密书房(21)；李敖文存二集(5)；李敖书信集(4)；第73烈士(2)；李敖风流自传(1),将军、像、见、诗、交情、宣传、说过、读
毛子水,学术 / 公共论战,学术,99,86,86,23,31,教育与脸谱(13)；李敖语录(9)；为中国思想趋向求答案(8)；李敖笑傲江湖(8)；李敖随写录后集(6)；为自由招魂(5)；李敖情书集(5)；文化论战丹火录(4),见、所谓、国民党、台大、读、学术、研究、教授
陈俊志,媒体 / 人权救援 / 见面 / 公共论战,媒体,99,86,86,2,3,李敖秘密书房(57)；李敖Talk秀(29),像、陈俊志：、教授、朋友、一起、节目、警察、太太
史处长,主剧情人物 / 小说剧本人物 / 情治警务 / 刑求人员 / 同案狱友,主剧情人物,99,85,85,1,3,红色11(85),共产党、调查局、国民党、像、老师、刑求、政府、见
孙膑,军事人物 / 历史类比引用 / 神交引用,军事人物,99,85,85,14,17,要把金针度与人(29)；为历史拨云(11)；李敖大哥大(11)；李敖颠倒众生(6)；李敖秘密书房(5)；我最难忘的事和人(4)；挑战李敖(4)；李敖Talk秀(4),见、古代、一起、史学、同学、论文、学术、像
桑格夫人,人权救援 / 医疗照护 / 公共论战 / 诗文出处 / 历史类比引用 / 神交引用,人权救援,99,85,85,3,3,历史与人像(83)；上下古今谈(1)；千秋万岁乌鸦求是合集(1),夫人、杂志、母亲、警察、政府、妈妈、访问、嫁给
国政治,公共论战,公共论战,99,84,84,33,56,李敖议坛哀思录(11)；李敖笑傲江湖(8)；为历史拨云(7)；李敖访谈录1990-2018(5)；李敖全集(4)；北京法源寺(4)；阳痿美国(4)；李敖风流自传(3),政治、思想、哲学、国民党、研究、主义、见、教授
李永萍,媒体 / 政治人物 / 见面 / 公共论战,媒体,99,84,84,4,17,李敖大哥大(58)；挑战李敖(17)；李敖议坛哀思录(8)；我梦碎，所以我梦醒(1),委员、节目、像、认识、民进党、电视、总统、主席
杨贵妃,历史类比引用 / 情感 / 神交引用,历史类比引用,99,84,84,24,49,李敖大哥大(23)；李敖语录(14)；独白下的传统(10)；挑战李敖(9)；传统下的独白(4)；李敖文存(3)；李敖文存二集(3)；中国性研究(2),见、像、儿子、女儿、古代、见到、所谓、诗
赵一荻,亲属 / 创作资料协助 / 历史类比引用,亲属,99,84,84,9,15,李敖大哥大(35)；李敖笑傲江湖(20)；李敖颠倒众生(15)；李敖Talk秀(6)；上下古今谈(2)；一个预备军官的日记(2)；中国现代史正论(2)；李敖自传与回忆(1),赵四小姐、夫人、诗、结婚、陪他、一起、见、像
黄庭坚,学术 / 诗文出处 / 历史类比引用 / 神交引用,学术,99,84,84,11,16,中国艺术新研(63)；爱情的秘密(7)；李敖秘密书房(3)；李敖语录(2)；历史与人像(2)；读史指南(2)；李语录(1)；李敖访谈录1990-2018(1),见、诗、研究、古人、院长、家中、批评、序
俞明震,公职人员 / 诉讼 / 公共论战 / 历史类比引用,公职人员,99,83,83,1,1,中国近代史新论(83),见、朋友、回信、国民党、起诉、政府、记者、母亲
林郁方,政治人物 / 公共论战 / 见面,政治人物,99,83,83,3,14,李敖议坛哀思录(72)；李敖大哥大(10)；李敖颠倒众生(1),委员、主席、部长、同仁、参谋、电话、法院、见
王善从,军事人物 / 被害人 / 证人见证 / 创作资料协助 / 历史类比引用,军事人物,99,83,83,3,7,千秋万岁乌鸦求是合集(65)；李敖笑傲江湖(10)；李敖五五日记(8),见、委员、政府、院长、看守所、总统、军法、判决
王阳明,历史类比引用 / 学术 / 神交引用,历史类比引用,99,83,83,25,41,千秋万岁乌鸦求是合集(21)；上山·上山·爱(14)；李敖笑傲江湖(6)；李敖语录(4)；虽千万人，李敖往矣(4)；李敖风流自传(3)；大学札记(3)；李敖访谈录1990-2018(3),哲学、诗、思想、所谓、朋友、国民党、古人、一起
艾玫,通信 / 姻亲,通信,99,83,83,10,14,李敖快意恩仇录(37)；李敖笑傲江湖(25)；我最难忘的事和人(4)；李敖大哥大(4)；李敖自传与回忆续集(3)；李敖回忆录(3)；李敖风流自传(3)；李敖语录(2),太太、见、电话、见面、写信、情人、小情人、国民党
钱复,政治人物 / 学术 / 公共论战,政治人物,99,83,83,19,46,李敖大哥大(27)；李敖议坛哀思录(10)；李敖札记(10)；李敖书札集(6)；你是景福门(5)；挑战李敖(5)；李敖笑傲江湖(4)；李敖秘密书房(3),国民党、部长、院长、大学、爸爸、台大、委员、总统
陈中雄,媒体 / 创作资料协助 / 通信,媒体,99,83,83,12,21,李敖笑傲江湖(65)；李敖回忆录(4)；李敖风流自传(2)；李敖随写录前集(2)；李敖书启集(2)；李敖秘密书房(2)；李敖议坛哀思录(1)；你笨蛋，你笨蛋(1),先生、记者、调查局、像、研究、节目、所谓、编辑
严停云,出版 / 亲属 / 姻亲 / 公共论战,出版,99,82,82,9,20,李敖自传与回忆(30)；李敖风流自传(13)；李敖回忆录(12)；李敖秘密书房(9)；你笨蛋，你笨蛋(6)；李敖大哥大(6)；李敖快意恩仇录(3)；李敖笑傲江湖(2),见、到我家、我家来、太太、夫人、妹妹、嫁给、老师
张爱玲,诗文出处 / 文艺音乐 / 历史类比引用 / 神交引用,诗文出处,99,82,82,8,10,李敖秘密书房(59)；李敖书序集续集(9)；李敖大哥大(9)；李敖相关(1)；波波颂(1)；虽千万人，李敖往矣(1)；李敖访谈录1990-2018(1)；李敖Talk秀(1),像、文学、朋友、出版、所谓、张爱玲、研究、序
李广和,情治警务 / 军事人物 / 政治人物,情治警务,99,82,82,1,1,我最难忘的事和人(82),司令、委员、见、家里、将军、中将、朋友、少将
王荣文,出版 / 通信 / 朋友 / 创作资料协助,出版,99,82,82,23,38,要把金针度与人(9)；李敖五五日记(8)；李敖秘藏日记(7)；千秋万岁乌鸦求是合集(6)；李敖书牍集(6)；波波颂(5)；李敖随写录后集(5)；李敖笑傲江湖(5),出版、出版社、朋友、见、校对、序、国民党、读
赵宁,媒体 / 学术 / 诉讼 / 公共论战 / 见面,媒体,99,82,82,16,21,李敖笑傲江湖(25)；李敖五五日记(13)；李敖书笺集(13)；李敖秘藏日记(6)；李敖书信集(6)；李敖大哥大(4)；千秋万岁乌鸦求是合集(2)；李敖访谈录1990-2018(2),编辑、总编辑、发行、法院、大学、妻、国民党、法官
刘秀嫚,媒体 / 出版 / 公共论战,媒体,99,81,81,8,10,上下古今谈(47)；李敖语录(11)；李敖文存二集(7)；李敖快意恩仇录(6)；李敖风流自传(5)；李敖Talk秀(3)；传统下的独白(1)；教育与脸谱(1),恋爱、访问、记者、节目、广播、文星、朋友、像
明确,司法人员 / 见面 / 神交引用,待复核,99,81,64,39,70,千秋万岁乌鸦求是合集(9)；李敖大哥大(6)；李敖对话录(5)；李敖书信集(5)；李敖自传与回忆续集(4)；李敖书简集(4)；李敖风流自传(3)；你是景福门(3),见、像、推事、法官、国民党、政府、书中、判决
李嗣涔,学术 / 学术行政 / 科学家 / 学术考证引用 / 见面 / 公共论战,学术,99,81,81,1,2,李敖秘密书房(81),像、研究、教授、所谓、朋友、古代、学术、台大
管仲,政治人物 / 诗文出处 / 历史类比引用,政治人物,99,81,81,21,36,红色11(12)；要把金针度与人(12)；李敖大哥大(8)；千秋万岁乌鸦求是合集(7)；李敖语录(5)；李敖笑傲江湖(5)；李敖文存(4)；李敖访谈录1990-2018(4),哲学、见、古代、古人、读、政治、像、告诉我
蒋孝勇,亲属 / 政治人物 / 媒体 / 公共论战,亲属,99,81,81,6,19,李敖笑傲江湖(63)；挑战李敖(12)；李敖颠倒众生(3)；李敖访谈录1990-2018(1)；李敖秘密书房(1)；李敖大哥大(1),儿子、像、国民党、节目、电视、太太、所谓、母亲
陈查某,财产债务 / 公款经费 / 被害人 / 社会案件 / 公共论战,财产债务,99,81,81,4,8,李敖秘密书房(62)；李敖语录(9)；上下古今谈(8)；挑战李敖(2),儿子、女儿、先生、娶、像、老师、太太、父亲
马占山,军事人物 / 政治人物 / 历史类比引用,军事人物,99,81,81,13,20,李敖自传与回忆(28)；李敖回忆录(20)；李敖风流自传(9)；虽千万人，李敖往矣(7)；李敖秘密书房(5)；千秋万岁乌鸦求是合集(3)；李敖快意恩仇录(2)；李敖相关(2),将军、国民党、爸爸、司令、见、共产党、主席、所谓
宋英,亲属 / 政治异议者 / 出版 / 创作资料协助 / 通信,亲属,99,80,80,12,19,李敖随写录后集(19)；李敖书札集(16)；李敖书函集(9)；李敖快意恩仇录(8)；李敖书翰集(8)；李敖书笺集(7)；求是新语(5)；李敖大哥大(3),太太、女士、委员、夫人、宋英女士、国民党、杂志、监委太太宋英
曾子,诗文出处 / 历史类比引用 / 神交引用,诗文出处,99,80,80,20,29,为历史拨云(14)；挑战李敖(14)；独白下的传统(8)；李敖书札集(7)；李敖笑傲江湖(7)；大学日记后期甲集(4)；要把金针度与人(4)；李敖自传与回忆(3),学生、爸爸、儿子、老师、读、妈妈、诗、古人
沈富雄,政治人物 / 公共论战,政治人物,99,80,80,9,33,挑战李敖(32)；李敖大哥大(12)；李敖议坛哀思录(11)；李敖颠倒众生(8)；李敖风流自传(6)；李敖访谈录1990-2018(6)；李敖秘密书房(3)；我梦碎，所以我梦醒(1),像、民进党、委员、政治、国民党、市长、电视、总统
福特,政治人物 / 主剧情人物 / 小说剧本人物 / 历史类比引用 / 神交引用,政治人物,99,80,80,17,30,阳痿美国(39)；李敖大哥大(7)；千秋万岁乌鸦求是合集(6)；李敖秘密书房(6)；李敖语录(4)；李敖风流自传(3)；上下古今谈(3)；李敖五五日记(2),总统、像、主义、教授、见、政府、部长、认识
门罗,政治人物 / 主剧情人物 / 小说剧本人物 / 历史类比引用,政治人物,99,80,80,8,18,阳痿美国(68)；挑战李敖(5)；教育与脸谱(2)；我最难忘的事和人(1)；李敖全集(1)；我是天安门(1)；你笨蛋，你笨蛋(1)；李敖随写录后集(1),主义、总统、政府、所谓、嫁给、太太、序、学生
黄少谷,政治人物 / 司法人员 / 公共论战 / 通信,政治人物,99,80,80,23,40,李敖书简集(11)；李敖回忆录(9)；千秋万岁乌鸦求是合集(8)；李敖书札集(6)；李敖书牍集(6)；李敖秘藏日记(5)；李敖自传与回忆续集(4)；李敖快意恩仇录(4),法院、院长、国民党、见、先生、法官、判决、文星
戴季陶,政治人物 / 党务宣传 / 公共论战 / 历史类比引用,政治人物,99,79,79,16,28,李敖笑傲江湖(26)；李敖大哥大(17)；我梦碎，所以我梦醒(11)；李敖全集(5)；千秋万岁乌鸦求是合集(3)；李敖书笺集(3)；李敖新刊(2)；虽千万人，李敖往矣(2),国民党、爸爸、院长、主义、儿子、思想、哲学、共产党
陈启礼,江湖人物 / 诉讼 / 同案狱友 / 公共论战,江湖人物,99,79,79,10,16,千秋万岁乌鸦求是合集(39)；李敖大哥大(11)；李敖秘藏日记(10)；中国命研究(6)；李敖笑傲江湖(4)；李敖风流自传(2)；李敖五五日记(2)；李敖情书集(2),国民党、军法、见、法庭、法院、政府、电话、见面
顾崇廉,军事人物 / 政治人物 / 公共论战,军事人物,99,79,79,5,15,李敖大哥大(52)；李敖议坛哀思录(19)；李敖风流自传(6)；我梦碎，所以我梦醒(1)；李敖书启集(1),委员、法院、将军、立委、司令、部长、国民党、民进党
丁文江,学术 / 学术行政 / 诗文出处 / 历史类比引用 / 神交引用,学术,99,78,78,20,26,李敖书启集(22)；教育与脸谱(12)；我是天安门(8)；李敖大哥大(7)；李敖自传与回忆(4)；一个预备军官的日记(4)；李敖书信集(3)；李敖秘密书房(3),传记、朋友、见、博士、读、政府、研究、国民党
严格说,见面 / 神交引用,待复核,99,78,48,30,70,李敖笑傲江湖(16)；李敖秘密书房(10)；李敖颠倒众生(9)；北京法源寺(4)；李敖语录(4)；文化论战丹火录(3)；虽千万人，李敖往矣(3)；李敖议坛哀思录(2),见、思想、国民党、所谓、像、作品、文学、主义
吴淑珍,政治人物 / 亲属 / 公共论战,政治人物,99,78,78,9,29,挑战李敖(33)；李敖大哥大(31)；李敖颠倒众生(4)；李敖议坛哀思录(3)；李敖访谈录1990-2018(3)；李敖回忆录(1)；李敖风流自传(1)；你是景福门(1),夫人、总统、批评、太太、儿子、报纸、民进党、妈妈
巴札洛夫,虚拟人物,虚拟人物,99,78,78,3,3,文化论战丹火录(53)；历史与人像(24)；传统下的独白(1),主义、巴札洛夫、批评、思想、见、文学、出版、大学
吴彰炯,情治警务 / 军事人物 / 刑求人员,情治警务,99,77,77,18,30,李敖风流自传(14)；李敖快意恩仇录(12)；李敖自传与回忆续集(11)；李敖笑傲江湖(7)；李敖回忆录(6)；李敖颠倒众生(4)；李敖大哥大(4)；李敖自传与回忆(3),少将、保安处、司令、中将、警总、所谓、刑求、判决
居然有,神交引用 / 师生,待复核,99,77,50,29,71,李敖大哥大(14)；李敖笑傲江湖(10)；李敖秘密书房(6)；第73烈士(4)；虽千万人，李敖往矣(4)；李敖颠倒众生(4)；李敖自传与回忆(3)；李敖快意恩仇录(3),像、学生、国民党、所谓、文学、朋友、政府、大学
李鼎彝,亲属 / 学术 / 诗文出处,亲属,99,77,77,20,32,李敖自传与回忆(11)；中国命研究(10)；李敖快意恩仇录(8)；李敖风流自传(8)；千秋万岁乌鸦求是合集(8)；李敖回忆录(5)；李敖笑傲江湖(5)；李敖书信集(4),爸爸、先生、文学、主席、大学、父亲、北大、儿子
何秀子,社会案件 / 诉讼 / 公共论战,社会案件,99,76,76,12,17,上下古今谈(23)；李敖语录(19)；李敖秘密书房(9)；李敖书翰集(7)；李敖书札集(5)；早年日记(3)；李敖对话录(2)；李敖笑傲江湖(2),像、警察、妈妈、政府、县长、委员、主义、国民党
明明知,姻亲 / 朋友,待复核,99,76,49,29,58,李敖随写录后集(10)；李敖秘密书房(7)；李敖大哥大(7)；李敖笑傲江湖(5)；李敖议坛哀思录(4)；北京法源寺(4)；李敖自传与回忆续集(3)；李敖快意恩仇录(3),朋友、太太、见、所谓、告诉我、国民党、院长、警察
王充,诗文出处 / 学术 / 历史类比引用 / 神交引用,诗文出处,99,76,76,14,19,中国命研究(39)；李敖语录(14)；要把金针度与人(7)；为历史拨云(3)；传统下的独白(2)；一个预备军官的日记(2)；读史指南(2)；李敖自传与回忆续集(1),思想、学生、家里、书店、见、学者、古代、著作
范仲淹,学术 / 政治人物 / 神交引用,学术,99,76,76,22,33,为历史拨云(16)；要把金针度与人(11)；中国艺术新研(7)；李敖书信集(5)；李敖访谈录1990-2018(4)；李敖大哥大(4)；上下古今谈(3)；李敖秘密书房(3),见、朋友、国民党、序、母亲、委员、古人、共产党
费希平,政治人物 / 公共论战 / 媒体 / 选举助选,政治人物,99,76,76,17,29,李敖书信集(17)；李敖对话录(16)；李敖书札集(7)；波波颂(5)；千秋万岁乌鸦求是合集(5)；为历史拨云(5)；李敖语录(4)；求是新语(3),国民党、立委、委员、政治、像、法院、见、说过
邱义仁,政治人物 / 政治异议者 / 公共论战 / 见面,政治人物,99,76,76,15,27,挑战李敖(13)；李敖大哥大(13)；李敖秘密书房(8)；李敖颠倒众生(8)；你是景福门(5)；李敖杂文集(5)；李敖秘藏日记(4)；李敖书序集续集(4),民进党、秘书、像、总统、主席、国民党、政治、邱义仁
苏洪月娇,政治人物 / 公职人员 / 政治异议者 / 社会案件 / 诉讼 / 通信 / 公共论战,政治人物,99,75,75,13,24,千秋万岁乌鸦求是合集(31)；李敖书笺集(10)；李敖对话录(7)；李敖秘藏日记(6)；你是景福门(5)；李敖书牍集(4)；李敖书函集(3)；李敖大哥大(3),见、国民党、证人、检察官、警察、委员、所谓、法院
刘长乐,媒体 / 见面 / 出版,媒体,99,74,74,9,29,李敖访谈录1990-2018(34)；李敖风流自传(16)；虽千万人，李敖往矣(14)；你笨蛋，你笨蛋(3)；李敖书信集(2)；李敖大哥大(2)；李敖相关(1)；李敖杂文集(1),电视、刘长乐、主席、记者、送我、认识、共产党、政府
姚嘉文,政治人物 / 政治异议者 / 公共论战,政治人物,99,74,74,13,23,李敖大哥大(35)；世论新语(14)；你是景福门(9)；李敖随写录前集(3)；挑战李敖(3)；李敖秘密书房(2)；李敖颠倒众生(2)；李敖议坛哀思录(1),主席、民进党、国民党、院长、杂志、一起、像、台独
林森,政治人物 / 公职人员 / 公共论战 / 历史类比引用,政治人物,99,74,74,18,23,李敖语录(15)；上下古今谈(12)；千秋万岁乌鸦求是合集(10)；李敖全集(8)；李敖秘藏日记(4)；李敖随写录后集(4)；传统下的再白(3)；李敖笑傲江湖(3),国民党、主席、政府、法院、像、见、老师、总统
殷乃平,学术 / 财产债务 / 创作资料协助 / 见面 / 公共论战,学术,99,74,74,2,3,李敖秘密书房(71)；李敖大哥大(3),政府、像、国民党、总统、信托、见、大学、教授
黄大洲,公职人员 / 政治人物 / 公共论战,公职人员,99,74,74,13,31,挑战李敖(18)；李敖大哥大(13)；李敖笑傲江湖(10)；李敖书启集(8)；李敖颠倒众生(6)；李敖秘密书房(5)；李敖议坛哀思录(3)；你笨蛋，你笨蛋(3),市长、国民党、告诉我、政府、写信、像、总统、回信
史力行,军事人物 / 社会案件 / 公共论战,军事人物,99,73,73,2,6,李敖颠倒众生(70)；李敖Talk秀(3),上校、告诉我、民进党、总统、委员、主义、读、像
叶公超,政治人物 / 公职人员 / 学术 / 财产债务 / 公共论战 / 见面 / 历史类比引用,政治人物,99,73,73,21,23,千秋万岁乌鸦求是合集(22)；李敖风流自传(11)；李敖书信集(6)；李敖语录(5)；李敖大哥大(4)；李敖新刊(3)；李敖书笺集(3)；李敖书简集(2),国民党、部长、见、家里、委员、政治、批评、碰到
张之洞,历史类比引用 / 政治人物 / 学术 / 出版 / 神交引用,历史类比引用,99,73,73,19,28,要把金针度与人(13)；中国近代史新论(12)；文化论战丹火录(6)；为中国思想趋向求答案(6)；李敖笑傲江湖(6)；李敖大哥大(6)；李敖书信集(4)；北京法源寺(3),见、思想、秘书、读、序、辩护、所谓、党务
李自成,政治人物 / 军事人物 / 历史类比引用 / 神交引用,政治人物,99,73,73,17,25,李敖笑傲江湖(14)；虽千万人，李敖往矣(9)；求是新语(8)；李敖颠倒众生(8)；挑战李敖(7)；李敖大哥大(6)；独白下的传统(4)；李敖语录(3),父亲、将军、所谓、政府、太太、共产党、主义、爸爸
林晃,司法人员 / 诉讼 / 公共论战,司法人员,99,73,73,15,22,李敖书札集(18)；李敖笑傲江湖(14)；李敖回忆录(9)；李敖自传与回忆续集(6)；挑战李敖(6)；李敖书简集(5)；红色11(4)；李敖风流自传(2),法官、判决、法院、推事、所谓、诬告、国民党、见
索尔仁尼琴,政治异议者 / 出版 / 历史类比引用 / 神交引用 / 公共论战,政治异议者,99,73,73,9,20,波波颂(37)；你是景福门(10)；挑战李敖(9)；李敖大哥大(6)；李敖书简集(5)；李敖书信集(2)；坐牢家爸爸给女儿的八十封信(2)；李敖回忆录(1),国民党、政府、文学、像、作品、刑求、政治、逼供
约翰·亚当斯,政治人物 / 主剧情人物 / 小说剧本人物 / 历史类比引用,政治人物,99,73,73,1,6,阳痿美国(73),总统、序、像、儿子、法庭、学生、律师、问我
魏锦水,财产信托 / 财产债务 / 诉讼 / 证人见证,财产信托,99,73,73,3,3,李敖书札集(41)；李敖书简集(23)；李敖回忆录(9),存证信、推事、上诉、判决、权状、事务、财产、债务
严家淦,政治人物 / 公职人员 / 公共论战 / 历史类比引用,政治人物,99,72,72,22,36,李敖书札集(13)；李敖大哥大(12)；李敖Talk秀(5)；李敖笑傲江湖(4)；挑战李敖(4)；为自由招魂(3)；千秋万岁乌鸦求是合集(3)；中国性研究(3),总统、主席、国民党、院长、政治、碰到、像、委员
徐道邻,学术 / 政治人物 / 公共论战 / 诗文出处 / 历史类比引用 / 神交引用,学术,99,72,72,11,13,文化论战丹火录(23)；历史与人像(20)；为中国思想趋向求答案(13)；教育与脸谱(6)；李敖文存(3)；千秋万岁乌鸦求是合集(2)；李敖自传与回忆续集(1)；李敖回忆录(1),先生、批评、读、教授、论战、文星、政治、大学
杜威,学术 / 诗文出处 / 历史类比引用 / 神交引用,学术,99,72,72,19,20,历史与人像(32)；李敖秘密书房(7)；文化论战丹火录(5)；挑战李敖(5)；李敖回忆录(3)；你笨蛋，你笨蛋(3)；李敖自传与回忆(2)；传统下的独白(2),思想、哲学、学生、杂志、主义、先生、博士、见
老罗斯福,政治人物 / 主剧情人物 / 小说剧本人物 / 历史类比引用,政治人物,99,72,72,1,8,阳痿美国(72),总统、主义、像、上校、见、少将、警察、引用
胡星妈,亲属 / 社会案件,亲属,99,72,72,10,12,李敖书笺集(20)；李敖回忆录(10)；李敖书信集(10)；李敖自传与回忆续集(7)；千秋万岁乌鸦求是合集(6)；我梦碎，所以我梦醒(5)；李敖报刊集(5)；李敖风流自传(4),立委、法院、胡星妈、母亲、电话、所谓、委员、国民党
贺德芬,学术 / 公共论战,学术,99,72,72,4,16,李敖大哥大(57)；李敖颠倒众生(7)；挑战李敖(5)；李敖Talk秀(3),教授、像、委员、国民党、大学、台大、学者、政府
叶圣康,出版 / 创作资料协助 / 证人见证 / 财产债务 / 通信,出版,99,71,71,13,25,李敖笑傲江湖(19)；李敖风流自传(10)；千秋万岁乌鸦求是合集(7)；李敖回忆录(6)；李敖报刊集(6)；李敖快意恩仇录(5)；波波颂(5)；李敖书札集(5),出版、国民党、像、朋友、见、发行、出版社、查禁
赖国洲,媒体 / 学术 / 公职人员 / 公共论战,媒体,99,71,71,4,14,李敖颠倒众生(48)；李敖大哥大(18)；李敖秘密书房(4)；李敖Talk秀(1),像、总统、国民党、电视、民进党、政治、见、学者
陈进兴,社会案件 / 公共论战,社会案件,99,71,71,7,20,挑战李敖(43)；李敖秘密书房(13)；李敖Talk秀(6)；李敖大哥大(5)；李敖颠倒众生(2)；挑战李敖——敖语录(1)；李敖笑傲江湖(1),像、看守所、法务部、监狱、脚镣、妻、一起、记者
霍姆斯,司法人员 / 诗文出处 / 历史类比引用 / 神交引用,司法人员,99,71,71,13,24,李敖大哥大(17)；为自由招魂(9)；挑战李敖(9)；李敖议坛哀思录(7)；上山·上山·爱(7)；李敖秘密书房(6)；李敖笑傲江湖(5)；虽千万人，李敖往矣(4),法官、总统、见、委员、法院、传记、查禁、像
孔融,学术 / 诗文出处 / 政治异议者 / 历史类比引用 / 神交引用,学术,99,70,70,10,14,中国命研究(26)；李敖文存二集(12)；要把金针度与人(12)；世论新语(4)；千秋万岁乌鸦求是合集(4)；独白下的传统(3)；李敖语录(3)；李敖笑傲江湖(3),哥哥、母亲、见、家里、父亲、儿子、思想、弟弟
格兰特,政治人物 / 主剧情人物 / 小说剧本人物 / 军事人物 / 历史类比引用,政治人物,99,70,70,10,17,阳痿美国(55)；李敖书信集(4)；我梦碎，所以我梦醒(2)；虽千万人，李敖往矣(2)；坐牢家爸爸给女儿的八十封信(2)；传统下的独白(1)；千秋万岁乌鸦求是合集(1)；虚拟的十七岁(1),总统、将军、政治、主义、像、朋友、太太、家中
猪八戒,虚拟人物 / 小说剧本人物 / 历史类比引用,虚拟人物,99,70,70,28,43,挑战李敖(11)；李敖笑傲江湖(9)；虽千万人，李敖往矣(5)；李敖对话录(5)；李敖秘密书房(5)；李敖风流自传(3)；李敖全集(2)；千秋万岁乌鸦求是合集(2),像、国民党、见、所谓、学者、思想、传记、论战
王羲之,文艺音乐 / 诗文出处 / 历史类比引用 / 神交引用,文艺音乐,99,70,70,16,23,虚拟的十七岁(30)；中国艺术新研(13)；李敖大哥大(6)；李敖笑傲江湖(4)；李敖颠倒众生(3)；虽千万人，李敖往矣(2)；给马戈的五十封信(2)；李敖秘密书房(2),序、诗、见、像、研究、儿子、对我说、朋友
谢雪红,政治异议者 / 被害人 / 历史类比引用 / 公共论战,政治异议者,99,70,70,4,6,李敖访谈录1990-2018(46)；李敖秘密书房(13)；李敖书序集续集(6)；李敖大哥大(5),政治、共产党、书中、主义、总统、像、读、碰到
吴忠信,同案狱友 / 政治异议者 / 刑求受害,同案狱友,99,69,69,11,17,李敖自传与回忆续集(37)；李敖回忆录(6)；千秋万岁乌鸦求是合集(6)；李敖大哥大(5)；李敖风流自传(4)；李敖快意恩仇录(2)；你笨蛋，你笨蛋(2)；李敖新刊(2),同案、朋友、所谓、认识、见、政治、同学、见面
妈祖,宗教人物 / 神交引用,宗教人物,99,69,69,17,31,李敖大哥大(17)；求是新语(11)；李敖秘密书房(11)；挑战李敖(8)；波波颂(4)；李敖议坛哀思录(3)；你是景福门(3)；虽千万人，李敖往矣(2),像、立委、杂志、一起、政治、委员、出版、记者
时候有,见面 / 亲属,待复核,99,69,54,13,61,挑战李敖(30)；李敖笑傲江湖(10)；李敖颠倒众生(8)；李敖访谈录1990-2018(7)；李敖快意恩仇录(4)；李敖自传与回忆(3)；李敖全集(1)；上下古今谈(1),见、像、朋友、国民党、一起、爸爸、同学、儿子
金庸,出版 / 见面 / 公共论战 / 神交引用,出版,99,69,69,14,28,李敖访谈录1990-2018(15)；李敖笑傲江湖(10)；波波颂(8)；李敖语录(8)；挑战李敖(8)；李敖回忆录(6)；李敖大哥大(4)；千秋万岁乌鸦求是合集(2),国民党、到我家、财产、记者、见、儿子、所谓、史学
亚当,宗教人物 / 历史类比引用 / 神交引用,宗教人物,99,68,68,25,40,李敖语录(9)；坐牢家爸爸给女儿的八十封信(7)；虽千万人，李敖往矣(5)；李敖秘密书房(5)；上山·上山·爱(4)；红色11(4)；虚拟的十七岁(4)；李敖风流自传(3),像、诗、大学、妻、哲学、共产党、家里、太太
常重要,神交引用,待复核,99,68,44,11,58,挑战李敖(25)；李敖秘密书房(19)；李敖笑傲江湖(8)；李敖议坛哀思录(5)；李敖访谈录1990-2018(3)；李敖大哥大(3)；我最难忘的事和人(1)；李敖风流自传(1),政治、像、总统、法官、所谓、节目、读、见
曹圣芬,媒体 / 党务宣传 / 公职人员 / 军事人物 / 公共论战 / 历史类比引用,媒体,99,68,68,17,23,千秋万岁乌鸦求是合集(27)；李敖笑傲江湖(8)；李敖书笺集(5)；早年日记(4)；李敖书简集(4)；李敖回忆录(3)；李敖书翰集(3)；李敖快意恩仇录(2),国民党、法院、见、出版、大学、政治、读、先生
林毓生,学术 / 师生 / 公共论战,学术,99,68,68,17,27,千秋万岁乌鸦求是合集(15)；李敖快意恩仇录(10)；李敖对话录(10)；李敖笑傲江湖(9)；李敖大哥大(4)；李敖回忆录(3)；李敖风流自传(3)；李敖全集(3),像、国民党、思想、主义、所谓、学生、文星、林毓生
费用,出版 / 财产债务 / 政治人物,待复核,99,68,56,32,54,李敖大哥大(10)；李敖秘密书房(7)；李敖书简集(5)；你笨蛋，你笨蛋(3)；李敖书翰集(3)；挑战李敖(3)；李敖自传与回忆续集(2)；李敖快意恩仇录(2),政府、出版、法院、判决、写信、土地、所谓、出版社
姚黛玮,见面 / 公共论战 / 师生,见面,99,67,67,1,1,李敖Talk秀(67),姚黛玮：、老师、学生、师生、像、恋爱、教书、见
孙科,政治人物 / 公职人员 / 选举助选 / 公共论战 / 历史类比引用,政治人物,99,67,67,19,22,李敖大哥大(16)；中国现代史定论(10)；第73烈士(8)；李敖笑傲江湖(6)；我最难忘的事和人(4)；早年日记(3)；挑战李敖(3)；李敖书序集(2),总统、儿子、市长、院长、选举、法院、国民党、见
曾心仪,出版 / 通信 / 政治异议者 / 选举助选 / 人权救援 / 创作资料协助 / 公共论战,出版,99,67,67,22,28,李敖笑傲江湖(10)；李敖秘密书房(8)；李敖书序集(5)；李敖回忆录(4)；李敖风流自传(4)；李敖随写录后集(4)；李敖书牍集(4)；李敖书启集(4),访问、研究、曾心仪小姐、小姐、一起、军法、将军、国民党
胡基峻,证人见证 / 创作资料协助 / 学术 / 诉讼,证人见证,99,67,67,10,17,千秋万岁乌鸦求是合集(22)；李敖随写录前集(7)；李敖书札集(7)；李敖笑傲江湖(7)；李敖随写录后集(6)；李敖回忆录(5)；虽千万人，李敖往矣(4)；李敖书启集(4),台大、国民党、见、出版社、出版、大学、朋友、师母
项羽,政治人物 / 军事人物 / 神交引用,政治人物,99,67,67,18,32,李敖笑傲江湖(22)；李敖大哥大(14)；李敖对话录(6)；李敖语录(4)；李敖访谈录1990-2018(4)；李敖文存二集(2)；你是景福门(2)；中国命研究(2),像、将军、朋友、见、爸爸、共产党、历史上、古代
侯德健,文艺音乐 / 政治异议者 / 公共论战 / 神交引用,文艺音乐,99,66,66,8,12,千秋万岁乌鸦求是合集(37)；李敖五五日记(14)；为自由招魂(5)；李敖书牍集(5)；李敖大哥大(2)；李敖随写录前集(1)；挑战李敖(1)；李敖颠倒众生(1),政治、作品、记者、见、借钱、国民党、写信、思想
党没有,公共论战 / 政治人物,公共论战,99,66,58,15,49,李敖大哥大(22)；挑战李敖(20)；李敖秘密书房(4)；李敖访谈录1990-2018(3)；李敖颠倒众生(3)；李敖议坛哀思录(2)；我是天安门(2)；千秋万岁乌鸦求是合集(2),民进党、国民党、共产党、总统、政治、选举、法院、见
周清玉,公职人员 / 政治人物 / 政治异议者 / 人权救援 / 通信 / 选举助选 / 公共论战,公职人员,99,66,66,23,36,李敖大哥大(10)；李敖书简集(7)；求是新语(6)；你是景福门(5)；李敖随写录后集(4)；李敖议坛哀思录(3)；世论新语(3)；李敖语录(3),民进党、关怀、杂志、政治、县长、选举、委员、国民党
沈登恩,出版 / 创作资料协助 / 公共论战,出版,99,66,66,19,32,李敖回忆录(11)；李敖风流自传(11)；李敖笑傲江湖(8)；李敖书牍集(7)；李敖随写录后集(4)；李敖书笺集(4)；李敖秘藏日记(3)；李敖报刊集(3),出版、出版社、先生、见、请我、国民党、查禁、沈登恩
宋庆龄,政治人物 / 历史类比引用 / 神交引用,政治人物,99,65,65,14,26,李敖大哥大(25)；李敖笑傲江湖(20)；虽千万人，李敖往矣(6)；第73烈士(3)；李敖秘密书房(2)；李敖自传与回忆(1)；李敖回忆录(1)；李敖快意恩仇录(1),太太、嫁给、夫人、女儿、爸爸、结婚、共产党、儿子
方素敏,政治异议者 / 人权救援 / 社会案件 / 通信 / 亲属 / 公共论战,政治异议者,99,65,65,10,15,李敖书札集(19)；李敖对话录(11)；李敖秘密书房(8)；李敖语录(6)；李敖书笺集(5)；李敖书序集续集(4)；李敖颠倒众生(4)；李敖书信集(3),国民党、见、政治、太太、选举、政府、妈妈、女儿
王国维,学术 / 诗文出处 / 神交引用,学术,99,65,65,21,25,李敖秘密书房(15)；我梦碎，所以我梦醒(8)；李敖语录(8)；中国近代史新论(7)；要把金针度与人(6)；李敖大哥大(4)；你笨蛋，你笨蛋(2)；一个预备军官的日记(2),学者、研究、读、古代、诗、先生、政府、像
莫纪彭,主剧情人物 / 小说剧本人物 / 政治人物 / 政治异议者 / 历史类比引用,主剧情人物,99,65,65,6,12,第73烈士(51)；李敖秘密书房(8)；李敖访谈录1990-2018(3)；李敖风流自传(1)；你笨蛋，你笨蛋(1)；中国艺术新研(1),见、像、文学、作品、政府、陪他、主义、研究
萧启庆,学术 / 朋友 / 见面 / 通信,学术,99,65,65,19,31,李敖自传与回忆(18)；李敖回忆录(10)；大学日记后期乙集(5)；我最难忘的事和人(4)；大学日记后期甲集(4)；李敖大哥大(4)；一个预备军官的日记(3)；李敖风流自传(2),研究、大学、老师、告诉我、见、同学、同班、台大
韩非,学术 / 诗文出处 / 历史类比引用 / 神交引用,学术,99,65,65,15,22,要把金针度与人(19)；挑战李敖(7)；千秋万岁乌鸦求是合集(6)；李敖语录(6)；读史指南(6)；李敖大哥大(3)；独白下的传统(2)；李敖文存二集(2),古人、所谓、思想、哲学、总统、古代、见、读
齐白石,文艺音乐 / 历史类比引用 / 神交引用,文艺音乐,99,65,65,16,25,李敖大哥大(33)；虽千万人，李敖往矣(7)；李敖风流自传(4)；中国艺术新研(4)；李敖书简集(3)；李敖自传与回忆续集(2)；李敖回忆录(2)；李敖访谈录1990-2018(2),见、老师、一起、学生、作品、书里、碰到、国民党
叶瑷菱,文艺音乐 / 媒体 / 见面,文艺音乐,99,64,64,2,2,李敖Talk秀(63)；李敖书启集(1),叶瑷菱：、像、结婚、所谓、妻、访问、太太、助理
哈定,政治人物 / 历史类比引用 / 神交引用,政治人物,99,64,64,8,14,阳痿美国(50)；李敖笑傲江湖(5)；李敖秘密书房(3)；坐牢家爸爸给女儿的八十封信(2)；李敖文存(1)；教育与脸谱(1)；求是新语(1)；红色11(1),总统、太太、像、名言、主义、夫人、女儿、法庭
明山,亲属 / 见面,待复核,99,64,38,17,45,李敖秘密书房(12)；李敖大哥大(9)；李敖笑傲江湖(8)；上山·上山·爱(5)；李敖访谈录1990-2018(5)；李敖议坛哀思录(4)；李敖风流自传(4)；千秋万岁乌鸦求是合集(4),一起、大学、爸爸、见、朋友、总统、院长、像
邓丽君,文艺音乐 / 创作资料协助 / 公共论战,文艺音乐,99,64,64,9,16,李敖秘密书房(15)；李敖书启集(14)；李敖笑傲江湖(12)；挑战李敖(10)；虽千万人，李敖往矣(5)；李敖访谈录1990-2018(4)；你是景福门(2)；波波颂(1),认识、报导、朋友、报纸、我与邓丽君、妈妈、母亲、像
包围,见面 / 公共论战,待复核,99,63,41,24,51,李敖大哥大(12)；李敖对话录(6)；李敖笑傲江湖(5)；挑战李敖(5)；李敖快意恩仇录(4)；李敖秘密书房(4)；李敖语录(3)；李敖颠倒众生(3),一起、法院、政治、国民党、朋友、总统、警察、思想
李庆元,政治人物 / 创作资料协助 / 诉讼 / 公共论战 / 见面,政治人物,99,63,63,5,19,挑战李敖(35)；李敖大哥大(17)；李敖议坛哀思录(5)；李敖颠倒众生(4)；李敖书序集续集(2),朋友、像、记者、一起、儿子、市长、妈妈、女儿
李筱峰,朋友 / 通信 / 出版 / 公共论战,朋友,99,63,63,13,17,你笨蛋，你笨蛋(28)；李敖书札集(8)；李敖对话录(7)；李敖快意恩仇录(3)；千秋万岁乌鸦求是合集(3)；李敖大哥大(3)；李敖回忆录(2)；李敖风流自传(2),朋友、国民党、见、政治、所谓、写信、像、杂志
李翊君,文艺音乐 / 媒体 / 见面,文艺音乐,99,63,63,1,1,李敖Talk秀(63),李翊君：、像、节目、同学、恋爱、认识、律师、朋友
李逸洋,政治人物 / 媒体 / 出版 / 公共论战 / 通信,政治人物,99,63,63,9,14,李敖书信集(36)；李敖秘藏日记(14)；挑战李敖(4)；李敖秘密书房(3)；李敖大哥大(2)；李敖快意恩仇录(1)；李敖议坛哀思录(1)；李敖风流自传(1),杂志、逸洋、见、编辑、总编辑、钟鼓锣、民进党、电话
江文也,文艺音乐 / 学术 / 公共论战 / 神交引用,文艺音乐,99,63,63,1,1,为自由招魂(63),政治、见、作品、学生、教授、研究、杂志、教书
陈志成,媒体 / 见面 / 公共论战,媒体,99,63,63,1,1,李敖Talk秀(63),朋友、告诉我、太太、节目、电视、访问、教授、像
何凡,媒体 / 出版 / 朋友 / 创作资料协助,媒体,99,62,62,16,25,李敖大哥大(11)；李敖快意恩仇录(6)；李敖语录(6)；李敖笑傲江湖(6)；教育与脸谱(5)；李敖风流自传(4)；波波颂(4)；李敖书翰集(4),见、文星、读、警备总部、杂志、太太、警察、攻击
副座,军事人物 / 见面 / 称谓待考,军事人物,99,62,62,1,13,一个预备军官的日记(62),副座
吴兆南,文艺音乐 / 媒体 / 见面 / 创作资料协助,文艺音乐,99,62,62,3,4,李敖秘密书房(60)；你笨蛋，你笨蛋(1)；中国迷信新研(1),像、见、问我、学生、电视、同学、妈妈、广播
方式来,政治人物 / 见面,待复核,99,62,41,20,61,李敖大哥大(14)；挑战李敖(13)；李敖秘密书房(7)；李敖访谈录1990-2018(5)；李敖议坛哀思录(4)；李敖快意恩仇录(2)；李敖书信集(2)；李敖书札集(2),像、研究、见、访问、政府、一起、节目、国民党
杨振宁,科学家 / 历史类比引用 / 神交引用,科学家,99,62,62,10,17,李敖笑傲江湖(24)；李敖书牍集(11)；李敖访谈录1990-2018(10)；李敖秘密书房(7)；李敖语录(3)；李敖五五日记(2)；李敖Talk秀(2)；李敖快意恩仇录(1),太太、见、研究、院长、总统、儿子、杨振宁、中央研究院
歌德,诗文出处 / 历史类比引用 / 神交引用,诗文出处,99,62,62,20,28,我最难忘的事和人(17)；虚拟的十七岁(7)；李敖大哥大(5)；虽千万人，李敖往矣(4)；千秋万岁乌鸦求是合集(3)；爱情的秘密(3)；李敖笑傲江湖(3)；传统下的独白(2),学生、大学、女儿、情人、研究、恋爱、诗、文星
段祺瑞,政治人物 / 军事人物 / 公共论战 / 神交引用,政治人物,99,62,62,17,22,历史与人像(18)；李敖秘密书房(8)；李敖大哥大(7)；李敖全集(6)；千秋万岁乌鸦求是合集(6)；我是天安门(3)；我梦碎，所以我梦醒(2)；北京法源寺(2),老师、国民党、政府、部长、总统、像、诗、将军
能完全,神交引用 / 公共论战 / 见面,待复核,99,62,39,32,48,红色11(7)；李敖语录(5)；李敖文存(4)；为中国思想趋向求答案(4)；李敖笑傲江湖(4)；李敖秘密书房(4)；李敖大哥大(4)；中国现代史定论(3),哲学、共产党、像、见、主义、老师、政府、陪我
阮籍,学术 / 神交引用,学术,99,62,62,11,16,千秋万岁乌鸦求是合集(32)；李敖语录(9)；要把金针度与人(8)；一个预备军官的日记(3)；李敖书信集(3)；传统下的独白(2)；文化论战丹火录(1)；虽千万人，李敖往矣(1),主义、见、诗、父亲、政治、文学、像、书里
陆游,诗文出处 / 历史类比引用 / 神交引用,诗文出处,99,62,62,28,40,李敖笑傲江湖(9)；挑战李敖(6)；历史与人像(5)；中国艺术新研(5)；读史指南(4)；李敖书信集(3)；要把金针度与人(3)；李敖议坛哀思录(2),诗、见、妻、像、学生、告诉我、委员、读
陈守山,军事人物 / 情治警务 / 公共论战,军事人物,99,62,62,13,17,波波颂(31)；千秋万岁乌鸦求是合集(6)；挑战李敖(5)；李敖大哥大(5)；李敖随写录后集(4)；李敖笑傲江湖(3)；中国命研究(2)；李敖快意恩仇录(1),司令、将军、杂志、警总、出版、报导、查禁、部长
马葆庭,军事人物 / 见面,军事人物,99,62,62,2,10,一个预备军官的日记(61)；早年日记(1),马区队长、见、读、同学、像、学者、请他、情书
G（贝贝）,情感 / 通信 / 见面 / 称谓待考,情感,99,61,61,2,2,李敖情书集(60)；李敖语录(1),写信、见、情书、一起、像、太太、见到、哥哥
俞大维,军事人物 / 公职人员 / 学术 / 历史类比引用,军事人物,99,61,61,15,23,李敖随写录后集(16)；挑战李敖(10)；李敖大哥大(8)；李敖秘密书房(6)；千秋万岁乌鸦求是合集(4)；中国近代史新论(4)；虽千万人，李敖往矣(3)；李敖书序集(2),部长、法院、国民党、委员、司令、像、读、出版
吴伯雄,公职人员 / 政治人物 / 通信 / 公共论战,公职人员,99,61,61,10,35,李敖笑傲江湖(14)；挑战李敖(11)；李敖大哥大(10)；世论新语(9)；李敖秘密书房(6)；李敖书函集(5)；李敖议坛哀思录(3)；李敖风流自传(1),国民党、总统、秘书、像、市长、见、节目、主席
明金城,媒体 / 文艺音乐 / 见面,媒体,99,61,61,1,1,李敖Talk秀(61),明金城：、像、朋友、学生、同学、借钱、监狱、主席
胡汉民,政治人物 / 诗文出处 / 公共论战 / 历史类比引用,政治人物,99,61,61,15,19,中国现代史定论(18)；李敖大哥大(9)；李敖全集(8)；第73烈士(7)；中国现代史正论(6)；李敖秘藏日记(2)；李敖书序集(2)；李敖颠倒众生(2),见、国民党、主义、所谓、委员、政治、共产党、先生
袁祝泰,同学 / 朋友 / 通信,同学,99,61,61,13,36,一个预备军官的日记(16)；大学日记后期甲集(12)；给马戈的五十封信(11)；大学日记后期乙集(9)；李敖书翰集(3)；我最难忘的事和人(2)；李敖回忆录(2)；李敖自传与回忆(1),台大、见、同学、朋友、碰到、来信、读、结婚
那边,见面 / 亲属,待复核,99,61,33,25,52,李敖秘密书房(15)；李敖大哥大(5)；李敖自传与回忆续集(4)；北京法源寺(4)；李敖语录(4)；李敖回忆录(3)；李敖风流自传(3)；李敖议坛哀思录(2),见、老师、研究、院长、所长、国民党、像、到我家
郭鑫生,律师代理 / 朋友 / 创作资料协助 / 诉讼 / 公共论战,律师代理,99,61,61,14,26,李敖五五日记(17)；李敖书函集(7)；早年日记(6)；李敖书启集(6)；李敖回忆录(4)；李敖快意恩仇录(4)；李敖随写录后集(4)；李敖报刊集(3),律师、见、请我、出版、电话、朋友、请他、郭鑫生律师
陈幸妤,亲属 / 财产债务 / 公共论战,亲属,99,61,61,4,8,李敖大哥大(47)；挑战李敖(11)；李敖议坛哀思录(2)；李敖颠倒众生(1),女儿、爸爸、政治、妈妈、像、总统、记者、想象力
陈洁仪,文艺音乐 / 媒体 / 见面,文艺音乐,99,61,61,1,1,李敖Talk秀(61),陈洁仪：、诗、像、女儿、家里、研究、读、将军
江冬秀,姻亲 / 出版 / 公共论战,姻亲,99,60,60,12,16,你笨蛋，你笨蛋(29)；李敖秘密书房(13)；李敖回忆录(4)；李敖自传与回忆(2)；李敖快意恩仇录(2)；为自由招魂(2)；李敖书札集(2)；李敖笑傲江湖(2),夫人、太太、著作、国民党、出版、研究、文星、中央研究院
沈之岳,情治警务,情治警务,99,60,60,14,26,千秋万岁乌鸦求是合集(11)；李敖回忆录(8)；上下古今谈(7)；红色11(7)；李敖书牍集(7)；李敖快意恩仇录(6)；李敖风流自传(5)；李敖秘藏日记(2),调查局、共产党、刑求、研究、中央研究院、国民党、记者、记者招待会
能没有,见面 / 神交引用 / 亲属 / 政治人物,待复核,99,60,41,26,53,李敖秘密书房(16)；挑战李敖(8)；李敖笑傲江湖(7)；上山·上山·爱(3)；李敖议坛哀思录(2)；李敖语录(2)；李敖对话录(2)；李敖颠倒众生(2),像、总统、朋友、妈妈、国民党、告诉我、女儿、特务
蒋梦麟,学术 / 政治人物 / 见面 / 公共论战,学术,99,60,60,16,21,李敖秘密书房(13)；李敖快意恩仇录(7)；李敖风流自传(6)；历史与人像(6)；李敖笑傲江湖(6)；李敖全集(4)；千秋万岁乌鸦求是合集(4)；一个预备军官的日记(3),大学、结婚、父亲、见、国民党、委员、夫人、爸爸
裴存藩,政治人物 / 军事人物 / 邻居 / 见面,政治人物,99,60,60,3,4,我最难忘的事和人(49)；李敖书启集(10)；世论新语(1),委员、将军、市长、太太、中将、法院、政治、写信
贞德,政治异议者 / 军事人物 / 宗教人物 / 历史类比引用 / 神交引用,政治异议者,99,60,60,14,23,虚拟的十七岁(24)；挑战李敖(5)；李敖秘密书房(5)；李敖笑傲江湖(4)；李敖自传与回忆续集(3)；李敖回忆录(3)；李敖风流自传(3)；红色11(3),见、总统、像、刑求、所谓、文学、主义、圣女贞德
顾锦才,司法人员 / 诉讼 / 公共论战,司法人员,99,60,60,14,19,李敖书札集(18)；挑战李敖(11)；李敖回忆录(8)；李敖自传与回忆续集(6)；李敖书简集(5)；李敖风流自传(2)；李敖书信集(2)；李敖书牍集(2),法官、判决、法院、推事、所谓、国民党、诬告、上诉
高行健,诗文出处 / 公共论战 / 历史类比引用 / 神交引用,诗文出处,99,60,60,2,5,李敖访谈录1990-2018(59)；李敖大哥大(1),高行健、文学、像、诗、主义、读、批评、政治
黎元洪,政治人物 / 军事人物 / 历史类比引用 / 神交引用,政治人物,99,60,60,12,18,李敖秘密书房(12)；李敖大哥大(11)；我梦碎，所以我梦醒(8)；李敖书序集(6)；李敖笑傲江湖(5)；千秋万岁乌鸦求是合集(4)；挑战李敖(4)；李敖Talk秀(4),总统、像、大学、政府、见、旅长、黎元洪、一起
林则徐,历史类比引用 / 政治人物 / 学术 / 神交引用,历史类比引用,99,59,59,16,22,你笨蛋，你笨蛋(7)；千秋万岁乌鸦求是合集(7)；李敖秘密书房(7)；文化论战丹火录(5)；李敖访谈录1990-2018(5)；李敖全集(4)；李敖语录(4)；要把金针度与人(4),朋友、见、著作、诗、请他、认识、历史上、名言
殷琪,财产债务 / 公共论战,财产债务,99,59,59,5,13,李敖大哥大(38)；李敖秘密书房(10)；李敖议坛哀思录(6)；挑战李敖(3)；李敖颠倒众生(2),像、妈妈、爸爸、家里、认识、政治、见、民进党
汪梦湘,情治警务 / 军事人物 / 出版 / 诗文出处 / 朋友 / 公共论战,情治警务,99,59,59,13,16,李敖自传与回忆续集(16)；李敖书笺集(13)；李敖书牍集(8)；李敖自传与回忆(3)；李敖回忆录(3)；李敖风流自传(3)；为中国思想趋向求答案(3)；李敖语录(3),文星、朋友、上校、先生、见、拜访、所谓、杂志
犹大,宗教人物 / 历史类比引用 / 神交引用,宗教人物,99,59,59,10,11,李敖笑傲江湖(39)；坐牢家爸爸给女儿的八十封信(11)；李敖秘密书房(2)；李敖快意恩仇录(1)；李敖风流自传(1)；波波颂(1)；千秋万岁乌鸦求是合集(1)；李敖五五日记(1),出版、朋友、读、老师、像、Judas（犹大）、见、家里
亚里士多德,学术 / 神交引用,学术,99,58,58,17,28,千秋万岁乌鸦求是合集(19)；李敖语录(9)；上下古今谈(5)；挑战李敖(5)；李敖文存(4)；李敖快意恩仇录(3)；坐牢家爸爸给女儿的八十封信(2)；李敖大哥大(2),老师、哲学、像、学者、见、大学、政治、著作
今井武夫,军事人物 / 证人见证 / 神交引用,军事人物,99,58,58,2,3,我梦碎，所以我梦醒(57)；千秋万岁乌鸦求是合集(1),参谋、司令、见、少将、中将、国民党、将军、致电
克利夫兰,政治人物 / 主剧情人物 / 小说剧本人物 / 历史类比引用,政治人物,99,58,58,7,16,阳痿美国(39)；李敖笑傲江湖(6)；坐牢家爸爸给女儿的八十封信(5)；李敖文存(2)；千秋万岁乌鸦求是合集(2)；李敖书信集(2)；挑战李敖(2),总统、见、将军、爸爸、国民党、像、妈妈、太太
吕后,历史类比引用 / 政治人物 / 神交引用,历史类比引用,99,58,58,11,17,李敖颠倒众生(21)；李敖大哥大(13)；千秋万岁乌鸦求是合集(8)；独白下的传统(5)；世论新语(3)；中国性研究(3)；李敖文存二集(1)；北京法源寺(1),情书、太太、像、军法、总统、儿子、夫人、将军
唐僧,宗教人物 / 历史类比引用 / 虚拟人物 / 神交引用,宗教人物,99,58,58,24,30,李敖秘密书房(7)；李敖语录(6)；上山·上山·爱(5)；李敖笑傲江湖(5)；李敖风流自传(4)；传统下的独白(4)；李敖大哥大(4)；李敖书笺集(3),像、同学、古代、历史上、见、作品、诗、古人
徐太太,主剧情人物 / 小说剧本人物 / 邻居 / 见面,主剧情人物,99,58,58,3,7,虚拟的十七岁(55)；李敖自传与回忆(2)；一个预备军官的日记(1),太太、电话、见、像、女儿、一起、家里、律师
林世煜,媒体 / 政治异议者 / 通信 / 公共论战,媒体,99,58,58,16,26,李敖秘藏日记(12)；李敖书札集(11)；李敖大哥大(10)；李敖书信集(7)；李敖书笺集(3)；我最难忘的事和人(2)；李敖快意恩仇录(2)；李敖风流自传(2),发行、杂志、见、世煜、编辑、总编辑、委员、国民党
高金素梅,政治人物 / 媒体 / 见面,政治人物,99,58,58,8,19,李敖议坛哀思录(27)；李敖风流自传(13)；李敖大哥大(11)；一个预备军官的日记(2)；李敖笑傲江湖(2)；李敖自传与回忆续集(1)；虽千万人，李敖往矣(1)；李敖访谈录1990-2018(1),法院、委员、立委、朋友、电视、找我、请我、记者
齐世英,政治人物 / 政治异议者 / 出版 / 创作资料协助 / 证人见证 / 见面,政治人物,99,58,58,17,21,李敖随写录后集(12)；李敖风流自传(9)；我梦碎，所以我梦醒(8)；李敖书笺集(4)；李敖笑傲江湖(4)；李敖快意恩仇录(3)；李敖书简集(3)；挑战李敖(3),国民党、先生、对我说、请我、夏齐两位、碰到、见、委员
嵇康,学术 / 诗文出处 / 政治异议者 / 历史类比引用 / 神交引用,学术,99,57,57,9,9,千秋万岁乌鸦求是合集(24)；要把金针度与人(12)；李敖语录(8)；为历史拨云(7)；读史指南(2)；波波颂(1)；你笨蛋，你笨蛋(1)；上山·上山·爱(1),主义、政治、朋友、写信、攻击、诗、学生、好友
张荣发,财产债务 / 创作资料协助 / 公共论战,财产债务,99,57,57,4,21,李敖大哥大(34)；挑战李敖(15)；李敖秘密书房(7)；李敖颠倒众生(1),助理、委员、电话、总统、律师、像、读、政府
杨祖珺,政治人物 / 媒体 / 公共论战 / 亲属 / 情感,政治人物,99,57,57,10,19,李敖书信集(14)；李敖随写录前集(10)；李敖书札集(9)；世论新语(5)；千秋万岁乌鸦求是合集(5)；李敖书函集(5)；求是新语(3)；李敖秘密书房(3),选举、国民党、祖珺、采访、立委、写信、读、法院
石永贵,媒体 / 党务宣传 / 出版管制 / 公共论战,媒体,99,57,57,10,27,李敖书启集(16)；李敖书函集(10)；世论新语(8)；千秋万岁乌鸦求是合集(5)；李敖五五日记(5)；求是新语(4)；李敖颠倒众生(4)；李敖随写录前集(2),国民党、见、电视、封杀、像、报导、政治、大学
费正清,学术 / 历史类比引用 / 神交引用,学术,99,57,57,15,21,李敖快意恩仇录(9)；李敖笑傲江湖(9)；李敖风流自传(6)；李敖新刊(6)；李敖报刊集(5)；李敖自传与回忆续集(4)；李敖全集(4)；李敖回忆录(3),文星、教授、大学、政府、学术、研究、朋友、杂志
那天晚,亲属 / 见面,待复核,99,57,41,22,49,李敖秘密书房(10)；李敖大哥大(10)；李敖快意恩仇录(7)；李敖笑傲江湖(5)；挑战李敖(4)；李敖自传与回忆(2)；李敖全集(2)；千秋万岁乌鸦求是合集(2),家里、见、一起、妈妈、像、爸爸、请我、大学
韦政通,证人见证 / 创作资料协助 / 学术 / 诉讼,证人见证,99,57,57,10,14,李敖文存(16)；千秋万岁乌鸦求是合集(13)；李敖书札集(10)；李敖笑傲江湖(5)；李敖书翰集(4)；李敖报刊集(3)；李敖快意恩仇录(2)；世论新语(2),学生、台大、师母、思想、太太、证人、国民党、见
台静农,学术 / 出版 / 见面 / 公共论战,学术,99,56,56,17,24,我最难忘的事和人(10)；世论新语(8)；李敖快意恩仇录(7)；大学札记(4)；李敖笑傲江湖(4)；教育与脸谱(3)；李敖语录(3)；李敖札记(3),台大、先生、文学、教授、诗、大学、见、国民党
成样子,学术 / 神交引用 / 见面,待复核,99,56,37,31,55,李敖快意恩仇录(5)；李敖大哥大(5)；李敖笑傲江湖(4)；挑战李敖(4)；千秋万岁乌鸦求是合集(3)；李敖秘密书房(3)；李敖颠倒众生(3)；李敖自传与回忆(2),像、国民党、大学、见、书店、主义、朋友、读
李逵,虚拟人物 / 小说剧本人物 / 历史类比引用,虚拟人物,99,56,56,12,12,李敖颠倒众生(19)；中国命研究(14)；独白下的传统(9)；李敖语录(3)；李敖全集(2)；虽千万人，李敖往矣(2)；李敖大哥大(2)；文化论战丹火录(1),碰到、见、女儿、哥哥、弟弟、妹妹、像、古人
王著,文艺音乐 / 公职人员 / 历史类比引用 / 神交引用,文艺音乐,99,56,56,2,3,中国艺术新研(55)；为历史拨云(1),臣越题、王著书千文真迹、袁侍御亨伯家所见、卷后周越跋、诗、作品、项元汴敬述、王著要趁醉大哭前朝皇帝周世宗
白居易,诗文出处 / 历史类比引用 / 神交引用,诗文出处,99,56,56,26,29,中国命研究(8)；要把金针度与人(7)；中国艺术新研(5)；独白下的传统(4)；上山·上山·爱(3)；读史指南(3)；波波颂(2)；为中国思想趋向求答案(2),诗、见、太太、古代、见到、政治、像、批评
石原慎太郎,政治人物 / 媒体 / 诗文出处 / 公共论战,政治人物,99,56,56,3,8,挑战李敖(51)；李敖大哥大(3)；李敖Talk秀(2),市长、见、电话、像、总统、主义、打电话、见面
石柏苍,出版 / 朋友 / 见面 / 通信 / 创作资料协助,出版,99,56,56,16,26,李敖书简集(11)；李敖秘藏日记(9)；李敖报刊集(5)；李敖笑傲江湖(5)；李敖回忆录(3)；李敖快意恩仇录(3)；李敖风流自传(3)；李敖书札集(3),法院、书记官、史通弟、诗、朋友、监狱、读、电话
荀子,学术 / 诗文出处 / 历史类比引用 / 神交引用,学术,99,56,56,21,36,中国命研究(12)；要把金针度与人(10)；虽千万人，李敖往矣(4)；挑战李敖(4)；李敖访谈录1990-2018(3)；李敖秘密书房(3)；为中国思想趋向求答案(2)；千秋万岁乌鸦求是合集(2),思想、所谓、国民党、像、古代、见、古人、共产党
马克·吐温,诗文出处 / 历史类比引用 / 神交引用,诗文出处,99,56,56,18,27,阳痿美国(9)；李敖秘密书房(9)；李敖大哥大(5)；求是新语(4)；千秋万岁乌鸦求是合集(4)；李敖议坛哀思录(3)；上下古今谈(3)；一个预备军官的日记(3),像、文学、电话、电报、还钱、政治、朋友、委员
黄剑青,司法人员 / 诉讼 / 公共论战,司法人员,99,56,56,13,19,李敖书札集(18)；李敖自传与回忆续集(11)；李敖回忆录(9)；李敖书简集(5)；李敖风流自传(2)；李敖书信集(2)；李敖书牍集(2)；李敖书函集(2),法院、判决、法官、推事、所谓、诬告、见、上诉
刘禅,政治人物 / 历史类比引用,政治人物,99,55,55,16,26,李敖语录(12)；李敖笑傲江湖(12)；千秋万岁乌鸦求是合集(5)；读史指南(4)；李敖大哥大(4)；李敖访谈录1990-2018(3)；李敖全集(2)；世论新语(2),儿子、见、父亲、共产党、总统、主义、历史上、认识
司马懿,政治人物 / 军事人物 / 历史类比引用,政治人物,99,55,55,13,18,李敖笑傲江湖(16)；你是景福门(8)；李敖大哥大(6)；李敖Talk秀(5)；挑战李敖(4)；虽千万人，李敖往矣(3)；读史指南(3)；独白下的传统(2),见、政治、像、主义、见到、儿子、政府、国民党
周联华,宗教人物 / 学术,宗教人物,99,55,55,12,17,李敖大哥大(20)；李敖快意恩仇录(9)；李敖笑傲江湖(6)；李敖随写录后集(4)；李敖全集(3)；虽千万人，李敖往矣(3)；李敖书札集(3)；千秋万岁乌鸦求是合集(2),一起、太太、见、国民党、儿子、师母、教授、宣传
张乐平,文艺音乐 / 诗文出处 / 公共论战 / 历史类比引用,文艺音乐,99,55,55,9,9,我梦碎，所以我梦醒(11)；你是景福门(10)；李敖笑傲江湖(8)；李敖风流自传(6)；李敖新刊(6)；李敖回忆录(5)；李敖书笺集(5)；李敖自传与回忆(2),一起、爸爸、国民党、报导、先生、朋友、父亲、导演
支票,财产债务,财产债务,99,55,55,25,41,李敖颠倒众生(13)；李敖大哥大(6)；李敖笑傲江湖(5)；李敖回忆录(3)；李敖秘密书房(3)；李敖快意恩仇录(2)；千秋万岁乌鸦求是合集(2)；李敖语录(2),支票、见、选举、文星、国民党、陪他、写信、情人
桑塔亚纳,诗文出处 / 学术 / 历史类比引用 / 神交引用,诗文出处,99,55,55,10,14,爱情的秘密(18)；上山·上山·爱(11)；李敖笑傲江湖(8)；李敖秘密书房(5)；李敖访谈录1990-2018(3)；李敖的情诗(2)；虽千万人，李敖往矣(2)；李敖书序集续集(2),诗、哲学、大学、像、书中、文学、见、教书
陆去,公共论战 / 政治人物 / 亲属 / 见面,待复核,99,55,40,16,39,李敖笑傲江湖(13)；李敖大哥大(13)；李敖秘密书房(9)；千秋万岁乌鸦求是合集(3)；李敖颠倒众生(3)；李敖自传与回忆(2)；李敖回忆录(2)；李敖风流自传(2),国民党、像、见、政府、政治、朋友、父亲、总统
骆明道,朋友 / 见面 / 通信,朋友,99,55,55,14,18,李敖秘藏日记(30)；波波颂(6)；李敖风流自传(3)；李敖秘密书房(3)；李敖回忆录(2)；千秋万岁乌鸦求是合集(2)；虽千万人，李敖往矣(2)；传统下的再白(1),明道、见、一起、到我家、国民党、太太、像、诗
黄怡,媒体 / 诗文出处 / 创作资料协助,媒体,99,55,55,16,26,李敖五五日记(13)；李敖快意恩仇录(8)；为自由招魂(6)；李敖书信集(6)；中国命研究(4)；李敖札记(3)；中国性研究(3)；李敖回忆录(2),朋友、告诉我、见、政治、国民党、出版、所谓、电话
吴敦义,政治人物 / 公职人员 / 通信 / 出版管制 / 公共论战,政治人物,99,54,54,15,27,李敖议坛哀思录(13)；挑战李敖(8)；李敖笑傲江湖(7)；李敖大哥大(6)；千秋万岁乌鸦求是合集(4)；李敖书函集(4)；虽千万人，李敖往矣(2)；李敖访谈录1990-2018(2),市长、政府、国民党、法官、委员、批评、秘书、主席
尹俊,情治警务 / 军事人物 / 历史类比引用,情治警务,99,54,54,13,18,李敖大哥大(10)；千秋万岁乌鸦求是合集(9)；中国性研究(8)；第73烈士(6)；李敖回忆录(5)；李敖快意恩仇录(5)；挑战李敖(3)；中国现代史定论(2),司令、师长、将军、碰到、国民党、太太、少将、总统
庄士敦,诗文出处 / 学术 / 历史类比引用 / 神交引用,诗文出处,99,54,54,3,4,李敖书序集(42)；李敖语录(8)；李敖秘密书房(4),庄士敦、见、拜访、读、家里、研究、大学、老师
张忠栋,学术 / 公共论战,学术,99,54,54,14,25,李敖颠倒众生(16)；挑战李敖(14)；李敖书翰集(5)；李敖笑傲江湖(4)；求是新语(3)；李敖札记(3)；李敖快意恩仇录(2)；李敖自传与回忆(1),国民党、主义、教授、像、民进党、所谓、学者、见
明成祖,历史类比引用 / 政治人物 / 神交引用,历史类比引用,99,54,54,15,23,北京法源寺(11)；为历史拨云(10)；独白下的传统(5)；李敖语录(5)；李敖全集(3)；千秋万岁乌鸦求是合集(3)；第73烈士(3)；中国命研究(3),学生、所谓、像、太太、妈妈、母亲、比喻、朋友
李清照,诗文出处 / 学术 / 历史类比引用 / 神交引用,诗文出处,99,54,54,8,11,历史与人像(36)；李敖语录(6)；千秋万岁乌鸦求是合集(3)；要把金针度与人(3)；李敖快意恩仇录(2)；虽千万人，李敖往矣(2)；虚拟的十七岁(1)；爱情的秘密(1),查禁、序、历史上、见、夫人、所谓、诗、思想
杜聿明,军事人物 / 诗文出处 / 公共论战 / 历史类比引用,军事人物,99,54,54,9,14,中国现代史定论(16)；李敖笑傲江湖(16)；李敖风流自传(14)；李敖语录(3)；李敖自传与回忆(1)；李敖自传与回忆续集(1)；我最难忘的事和人(1)；李敖回忆录(1),见、儿子、将军、国民党、司令、告诉我、共产党、太太
查清楚,见面,待复核,99,54,39,22,45,挑战李敖(11)；李敖笑傲江湖(7)；李敖大哥大(7)；李敖颠倒众生(5)；上山·上山·爱(2)；虚拟的十七岁(2)；李敖书简集(2)；李敖书笺集(2),法院、国民党、请他、律师、电视、报纸、封杀、调查局
熊十力,学术 / 神交引用,学术,99,54,54,16,19,文化论战丹火录(9)；千秋万岁乌鸦求是合集(5)；李语录(5)；李敖书序集(5)；李敖秘密书房(5)；李敖风流自传(4)；李敖快意恩仇录(3)；李敖文存(3),告诉我、报纸、先生、批评、哲学、思想、像、教书
瞿海源,学术 / 学术行政 / 公共论战,学术,99,54,54,5,17,挑战李敖(45)；李敖颠倒众生(4)；李敖秘密书房(3)；李敖快意恩仇录(1)；李敖Talk秀(1),研究、像、学者、中央研究院、所谓、朋友、学术、政府
翁同龢,公职人员 / 政治人物 / 师生 / 文艺音乐 / 历史类比引用 / 神交引用,公职人员,99,54,54,6,8,北京法源寺(46)；中国艺术新研(3)；世论新语(2)；你笨蛋，你笨蛋(1)；李敖五五日记(1)；李敖书启集(1),见、老师、读、研究、师生、寄给、会面、朋友
胡赓年,政治人物 / 公职人员 / 亲属 / 姻亲,政治人物,99,54,54,6,8,千秋万岁乌鸦求是合集(23)；李敖回忆录(16)；我梦碎，所以我梦醒(10)；李敖书笺集(2)；李敖大哥大(2)；李敖自传与回忆续集(1),立委、委员、先生、爸爸、法院、政治、父亲、国民党
顾维钧,政治人物 / 公职人员 / 历史类比引用,政治人物,99,54,54,17,24,李敖大哥大(15)；李敖颠倒众生(11)；千秋万岁乌鸦求是合集(4)；李敖自传与回忆(3)；我梦碎，所以我梦醒(3)；李敖笑傲江湖(3)；李敖秘密书房(3)；李敖书启集(2),政治、政府、见、像、大学、碰到、告诉我、部长
余英时,学术 / 公共论战,学术,99,53,53,14,21,李敖笑傲江湖(13)；世论新语(8)；李敖对话录(7)；波波颂(4)；李敖风流自传(3)；求是新语(3)；我梦碎，所以我梦醒(3)；千秋万岁乌鸦求是合集(3),研究、中央研究院、国民党、见、像、总统、朋友、思想
俞樾,学术 / 诗文出处 / 学术考证引用 / 历史类比引用 / 神交引用,学术,99,53,53,17,24,要把金针度与人(14)；为历史拨云(6)；李敖笑傲江湖(6)；中国近代史新论(5)；李敖风流自传(3)；独白下的传统(3)；教育与脸谱(2)；你笨蛋，你笨蛋(2),学生、老师、读、大学、见、学者、像、写信
周之鸣,朋友 / 见面 / 出版 / 公共论战 / 文艺音乐 / 诗文出处 / 历史类比引用,朋友,99,53,53,14,18,李敖随写录后集(17)；李敖笑傲江湖(9)；千秋万岁乌鸦求是合集(6)；李敖五五日记(3)；李敖秘密书房(3)；李敖快意恩仇录(2)；李敖书牍集(2)；李敖书函集(2),先生、朋友、主义、周之鸣、教授、国民党、像、问我
孔德成,学术 / 政治人物 / 宗教人物 / 公共论战,学术,99,53,53,14,20,千秋万岁乌鸦求是合集(15)；大学日记后期甲集(11)；李敖大哥大(9)；传统下的独白(4)；李敖笑傲江湖(3)；教育与脸谱(2)；李敖随写录前集(2)；李敖快意恩仇录(1),院长、国民党、教授、法院、政府、批评、大学、台大
孙铭九,军事人物 / 创作资料协助 / 证人见证 / 历史类比引用,军事人物,99,53,53,2,5,中国现代史正论(46)；李敖笑傲江湖(7),见、司令、共产党、电话、见到、送我、像、家中
宋子文,政治人物 / 公职人员 / 财产债务 / 公共论战 / 历史类比引用,政治人物,99,53,53,12,18,中国现代史定论(15)；李敖笑傲江湖(13)；中国现代史正论(6)；我梦碎，所以我梦醒(5)；李敖大哥大(4)；挑战李敖(3)；中国性研究(2)；李敖自传与回忆(1),见、大舅子、政府、国民党、哥哥、院长、将军、政治
居正,政治人物 / 司法人员 / 学术行政 / 历史类比引用,政治人物,99,53,53,10,13,李敖书序集(36)；李敖笑傲江湖(4)；中国现代史正论(3)；千秋万岁乌鸦求是合集(2)；中国近代史新论(2)；中国现代史定论(2)；李敖文存(1)；李敖文存二集(1),居正、国民党、法院、总统、院长、见、序、大学
广州,政治人物 / 师生,待复核,99,53,38,24,36,第73烈士(13)；千秋万岁乌鸦求是合集(5)；中国近代史新论(4)；挑战李敖(3)；李敖秘密书房(3)；李敖风流自传(2)；世论新语(2)；我是天安门(2),政府、大学、学生、书店、电视、主席、像、司令
段文字,神交引用 / 师生,待复核,99,53,31,35,46,教育与脸谱(4)；李敖风流自传(3)；你笨蛋，你笨蛋(3)；阳痿美国(3)；文化论战丹火录(2)；为中国思想趋向求答案(2)；一个预备军官的日记(2)；李敖书信集(2),读、研究、教授、台大、所谓、中央研究院、诉状、思想
王德毅,见面 / 朋友 / 诗文出处,见面,99,53,53,9,21,一个预备军官的日记(27)；李敖自传与回忆(6)；大学札记(6)；李敖风流自传(4)；早年日记(4)；李敖回忆录(2)；李敖秘密书房(2)；大学日记后期甲集(1),研究、见、诗、读、助理、杂志、教授、台大
蒋彦士,政治人物 / 公共论战,政治人物,99,53,53,12,22,李敖笑傲江湖(14)；李敖颠倒众生(13)；李敖秘密书房(8)；求是新语(4)；李敖随写录前集(4)；千秋万岁乌鸦求是合集(3)；李敖秘藏日记(2)；波波颂(1),总统、秘书、父亲、院长、国民党、法院、委员、像
颜锦福,政治人物 / 创作资料协助 / 公共论战,政治人物,99,53,53,10,27,挑战李敖(14)；李敖笑傲江湖(11)；李敖大哥大(8)；李敖书启集(7)；李敖随写录前集(5)；李敖书函集(4)；求是新语(1)；李敖访谈录1990-2018(1),委员、民进党、朋友、杂志、发行、颜委员锦福、像、国民党
马汉三,情治警务 / 政治人物 / 同案狱友,情治警务,99,53,53,2,2,我最难忘的事和人(51)；李敖风流自传(2),委员、脚镣、见、告诉我、牢房、一起、将军、共产党
从今天,政治人物,待复核,99,52,33,13,44,挑战李敖(15)；李敖大哥大(15)；大学札记(4)；李敖笑傲江湖(4)；李敖语录(3)；北京法源寺(2)；上山·上山·爱(2)；一个预备军官的日记(2),大学、国民党、朋友、像、节目、民进党、选举、告诉我
余陈月瑛,政治人物 / 诉讼 / 公共论战,政治人物,99,52,52,10,25,李敖颠倒众生(17)；李敖大哥大(14)；李敖Talk秀(5)；世论新语(4)；挑战李敖(4)；李敖随写录前集(3)；求是新语(2)；我最难忘的事和人(1),委员、国民党、告发、民进党、电视、法院、哥哥、见
国皇帝,见面 / 神交引用,待复核,99,52,29,24,36,中国近代史新论(14)；北京法源寺(5)；我是天安门(4)；李敖笑傲江湖(4)；李敖语录(3)；波波颂(2)；上下古今谈(2)；千秋万岁乌鸦求是合集(2),见、台独、像、儿子、总统、保安处、看守所、所长
徐锡麟,政治异议者 / 烈士殉难 / 历史类比引用 / 神交引用,政治异议者,99,52,52,7,9,李敖笑傲江湖(15)；第73烈士(8)；中国艺术新研(8)；李敖书笺集(7)；李敖大哥大(7)；中国近代史新论(6)；李敖秘密书房(1),像、国民党、警察、政府、见、出版、嫁给、宣传
李白,诗文出处 / 历史类比引用 / 神交引用,诗文出处,99,52,52,23,31,要把金针度与人(10)；李敖大哥大(10)；李敖访谈录1990-2018(4)；读史指南(4)；为中国思想趋向求答案(2)；李敖语录(2)；一个预备军官的日记(2)；给马戈的五十封信(2),诗、见、女儿、古人、作品、所谓、古代、太太
罗家伦,学术 / 学术行政 / 政治人物,学术,99,52,52,23,28,李敖自传与回忆(8)；李敖回忆录(8)；李敖风流自传(6)；千秋万岁乌鸦求是合集(5)；李敖大哥大(3)；我最难忘的事和人(2)；李敖快意恩仇录(2)；李敖对话录(2),委员、见、老师、国民党、助理、北大、先生、学生
邱铭笙,残障人士 / 出版 / 学术 / 见面,残障人士,99,52,52,1,2,我最难忘的事和人(52),朋友、一起、病房、哲学、总统、读、像、见
陈美儒,见面 / 公共论战,见面,99,52,52,1,1,李敖Talk秀(52),陈美儒：、学生、老师、同学、像、告诉我、借钱、总统
任何政,公共论战 / 政治人物 / 见面,公共论战,99,51,47,26,47,李敖笑傲江湖(5)；李敖大哥大(5)；千秋万岁乌鸦求是合集(4)；虽千万人，李敖往矣(4)；李敖议坛哀思录(3)；李敖语录(3)；我最难忘的事和人(2)；李敖风流自传(2),政治、国民党、主义、政府、选举、见、市长、共产党
国承认,政治人物 / 见面,待复核,99,51,24,12,34,挑战李敖(15)；李敖大哥大(12)；李敖议坛哀思录(5)；李敖秘密书房(4)；你笨蛋，你笨蛋(3)；阳痿美国(3)；世论新语(2)；我梦碎，所以我梦醒(2),政府、总统、国民党、见、军购、选举、共产党、像
士官长,军事人物 / 见面 / 称谓待考,军事人物,99,51,51,2,12,红色11(36)；一个预备军官的日记(15),士官长、共产党、老师、见、脚镣、见到、总统、碰到
屠申虹,创作资料协助 / 社会案件,创作资料协助,99,51,51,12,18,李敖快意恩仇录(12)；李敖笑傲江湖(10)；千秋万岁乌鸦求是合集(7)；李敖回忆录(4)；求是新语(4)；李敖随写录后集(4)；李敖风流自传(3)；李敖书函集(2),杂志、太太、像、朋友、发行、见、学生、研究
张福淙,财产债务 / 邻居 / 社会案件 / 创作资料协助,财产债务,99,51,51,7,14,李敖书启集(28)；李敖随写录后集(8)；挑战李敖(7)；李敖五五日记(3)；李敖颠倒众生(3)；李敖回忆录(1)；千秋万岁乌鸦求是合集(1),委员、存款、朋友、见、立委、国民党、民进党、法院
江青,政治人物 / 公共论战 / 历史类比引用 / 神交引用,政治人物,99,51,51,15,27,李敖笑傲江湖(8)；我是天安门(6)；虽千万人，李敖往矣(5)；李敖随写录后集(5)；李敖秘密书房(5)；李敖颠倒众生(4)；李敖风流自传(3)；李敖访谈录1990-2018(3),见、像、太太、电话、拜访、到我家、朋友、主席
江鹏坚,政治人物 / 政治异议者 / 律师代理 / 人权救援 / 选举助选 / 公共论战 / 见面,政治人物,99,51,51,9,14,李敖札记(11)；李敖书笺集(8)；李敖新刊(7)；李敖书信集(7)；世论新语(6)；李敖语录(5)；李敖秘藏日记(4)；李敖随写录前集(2),委员、主席、立委、法院、民进党、国民党、院长、会面
王云五,出版 / 政治人物,出版,99,51,51,13,15,千秋万岁乌鸦求是合集(12)；李敖笑傲江湖(12)；李敖风流自传(5)；李敖自传与回忆续集(4)；李敖快意恩仇录(4)；中国近代史新论(4)；李敖自传与回忆(2)；我梦碎，所以我梦醒(2),见、委员、主编、国民党、学生、认识、政治、看守所
王又曾,亲属 / 见面 / 公共论战 / 政治人物,亲属,99,51,44,9,24,挑战李敖(20)；李敖秘密书房(9)；中国性研究(7)；李敖大哥大(5)；李敖笑傲江湖(4)；李敖回忆录(2)；李敖风流自传(2)；李敖议坛哀思录(1),国民党、警察、爸爸、电视、见、一起、问我、像
罗宾汉,虚拟人物 / 历史类比引用 / 神交引用,虚拟人物,99,51,51,16,21,红色11(17)；李敖书信集(11)；李敖语录(7)；李敖访谈录1990-2018(3)；虽千万人，李敖往矣(2)；李敖快意恩仇录(1)；李敖议坛哀思录(1)；李敖相关(1),像、国民党、政府、思想、共产党、文学、警察、读
羊头卖,公共论战 / 神交引用,公共论战,99,51,38,21,36,千秋万岁乌鸦求是合集(9)；李敖颠倒众生(7)；李敖新刊(5)；挑战李敖(5)；李敖秘密书房(5)；李敖语录(2)；虽千万人，李敖往矣(2)；李敖书札集(2),主义、国民党、像、民进党、台独、查禁、共产党、归公
蔡万霖,财产债务 / 公共论战,财产债务,99,51,51,11,17,李敖快意恩仇录(10)；李敖风流自传(10)；世论新语(8)；李敖随写录后集(6)；李敖笑傲江湖(5)；李敖书笺集(3)；李敖秘藏日记(2)；李敖书函集(2),主义、土地、归公、报纸、书中、蔡万霖、政府、见
钱学森,科学家 / 军事人物 / 公共论战 / 历史类比引用,科学家,99,51,51,3,3,李敖笑傲江湖(49)；李敖相关(1)；李敖书信集(1),批评、政治、中将、特务、研究、共产党、打电话、电话
陈序经,学术 / 出版 / 公共论战 / 神交引用,学术,99,51,51,4,5,文化论战丹火录(36)；中国近代史新论(8)；为中国思想趋向求答案(5)；李敖书信集(2),序、读、见、思想、先生、出版、辩护、论战
项元汴,文艺音乐 / 诗文出处 / 历史类比引用 / 神交引用,文艺音乐,99,51,51,4,7,中国艺术新研(39)；李敖回忆录(5)；李敖随写录后集(4)；教育与脸谱(3),委员、见、同学、同班、爸爸、北大、项元汴敬述、诗
家好,师生 / 见面 / 媒体 / 政治人物,师生,99,50,45,6,42,挑战李敖(30)；李敖秘密书房(9)；李敖大哥大(5)；李敖颠倒众生(4)；李敖议坛哀思录(1)；李敖笑傲江湖(1),朋友、老师、总统、同学、节目、像、见、电视
小亚当斯,政治人物 / 主剧情人物 / 小说剧本人物 / 历史类比引用,政治人物,99,50,50,1,6,阳痿美国(50),总统、爸爸、主义、选举、文学、儿子、序、部长
左拉,诗文出处 / 政治异议者 / 公共论战 / 历史类比引用,诗文出处,99,50,50,15,17,千秋万岁乌鸦求是合集(20)；李敖语录(7)；李敖札记(4)；波波颂(3)；你笨蛋，你笨蛋(2)；中国命研究(2)；中国近代史新论(2)；挑战李敖(2),主义、文学、像、读、政府、所谓、政治、作品
张其昀,政治人物 / 学术行政 / 学术 / 党务宣传 / 公共论战 / 历史类比引用,政治人物,99,50,50,26,31,为自由招魂(8)；中国性研究(3)；中国现代史定论(3)；李敖颠倒众生(3)；我最难忘的事和人(2)；李敖快意恩仇录(2)；李敖风流自传(2)；李敖新刊(2),国民党、部长、大学、见、文星、委员、像、学者
成舍我,媒体 / 学术行政 / 公共论战,媒体,99,50,50,11,13,李敖随写录后集(13)；李敖快意恩仇录(8)；李敖风流自传(8)；李敖大哥大(8)；求是新语(6)；中国性研究(2)；李敖秘藏日记(1)；李敖五五日记(1),先生、老师、读、学生、大学、成校长、找我、电视
李姿仪,朋友 / 见面 / 创作资料协助,朋友,99,50,50,4,13,李敖风流自传(15)；李敖访谈录1990-2018(14)；虽千万人，李敖往矣(12)；李敖议坛哀思录(9),秘书、电话、问我、Vicky、所谓、节目、总统、陪他
李杰圣,见面 / 公共论战,见面,99,50,50,1,1,李敖Talk秀(50),李杰圣：、学生、大学、像、朋友、一起、碰到、同学
王清峰,律师代理 / 人权救援 / 公共论战,律师代理,99,50,50,9,24,李敖大哥大(27)；挑战李敖(9)；李敖秘密书房(3)；李敖颠倒众生(3)；李敖Talk秀(3)；李敖议坛哀思录(2)；李敖风流自传(1)；虽千万人，李敖往矣(1),律师、委员、记者、见、民进党、太太、记者招待会、政治
王筱婵,情感 / 通信 / 创作资料协助 / 公共论战,情感,99,50,50,2,4,挑战李敖(34)；李敖大哥大(16),见、离婚、一起、寄给、朋友、告诉我、读、节目
玛丽莲·梦露,媒体 / 神交引用,媒体,99,50,50,17,21,传统下的独白(7)；求是新语(6)；阳痿美国(6)；李敖秘密书房(6)；李敖Talk秀(4)；一个预备军官的日记(3)；挑战李敖(3)；李敖快意恩仇录(2),杂志、主义、总统、警察、读、像、所谓、教授
管道,见面 / 神交引用 / 监狱行政 / 公共论战 / 亲属,见面,99,50,42,23,39,李敖大哥大(8)；李敖笑傲江湖(7)；李敖Talk秀(4)；李敖快意恩仇录(3)；李敖对话录(3)；李敖访谈录1990-2018(3)；中国现代史正论(3)；李敖秘密书房(3),像、见、朋友、认识、看守所、所长、女儿、共产党
能干,政治人物 / 公共论战 / 亲属 / 朋友 / 姻亲,待复核,99,50,41,18,43,挑战李敖(13)；李敖大哥大(10)；一个预备军官的日记(5)；北京法源寺(3)；李敖秘密书房(3)；李敖快意恩仇录(2)；李敖议坛哀思录(2)；虽千万人，李敖往矣(2),总统、弟弟、像、国民党、朋友、政治、见、警察
蔡仁坚,政治人物 / 公共论战,政治人物,99,50,50,12,17,千秋万岁乌鸦求是合集(14)；李敖颠倒众生(8)；世论新语(6)；李敖大哥大(6)；李敖书牍集(5)；李敖札记(3)；李敖随写录前集(2)；李敖书札集(2),市长、法院、朋友、发行、民进党、政治、国民党、杂志
黄艺之,朋友 / 见面 / 通信 / 创作资料协助,朋友,99,50,50,5,14,李敖五五日记(44)；李敖全集(2)；为自由招魂(2)；千秋万岁乌鸦求是合集(1)；上山·上山·爱(1),艺之来电、见、电话、读、访问、妻、律师、台大
于白侬,医疗照护 / 社会案件 / 人权救援 / 见面 / 创作资料协助,医疗照护,99,49,49,1,1,李敖秘密书房(49),像、监狱、见、读、老师、母亲、见面、妻
仁甦,军校学生 / 见面 / 称谓待考,军校学生,99,49,49,1,7,一个预备军官的日记(49),仁甦
季贵成,情治警务 / 刑求人员,情治警务,99,49,49,2,2,李敖自传与回忆续集(47)；中国命研究(2),刑求、灌水、警总、刑警、像、逼供、导演、办案人员
屈原,历史类比引用 / 学术 / 政治人物 / 神交引用,历史类比引用,99,49,49,22,36,我梦碎，所以我梦醒(7)；李敖访谈录1990-2018(6)；虽千万人，李敖往矣(4)；波波颂(3)；上山·上山·爱(3)；李敖回忆录(2)；李敖风流自传(2)；你笨蛋，你笨蛋(2),见、所谓、像、思想、读、哲学、诗、还钱
广东人,神交引用 / 见面 / 政治人物,待复核,99,49,23,12,26,李敖秘密书房(18)；北京法源寺(11)；李敖大哥大(6)；挑战李敖(3)；一个预备军官的日记(2)；李敖笑傲江湖(2)；李敖颠倒众生(2)；李敖全集(1),像、部长、出版、大学、将军、见、碰到、政府
张子源,政治人物 / 诉讼 / 公共论战,政治人物,99,49,49,3,3,千秋万岁乌鸦求是合集(46)；李敖快意恩仇录(2)；李敖新刊(1),所谓、出版、法院、见、判决、推事、上诉、政府
李友邦,亲属 / 姻亲 / 见面,亲属,99,49,42,6,7,李敖秘密书房(19)；李敖书序集(12)；红色11(7)；为自由招魂(6)；虽千万人，李敖往矣(4)；李敖随写录后集(1),太太、见、国民党、主义、所谓、父亲、儿子、党部
江述凡,朋友 / 见面 / 通信 / 创作资料协助 / 文艺音乐,朋友,99,49,49,11,20,李敖秘藏日记(19)；李敖风流自传(7)；李敖笑傲江湖(5)；李敖秘密书房(5)；李敖回忆录(3)；李敖随写录后集(3)；我梦碎，所以我梦醒(2)；挑战李敖(2),述凡、朋友、先生、好友、广播、打电话、电话、告诉我
苏治洋,亲属 / 社会案件 / 诉讼 / 证人见证,亲属,99,49,49,4,7,千秋万岁乌鸦求是合集(41)；李敖秘藏日记(4)；李敖书笺集(2)；李敖书牍集(2),证人、检察官、起诉、见、警察、国民党、选举、所谓
苏爱伦,人权救援 / 见面 / 公共论战,人权救援,99,49,49,1,2,李敖Talk秀(49),学生、朋友、大学、导演、秘书、像、同学、家里
都好,见面 / 神交引用 / 姻亲,待复核,99,49,35,27,46,李敖秘密书房(7)；一个预备军官的日记(4)；李敖风流自传(3)；李敖访谈录1990-2018(3)；李敖大哥大(3)；李敖回忆录(2)；李敖快意恩仇录(2)；波波颂(2),见、大学、宣传、所谓、政治、读、告诉我、台大
高俊明,宗教人物 / 政治异议者 / 人权救援 / 公共论战,宗教人物,99,49,49,7,14,李敖大哥大(37)；李敖议坛哀思录(4)；我梦碎，所以我梦醒(2)；李敖访谈录1990-2018(2)；李敖颠倒众生(2)；李敖札记(1)；李敖Talk秀(1),政治、委员、像、政府、写信、关怀、国民党、请他
龚德柏,政治异议者 / 媒体 / 出版 / 感化人员,政治异议者,99,49,49,11,15,李敖新刊(15)；李敖自传与回忆(9)；李敖风流自传(8)；李敖笑傲江湖(5)；我梦碎，所以我梦醒(3)；李敖大哥大(3)；你笨蛋，你笨蛋(2)；我最难忘的事和人(1),国民党、政治、见、出版、文星、报人、思想、法院
伊索,诗文出处 / 历史类比引用 / 神交引用,诗文出处,99,48,48,20,31,坐牢家爸爸给女儿的八十封信(6)；虽千万人，李敖往矣(5)；波波颂(4)；红色11(4)；挑战李敖(4)；上山·上山·爱(3)；为历史拨云(3)；李敖自传与回忆(2),像、报导、爱上、上校、母亲、名言、比喻、结婚
华昌平,同学 / 朋友 / 见面,同学,99,48,48,13,21,大学日记后期甲集(16)；一个预备军官的日记(14)；大学日记后期乙集(4)；给马戈的五十封信(4)；李敖大哥大(2)；李敖自传与回忆(1)；我最难忘的事和人(1)；李敖回忆录(1),昌平、朋友、见、来信、台大、恋爱、研究、思想
地藏菩萨,宗教人物 / 神交引用,宗教人物,99,48,48,12,18,中国命研究(13)；李敖笑傲江湖(10)；挑战李敖(9)；上山·上山·爱(4)；李敖语录(3)；李敖秘密书房(2)；李敖颠倒众生(2)；李敖文存(1),像、思想、地藏菩萨的本愿、见、博士、出版、所谓、监狱
张德铭,政治人物 / 政治异议者 / 选举助选 / 公共论战,政治人物,99,48,48,15,20,李敖对话录(16)；李敖书信集(7)；李敖书简集(5)；李敖秘密书房(4)；千秋万岁乌鸦求是合集(3)；李敖书启集(3)；李敖语录(2)；李敖回忆录(1),国民党、委员、政治、选举、序、记者、政府、民进党
曹汝霖,政治人物 / 公共论战 / 历史类比引用 / 神交引用,政治人物,99,48,48,4,4,中国近代史新论(42)；历史与人像(4)；千秋万岁乌鸦求是合集(1)；李敖秘密书房(1),见、学生、警察、政府、回扣、序、回信、曹汝霖、章宗祥、陆宗舆
苏起,政治人物 / 学术 / 公共论战,政治人物,99,48,48,7,26,李敖议坛哀思录(23)；虽千万人，李敖往矣(6)；李敖大哥大(6)；李敖风流自传(5)；挑战李敖(4)；我梦碎，所以我梦醒(2)；李敖笑傲江湖(2),委员、国民党、主席、总统、一起、妻、博士、同仁
西门庆,虚拟人物 / 小说剧本人物 / 历史类比引用,虚拟人物,99,48,48,19,25,李敖风流自传(6)；虚拟的十七岁(5)；中国性研究(5)；爱情的秘密(4)；挑战李敖(4)；你笨蛋，你笨蛋(3)；李敖访谈录1990-2018(3)；李敖Talk秀(3),思想、国民党、研究、政府、像、政治、见、一起
詹永杰,朋友 / 同学,朋友,99,48,48,7,9,李敖自传与回忆(16)；李敖回忆录(10)；李敖风流自传(10)；李敖快意恩仇录(7)；虽千万人，李敖往矣(2)；李敖访谈录1990-2018(2)；李敖相关(1),见、读、来我家、男友、同学、部长、老师、家里
陈梦雷,诗文出处 / 编辑 / 出版 / 政治异议者 / 历史类比引用 / 神交引用,诗文出处,99,48,48,2,4,读史指南(33)；要把金针度与人(15),读、哥哥、序、所谓、文星、古人、爸爸、朋友
佛朗哥,军事人物 / 政治人物 / 公共论战 / 神交引用,军事人物,99,47,47,12,17,李敖大哥大(24)；李敖笑傲江湖(11)；阳痿美国(3)；李敖快意恩仇录(1)；波波颂(1)；李敖全集(1)；上下古今谈(1)；求是新语(1),将军、一起、共产党、见、见面、儿子、出版、主义
古话说,神交引用 / 见面 / 公共论战,待复核,99,47,23,28,44,李敖大哥大(4)；李敖快意恩仇录(3)；上山·上山·爱(3)；虚拟的十七岁(3)；李敖回忆录(2)；波波颂(2)；世论新语(2)；求是新语(2),像、国民党、见、见面、认识、碰到、古人、总统
吴宗宪,媒体 / 文艺音乐 / 公共论战,媒体,99,47,47,5,9,李敖Talk秀(29)；李敖颠倒众生(14)；李敖秘密书房(2)；挑战李敖(1)；李敖大哥大(1),节目、像、见、著作、同仁、研究、学术、母亲
文章（李敖Talk秀）,文艺音乐 / 媒体 / 见面,文艺音乐,99,47,47,1,1,李敖Talk秀(47),文章：
明人,神交引用 / 公共论战 / 朋友,待复核,99,47,30,24,42,挑战李敖(5)；李敖访谈录1990-2018(4)；李敖大哥大(4)；红色11(3)；大学札记(3)；李敖笑傲江湖(3)；李敖秘密书房(3)；独白下的传统(2),像、读、主义、国民党、学生、电视、政治、一起
明文规,政治人物,待复核,99,47,29,27,39,李敖大哥大(8)；上下古今谈(4)；李敖随写录后集(4)；李敖议坛哀思录(3)；李敖书札集(3)；挑战李敖(3)；中国性研究(2)；李敖自传与回忆续集(1),委员、选举、见、国民党、政府、上诉、法院、总统
权独立,政治人物 / 公共论战 / 神交引用,待复核,99,47,31,10,29,李敖大哥大(12)；李敖议坛哀思录(9)；李敖秘密书房(9)；李敖访谈录1990-2018(5)；李敖笑傲江湖(4)；教育与脸谱(2)；世论新语(2)；我梦碎，所以我梦醒(2),所谓、民进党、台独、政府、总统、政治、见、院长
李华俊,同学 / 朋友 / 见面,同学,99,47,47,10,22,一个预备军官的日记(12)；早年日记(9)；大学日记后期甲集(9)；大学日记后期乙集(5)；大学札记(3)；给马戈的五十封信(3)；我最难忘的事和人(2)；李敖回忆录(2),华俊、见、告诉我、像、大学、读、认识、见到
李复甸,律师代理 / 学术 / 诉讼 / 公共论战,律师代理,99,47,47,6,7,李敖笑傲江湖(36)；李敖议坛哀思录(4)；李敖秘密书房(2)；李敖颠倒众生(2)；李敖大哥大(2)；求是新语(1),律师、法院、辩护、法庭、学生、法官、大学、像
李大钊,政治人物 / 公共论战 / 历史类比引用,政治人物,99,47,47,15,20,李敖秘密书房(19)；中国近代史新论(6)；北京法源寺(4)；李敖自传与回忆续集(3)；李敖文存(2)；中国现代史正论(2)；挑战李敖(2)；李敖大哥大(2),共产党、大学、政治、国民党、管理员、像、学生、老师
林朝鑫,媒体 / 见面 / 公共论战,媒体,99,47,47,1,1,李敖Talk秀(47),林朝鑫：、像、监狱、部长、所谓、采访、管理员、凌虐
林海音,诗文出处 / 出版 / 朋友 / 创作资料协助,诗文出处,99,47,47,9,14,李敖书翰集(13)；李敖笑傲江湖(10)；早年日记(6)；李敖情书集(5)；李敖快意恩仇录(4)；教育与脸谱(4)；一个预备军官的日记(2)；李敖秘密书房(2),太太、文学、文星、女士、告诉我、朋友、见、见到
汤曜明,军事人物 / 公职人员 / 公共论战,军事人物,99,47,47,4,7,李敖大哥大(38)；李敖颠倒众生(5)；李敖议坛哀思录(2)；李敖风流自传(2),部长、立委、电视、广播、政府、将军、报纸、教授
麦金莱,政治人物 / 主剧情人物 / 小说剧本人物 / 历史类比引用,政治人物,99,47,47,6,9,阳痿美国(32)；李敖大哥大(8)；挑战李敖(4)；李敖全集(1)；虽千万人，李敖往矣(1)；坐牢家爸爸给女儿的八十封信(1),总统、主义、像、选举、家里、说过、土地、政府
丁乃竺,文艺音乐 / 媒体 / 见面 / 创作资料协助 / 朋友,文艺音乐,99,46,46,4,7,李敖秘密书房(42)；李敖访谈录1990-2018(2)；我梦碎，所以我梦醒(1)；李敖杂文集(1),像、见、太太、电视、朋友、爸爸、委员、一起
严复,学术 / 神交引用,学术,99,46,46,16,24,李敖自传与回忆(16)；要把金针度与人(5)；李敖回忆录(4)；李敖风流自传(4)；李敖秘密书房(4)；独白下的传统(2)；你笨蛋，你笨蛋(2)；李敖快意恩仇录(1),老师、儿子、诗、国民党、攻击、像、夫人、思想
俞中兴,江湖人物 / 同案狱友,江湖人物,99,46,46,3,4,李敖自传与回忆(16)；李敖笑傲江湖(16)；李敖快意恩仇录(14),警察、见、朋友、军法、认识、起诉、碰到、政治
倪文亚,政治人物 / 公共论战 / 见面,政治人物,99,46,46,13,18,李敖新刊(17)；李敖笑傲江湖(6)；李敖风流自传(4)；李敖札记(4)；李敖议坛哀思录(3)；李敖大哥大(3)；李敖书函集(2)；中国近代史新论(2),法院、院长、国民党、委员、教授、嫁给、秘书、妈妈
华老师,主剧情人物 / 小说剧本人物 / 师生 / 同案狱友 / 刑求受害,主剧情人物,99,46,46,1,3,红色11(46),老师、共产党、像、学生、调查局、大学、脚镣、思想
孙权,政治人物 / 军事人物 / 历史类比引用,政治人物,99,46,46,15,22,李敖笑傲江湖(10)；独白下的传统(8)；一个预备军官的日记(6)；李敖文存二集(4)；李敖语录(4)；上下古今谈(3)；波波颂(2)；读史指南(2),见、历史上、像、儿子、所谓、读、古人、同学
孙英善,同学 / 朋友 / 见面 / 诗文出处 / 医疗照护 / 公共论战,同学,99,46,46,16,29,李敖情书集(5)；李敖风流自传(4)；大学日记后期甲集(4)；给马戈的五十封信(4)；李敖回忆录(3)；李敖快意恩仇录(3)；李敖新刊(3)；大学札记(3),台大、儿子、朋友、读、同房、来信、同学、作品
山庄,政治人物 / 见面,待复核,99,46,29,8,27,挑战李敖(20)；李敖大哥大(16)；李敖笑傲江湖(3)；中国命研究(2)；李敖颠倒众生(2)；李敖快意恩仇录(1)；爱情的秘密(1)；李敖访谈录1990-2018(1),总统、像、朋友、共产党、仓储、土地、一起、宣传
弗洛斯特,诗文出处 / 历史类比引用 / 神交引用,诗文出处,99,46,46,16,21,爱情的秘密(10)；李敖语录(9)；我最难忘的事和人(3)；传统下的独白(3)；一个预备军官的日记(3)；李敖笑傲江湖(3)；李敖文存二集(2)；上山·上山·爱(2),诗、总统、作品、像、找我、说过、文学、对我说
张光锦,同学 / 军事人物 / 朋友 / 见面,同学,99,46,46,16,31,李敖风流自传(7)；李敖笑傲江湖(6)；李敖回忆录(4)；李敖大哥大(4)；李敖快意恩仇录(3)；李敖书牍集(3)；李敖书启集(3)；李敖秘密书房(3),朋友、同学、中将、见、像、司令、妈妈、委员
张良,政治人物 / 军事人物 / 历史类比引用 / 神交引用,政治人物,99,46,46,17,24,虽千万人，李敖往矣(12)；第73烈士(6)；李敖大哥大(6)；世论新语(3)；李敖语录(3)；李敖颠倒众生(3)；传统下的独白(2)；李语录(2),像、弟弟、见、朋友、古代、儿子、历史上、母亲
洪炎秋,学术 / 出版 / 公共论战,学术,99,46,46,9,13,教育与脸谱(24)；李敖书翰集(10)；李敖大哥大(5)；为自由招魂(2)；李敖快意恩仇录(1)；李敖风流自传(1)；虽千万人，李敖往矣(1)；一个预备军官的日记(1),教授、先生、大学、读、台大、研究、批评、见
董仲舒,学术 / 诗文出处 / 宗教人物 / 历史类比引用 / 神交引用,学术,99,46,46,9,12,中国命研究(28)；要把金针度与人(7)；中国迷信新研(3)；李敖情书集(2)；读史指南(2)；李敖回忆录(1)；为中国思想趋向求答案(1)；第73烈士(1),思想、学生、所谓、老师、作品、博士、序、碰到
蒙古独,政治人物 / 公共论战 / 亲属,待复核,99,46,28,14,23,李敖大哥大(18)；挑战李敖(10)；李敖笑傲江湖(3)；世论新语(2)；我梦碎，所以我梦醒(2)；阳痿美国(2)；虽千万人，李敖往矣(2)；李敖自传与回忆(1),国民党、政府、总统、爸爸、古人、共产党、所谓、大舅子
谷正纲,政治人物 / 公职人员 / 党务宣传 / 历史类比引用,政治人物,99,46,46,12,14,我梦碎，所以我梦醒(14)；李敖自传与回忆续集(6)；千秋万岁乌鸦求是合集(6)；李敖书笺集(5)；波波颂(3)；你笨蛋，你笨蛋(3)；李敖札记(2)；李敖书札集(2),国民党、见、主席、秘书、总统、告诉我、保释、主义
连家立,朋友 / 见面,朋友,99,46,46,22,33,李敖五五日记(11)；李敖笑傲江湖(5)；挑战李敖(4)；李敖议坛哀思录(3)；李敖语录(3)；一个预备军官的日记(2)；李敖秘密书房(2)；李敖大哥大(2),像、告诉我、政治、见、博士、朋友、情人、结婚
郭荣文,同案狱友 / 政治异议者 / 刑求受害,同案狱友,99,46,46,9,12,李敖自传与回忆续集(28)；李敖回忆录(6)；李敖风流自传(3)；你笨蛋，你笨蛋(2)；李敖新刊(2)；中国命研究(2)；李敖快意恩仇录(1)；虽千万人，李敖往矣(1),所谓、同案、认识、朋友、判决、证人、见、苦刑
钟琴,公职人员 / 媒体 / 出版管制 / 公共论战,公职人员,99,46,46,3,8,李敖颠倒众生(42)；李敖Talk秀(3)；李敖大哥大(1),老烟枪钟琴、节目、民进党、电视、台独、序、新闻局局长钟琴、法院
钱惟演,公职人员 / 诗文出处 / 文艺音乐 / 历史类比引用 / 神交引用,公职人员,99,46,46,1,2,中国艺术新研(46),钱惟演、见、诗、见到、所谓、好友
陶英惠,同学 / 学术 / 通信 / 见面,同学,99,46,46,12,19,李敖风流自传(11)；李敖快意恩仇录(9)；一个预备军官的日记(7)；你笨蛋，你笨蛋(4)；李敖书函集(3)；李敖回忆录(2)；李敖相关(2)；虽千万人，李敖往矣(2),同学、同班、研究、中央研究院、写信、告诉我、访问、跟我说
韩信,军事人物 / 历史类比引用 / 神交引用,军事人物,99,46,46,17,25,李敖语录(8)；虽千万人，李敖往矣(5)；中国迷信新研(5)；挑战李敖(5)；李敖文存二集(4)；一个预备军官的日记(3)；李敖札记(3)；李敖对话录(3),像、将军、见、所谓、历史上、问我、教授、大学
魏院长,医疗照护 / 学术行政 / 见面,医疗照护,99,46,46,1,5,虚拟的十七岁(46),院长、像、朋友、病房、部长、电话、跟我说、见
黄圣良,社会案件 / 诉讼 / 同案狱友,社会案件,99,46,46,1,1,李敖随写录前集(46),黄圣良、法院、法官、检察官、上诉、刑求、报导、逼供
公开表,政治人物 / 师生 / 姻亲,待复核,99,45,30,21,41,李敖笑傲江湖(7)；李敖秘密书房(5)；李敖全集(4)；李敖颠倒众生(4)；李敖快意恩仇录(3)；李敖议坛哀思录(3)；李敖书启集(3)；李敖语录(2),总统、政府、老师、回信、台独、见、思想、像
刘维斌,证人见证 / 财产信托,证人见证,99,45,45,14,15,李敖风流自传(8)；李敖回忆录(7)；千秋万岁乌鸦求是合集(7)；李敖笑傲江湖(5)；李敖议坛哀思录(3)；李敖大哥大(3)；李敖自传与回忆续集(2)；李敖快意恩仇录(2),电话、爸爸、导演、朋友、太太、离婚、记者、像
吴焕章,朋友 / 见面,朋友,99,45,45,10,15,李敖自传与回忆(16)；李敖风流自传(9)；李敖快意恩仇录(7)；李敖回忆录(6)；李敖书信集(2)；千秋万岁乌鸦求是合集(1)；虽千万人，李敖往矣(1)；一个预备军官的日记(1),爸爸、将军、主席、国民党、朋友、委员、共产党、司令
夏娃,宗教人物 / 历史类比引用 / 神交引用,宗教人物,99,45,45,19,32,李敖语录(5)；坐牢家爸爸给女儿的八十封信(5)；虽千万人，李敖往矣(4)；红色11(3)；虚拟的十七岁(3)；李敖笑傲江湖(3)；李敖秘密书房(3)；李敖颠倒众生(3),像、太太、请他、老师、大学、妻、哲学、夫人
天昭,军校学生 / 见面 / 称谓待考,军校学生,99,45,45,1,12,一个预备军官的日记(45),天昭
李声庭,律师代理 / 通信 / 诉讼 / 公共论战,律师代理,99,45,45,13,18,李敖书翰集(21)；李敖报刊集(6)；李敖书函集(3)；李敖回忆录(2)；传统下的再白(2)；李敖文存(2)；为自由招魂(2)；早年日记(2),教授、声庭先生：、法官、法院、律师、请他、查禁、会面
林永丰,医疗照护 / 创作资料协助 / 通信 / 见面 / 朋友 / 出版 / 公共论战,医疗照护,99,45,45,13,22,李敖五五日记(14)；李敖书信集(8)；李敖随写录前集(4)；李敖书牍集(4)；李敖书启集(3)；波波颂(2)；李敖书简集(2)；中国性研究(2),见、永丰来电、记者、大学、研究、朋友、总干事、委员
毕加索,文艺音乐 / 神交引用,文艺音乐,99,45,45,15,26,虚拟的十七岁(9)；李敖笑傲江湖(8)；李敖大哥大(8)；红色11(4)；上山·上山·爱(3)；虽千万人，李敖往矣(3)；李敖访谈录1990-2018(2)；李敖风流自传(1),像、共产党、诗、作品、朋友、碰到、批评、总统
潘其武,情治警务 / 监狱行政 / 同案狱友,情治警务,99,45,45,1,1,我最难忘的事和人(45),见、秘书、见面、太太、告诉我、代理、共产党、写信
王宝钏,虚拟人物 / 小说剧本人物 / 历史类比引用 / 情感 / 神交引用,虚拟人物,99,45,45,6,8,上下古今谈(26)；李敖语录(13)；李敖文存二集(2)；坐牢家爸爸给女儿的八十封信(2)；李敖随写录前集(1)；李敖大哥大(1),见、太太、像、思想、妻、父亲、认识、家里
王家桢,政治人物 / 公职人员 / 诗文出处 / 亲属 / 见面 / 历史类比引用,政治人物,99,45,45,7,10,中国现代史正论(16)；李敖回忆录(8)；李敖风流自传(7)；李敖自传与回忆(6)；李敖快意恩仇录(3)；李敖笑傲江湖(3)；李敖秘密书房(2),将军、见、妹妹、太太、书店、请我、出版社、出版
纪昀,学术 / 诗文出处 / 历史类比引用 / 神交引用,学术,99,45,45,18,21,要把金针度与人(12)；李敖大哥大(5)；独白下的传统(4)；上山·上山·爱(3)；挑战李敖(3)；传统下的再白(2)；中国命研究(2)；中国近代史新论(2),像、见、历史上、学者、主编、请他、读、哲学
荆轲,历史类比引用 / 神交引用,历史类比引用,99,45,45,12,15,北京法源寺(18)；李敖大哥大(10)；挑战李敖(5)；李敖语录(3)；独白下的传统(2)；李敖文存(1)；上下古今谈(1)；为自由招魂(1),见、像、见到、朋友、母亲、所谓、序、请他
陈唐山,政治人物 / 公职人员 / 公共论战,政治人物,99,45,45,8,22,挑战李敖(17)；李敖大哥大(10)；李敖颠倒众生(5)；李敖议坛哀思录(4)；李敖访谈录1990-2018(4)；李敖秘密书房(3)；一个预备军官的日记(1)；李敖书笺集(1),县长、像、委员、民进党、市长、同学、台独、国民党
陈寅恪,学术 / 历史类比引用 / 神交引用,学术,99,45,45,20,25,李敖访谈录1990-2018(5)；要把金针度与人(5)；千秋万岁乌鸦求是合集(4)；李敖书序集(4)；你笨蛋，你笨蛋(3)；李敖对话录(3)；为历史拨云(3)；李敖风流自传(2),大学、思想、见、像、诗、所谓、史学、读
陈福民,医疗照护 / 诗文出处 / 公共论战,医疗照护,99,45,45,1,2,李敖大哥大(45),陈福民医师、书里、告诉我、太太、送我、像、认识、台大
高荫祖,诗文出处 / 历史类比引用,诗文出处,99,45,45,6,6,李敖回忆录(21)；李敖自传与回忆(15)；李敖风流自传(4)；中国现代史定论(3)；李敖快意恩仇录(1)；挑战李敖(1),秘书、国民党、找我、政治、见、委员、先生、中央委员会第四组
二郎神,虚拟人物 / 宗教人物,虚拟人物,99,44,44,11,13,李敖颠倒众生(15)；李敖大哥大(12)；李敖对话录(4)；李敖快意恩仇录(3)；虽千万人，李敖往矣(3)；李敖访谈录1990-2018(2)；李敖全集(1)；文化论战丹火录(1),像、所谓、一起、将军、比喻、碰到、说过、见
吴三桂,历史类比引用 / 政治人物 / 军事人物 / 情感 / 神交引用,历史类比引用,99,44,44,14,17,挑战李敖(11)；李敖随写录后集(7)；李敖语录(6)；求是新语(5)；上下古今谈(3)；你是景福门(3)；李敖随写录前集(2)；李敖自传与回忆(1),政府、父亲、委员、代理、像、政治、恋爱、写信
国人打,神交引用,待复核,99,44,17,15,35,挑战李敖(10)；李敖秘密书房(9)；李敖笑傲江湖(7)；李敖颠倒众生(4)；阳痿美国(3)；中国迷信新研(2)；李敖议坛哀思录(1)；李敖全集(1),历史上、上校、像、助理、部长、序、文学、姐姐
国记者,媒体 / 出版 / 见面 / 亲属,媒体,99,44,44,20,36,李敖笑傲江湖(8)；李敖颠倒众生(5)；世论新语(4)；李敖秘密书房(4)；我梦碎，所以我梦醒(3)；李敖快意恩仇录(2)；李敖风流自传(2)；李敖相关(2),记者、见、国民党、报导、杂志、访问、出版、问我
平山周,主剧情人物 / 小说剧本人物 / 政治人物 / 见面,主剧情人物,99,44,44,2,5,北京法源寺(43)；李敖书启集(1),一起、像、见、回信、朋友、政治、说过、认识
廖耀湘,军事人物 / 诗文出处 / 证人见证 / 公共论战 / 历史类比引用,军事人物,99,44,44,2,2,中国现代史定论(34)；我最难忘的事和人(10),将军、书中、一起、司令、国民党、研究、委员、同学
张国杰,同案狱友 / 被害人 / 医疗照护 / 诉讼,同案狱友,99,44,44,11,13,李敖笑傲江湖(23)；李敖书信集(4)；李敖书简集(4)；李敖自传与回忆续集(2)；世论新语(2)；李敖新刊(2)；李敖情书集(2)；李敖Talk秀(2),法官、像、判决、看守所、法院、支票、见、借钱
方岑,见面 / 公共论战,见面,99,44,44,1,1,李敖Talk秀(44),方岑：、老师、学生、师生、像、恋爱、碰到、所谓
李国瑾,情治警务 / 军事人物 / 出版管制 / 公共论战,情治警务,99,44,44,9,13,早年日记(14)；李敖回忆录(10)；千秋万岁乌鸦求是合集(4)；李敖快意恩仇录(3)；李敖风流自传(3)；李敖书札集(3)；李敖秘密书房(3)；李敖秘藏日记(2),警总、政治、见、弟弟、中将、司令、政战、警察
杜牧,诗文出处 / 历史类比引用 / 神交引用,诗文出处,99,44,44,19,29,要把金针度与人(9)；李敖语录(4)；李敖笑傲江湖(4)；挑战李敖(4)；李敖秘密书房(4)；为自由招魂(3)；中国艺术新研(3)；读史指南(2),诗、书中、作品、著作、古代、朋友、政治、像
柏拉图,学术 / 历史类比引用 / 神交引用,学术,99,44,44,20,35,挑战李敖(7)；千秋万岁乌鸦求是合集(4)；李敖语录(4)；李敖秘密书房(4)；李敖对话录(3)；坐牢家爸爸给女儿的八十封信(3)；传统下的独白(2)；李敖文存(2),哲学、老师、像、朋友、古代、同仁、恋爱、情书
汪希苓,情治警务 / 军事人物 / 诉讼 / 公共论战,情治警务,99,44,44,7,10,千秋万岁乌鸦求是合集(29)；李敖秘藏日记(4)；李敖大哥大(4)；一个预备军官的日记(2)；李敖书笺集(2)；李敖笑傲江湖(2)；李敖风流自传(1),国民党、见、军法、政府、法庭、见面、报导、法院
潘步岳,通信 / 见面,通信,99,44,44,2,9,一个预备军官的日记(43)；李敖快意恩仇录(1),见、读、写信、父亲、福利社、文学、台大、诗
王文洋,财产债务 / 师生 / 公共论战,财产债务,99,44,44,4,6,李敖笑傲江湖(25)；李敖大哥大(15)；李敖Talk秀(3)；我梦碎，所以我梦醒(1),电话、教授、朋友、太太、儿子、大学、打电话、见
艾登,政治人物 / 公共论战 / 神交引用,政治人物,99,44,44,9,12,李敖全集(12)；李敖大哥大(12)；为历史拨云(8)；挑战李敖(4)；我梦碎，所以我梦醒(3)；李敖Talk秀(2)；教育与脸谱(1)；我是天安门(1),同僚、碰到、见、部长、总统、节目、电话、告诉我
营长,军事人物 / 见面 / 称谓待考,军事人物,99,44,44,1,11,一个预备军官的日记(44),营长
赖文良,刑求受害 / 被害人 / 同案狱友 / 人权救援 / 公共论战,刑求受害,99,44,44,3,4,李敖书信集(42)；我最难忘的事和人(1)；李敖书牍集(1),赖文良、看守所、监狱、管理员、关怀、妻、法院、会面
金溥聪,政治人物 / 见面 / 公共论战,政治人物,99,44,44,9,18,挑战李敖(18)；李敖大哥大(8)；李敖访谈录1990-2018(4)；李敖议坛哀思录(3)；李敖风流自传(3)；你笨蛋，你笨蛋(3)；虽千万人，李敖往矣(2)；李敖秘密书房(2),政府、作品、见、报纸、请我、市长、出版品、出版
钟曜唐,司法人员 / 诉讼 / 公共论战,司法人员,99,44,44,6,9,李敖笑傲江湖(16)；世论新语(13)；红色11(7)；求是新语(6)；李敖回忆录(1)；李敖颠倒众生(1),法官、院长、法院、判决、检察官、记者、警察、像
闻天地,情治警务 / 出版 / 公共论战,待复核,99,44,35,20,26,李敖回忆录(5)；李敖风流自传(5)；李敖书笺集(5)；文化论战丹火录(3)；中国现代史定论(3)；李敖笑傲江湖(3)；李敖秘密书房(3)；李敖文存(2),国民党、特务、诗、台独、出版、政治、攻击、报导
阿提拉,军事人物 / 政治人物 / 历史类比引用 / 神交引用,军事人物,99,44,44,11,13,李敖大哥大(8)；虚拟的十七岁(7)；上山·上山·爱(5)；李敖笑傲江湖(5)；李敖风流自传(4)；李敖语录(4)；中国命研究(4)；李敖快意恩仇录(3),总统、传记、情人、一起、结婚、见、政府、像
颜文闩,媒体 / 出版 / 诉讼 / 公共论战,媒体,99,44,44,11,20,李敖书函集(15)；李敖大哥大(6)；李敖书牍集(5)；李敖颠倒众生(5)；李敖五五日记(4)；李敖新刊(3)；千秋万岁乌鸦求是合集(2)；世论新语(1),发行、编辑、总编辑、所谓、报导、国民党、质问《自由时报》、来信
黄任中,通信 / 见面,通信,99,44,44,5,12,李敖大哥大(30)；挑战李敖(7)；李敖随写录前集(5)；李敖快意恩仇录(1)；李敖议坛哀思录(1),法官、像、法院、见、告诉我、朋友、爸爸、杂志
黄导群,朋友 / 出版 / 公共论战 / 见面 / 通信,朋友,99,44,44,8,12,李敖秘藏日记(25)；世论新语(12)；李敖札记(2)；李敖全集(1)；李敖语录(1)；李敖五五日记(1)；李敖书信集(1)；李敖书札集(1),告诉我、电话、朋友、导群来、见、导群说、秘书、立委
何妤玟,媒体 / 文艺音乐 / 见面 / 公共论战,媒体,99,43,43,1,1,李敖Talk秀(43),何妤玟：、节目、一起、学生、见、像、朋友、跟我说
佘法师,主剧情人物 / 小说剧本人物 / 宗教人物 / 见面,主剧情人物,99,43,43,3,7,北京法源寺(37)；李敖秘密书房(5)；李敖书启集(1),一起、见、像、认识、诗、说过、父亲、妻
侯立朝,情治警务 / 出版 / 公共论战,情治警务,99,43,43,5,8,李敖笑傲江湖(31)；李敖自传与回忆(5)；李敖风流自传(4)；李敖回忆录(2)；李敖新刊(1),文星、出版、杂志、情治、国民党、台独、著作、电视
傅作义,军事人物 / 政治人物 / 历史类比引用,军事人物,99,43,43,6,6,我最难忘的事和人(30)；李敖自传与回忆(4)；李敖回忆录(3)；李敖对话录(3)；李敖书序集(2)；李敖书笺集(1),司令、见、警察、电报、国民党、市长、请他、共产党
刘秋芳,政治人物 / 情治警务,政治人物,99,43,43,1,1,我最难忘的事和人(43),委员、选举、立委、市长、国民党、女友、党部、朋友
吴荣元,同案狱友 / 政治异议者 / 通信,同案狱友,99,43,43,8,12,李敖大哥大(18)；李敖自传与回忆续集(9)；李敖回忆录(9)；李敖风流自传(2)；挑战李敖(2)；李敖议坛哀思录(1)；千秋万岁乌鸦求是合集(1)；虽千万人，李敖往矣(1),警总、同房、大学、脚镣、朋友、学生、共产党、主席
周幼伟,宗教人物 / 学术 / 学术行政 / 公共论战,宗教人物,99,43,43,2,2,李敖全集(40)；李敖回忆录(3),文学、大学、研究、博士、哲学、读、院长、总务主任
孟大中,同学 / 朋友 / 见面 / 证人见证,同学,99,43,43,10,17,李敖风流自传(10)；李敖回忆录(8)；大学札记(7)；我最难忘的事和人(6)；大学日记后期甲集(4)；李敖快意恩仇录(2)；大学日记后期乙集(2)；李敖大哥大(2),离婚、台大、母亲、父亲、朋友、见、读、大学
宋太宗,政治人物 / 历史类比引用 / 神交引用,政治人物,99,43,43,16,20,中国艺术新研(16)；李敖笑傲江湖(6)；虽千万人，李敖往矣(3)；李敖大哥大(3)；独白下的传统(2)；读史指南(2)；为历史拨云(2)；李敖自传与回忆(1),弟弟、离婚、见、哥哥、论文、父亲、读、儿子
张惊声,学术行政 / 亲属 / 政治异议者 / 历史类比引用,学术行政,99,43,43,3,4,李敖书序集(33)；千秋万岁乌鸦求是合集(9)；李敖笑傲江湖(1),张惊声、儿子、嫁给、结婚、妈妈、太太、读、娶
张煦华,学术 / 媒体 / 朋友 / 创作资料协助,学术,99,43,43,7,11,挑战李敖(17)；李敖颠倒众生(10)；李敖大哥大(10)；李敖秘密书房(2)；李敖Talk秀(2)；李敖回忆录(1)；李敖风流自传(1),教授、大学、节目、总统、研究、像、张煦华：、朋友
张白帆,出版 / 朋友 / 见面,出版,99,43,43,8,11,李敖大哥大(10)；李敖笑傲江湖(8)；早年日记(6)；李敖书信集(6)；李敖快意恩仇录(4)；李敖情书集(4)；李敖风流自传(3)；挑战李敖(2),一起、判决、恋爱、法院、朋友、太太、文星、妻
木兰,虚拟人物,虚拟人物,99,43,43,9,12,李敖大哥大(11)；一个预备军官的日记(10)；李敖风流自传(7)；李敖自传与回忆(4)；李敖回忆录(4)；李敖快意恩仇录(2)；李敖对话录(2)；李敖秘密书房(2),像、老师、台大、师长、爸爸、儿子、警总、保安处
李玉阶,媒体 / 宗教人物 / 公共论战,媒体,99,43,43,3,7,为自由招魂(26)；求是新语(15)；李敖随写录前集(2),国民党、朋友、政府、编辑、政治、秘书、特务、大学
林荣三,媒体 / 政治人物 / 公共论战,媒体,99,43,43,7,17,挑战李敖(17)；李敖大哥大(8)；李敖风流自传(5)；李敖快意恩仇录(4)；李敖随写录前集(4)；李敖笑傲江湖(4)；求是新语(1),法院、法官、判决、见、报纸、院长、上诉、娶
温生才,主剧情人物 / 小说剧本人物 / 烈士殉难 / 政治异议者 / 军事人物 / 历史类比引用,主剧情人物,99,43,43,5,8,第73烈士(32)；挑战李敖(8)；李敖风流自传(1)；你笨蛋，你笨蛋(1)；为历史拨云(1),将军、脚镣、像、认识、见、传记、研究、政府
白鲸,虚拟人物 / 小说剧本人物 / 历史类比引用 / 神交引用,虚拟人物,99,43,43,8,9,虚拟的十七岁(28)；虽千万人，李敖往矣(5)；红色11(4)；第73烈士(2)；上山·上山·爱(1)；阳痿美国(1)；爱情的秘密(1)；李敖秘密书房(1),像、一起、文学、见、见证、所谓、法官、脚镣
胡志强,学术 / 政治人物 / 公共论战,学术,99,43,43,9,18,李敖大哥大(13)；李敖秘密书房(10)；挑战李敖(7)；李敖颠倒众生(7)；李敖书启集(2)；李敖快意恩仇录(1)；李敖议坛哀思录(1)；李敖风流自传(1),国民党、政治、总统、像、部长、电视、委员、选举
证严法师,宗教人物 / 人权救援 / 公共论战,宗教人物,99,43,43,5,12,挑战李敖(18)；李敖笑傲江湖(14)；李敖大哥大(6)；李敖秘密书房(4)；求是新语(1),像、哲学、委员、国民党、思想、调查局、节目、批评
谢东闵,政治人物 / 公共论战,政治人物,99,43,43,16,27,挑战李敖(7)；波波颂(5)；李敖对话录(5)；李敖颠倒众生(5)；李敖自传与回忆续集(4)；李敖大哥大(3)；千秋万岁乌鸦求是合集(2)；李敖访谈录1990-2018(2),国民党、市长、主席、台独、像、总统、妻、判决
贺顺顺,姻亲 / 亲属 / 神交引用,待复核,99,43,24,2,5,李敖秘密书房(30)；李敖大哥大(13),朋友、太太、像、嫁给、妈妈、请他、结婚、共产党
邓维贤,媒体 / 出版 / 政治异议者 / 通信 / 公共论战,媒体,99,43,43,12,26,李敖书札集(20)；李敖书信集(7)；李敖对话录(4)；世论新语(2)；千秋万岁乌鸦求是合集(2)；李敖秘藏日记(2)；李敖回忆录(1)；李敖议坛哀思录(1),政治、杂志、维贤：、关怀、出版、国民党、见、邓维贤）
都表示,通信 / 师生 / 见面,待复核,99,43,32,28,35,李敖语录(7)；李敖全集(3)；千秋万岁乌鸦求是合集(3)；李敖快意恩仇录(2)；李敖风流自传(2)；上山·上山·爱(2)；挑战李敖(2)；李敖秘密书房(2),电话、太太、公共、见、国民党、诗、师母、像
何敏,证人见证 / 社会案件,证人见证,99,42,42,4,10,世论新语(35)；李敖议坛哀思录(5)；你是景福门(1)；千秋万岁乌鸦求是合集(1),电话、打电话、部长、检察官、律师、妻、见、委员
俞正燮,学术 / 诗文出处 / 学术考证引用 / 历史类比引用 / 神交引用,学术,99,42,42,13,19,历史与人像(10)；中国性研究(10)；要把金针度与人(4)；千秋万岁乌鸦求是合集(3)；上山·上山·爱(3)；为历史拨云(3)；独白下的传统(2)；李敖语录(2),学者、大学、研究、所谓、政治、见、思想、诗
吴乃仁,政治人物 / 党务宣传,政治人物,99,42,42,10,16,李敖大哥大(18)；李敖颠倒众生(6)；波波颂(4)；世论新语(4)；李敖议坛哀思录(2)；你是景福门(2)；李敖秘藏日记(2)；李敖随写录前集(2),民进党、杂志、见、将军、司令、秘书、法院、研究
唐德刚,学术 / 诗文出处 / 出版 / 见面,学术,99,42,42,10,12,李敖书序集(20)；我是天安门(8)；李敖回忆录(3)；李敖风流自传(2)；求是新语(2)；李敖语录(2)；李敖札记(2)；李敖五五日记(1),唐德刚、先生、朋友、见、出版、像、出版社、学生
国立北,亲属 / 学术 / 师生,亲属,99,42,40,11,26,李敖秘密书房(12)；李敖笑傲江湖(10)；李敖大哥大(7)；李敖自传与回忆(3)；李敖回忆录(3)；李敖风流自传(2)；李敖相关(1)；教育与脸谱(1),大学、父亲、爸爸、研究、读、见、学生、文学
塔夫脱,政治人物 / 主剧情人物 / 小说剧本人物 / 司法人员 / 历史类比引用,政治人物,99,42,42,5,9,阳痿美国(38)；李敖全集(1)；一个预备军官的日记(1)；李敖秘密书房(1)；李敖颠倒众生(1),总统、像、主义、报纸、记者、认识、采访、文学
姜太公,政治人物 / 军事人物 / 神交引用,政治人物,99,42,42,19,26,上下古今谈(7)；李敖语录(7)；虽千万人，李敖往矣(4)；挑战李敖(4)；李敖大哥大(3)；波波颂(2)；北京法源寺(2)；为历史拨云(2),历史上、太太、像、诉状、总统、选举、哲学、警总
宋真宗,政治人物 / 历史类比引用 / 神交引用,政治人物,99,42,42,9,11,中国艺术新研(19)；李敖大哥大(10)；中国命研究(6)；李敖书牍集(2)；传统下的独白(1)；独白下的传统(1)；李敖文存(1)；上山·上山·爱(1),哥哥、朋友、见、院长、诗、一起、作品、儿子
张秀政,财产债务 / 创作资料协助 / 公共论战,财产债务,99,42,42,5,10,李敖大哥大(30)；挑战李敖(5)；李敖笑傲江湖(3)；李敖访谈录1990-2018(2)；李敖颠倒众生(2),土地、律师、总统、爸爸、政府、法官、过户、父亲
徐武军,见面 / 学术,见面,99,42,42,6,9,李敖大哥大(12)；李敖回忆录(10)；李敖风流自传(10)；李敖自传与回忆续集(8)；我最难忘的事和人(1)；李敖秘密书房(1),同学、爸爸、见、教授、朋友、儿子、学术、见到
李子弋,媒体 / 诗文出处 / 通信 / 朋友 / 公共论战,媒体,99,42,42,10,17,为自由招魂(14)；千秋万岁乌鸦求是合集(10)；求是新语(6)；李敖书序集(4)；李敖风流自传(2)；李敖笑傲江湖(2)；李敖快意恩仇录(1)；世论新语(1),编辑、总编辑、朋友、女儿、共产党、电话、像、碰到
林浊水,政治人物 / 公共论战,政治人物,99,42,42,14,26,李敖议坛哀思录(18)；李敖大哥大(5)；求是新语(3)；李敖风流自传(2)；你是景福门(2)；我梦碎，所以我梦醒(2)；千秋万岁乌鸦求是合集(2)；李敖访谈录1990-2018(2),委员、民进党、法院、台独、国民党、朋友、总统、所谓
武大郎,虚拟人物 / 小说剧本人物 / 历史类比引用,虚拟人物,99,42,42,20,29,挑战李敖(11)；一个预备军官的日记(4)；李敖秘密书房(4)；坐牢家爸爸给女儿的八十封信(3)；李敖笑傲江湖(3)；虚拟的十七岁(2)；中国命研究(2)；我最难忘的事和人(1),像、著作、哥哥、结婚、诗、院长、国民党、节目
牛头马面,虚拟人物 / 宗教人物 / 历史类比引用 / 神交引用,虚拟人物,99,42,42,13,17,千秋万岁乌鸦求是合集(8)；红色11(7)；上下古今谈(4)；李语录(4)；坐牢家爸爸给女儿的八十封信(3)；李敖快意恩仇录(2)；北京法源寺(2)；上山·上山·爱(2),国民党、情治、主义、像、秘书、党部、妻、对我说
牛顿,科学家 / 历史类比引用 / 神交引用,科学家,99,42,42,16,23,李敖议坛哀思录(7)；坐牢家爸爸给女儿的八十封信(6)；李敖大哥大(5)；李敖书笺集(4)；挑战李敖(4)；李敖秘密书房(3)；虚拟的十七岁(2)；虽千万人，李敖往矣(2),像、Sir Isaac Newton、朋友、委员、妻、结婚、主义、文学
胡书豪,见面 / 公共论战,见面,99,42,42,1,1,李敖Talk秀(42),胡书豪：、朋友、家里、一起、大学、哲学、同学、政府
萧美琴,政治人物 / 公共论战 / 诉讼,政治人物,99,42,33,2,5,李敖大哥大(38)；李敖议坛哀思录(4),民进党、总统、委员、批评、政治、立委、所谓、法院
袁枚,学术 / 诗文出处 / 历史类比引用 / 神交引用,学术,99,42,42,18,24,李敖大哥大(10)；李敖笑傲江湖(5)；李敖颠倒众生(5)；要把金针度与人(4)；李敖秘密书房(3)；李敖语录(2)；读史指南(2)；李敖快意恩仇录(1),诗、读、像、见、古代、碰到、一起、朋友
许文彬,律师代理 / 诉讼 / 人权救援 / 公共论战 / 见面,律师代理,99,42,42,5,7,李敖笑傲江湖(31)；李敖新刊(5)；李敖书牍集(3)；李敖大哥大(2)；李敖五五日记(1),律师、辩护、节目、法官、主席、国民党、上诉、杂志
赵元任,学术 / 学术行政 / 神交引用,学术,99,42,42,19,28,李敖书翰集(11)；李敖快意恩仇录(4)；李敖风流自传(4)；大学日记后期乙集(4)；李敖自传与回忆(2)；李敖议坛哀思录(2)；李敖书启集(2)；李敖秘密书房(2),见、太太、朋友、研究、学者、哲学、离婚、论文
陈孝萱,媒体 / 文艺音乐 / 见面 / 公共论战,媒体,99,42,42,1,1,李敖Talk秀(42),像、节目、朋友、教授、电视、一起、结婚、见
陶成章,烈士殉难 / 政治异议者 / 历史类比引用,烈士殉难,99,42,42,7,7,李敖书笺集(15)；李敖笑傲江湖(10)；中国艺术新研(7)；李敖札记(5)；第73烈士(3)；求是新语(1)；李敖语录(1),国民党、总统、出版、陶焕卿、传记、学术、政治、节目
马尔罗,出版 / 政治人物 / 神交引用,出版,99,42,42,5,8,李敖秘密书房(26)；挑战李敖(13)；李敖自传与回忆(1)；李敖风流自传(1)；世论新语(1),部长、总统、文学、国民党、先生、杂志、请他、共产党
高层,见面 / 神交引用 / 公共论战,见面,99,42,31,18,26,李敖大哥大(8)；李敖颠倒众生(5)；李敖风流自传(4)；李敖访谈录1990-2018(4)；你笨蛋，你笨蛋(3)；李敖语录(2)；虽千万人，李敖往矣(2)；一个预备军官的日记(2),见、诗、政治、总统、朋友、主义、像、比喻
魏廷昱,政治异议者 / 见面 / 创作资料协助 / 社会案件 / 公共论战,政治异议者,99,42,42,11,17,李敖秘藏日记(21)；求是新语(5)；李敖书笺集(4)；千秋万岁乌鸦求是合集(2)；李敖札记(2)；挑战李敖(2)；李敖大哥大(2)；李敖回忆录(1),小魏、弟弟、批评、太太、朋友、见、像、编辑
麦迪逊,政治人物 / 创作资料协助 / 历史类比引用,政治人物,99,42,42,6,10,阳痿美国(36)；中国现代史正论(2)；我是天安门(1)；你笨蛋，你笨蛋(1)；李敖访谈录1990-2018(1)；李敖笑傲江湖(1),总统、太太、妻、像、大学、主义、序、政府
龚自珍,学术 / 出版 / 神交引用,学术,99,42,42,22,32,要把金针度与人(9)；李敖快意恩仇录(3)；李敖笑傲江湖(3)；李敖自传与回忆续集(2)；李敖全集(2)；为中国思想趋向求答案(2)；上下古今谈(2)；李敖访谈录1990-2018(2),诗、思想、见、大学、宣传、像、博士、书里
公告,师生 / 政治人物 / 学术行政 / 诉讼,师生,99,41,34,14,19,李敖全集(11)；你是景福门(9)；千秋万岁乌鸦求是合集(3)；李敖笑傲江湖(3)；李敖大哥大(3)；李敖自传与回忆续集(2)；李敖议坛哀思录(2)；大学日记后期甲集(2),学生、法院、院长、大学、文学、委员、国民党、共产党
劳伦斯,诗文出处 / 历史类比引用 / 神交引用,诗文出处,99,41,41,15,20,李敖情书集(5)；李敖文存二集(4)；千秋万岁乌鸦求是合集(4)；虽千万人，李敖往矣(4)；李敖风流自传(3)；你笨蛋，你笨蛋(3)；大学日记后期甲集(3)；李敖报刊集(3),夫人、情人、文学、读、论文、出版、见、像
吕布,军事人物 / 历史类比引用 / 公共论战,军事人物,99,41,41,10,13,李敖笑傲江湖(12)；上下古今谈(9)；李敖语录(6)；李敖大哥大(4)；一个预备军官的日记(2)；读史指南(2)；要把金针度与人(2)；中国性研究(2),妻、见、儿子、诗、朋友、一起、恋爱、书里
吴申叔,朋友 / 出版 / 见面 / 亲属,朋友,99,41,41,12,18,李敖风流自传(11)；千秋万岁乌鸦求是合集(8)；李敖快意恩仇录(5)；李敖情书集(5)；李敖文存(4)；李敖语录(2)；虽千万人，李敖往矣(1)；早年日记(1),朋友、文星、父亲、见、请我、所谓、太太、碰到
周世宗,政治人物 / 神交引用,政治人物,99,41,41,12,13,挑战李敖(10)；千秋万岁乌鸦求是合集(4)；北京法源寺(4)；李敖文存(3)；世论新语(3)；李敖语录(3)；中国艺术新研(3)；李敖大哥大(3),像、儿子、见、家里、总统、读、批评、所谓
李金龙,政治人物 / 亲属 / 公共论战,政治人物,99,41,41,7,14,挑战李敖(25)；世论新语(4)；李敖书函集(4)；李敖笑傲江湖(3)；李敖秘密书房(3)；早年日记(1)；一个预备军官的日记(1),爸爸、像、儿子、一起、警察、节目、支票、见
林觉民,烈士殉难 / 政治异议者 / 通信 / 姻亲 / 历史类比引用 / 神交引用,烈士殉难,99,41,41,2,4,第73烈士(40)；李敖札记(1),太太、见、像、妻、好友、政府、书中、说过
沈铭三,亲属 / 朋友 / 见面,亲属,99,41,41,5,6,李敖自传与回忆(12)；李敖风流自传(9)；李敖书信集(9)；李敖快意恩仇录(8)；李敖回忆录(3),朋友、爸爸、国民党、爱上、先生、主席、政府、见
洪秀全,政治人物 / 宗教人物 / 神交引用,政治人物,99,41,41,19,21,李敖秘密书房(6)；挑战李敖(5)；李敖文存(3)；我是天安门(3)；北京法源寺(3)；李敖Talk秀(3)；我梦碎，所以我梦醒(2)；红色11(2),主义、政府、弟弟、思想、读、还钱、共产党、所谓
程建人,公职人员 / 政治人物 / 媒体 / 同学 / 公共论战,公职人员,99,41,41,4,11,挑战李敖(29)；李敖笑傲江湖(8)；李敖秘密书房(2)；李敖颠倒众生(2),同学、电视、国民党、像、姐姐、新闻局长程建人、弟弟、政府
董小宛,诗文出处 / 文艺音乐 / 情感 / 历史类比引用 / 神交引用,诗文出处,99,41,41,2,2,上山·上山·爱(22)；中国艺术新研(19),见、见到、太太、情人、研究、像、诗、书中
詹重雄,同案狱友 / 见面 / 政治异议者 / 刑求受害,同案狱友,99,41,41,8,12,李敖自传与回忆续集(22)；李敖回忆录(6)；李敖风流自传(4)；你笨蛋，你笨蛋(2)；李敖新刊(2)；虽千万人，李敖往矣(2)；中国命研究(2)；李敖快意恩仇录(1),所谓、同案、认识、朋友、证人、刑求、判决、苦刑
三毛（漫画人物）,虚拟人物 / 小说剧本人物 / 历史类比引用 / 公共论战,虚拟人物,99,40,40,2,2,李敖书笺集(24)；李敖笑傲江湖(16),朋友、爸爸、国民党、导演、真三毛那种悲悯、所谓、张乐平《三毛画传》、漫画中的三毛
乔治·马歇尔,军事人物 / 政治人物 / 公共论战 / 历史类比引用,军事人物,99,40,40,17,26,阳痿美国(7)；李敖笑傲江湖(6)；中国现代史定论(4)；为自由招魂(3)；李敖大哥大(3)；李敖风流自传(2)；波波颂(2)；我是天安门(2),将军、国民党、见、共产党、总统、政治、政府、太太
冯玉祥,军事人物 / 政治人物 / 历史类比引用,军事人物,99,40,40,17,23,为自由招魂(8)；李敖书笺集(6)；我梦碎，所以我梦醒(5)；李敖笑傲江湖(4)；李敖秘密书房(3)；上下古今谈(2)；李敖语录(2)；文化论战丹火录(1),诗、政治、认识、师长、旅长、政府、将军、访问
副连长,军事人物 / 见面 / 称谓待考,军事人物,99,40,40,1,10,一个预备军官的日记(40),副连长
司法组,学术 / 师生 / 律师代理,学术,99,40,40,16,26,李敖秘密书房(10)；李敖快意恩仇录(5)；李敖议坛哀思录(4)；大学日记后期甲集(3)；李敖书序集(3)；李敖自传与回忆续集(2)；李敖风流自传(2)；李敖相关(2),台大、大学、同学、司法行政部、读、文学、院长、法院
吕不韦,历史类比引用 / 政治人物 / 财产债务 / 神交引用,历史类比引用,99,40,40,8,11,李敖笑傲江湖(22)；要把金针度与人(6)；李敖Talk秀(4)；中国性研究(3)；李敖语录(2)；独白下的传统(1)；一个预备军官的日记(1)；中国迷信新研(1),妈妈、爸爸、政治、见、像、请他、碰到、儿子
周作人,学术 / 诗文出处 / 师生 / 历史类比引用 / 神交引用,学术,99,40,40,17,22,李敖书翰集(6)；李敖秘密书房(6)；李敖快意恩仇录(4)；教育与脸谱(4)；李敖语录(3)；为历史拨云(3)；李敖自传与回忆(2)；李敖回忆录(2),学生、老师、像、文学、弟弟、北大、哥哥、监狱
孙震,学术行政 / 证人见证 / 公共论战,学术行政,99,40,40,10,14,李敖随写录前集(12)；李敖笑傲江湖(11)；波波颂(3)；李敖书启集(3)；挑战李敖(3)；李敖大哥大(3)；李敖书函集(2)；你笨蛋，你笨蛋(1),台大、大学、委员、孙震、回信、国民党、教授、校长
宋教仁,政治人物 / 神交引用,政治人物,99,40,40,15,23,李敖大哥大(13)；李敖文存(5)；世论新语(4)；李敖书笺集(3)；挑战李敖(3)；李敖全集(2)；中国近代史新论(2)；李敖回忆录(1),总统、国民党、政治、特务、电报、委员、思想、见
徐光启,科学家 / 宗教人物 / 学术 / 诗文出处 / 历史类比引用 / 神交引用,科学家,99,40,40,5,9,中国近代史新论(30)；文化论战丹火录(5)；为中国思想趋向求答案(3)；李敖语录(1)；要把金针度与人(1),见、古人、见到、写信、朋友、大学、学者、主义
恩格斯,学术 / 公共论战 / 神交引用,学术,99,40,40,16,20,李敖回忆录(8)；李敖书牍集(5)；我是天安门(4)；虽千万人，李敖往矣(4)；文化论战丹火录(2)；你笨蛋，你笨蛋(2)；红色11(2)；早年日记(2),主义、见、朋友、著作、写信、出版、思想、见面
李丽华,媒体 / 文艺音乐 / 公共论战,媒体,99,40,40,8,10,挑战李敖(13)；李敖笑傲江湖(8)；李敖快意恩仇录(5)；求是新语(5)；大学日记后期乙集(3)；虽千万人，李敖往矣(2)；李敖秘密书房(2)；李敖Talk秀(2),见、太太、像、国民党、共产党、一起、诗、政治
柯立芝,政治人物 / 主剧情人物 / 小说剧本人物 / 历史类比引用,政治人物,99,40,40,6,11,阳痿美国(24)；李敖Talk秀(7)；挑战李敖(6)；教育与脸谱(1)；一个预备军官的日记(1)；李敖颠倒众生(1),总统、夫人、主义、像、爸爸、太太、调查局、大学
汝清,情感 / 见面 / 通信 / 出版 / 创作资料协助 / 编辑,情感,99,40,40,10,18,李敖回忆录(9)；李敖风流自传(9)；李敖情书集(7)；李敖报刊集(5)；李敖相关(4)；李敖书简集(2)；李敖快意恩仇录(1)；千秋万岁乌鸦求是合集(1),认识、学生、政治、夫人、陪我、出版、见、法院
洪秀柱,政治人物 / 公共论战,政治人物,99,40,40,7,15,李敖议坛哀思录(13)；李敖大哥大(12)；李敖风流自传(8)；虽千万人，李敖往矣(3)；李敖访谈录1990-2018(2)；李敖书启集(1)；李敖秘密书房(1),国民党、委员、法院、主席、立委、选举、政治、名言
王玉云,政治人物 / 公共论战,政治人物,99,40,40,5,6,千秋万岁乌鸦求是合集(29)；世论新语(7)；李敖秘密书房(2)；李敖笑傲江湖(1)；挑战李敖(1),政治、国民党、报导、主席、见、民进党、控告、见证
Tony陈,媒体 / 见面 / 称谓待考,媒体,99,39,39,1,1,李敖Talk秀(39),Tony陈：
叶翔之,政治人物 / 军事人物 / 党务宣传,政治人物,99,39,39,6,8,我最难忘的事和人(17)；李敖笑傲江湖(17)；李敖书序集(2)；李敖回忆录(1)；李敖风流自传(1)；李敖秘密书房(1),调查局、研究、政治、父亲、委员、中央研究院、见、朋友
司马文武,出版 / 媒体 / 公共论战,出版,99,39,39,10,13,李敖大哥大(8)；李敖颠倒众生(7)；李敖随写录前集(6)；李敖书函集(4)；李敖回忆录(3)；李敖风流自传(3)；李敖札记(3)；李敖对话录(2),推事、所谓、读、政治、总统、司马文武、碰到、杂志
吴祥辉,媒体 / 公共论战,媒体,99,39,39,6,9,李敖书牍集(21)；中国命研究(7)；李敖书笺集(5)；李敖自传与回忆续集(3)；挑战李敖(2)；李敖五五日记(1),法院、公诉、编辑、总编辑、控告、副总编辑、法官、起诉
唐玄宗,政治人物 / 诗文出处 / 历史类比引用 / 神交引用,政治人物,99,39,39,17,22,要把金针度与人(6)；中国命研究(6)；独白下的传统(4)；中国艺术新研(4)；读史指南(3)；李敖文存二集(2)；中国性研究(2)；中国迷信新研(2),诗、像、儿子、见、读、国民党、序、太太
撒切尔夫人,政治人物 / 历史类比引用 / 神交引用,政治人物,99,39,39,9,17,李敖访谈录1990-2018(9)；李敖大哥大(9)；挑战李敖(7)；李敖笑傲江湖(4)；我梦碎，所以我梦醒(3)；求是新语(2)；阳痿美国(2)；李敖书序集续集(2),夫人、政治、共产党、部长、像、太太、一起、见
欧汉声,媒体 / 文艺音乐 / 见面 / 公共论战,媒体,99,39,39,1,1,李敖Talk秀(39),欧汉声：、节目、像、一起、问我、告诉我、爱上、学生
潘金莲,虚拟人物 / 小说剧本人物 / 历史类比引用,虚拟人物,99,39,39,15,20,挑战李敖(8)；中国性研究(5)；虚拟的十七岁(4)；上下古今谈(3)；李敖秘密书房(3)；李敖Talk秀(3)；李敖回忆录(2)；李敖风流自传(2),告诉我、结婚、国民党、记者、见、院长、读、像
玉皇大帝,虚拟人物 / 宗教人物 / 历史类比引用 / 神交引用,虚拟人物,99,39,39,14,15,李敖颠倒众生(10)；中国命研究(8)；李敖笑傲江湖(4)；李敖全集(3)；文化论战丹火录(3)；李敖自传与回忆(2)；李敖秘藏日记(2)；上下古今谈(1),见、像、家里、所谓、一起、太太、宣传、著作
王尔德,诗文出处 / 历史类比引用 / 神交引用,诗文出处,99,39,39,18,29,李敖语录(7)；虽千万人，李敖往矣(5)；李敖书牍集(4)；李敖秘密书房(4)；你笨蛋，你笨蛋(2)；李敖札记(2)；李敖访谈录1990-2018(2)；坐牢家爸爸给女儿的八十封信(2),文学、朋友、像、想象力、碰到、读、出版、判决
王崇五,见面 / 媒体 / 公职人员 / 党务宣传,见面,99,39,39,9,9,李敖对话录(10)；我最难忘的事和人(7)；李敖笑傲江湖(6)；李敖快意恩仇录(3)；李敖风流自传(3)；虽千万人，李敖往矣(3)；李敖书信集(3)；早年日记(2),共产党、国民党、请我、市长、读、王崇五、见、研究
皮尔逊,媒体 / 出版 / 公共论战 / 神交引用,媒体,99,39,39,4,7,李敖大哥大(19)；波波颂(15)；李敖笑傲江湖(3)；为自由招魂(2),总统、将军、夫人、见、情书、报纸、司令、碰到
石滋宜,学术 / 创作资料协助 / 见面 / 公共论战,学术,99,39,39,1,3,挑战李敖(39),博士、总统、部长、请他、节目、先生、像、大学
简又新,政治人物 / 公职人员 / 公款经费 / 公共论战,政治人物,99,39,39,6,11,李敖大哥大(31)；求是新语(2)；李敖颠倒众生(2)；李敖Talk秀(2)；李敖议坛哀思录(1)；你是景福门(1),部长、国民党、委员、法院、报纸、立委、像、告诉我
陈丰伟,医疗照护 / 媒体 / 出版 / 见面 / 诗文出处,医疗照护,99,39,39,1,1,李敖秘密书房(39),像、读、所谓、老师、杂志、书里、报纸、出版
陈正澄,同学 / 学术 / 见面,同学,99,39,39,19,26,李敖回忆录(5)；李敖风流自传(5)；李敖笑傲江湖(4)；李敖快意恩仇录(3)；大学日记后期甲集(3)；李敖随写录前集(3)；李敖自传与回忆续集(2)；李敖新刊(2),台大、同学、发行、老师、像、同班、哲学、报纸
黄杰,政治人物 / 公共论战,政治人物,99,39,39,8,14,上下古今谈(17)；千秋万岁乌鸦求是合集(5)；李敖大哥大(5)；李敖回忆录(4)；一个预备军官的日记(3)；世论新语(2)；中国近代史新论(2)；李敖情书集(1),主席、像、见、国民党、所谓、学生、诗、文星
任显群,司法人员 / 政治人物 / 历史类比引用 / 亲属,司法人员,99,38,38,4,4,红色11(14)；李敖随写录前集(13)；李敖秘密书房(7)；李敖访谈录1990-2018(4),嫁给、夫人、法官、上诉、主席、朋友、判决、任显群夫人
华民,朋友 / 见面 / 通信 / 称谓待考,朋友,99,38,38,5,16,早年日记(22)；一个预备军官的日记(11)；大学日记后期甲集(3)；李敖回忆录(1)；李敖风流自传(1),华民、来信、太太、历史上、朋友、研究、见、同班
大禹,政治人物 / 历史类比引用 / 神交引用,政治人物,99,38,38,19,21,独白下的传统(8)；李敖文存(5)；李敖秘密书房(5)；红色11(2)；要把金针度与人(2)；挑战李敖(2)；李敖大哥大(2)；我最难忘的事和人(1),像、见、古代、学者、太太、古人、研究、牢房
宙斯,虚拟人物 / 宗教人物 / 历史类比引用 / 情感 / 神交引用,虚拟人物,99,38,38,8,9,爱情的秘密(16)；虚拟的十七岁(7)；李敖文存二集(5)；李敖语录(5)；千秋万岁乌鸦求是合集(2)；上山·上山·爱(1)；阳痿美国(1)；坐牢家爸爸给女儿的八十封信(1),女儿、诗、妻、像、见、结婚、文学、总统
弗洛伊德,学术 / 神交引用,学术,99,38,38,15,20,虚拟的十七岁(8)；李敖Talk秀(5)；我梦碎，所以我梦醒(4)；李敖秘密书房(4)；虽千万人，李敖往矣(3)；李敖笑傲江湖(3)；你是景福门(2)；大学日记后期甲集(2),像、研究、母亲、所谓、论战、学生、读、娶
成问题,政治人物 / 公共论战,待复核,99,38,27,20,32,我最难忘的事和人(4)；文化论战丹火录(4)；一个预备军官的日记(4)；挑战李敖(3)；李敖大哥大(3)；李敖快意恩仇录(2)；世论新语(2)；千秋万岁乌鸦求是合集(2),见、研究、国民党、博士、政府、所谓、共产党、杂志
梁武帝,政治人物 / 宗教人物 / 神交引用,政治人物,99,38,38,9,14,独白下的传统(9)；李敖文存(8)；李敖文存二集(5)；我梦碎，所以我梦醒(4)；要把金针度与人(4)；波波颂(3)；千秋万岁乌鸦求是合集(2)；读史指南(2),父亲、儿子、读、妈妈、历史上、告诉我、母亲、宋被军人萧道成所篡；齐被军人萧衍所篡；梁被军人陈霸先所篡
洪英杰,见面 / 公共论战,见面,99,38,38,1,1,李敖Talk秀(38),洪英杰：、朋友、见、认识、一起、像、读、所谓
爱丽丝,虚拟人物 / 神交引用,虚拟人物,99,38,38,13,17,波波颂(6)；李敖风流自传(4)；你笨蛋，你笨蛋(4)；上山·上山·爱(4)；李敖秘密书房(4)；李敖文存(3)；李敖Talk秀(3)；我最难忘的事和人(2),像、部长、写信、书里、朋友、妈妈、认识、序
章建筑,亲属 / 通信,待复核,99,38,20,12,20,李敖笑傲江湖(13)；李敖大哥大(9)；李敖书笺集(4)；李敖书启集(3)；李敖秘密书房(2)；传统下的再白(1)；世论新语(1)；我梦碎，所以我梦醒(1),政府、国民党、家里、市长、院长、法院、回信、写信
翁有铭,财产债务 / 诉讼,财产债务,99,38,38,2,2,李敖随写录后集(36)；李敖随写录前集(2),翁有铭、法院、告发、判决、证人、秘书、上诉、见
胡七,江湖人物 / 医疗照护 / 历史类比引用 / 神交引用,江湖人物,99,38,38,2,4,北京法源寺(28)；历史与人像(10),认识、警察、学生、朋友、见、一起、告诉我、宣传
萨特,诗文出处 / 学术 / 历史类比引用 / 神交引用,诗文出处,99,38,38,16,23,李敖访谈录1990-2018(9)；李敖报刊集(5)；李敖对话录(4)；挑战李敖(4)；虚拟的十七岁(3)；虽千万人，李敖往矣(3)；李敖自传与回忆续集(1)；李敖快意恩仇录(1),文学、像、主义、研究、见、哲学、朋友、大学
蒋芸,文艺音乐 / 创作资料协助 / 公共论战,文艺音乐,99,38,38,8,11,波波颂(20)；李敖秘密书房(5)；早年日记(3)；李敖秘藏日记(3)；李敖风流自传(2)；李敖报刊集(2)；李敖书翰集(2)；李敖快意恩仇录(1),母亲、见、碰到、诬告、国民党、一起、读、像
郑孝胥,政治人物 / 文艺音乐 / 公共论战 / 神交引用,政治人物,99,38,38,7,8,李敖秘密书房(12)；李敖笑傲江湖(8)；第73烈士(6)；李敖随写录后集(6)；李敖风流自传(2)；为自由招魂(2)；中国艺术新研(2),政府、诗、一起、郑孝胥、对我说、朋友、共产党、碰到
高李丽珍,公职人员 / 人权救援 / 姻亲 / 公共论战,公职人员,99,38,38,1,2,李敖大哥大(38),高牧师娘、记者、政府、夫人、像、老师、记者招待会、政治
黄石城,公职人员 / 政治人物 / 公共论战,公职人员,99,38,38,12,18,李敖大哥大(13)；李敖对话录(5)；李敖札记(4)；李敖快意恩仇录(3)；李敖议坛哀思录(3)；李敖情书集(2)；为历史拨云(2)；挑战李敖(2),委员、选举、县长、国民党、经费、朋友、政治、陪我
中仪嫂（五五日记）,亲属 / 医疗照护 / 诉讼 / 创作资料协助 / 称谓待考,亲属,99,37,37,3,13,李敖五五日记(34)；千秋万岁乌鸦求是合集(2)；李敖随写录前集(1),电话、碰到、节目、律师、出版社、出版、法官、情人
于任何,公共论战 / 见面,待复核,99,37,22,21,32,李敖议坛哀思录(4)；李敖访谈录1990-2018(4)；文化论战丹火录(3)；为自由招魂(3)；你是景福门(2)；千秋万岁乌鸦求是合集(2)；李敖语录(2)；中国现代史定论(2),见、政治、民进党、主义、像、序、委员、政府
俞济时,军事人物 / 公职人员 / 历史类比引用,军事人物,99,37,37,8,11,李敖书牍集(11)；李敖大哥大(8)；挑战李敖(7)；李敖快意恩仇录(3)；李敖书笺集(3)；我最难忘的事和人(2)；李敖书序集(2)；李敖随写录后集(1),总统、传记、文学、见、杂志、将军、问我、中将
公路,神交引用 / 军事人物 / 通信 / 见面 / 亲属,待复核,99,37,25,16,27,李敖大哥大(12)；李敖语录(4)；李敖笑傲江湖(3)；挑战李敖(3)；早年日记(2)；中国近代史新论(2)；李敖秘密书房(2)；独白下的传统(1),像、将军、电报、见、一起、政治、爸爸、陪他
常常看,媒体 / 亲属 / 神交引用 / 政治人物 / 公共论战,媒体,99,37,33,11,36,挑战李敖(13)；李敖大哥大(6)；李敖笑傲江湖(5)；李敖秘密书房(5)；李敖风流自传(2)；李敖自传与回忆(1)；李敖回忆录(1)；李敖文存(1),电视、节目、像、家里、政治、国民党、思想、文学
张世民,同学 / 朋友 / 见面 / 通信,同学,99,37,37,9,23,大学札记(11)；给马戈的五十封信(6)；李敖风流自传(5)；一个预备军官的日记(4)；李敖快意恩仇录(3)；大学日记后期甲集(3)；李敖回忆录(2)；李敖新刊(2),朋友、结婚、认识、好友、台大、同学、同班、送我
於梨华,出版 / 学术 / 公共论战 / 诉讼,出版,99,37,37,6,9,教育与脸谱(16)；李敖对话录(6)；李敖情书集(6)；李敖语录(4)；李敖秘密书房(3)；李敖访谈录1990-2018(2),像、文星、碰到、研究、见、於梨华、批评、论文
汤若望,宗教人物 / 科学家 / 诉讼 / 历史类比引用 / 神交引用,宗教人物,99,37,37,1,2,中国近代史新论(37),判决、像、历史上、诗、文学、大学、控告、李天经、汤若望、龙华民
王老师,师生,师生,99,37,37,9,15,李敖大哥大(26)；我最难忘的事和人(3)；李敖笑傲江湖(2)；李敖自传与回忆(1)；李敖回忆录(1)；李敖快意恩仇录(1)；虽千万人，李敖往矣(1)；李敖书牍集(1),老师、院长、学生、国民党、节目、部长、批评、病房
翁岳生,司法人员 / 学术 / 见面,司法人员,99,37,37,6,20,李敖大哥大(14)；李敖秘密书房(11)；李敖议坛哀思录(6)；挑战李敖(4)；我最难忘的事和人(1)；李敖快意恩仇录(1),法院、院长、台大、大学、法官、像、国民党、判决
邱比特,虚拟人物 / 宗教人物 / 情感 / 历史类比引用 / 神交引用,虚拟人物,99,37,37,17,21,波波颂(7)；上山·上山·爱(5)；李敖文存(4)；李敖札记(3)；虚拟的十七岁(2)；李敖的情诗(2)；李敖语录(2)；坐牢家爸爸给女儿的八十封信(2),情人、爱上、结婚、见、像、诗、文学、姐姐
郭廷亮,同案狱友 / 军事人物 / 社会案件 / 证人见证,同案狱友,99,37,37,5,5,千秋万岁乌鸦求是合集(19)；李敖随写录前集(8)；李敖随写录后集(5)；李敖颠倒众生(3)；李敖大哥大(2),委员、军法、将军、判决、上校、总统、参谋、见
陆小芬,媒体 / 文艺音乐 / 公共论战,媒体,99,37,37,5,7,中国性研究(25)；李敖快意恩仇录(5)；李敖语录(5)；李敖书启集(1)；李敖笑傲江湖(1),国民党、查禁、读、陆小芬的乳房问题、所谓、报导、节目
黄昆辉,学术行政 / 政治人物 / 公共论战,学术行政,99,37,37,6,13,挑战李敖(20)；求是新语(6)；李敖笑傲江湖(5)；李敖颠倒众生(4)；李敖快意恩仇录(1)；李敖大哥大(1),秘书、总统、委员、国民党、研究、中央研究院、像、院长
丁渝洲,政治人物 / 媒体,待复核,99,36,23,3,11,李敖大哥大(27)；李敖风流自传(5)；李敖议坛哀思录(4),总统、所谓、委员、电视、拜访、出版、研究、像
余政宪,政治人物 / 公共论战,政治人物,99,36,36,4,8,李敖大哥大(31)；求是新语(3)；你是景福门(1)；李敖笑傲江湖(1),部长、政府、民进党、国民党、古代、来信、选举、政治
公权力,政治人物 / 编辑 / 诉讼 / 见面,政治人物,99,36,31,12,19,李敖大哥大(10)；李敖秘密书房(6)；千秋万岁乌鸦求是合集(4)；挑战李敖(4)；李敖新刊(3)；李敖书笺集(3)；李敖快意恩仇录(1)；李敖议坛哀思录(1),政府、发行、出版、警察、上诉、法院、所谓、像
单小琳,见面 / 公共论战,见面,99,36,36,1,1,李敖Talk秀(36),单小琳：、见、老师、警察、教授、大学、像、学生
史迪威,军事人物 / 政治人物 / 公共论战 / 神交引用,军事人物,99,36,36,5,8,李敖大哥大(16)；北京法源寺(12)；你是景福门(5)；李敖语录(2)；中国近代史新论(1),参谋、将军、研究、见、政府、像、爸爸、总统
向各位,政治人物 / 媒体 / 公共论战,待复核,99,36,27,11,25,挑战李敖(23)；李敖大哥大(3)；李敖议坛哀思录(2)；我最难忘的事和人(1)；李敖回忆录(1)；你笨蛋，你笨蛋(1)；北京法源寺(1)；一个预备军官的日记(1),委员、总统、朋友、节目、老师、院长、所谓、选举
吴铁城,政治人物 / 公职人员 / 诗文出处 / 出版管制 / 历史类比引用,政治人物,99,36,36,8,8,中国现代史定论(20)；世论新语(6)；中国现代史正论(4)；挑战李敖(2)；李敖全集(1)；千秋万岁乌鸦求是合集(1)；李敖笑傲江湖(1)；李敖Talk秀(1),所谓、国民党、见、儿子、公款、市长、委员、我和陈立夫、张厉生等同志
哥白尼,科学家 / 神交引用,科学家,99,36,36,6,6,挑战李敖(12)；千秋万岁乌鸦求是合集(11)；求是新语(5)；坐牢家爸爸给女儿的八十封信(5)；上山·上山·爱(2)；李敖秘密书房(1),特务、文学、查禁、出版、读、所谓、见、书中
唐明皇,政治人物 / 神交引用,政治人物,99,36,36,12,19,李敖语录(7)；李敖文存二集(6)；李敖笑傲江湖(6)；李敖大哥大(5)；传统下的独白(3)；李敖文存(2)；大学日记后期甲集(2)；李敖回忆录(1),见、一起、恋爱、儿子、嫁给、像、古人、女儿
唐飞,军事人物 / 政治人物 / 公职人员 / 公共论战,军事人物,99,36,36,6,20,李敖颠倒众生(23)；挑战李敖(5)；李敖大哥大(3)；李敖议坛哀思录(2)；李敖Talk秀(2)；李敖书启集(1),院长、部长、见、法院、总统、国民党、像、见面
夏晓华,出版 / 媒体 / 通信 / 见面 / 朋友 / 公共论战,出版,99,36,36,4,15,上下古今谈(26)；李敖大哥大(7)；早年日记(2)；为自由招魂(1),先生、见、请我、报纸、发行、朋友、家里、读
宗才怡,政治人物 / 公职人员 / 公共论战,政治人物,99,36,36,1,10,李敖大哥大(36),部长、像、政治、告诉我、政府、所谓、法院、委员
布坎南,政治人物 / 主剧情人物 / 小说剧本人物 / 历史类比引用,政治人物,99,36,36,1,4,阳痿美国(36),总统、政府、传记、政治、妻、像、出版、朋友
易卜生,诗文出处 / 神交引用,诗文出处,99,36,36,18,21,李敖自传与回忆(5)；李敖全集(5)；李敖访谈录1990-2018(3)；李敖快意恩仇录(2)；你笨蛋，你笨蛋(2)；千秋万岁乌鸦求是合集(2)；上山·上山·爱(2)；红色11(2),出版、像、主义、书中、宣传、见、朋友、文学
李夫人,历史类比引用 / 情感 / 神交引用,历史类比引用,99,36,36,10,12,李敖颠倒众生(11)；红色11(7)；上山·上山·爱(4)；中国命研究(4)；坐牢家爸爸给女儿的八十封信(2)；历史与人像(2)；挑战李敖(2)；李敖大哥大(2),夫人、像、见、儿子、主义、情人、妻、总统
李宁,媒体 / 出版 / 见面,媒体,99,36,36,13,22,李敖秘藏日记(11)；李敖对话录(5)；李敖书信集(3)；李敖秘密书房(3)；李敖快意恩仇录(2)；李敖议坛哀思录(2)；李敖五五日记(2)；李敖书笺集(2),李宁、送我、李宁访问、朋友、序、电话、像、所谓
李宗吾,诗文出处 / 政治异议者 / 历史类比引用 / 神交引用,诗文出处,99,36,36,3,3,李敖书序集(26)；李敖笑傲江湖(8)；李敖文存二集(2),李宗吾、所谓、见、厚黑教主、监狱、思想、查禁、书中
李聪明,同案狱友 / 刑求受害 / 被害人 / 人权救援,同案狱友,99,36,36,3,3,李敖书信集(16)；李敖自传与回忆续集(14)；李敖书简集(6),管理员、看守所、台北看守所、检察官、见、女儿、凌虐、健康检查
林天麟,司法人员 / 诉讼 / 公共论战,司法人员,99,36,36,1,4,李敖笑傲江湖(36),检察官、起诉、主任检察官林天麟、法院、朋友、法务部、见、报纸
欧阳龙,文艺音乐 / 媒体 / 见面 / 公共论战,文艺音乐,99,36,36,1,1,李敖Talk秀(36),欧阳龙：、像、太太、朋友、共产党、碰到
爱默生,诗文出处 / 历史类比引用 / 神交引用,诗文出处,99,36,36,14,19,阳痿美国(8)；上山·上山·爱(7)；李敖大哥大(6)；李敖全集(2)；你笨蛋，你笨蛋(2)；虽千万人，李敖往矣(2)；李敖书序集续集(2)；李敖快意恩仇录(1),诗、文学、出版、政治、哲学、写信、像、思想
秦慧珠,政治人物 / 公职人员 / 创作资料协助 / 公共论战,政治人物,99,36,36,6,10,李敖颠倒众生(14)；李敖大哥大(11)；李敖书启集(4)；挑战李敖(3)；李敖笑傲江湖(2)；李敖秘密书房(2),委员、法院、博士、大学、文学、院长、认识、市长
简汉生,媒体 / 党务宣传 / 公共论战,媒体,99,36,36,4,6,李敖大哥大(31)；李敖书启集(2)；李敖秘密书房(2)；挑战李敖(1),国民党、宣传、民进党、电视、节目、选举、部长、请他
纪翠绫,社会案件 / 情感 / 公共论战,社会案件,99,36,36,5,6,历史与人像(21)；李敖语录(8)；文化论战丹火录(4)；传统下的独白(2)；千秋万岁乌鸦求是合集(1),文星、妈妈、弟弟、离婚、妻、委员、见、纪翠绫该生在什么时候
许以祺,创作资料协助 / 学术 / 朋友 / 通信,创作资料协助,99,36,36,14,17,李敖笑傲江湖(10)；李敖书序集(6)；李敖回忆录(3)；李敖书信集(3)；李敖风流自传(2)；虽千万人，李敖往矣(2)；李敖书翰集(2)；李敖大哥大(2),朋友、见、儿子、看守所、情人、博士、许以祺、请我
许国泰,选举助选 / 政治异议者 / 资金支持 / 公共论战,选举助选,99,36,36,9,15,李敖书笺集(7)；李敖书信集(6)；李敖秘密书房(6)；李敖颠倒众生(6)；李敖秘藏日记(4)；李敖对话录(3)；波波颂(2)；你是景福门(1),委员、国民党、弟弟、像、发行、杂志、电话、报导
那意思,神交引用 / 师生,待复核,99,36,23,7,31,李敖笑傲江湖(14)；李敖秘密书房(12)；李敖颠倒众生(6)；李敖自传与回忆(1)；上山·上山·爱(1)；虚拟的十七岁(1)；李敖访谈录1990-2018(1),政治、像、所谓、政府、警备总部、教授、记者、病房
都死掉,亲属 / 神交引用 / 朋友,亲属,99,36,33,6,32,李敖大哥大(12)；李敖笑傲江湖(7)；挑战李敖(6)；李敖访谈录1990-2018(4)；李敖秘密书房(4)；李敖颠倒众生(3),像、儿子、朋友、弟弟、太太、国民党、妹妹、爸爸
龙云翔,律师代理 / 诉讼 / 创作资料协助,律师代理,99,36,36,16,25,李敖书启集(7)；李敖书笺集(5)；李敖秘藏日记(4)；李敖自传与回忆续集(3)；李敖快意恩仇录(3)；李敖回忆录(2)；李敖风流自传(2)；李敖书简集(2),律师、法院、委由、去函、代理、天母静庐、龙云翔律师、审判长
冯道,历史类比引用 / 政治人物 / 神交引用,历史类比引用,99,35,35,11,11,独白下的传统(13)；北京法源寺(9)；为历史拨云(3)；李敖全集(2)；李敖书序集(2)；我最难忘的事和人(1)；李敖快意恩仇录(1)；李敖风流自传(1),学生、像、历史上、读、碰到、老师、古人、研究
刘汝明,军事人物 / 政治人物 / 历史类比引用,军事人物,99,35,35,3,3,李敖书笺集(31)；李敖札记(2)；李敖书牍集(2),国民党、司令、政府、军长、见、特务、共产党、传记
宣传品,党务宣传,党务宣传,99,35,35,21,28,李敖笑傲江湖(4)；李敖大哥大(4)；千秋万岁乌鸦求是合集(3)；李敖秘密书房(3)；为自由招魂(2)；你笨蛋，你笨蛋(2)；一个预备军官的日记(2)；中国现代史定论(2),宣传、国民党、出版、读、像、朋友、总统、政府
帅化民,军事人物 / 政治人物 / 公共论战,军事人物,99,35,35,3,16,李敖议坛哀思录(29)；李敖风流自传(5)；我梦碎，所以我梦醒(1),委员、写信、女儿、结婚、将军、军购、国民党、诗
常高兴,媒体 / 亲属 / 师生,待复核,99,35,26,19,34,挑战李敖(6)；一个预备军官的日记(4)；李敖大哥大(3)；李敖自传与回忆(2)；李敖回忆录(2)；李敖访谈录1990-2018(2)；李敖情书集(2)；李敖秘密书房(2),爸爸、节目、老师、土地、支票、同学、总统、朋友
张灏,学术 / 师生 / 学术考证引用,学术,99,35,35,14,20,李敖笑傲江湖(6)；李敖回忆录(5)；李敖全集(5)；李敖快意恩仇录(3)；千秋万岁乌鸦求是合集(3)；大学札记(2)；大学日记后期乙集(2)；李敖对话录(2),见、找我、教授、台大、妹妹、房产、研究、中央研究院
张翠英,亲属 / 见面 / 媒体 / 文艺音乐,亲属,99,35,35,9,11,挑战李敖(13)；李敖笑傲江湖(6)；李敖快意恩仇录(4)；求是新语(4)；李敖Talk秀(3)；千秋万岁乌鸦求是合集(2)；李敖回忆录(1)；李敖全集(1),太太、见、导演、像、家里、女士、夫人、一起
张鸣岐,主剧情人物 / 小说剧本人物 / 政治人物 / 历史类比引用,主剧情人物,99,35,35,4,5,第73烈士(32)；李敖访谈录1990-2018(1)；读史指南(1)；为历史拨云(1),像、一起、政府、将军、电报、秘书、委员、读
戴安娜王妃,历史类比引用 / 媒体 / 神交引用,历史类比引用,99,35,35,4,8,挑战李敖(29)；李敖笑傲江湖(3)；虚拟的十七岁(2)；你笨蛋，你笨蛋(1),见、见到、思想、电话、报导、政府、像
托尔斯泰,神交引用,神交引用,99,35,35,18,28,大学日记后期乙集(5)；李敖访谈录1990-2018(5)；李敖文存(3)；李敖快意恩仇录(2)；李敖语录(2)；李敖情书集(2)；李敖书札集(2)；李敖书函集(2),文学、思想、像、太太、历史上、作品、师母、见
杨仁恺,学术 / 诗文出处 / 创作资料协助 / 文艺音乐 / 历史类比引用 / 神交引用,学术,99,35,35,4,7,李敖大哥大(22)；中国艺术新研(10)；李敖书信集(2)；虽千万人，李敖往矣(1),先生、见、出版、报纸、院长、出版社、朋友、研究
林秉钦,出版 / 创作资料协助 / 朋友 / 编辑,出版,99,35,35,10,13,李敖报刊集(10)；李敖笑傲江湖(6)；李敖回忆录(5)；李敖风流自传(4)；千秋万岁乌鸦求是合集(3)；爱情的秘密(3)；李敖快意恩仇录(1)；李敖对话录(1),出版、像、陪我、朋友、政治、林秉钦、出版社、发行
洪迈,学术 / 诗文出处 / 学术考证引用 / 历史类比引用 / 神交引用,学术,99,35,35,6,7,历史与人像(30)；李敖自传与回忆(1)；李敖回忆录(1)；李敖风流自传(1)；你是景福门(1)；为历史拨云(1),妻、见、离婚、论文、老师、夫人、娶、序
班固,学术 / 诗文出处 / 历史类比引用 / 神交引用,学术,99,35,35,11,20,要把金针度与人(12)；李敖语录(4)；历史与人像(4)；读史指南(4)；中国命研究(4)；独白下的传统(2)；李敖快意恩仇录(1)；虽千万人，李敖往矣(1),妹妹、妻、弟弟、书中、父亲、学者、哥哥、主义
罗志祥,媒体 / 文艺音乐 / 见面 / 公共论战,媒体,99,35,35,1,1,李敖Talk秀(35),罗志祥：、像、一起、朋友、节目、告诉我、妹妹
蔡豪,政治人物 / 朋友 / 见面,政治人物,99,35,35,5,12,挑战李敖(23)；李敖议坛哀思录(5)；李敖大哥大(5)；李敖风流自传(1)；李敖颠倒众生(1),电视、委员、立委、节目、报纸、同房、朋友、法院
蔡锷,军事人物 / 政治人物 / 主剧情人物 / 小说剧本人物 / 历史类比引用 / 神交引用,军事人物,99,35,35,11,13,北京法源寺(20)；李敖语录(3)；要把金针度与人(3)；中国近代史新论(2)；李敖文存(1)；李敖文存二集(1)；李敖全集(1)；李敖访谈录1990-2018(1),老师、像、学生、教书、读、写信、师生、国民党
蚩尤,军事人物 / 历史类比引用 / 神交引用,军事人物,99,35,35,10,11,李敖语录(8)；千秋万岁乌鸦求是合集(7)；李敖文存二集(5)；李敖全集(5)；李敖快意恩仇录(4)；爱情的秘密(2)；李敖风流自传(1)；独白下的传统(1),历史上、像、所谓、出版社、出版、序、研究、见
赖岳忠,媒体 / 朋友 / 见面 / 医疗照护 / 创作资料协助,媒体,99,35,35,7,23,李敖访谈录1990-2018(12)；虽千万人，李敖往矣(9)；李敖风流自传(7)；李敖议坛哀思录(4)；你笨蛋，你笨蛋(1)；我梦碎，所以我梦醒(1)；第73烈士(1),赖岳忠、一起、见、陪我、警察、法院、保释、像
那李登,政治人物 / 见面,待复核,99,35,20,5,29,挑战李敖(11)；李敖秘密书房(8)；李敖笑傲江湖(7)；李敖大哥大(6)；李敖颠倒众生(3),总统、见、国民党、政治、老师、主席、书里、古代
郭静纯,媒体 / 文艺音乐 / 公共论战,媒体,99,35,35,1,1,挑战李敖(35),出版、像、见、报导、电视、序、郭静纯写真、节目
陈琪,情感 / 通信 / 见面,情感,99,35,35,4,12,一个预备军官的日记(28)；早年日记(5)；李敖回忆录(1)；大学日记后期甲集(1),陈琪、像、读、一起、朋友、太太、结婚、来信
陈良榘,律师代理 / 诉讼 / 创作资料协助,律师代理,99,35,35,16,25,李敖书启集(9)；李敖自传与回忆续集(7)；李敖回忆录(3)；李敖快意恩仇录(2)；李敖风流自传(2)；李敖随写录前集(2)；李敖自传与回忆(1)；我最难忘的事和人(1),律师、见、台大、见证、同房、法官、房地、朋友
韩国,政治人物 / 见面 / 学术 / 神交引用,待复核,99,35,19,13,28,李敖大哥大(9)；虽千万人，李敖往矣(5)；挑战李敖(5)；李敖颠倒众生(4)；文化论战丹火录(2)；李敖随写录前集(2)；李敖秘密书房(2)；李敖议坛哀思录(1),政治、像、共产党、思想、一起、主席、委员、部长
马科斯,政治人物 / 公共论战,政治人物,99,35,35,10,15,李敖颠倒众生(10)；世论新语(8)；李敖秘密书房(6)；李敖大哥大(4)；波波颂(2)；求是新语(1)；李敖秘藏日记(1)；李敖札记(1),总统、夫人、政府、国民党、民进党、家里、军法、将军
齐桓公,政治人物 / 历史类比引用 / 神交引用,政治人物,99,35,35,14,19,千秋万岁乌鸦求是合集(5)；中国命研究(5)；中国艺术新研(5)；李敖语录(4)；李敖访谈录1990-2018(3)；要把金针度与人(3)；读史指南(2)；中国性研究(2),古人、像、见、告诉我、经费、朋友、政治、妻
何柱国,军事人物 / 诗文出处 / 证人见证 / 历史类比引用,军事人物,99,34,34,2,5,中国现代史正论(30)；李敖笑傲江湖(4),军长、司令、见、将军、参谋、国民党、委员、见面
傅积宽,政治异议者 / 同案狱友 / 历史类比引用,政治异议者,99,34,34,5,6,挑战李敖(11)；李敖快意恩仇录(7)；红色11(6)；李敖颠倒众生(6)；上山·上山·爱(4),总统、同事、见、一起、看守所、夫人、军法、写信
克里蒙梭,政治人物 / 神交引用,政治人物,99,34,34,15,25,挑战李敖(9)；李敖大哥大(8)；李敖语录(3)；李敖议坛哀思录(2)；李敖颠倒众生(2)；李敖全集(1)；教育与脸谱(1)；我是天安门(1),将军、主义、政治、共产党、部长、像、名言、说过
刘玉章,军事人物 / 公共论战,军事人物,99,34,34,9,13,挑战李敖(10)；李敖随写录前集(6)；李敖大哥大(5)；千秋万岁乌鸦求是合集(4)；中国性研究(4)；一个预备军官的日记(2)；李敖回忆录(1)；求是新语(1),司令、将军、国民党、部长、军长、碰到、共产党、像
司法黑,司法人员 / 媒体,司法人员,99,34,29,13,21,李敖笑傲江湖(15)；李敖回忆录(4)；李敖风流自传(2)；早年日记(2)；李敖书启集(2)；李敖秘密书房(2)；李敖议坛哀思录(1)；李敖语录(1),法官、出版、国民党、法院、部长、像、记者、判决
唐培礼,宗教人物 / 人权救援 / 通信 / 见面 / 公共论战,宗教人物,99,34,34,3,4,你笨蛋，你笨蛋(22)；挑战李敖(9)；李敖风流自传(3),太太、家里、认识、国民党、政治、律师、见、政府
子路,学术 / 神交引用,学术,99,34,34,10,17,千秋万岁乌鸦求是合集(14)；教育与脸谱(5)；传统下的独白(3)；李敖语录(3)；虽千万人，李敖往矣(2)；一个预备军官的日记(2)；李敖大哥大(2)；上下古今谈(1),见、学生、老师、弟弟、批评、夫人、诗、朋友
孔祥熙,政治人物 / 公职人员 / 财产债务 / 公共论战 / 历史类比引用,政治人物,99,34,34,8,16,中国现代史定论(12)；李敖笑傲江湖(10)；李敖大哥大(6)；千秋万岁乌鸦求是合集(2)；我最难忘的事和人(1)；为自由招魂(1)；大学日记后期甲集(1)；中国现代史正论(1),嫁给、政府、国民党、院长、见、女儿、姐姐、太太
师长,军事人物 / 见面 / 称谓待考,军事人物,99,34,34,11,22,一个预备军官的日记(16)；教育与脸谱(3)；李敖随写录前集(3)；李敖大哥大(3)；李敖笑傲江湖(2)；李敖秘密书房(2)；我最难忘的事和人(1)；李敖回忆录(1),师长、学生、委员、将军、司令、台大、少将、朋友
廖风德,政治人物 / 媒体 / 学术,政治人物,99,34,28,4,4,李敖大哥大(31)；李敖快意恩仇录(1)；我梦碎，所以我梦醒(1)；挑战李敖(1),委员、国民党、法院、总统、电视、像、见、学者
张丽珍,情感 / 通信,情感,99,34,34,5,18,一个预备军官的日记(25)；李敖快意恩仇录(3)；李敖语录(3)；早年日记(2)；传统下的独白(1),像、结婚、见、历史上、妹妹、朋友、请我、采访
张京育,媒体 / 公职人员 / 政治人物 / 出版管制 / 同学 / 公共论战,媒体,99,34,34,16,23,李敖快意恩仇录(4)；李敖书牍集(4)；李敖秘藏日记(3)；李敖札记(3)；李敖笑傲江湖(3)；挑战李敖(3)；李敖大哥大(3)；李敖风流自传(2),国民党、像、太太、请我、同房、调查局、法务部、政府
张宗昌,军事人物 / 政治人物 / 历史类比引用,军事人物,99,34,34,11,14,为自由招魂(11)；李敖大哥大(6)；中国性研究(4)；千秋万岁乌鸦求是合集(3)；我最难忘的事和人(2)；李敖文存二集(2)；李敖笑傲江湖(2)；李敖语录(1),国民党、委员、碰到、将军、司令、政府、像、见
支持台,公共论战 / 政治人物,待复核,99,34,25,11,25,李敖大哥大(15)；挑战李敖(8)；虽千万人，李敖往矣(2)；李敖颠倒众生(2)；李敖议坛哀思录(1)；李敖风流自传(1)；世论新语(1)；李敖访谈录1990-2018(1),台独、所谓、国民党、政治、委员、大学、告诉我、说过
时蒋介,政治人物 / 见面,待复核,99,34,26,13,29,李敖笑傲江湖(10)；李敖秘密书房(4)；李敖大哥大(4)；李敖议坛哀思录(3)；千秋万岁乌鸦求是合集(3)；挑战李敖(2)；李敖颠倒众生(2)；李敖新刊(1),总统、国民党、见、研究、院长、像、一起、中央研究院
景气,神交引用 / 出版,待复核,99,34,21,15,22,李敖访谈录1990-2018(10)；李敖大哥大(8)；教育与脸谱(2)；李敖语录(2)；李敖书信集(2)；李敖自传与回忆续集(1)；我最难忘的事和人(1)；李敖回忆录(1),所谓、书店、记者、找我、房地、出版、总统、代理
李二曲,学术 / 神交引用,学术,99,34,34,3,3,独白下的传统(18)；李敖语录(11)；要把金针度与人(5),见、主义、父亲、母亲、一起、像、爸爸、老师
杨商江,司法人员 / 诉讼 / 公共论战,司法人员,99,34,34,4,4,李敖书信集(24)；李敖笑傲江湖(5)；李敖书笺集(3)；千秋万岁乌鸦求是合集(2),推事、发行、杨商江、判决、国民党、法官、法院、书里
查泰莱夫人,虚拟人物 / 小说剧本人物 / 神交引用,虚拟人物,99,34,34,11,13,你笨蛋，你笨蛋(6)；李敖快意恩仇录(5)；大学日记后期乙集(4)；李敖报刊集(4)；李敖风流自传(3)；上山·上山·爱(3)；李敖语录(2)；虽千万人，李敖往矣(2),夫人、情人、读、像、诗、见、法院、告诉我
游荣佳,社会案件 / 诉讼 / 人权救援,社会案件,99,34,34,2,2,千秋万岁乌鸦求是合集(33)；李敖书札集(1),警察、打电话、电话、法官、上诉、所谓、本院、法院
石达开,历史类比引用 / 军事人物 / 出版 / 神交引用,历史类比引用,99,34,34,4,5,北京法源寺(18)；李敖书翰集(9)；波波颂(6)；为历史拨云(1),诗、见、所谓、像、女儿、读、见面、一起
米芾,文艺音乐 / 学术 / 历史类比引用 / 神交引用,文艺音乐,99,34,34,5,7,中国艺术新研(24)；李敖随写录后集(5)；李敖秘密书房(2)；李敖大哥大(2)；李敖书启集(1),诗、米元章、教授、研究、所长、米氏“易义”、论文、批评
能掌握,神交引用 / 公共论战 / 政治人物 / 媒体,神交引用,99,34,27,16,30,李敖秘密书房(9)；挑战李敖(6)；李敖访谈录1990-2018(3)；中国命研究(2)；李敖颠倒众生(2)；李敖大哥大(2)；求是新语(1)；我是天安门(1),像、读、政治、政府、思想、见、市长、出版社
苏格拉底,学术 / 历史类比引用 / 神交引用,学术,99,34,34,17,21,北京法源寺(4)；李敖语录(4)；为自由招魂(3)；坐牢家爸爸给女儿的八十封信(3)；李敖风流自传(2)；李敖全集(2)；你笨蛋，你笨蛋(2)；红色11(2),批评、辩护、将军、哲学、思想、古代、像、法官
范子文,同案狱友 / 情治警务 / 政治异议者,同案狱友,99,34,34,11,11,李敖随写录前集(9)；李敖颠倒众生(7)；李敖回忆录(3)；李敖快意恩仇录(3)；千秋万岁乌鸦求是合集(3)；李敖札记(3)；李敖大哥大(2)；爱情的秘密(1),调查局、军法、国民党、看守所、共产党、警总、司令、范子文、满素玉、陈石奇
谢丽金,文艺音乐 / 媒体 / 见面 / 公共论战,文艺音乐,99,34,34,1,1,李敖Talk秀(34),像、妻、结婚、教授、妹妹、见、恋爱、离婚
陈国平,财产债务 / 创作资料协助 / 诉讼 / 公共论战,财产债务,99,34,34,2,4,挑战李敖(30)；李敖颠倒众生(4),先生、律师、政府、发行、事务、见、支票、电话
陈绥民,政治人物 / 党务宣传 / 公共论战 / 见面,政治人物,99,34,34,8,12,李敖笑傲江湖(12)；李敖快意恩仇录(8)；李敖五五日记(4)；李敖随写录前集(3)；李敖随写录后集(2)；李敖访谈录1990-2018(2)；李敖大哥大(2)；虽千万人，李敖往矣(1),国民党、总干事、特务、请我、朋友、告诉我、党部、市长
项规定,诉讼 / 编辑 / 政治人物 / 出版,诉讼,99,34,31,15,22,千秋万岁乌鸦求是合集(7)；李敖新刊(4)；李敖随写录后集(4)；李敖自传与回忆续集(3)；李敖书笺集(3)；传统下的独白(2)；我梦碎，所以我梦醒(2)；李敖书函集(2),法院、出版、发行、委员、出版品、国民党、证人、检察官
黄大炜,文艺音乐 / 媒体 / 见面 / 公共论战,文艺音乐,99,34,34,1,1,李敖Talk秀(34),黄大炜：、见、研究、恋爱、调查局、分手、电视
保罗,宗教人物 / 历史类比引用 / 神交引用,宗教人物,99,33,33,15,18,李敖情书集(5)；李敖大哥大(4)；李敖书牍集(3)；坐牢家爸爸给女儿的八十封信(3)；中国现代史正论(3)；李敖笑傲江湖(3)；李敖快意恩仇录(2)；红色11(2),太太、像、见、Rob Peter to pay Paul、总统、诗、历史上、主义
傅朝枢,出版 / 通信 / 创作资料协助,出版,99,33,33,6,8,千秋万岁乌鸦求是合集(19)；李敖随写录前集(6)；李敖书函集(3)；我最难忘的事和人(2)；李敖秘藏日记(2)；李敖大哥大(1),检察官、房地、电话、先生、警备总部、送我、将军、记者
宋朝人,神交引用,待复核,99,33,15,15,24,李敖大哥大(8)；李敖笑傲江湖(6)；独白下的传统(3)；上下古今谈(2)；虽千万人，李敖往矣(2)；历史与人像(2)；李敖秘密书房(2)；李敖文存(1),诗、像、思想、碰到、古代、儿子、本院、序
广播电,媒体 / 师生 / 亲属,媒体,99,33,33,17,25,李敖大哥大(7)；李敖秘密书房(6)；李敖笑傲江湖(4)；李敖新刊(2)；李敖语录(2)；传统下的独白(1)；为中国思想趋向求答案(1)；上下古今谈(1),广播、电视、节目、报导、出版、委员、报纸、出版品
廖仲恺,政治人物 / 被害人 / 公共论战 / 历史类比引用,政治人物,99,33,33,5,7,中国现代史正论(21)；李敖Talk秀(5)；李敖笑傲江湖(4)；李敖语录(2)；李敖大哥大(1),国民党、共产党、委员、说过、致函、政治、爸爸、思想
成员,政治人物 / 公共论战 / 亲属,待复核,99,33,22,19,27,你是景福门(4)；李敖大哥大(4)；阳痿美国(3)；李敖颠倒众生(3)；你笨蛋，你笨蛋(2)；李敖书笺集(2)；李敖笑傲江湖(2)；李敖Talk秀(2),委员、国民党、民进党、像、家里、见、大学、总统
曹敏,党务宣传 / 军事人物 / 出版 / 公共论战,党务宣传,99,33,33,7,8,李敖新刊(12)；李敖快意恩仇录(10)；李敖风流自传(6)；独白下的传统(2)；李敖回忆录(1)；李敖全集(1)；李敖笑傲江湖(1),政治、文星、认识、同事、研究、法庭、序、国民党
朱镕基,政治人物 / 公职人员 / 公共论战,政治人物,99,33,33,5,19,挑战李敖(22)；李敖秘密书房(5)；李敖大哥大(3)；李敖颠倒众生(2)；李敖Talk秀(1),政府、见、共产党、像、总统、一起、记者、读
李璜,政治人物 / 诗文出处 / 党务宣传 / 公共论战 / 历史类比引用,政治人物,99,33,33,10,11,李敖随写录前集(17)；中国现代史正论(8)；李敖风流自传(1)；李敖文存(1)；波波颂(1)；世论新语(1)；你是景福门(1)；李敖书序集(1),被告李璜、国民党、院长、总统、告发、秘书、法院、主席
李莲英,政治人物 / 家中雇员 / 历史类比引用 / 神交引用,政治人物,99,33,33,4,12,北京法源寺(24)；中国命研究(6)；挑战李敖(2)；第73烈士(1),母亲、见、说过、一起、像、太太、西太后怕什么、见到
梁漱溟,学术 / 神交引用 / 公共论战,学术,99,33,33,9,10,李敖文存(12)；李敖书序集(7)；中国近代史新论(4)；为中国思想趋向求答案(3)；文化论战丹火录(2)；虽千万人，李敖往矣(2)；上下古今谈(1)；李敖语录(1),哲学、见、主义、像、委员、先生、论文、教书
沈君山,学术 / 学术行政 / 党务宣传 / 机构警卫 / 公共论战,学术,99,33,33,7,12,李敖书简集(9)；李敖秘密书房(9)；李敖对话录(5)；李敖语录(4)；挑战李敖(3)；李敖大哥大(2)；中国性研究(1),国民党、妻、问我、文学、教授、电视、家中、像
泰戈尔,诗文出处 / 历史类比引用 / 神交引用,诗文出处,99,33,33,17,26,李敖秘密书房(7)；挑战李敖(4)；李敖语录(3)；传统下的独白(2)；教育与脸谱(2)；大学日记后期甲集(2)；一个预备军官的日记(2)；坐牢家爸爸给女儿的八十封信(2),诗、像、文学、老师、学者、告诉我、父亲、大学
海耶克,学术 / 公共论战 / 神交引用,学术,99,33,33,9,9,李敖报刊集(9)；你是景福门(5)；李敖笑傲江湖(5)；李敖新刊(4)；千秋万岁乌鸦求是合集(4)；李敖秘密书房(3)；李敖快意恩仇录(1)；李敖文存(1),教授、见、思想、土地、主义、文星、认识、出版
王羽,媒体 / 公共论战,媒体,99,33,33,9,14,挑战李敖(8)；虽千万人，李敖往矣(7)；李敖秘密书房(5)；李敖Talk秀(5)；李敖笑傲江湖(3)；李敖快意恩仇录(2)；波波颂(1)；千秋万岁乌鸦求是合集(1),朋友、情人、像、共产党、历史上、认识、杂志、报导
田耕莘,宗教人物 / 政治人物 / 公共论战,宗教人物,99,33,33,6,7,李敖回忆录(10)；李敖风流自传(8)；千秋万岁乌鸦求是合集(7)；李敖新刊(5)；李敖大哥大(2)；我最难忘的事和人(1),文星、像、大学、朋友、老师、认识、到我家、家里
盛世才,政治人物 / 军事人物 / 刑求人员 / 历史类比引用 / 神交引用,政治人物,99,33,33,8,9,李敖回忆录(8)；红色11(8)；李敖大哥大(5)；李敖快意恩仇录(4)；我是天安门(4)；李敖对话录(2)；第73烈士(1)；李敖笑傲江湖(1),共产党、国民党、刑求、弟弟、儿子、法庭、书中、家里
石锦,姻亲 / 创作资料协助 / 历史类比引用,姻亲,99,33,33,13,20,李敖五五日记(10)；李敖风流自传(5)；李敖自传与回忆(3)；李敖书函集(3)；中国现代史正论(3)；虽千万人，李敖往矣(2)；李敖回忆录(1)；李敖快意恩仇录(1),爸爸、国民党、告诉我、认识、博士、立委、教授、宣传
祁德武,主剧情人物 / 小说剧本人物 / 老兵士官 / 军事人物 / 反共人士,主剧情人物,99,33,33,4,8,第73烈士(28)；一个预备军官的日记(3)；李敖风流自传(1)；你笨蛋，你笨蛋(1),陪我、像、将军、国民党、攻击
胡慧玲,媒体 / 政治异议者 / 通信 / 公共论战,媒体,99,33,33,9,12,李敖秘藏日记(8)；李敖书札集(7)；世论新语(4)；李敖书笺集(4)；李敖回忆录(2)；李敖快意恩仇录(2)；李敖风流自传(2)；李敖书函集(2),见、国民党、太太、台独、慧玲、发行、思想、古代
董狐,学术 / 神交引用,学术,99,33,33,13,17,独白下的传统(9)；李敖颠倒众生(7)；虽千万人，李敖往矣(4)；李敖语录(3)；李敖书札集(2)；李敖自传与回忆(1)；李敖快意恩仇录(1)；李敖风流自传(1),国民党、弟弟、杂志、赵盾弑其君、文星、出版、学术、台大
蒋家三,监所医疗 / 通信 / 见面 / 亲属,待复核,99,33,28,9,11,李敖笑傲江湖(15)；李敖快意恩仇录(9)；李敖大哥大(3)；李敖回忆录(1)；李敖风流自传(1)；第73烈士(1)；虽千万人，李敖往矣(1)；李敖书函集(1),病房、见、电视、诗、电话、朋友、像、国民党
许世楷,政治人物 / 选举助选 / 公共论战,政治人物,99,33,33,10,16,李敖议坛哀思录(6)；我梦碎，所以我梦醒(6)；你笨蛋，你笨蛋(4)；李敖书启集(3)；李敖笑傲江湖(3)；李敖颠倒众生(3)；李敖风流自传(2)；李敖随写录后集(2),委员、台独、像、总统、国民党、拜访、民进党、主席
许世英,公职人员 / 司法人员 / 政治人物 / 历史类比引用,公职人员,99,33,33,11,14,中国近代史新论(9)；挑战李敖(7)；李敖大哥大(5)；李敖文存(2)；我梦碎，所以我梦醒(2)；千秋万岁乌鸦求是合集(2)；李敖书翰集(2)；为历史拨云(1),政府、送我、查禁、警察、部长、国民党、历史上、委员
赵翼,学术 / 诗文出处 / 学术考证引用 / 历史类比引用 / 神交引用,学术,99,33,33,14,16,中国性研究(10)；要把金针度与人(7)；传统下的独白(2)；大学日记后期甲集(2)；读史指南(2)；为历史拨云(2)；你笨蛋，你笨蛋(1)；虚拟的十七岁(1),诗、史学、见、著作、所谓、认识、读、书目作者表
郭冠英,媒体 / 创作资料协助 / 公共论战,媒体,99,33,33,5,9,李敖大哥大(17)；李敖颠倒众生(12)；挑战李敖(2)；李敖议坛哀思录(1)；李敖五五日记(1),朋友、认识、告诉我、同仁、报纸、节目、先生、说过
金惟纯,媒体 / 出版 / 诉讼 / 公共论战,媒体,99,33,33,8,20,李敖大哥大(11)；李敖秘密书房(8)；李敖笑傲江湖(4)；李敖议坛哀思录(3)；李敖颠倒众生(3)；李敖风流自传(2)；李敖回忆录(1)；李敖文存(1),朋友、节目、一起、博士、思想、政府、妻、委员
CL,情感 / 通信 / 称谓待考,情感,99,32,32,5,5,李敖书翰集(17)；李敖的情诗(12)；李敖议坛哀思录(1)；上山·上山·爱(1)；李敖访谈录1990-2018(1),情书、朋友、台大、CL：、离婚、一起、读、政治
丽达,虚拟人物 / 宗教人物 / 历史类比引用 / 情感 / 神交引用,虚拟人物,99,32,32,3,3,爱情的秘密(27)；上山·上山·爱(3)；虚拟的十七岁(2),诗、见、妻、文学、像、哲学、思想
伯夷,政治异议者 / 神交引用,政治异议者,99,32,32,10,16,李敖全集(6)；李敖语录(6)；上下古今谈(5)；李敖书信集(4)；李敖大哥大(3)；李敖快意恩仇录(2)；千秋万岁乌鸦求是合集(2)；一个预备军官的日记(2),政府、历史上、总统、主义、研究、大学、思想、所谓
傅乐成,学术 / 诗文出处 / 历史类比引用 / 神交引用,学术,99,32,32,11,15,大学日记后期甲集(6)；大学日记后期乙集(5)；中国艺术新研(5)；李敖书翰集(4)；李敖自传与回忆(3)；李敖秘密书房(3)；中国现代史定论(2)；大学札记(1),见、研究、教授、论文、老师、见到、碰到、台大
党国元,亲属 / 神交引用 / 见面,亲属,99,32,29,13,17,千秋万岁乌鸦求是合集(7)；李敖笑傲江湖(6)；李敖文存(4)；中国近代史新论(3)；文化论战丹火录(2)；李敖语录(2)；李敖书启集(2)；李敖快意恩仇录(1),所谓、国民党、像、认识、朋友、父亲、文星、儿子
全祖望,诗文出处 / 历史类比引用 / 神交引用,诗文出处,99,32,32,9,10,中国命研究(10)；要把金针度与人(7)；读史指南(6)；中国艺术新研(3)；李敖书简集(2)；李敖书札集(1)；历史与人像(1)；为历史拨云(1),将军、著作、书目作者表、见、所谓、像、学生、史学
况明洁,文艺音乐 / 媒体 / 见面,文艺音乐,99,32,32,1,1,李敖Talk秀(32),况明洁：
国文献,师生 / 见面 / 通信,待复核,99,32,24,16,22,李敖自传与回忆(4)；李敖书序集(4)；李敖快意恩仇录(3)；第73烈士(3)；李敖笑傲江湖(3)；李敖回忆录(2)；李敖风流自传(2)；李敖语录(2),见、国民党、老师、研究、所谓、读、委员、太太
基辛格,政治人物 / 神交引用,政治人物,99,32,32,9,23,阳痿美国(8)；虽千万人，李敖往矣(7)；李敖颠倒众生(4)；李敖对话录(3)；李敖访谈录1990-2018(3)；李敖秘密书房(3)；挑战李敖(2)；我最难忘的事和人(1),共产党、一起、说过、主席、见、像、朋友、学者
宋徽宗,政治人物 / 文艺音乐 / 历史类比引用 / 神交引用,政治人物,99,32,32,13,17,中国艺术新研(11)；为自由招魂(3)；虽千万人，李敖往矣(3)；要把金针度与人(3)；传统下的独白(2)；大学日记后期甲集(2)；为历史拨云(2)；独白下的传统(1),见、诗、本院、诬告、作品、学者、像、电视
徐立德,政治人物 / 见面 / 神交引用,政治人物,99,32,29,10,17,李敖大哥大(10)；千秋万岁乌鸦求是合集(6)；李敖秘密书房(6)；李敖风流自传(3)；李敖笑傲江湖(2)；李敖议坛哀思录(1)；求是新语(1)；李敖秘藏日记(1),国民党、见、部长、像、总统、书里、访问、妹妹
曾谁芬,媒体 / 通信,媒体,99,32,32,2,7,李敖五五日记(31)；李敖随写录前集(1),曾谁芬、节目、电话、报导、法官、碰到、总经理黄建福、节目部经理杨琴玲及曾谁芬、访问
李晶玉,媒体 / 见面,媒体,99,32,32,2,5,李敖大哥大(31)；李敖秘密书房(1),节目、朋友、读、家里、小姐、访问、碰到、像
王兆民,政治人物 / 公职人员 / 通信 / 出版 / 创作资料协助,政治人物,99,32,32,10,12,李敖书翰集(12)；李敖秘密书房(8)；大学日记后期甲集(3)；李敖回忆录(2)；虽千万人，李敖往矣(2)；李敖快意恩仇录(1)；李敖风流自传(1)；我梦碎，所以我梦醒(1),先生、父亲、委员、同学、同班、母亲、国民党、大学
王洪钧,学术行政 / 公共论战,学术行政,99,32,32,10,12,教育与脸谱(14)；传统下的独白(4)；李敖颠倒众生(4)；李敖自传与回忆(2)；李敖快意恩仇录(2)；李敖书函集(2)；李敖全集(1)；世论新语(1),先生、读、国民党、见、文星、攻击、拜访、碰到
王裕民,学术 / 诗文出处 / 创作资料协助 / 历史类比引用,学术,99,32,32,5,10,李敖大哥大(13)；中国艺术新研(11)；李敖笑傲江湖(5)；李敖秘密书房(2)；李敖回忆录(1),学生、研究、朋友、台大、书里、先生、像、王裕民）
班牙,亲属 / 政治人物 / 见面,待复核,99,32,20,14,20,李敖大哥大(12)；阳痿美国(5)；上下古今谈(2)；北京法源寺(2)；挑战李敖(2)；波波颂(1)；为中国思想趋向求答案(1)；你笨蛋，你笨蛋(1),共产党、政府、爸爸、将军、妻、部长、访问、诗
班禅额尔德尼,宗教人物 / 政治人物 / 公共论战 / 神交引用,宗教人物,99,32,32,3,3,我是天安门(29)；李敖全集(2)；李敖笑傲江湖(1),主义、政府、委员、见、访问、晤、思想、所谓
石齐平,学术 / 媒体 / 朋友 / 见面 / 公共论战,学术,99,32,32,7,11,挑战李敖(18)；你笨蛋，你笨蛋(4)；李敖快意恩仇录(3)；李敖回忆录(2)；李敖风流自传(2)；李敖大哥大(2)；虽千万人，李敖往矣(1),朋友、序、同学、老师、像、见、大学、学生
经开始,神交引用 / 学术,待复核,99,32,24,14,28,李敖秘密书房(9)；李敖笑傲江湖(5)；李敖访谈录1990-2018(3)；文化论战丹火录(2)；李敖语录(2)；读史指南(2)；中国命研究(2)；独白下的传统(1),像、国民党、台大、见、诗、主义、政府、大学
翁金珠,政治人物 / 选举助选 / 公共论战,政治人物,99,32,32,10,17,李敖秘密书房(10)；李敖大哥大(7)；李敖秘藏日记(6)；李敖随写录后集(2)；中国性研究(2)；李敖回忆录(1)；你是景福门(1)；爱情的秘密(1),民进党、委员、到我家、政治、我家来、法院、一起、金珠
花园,亲属 / 见面,待复核,99,32,20,17,19,李敖自传与回忆(4)；我最难忘的事和人(4)；李敖快意恩仇录(3)；李敖书函集(3)；李敖大哥大(3)；李敖回忆录(2)；李敖书简集(2)；李敖笑傲江湖(2),一起、政府、弟弟、国民党、爸爸、妈妈、文星、特务
虞舜,历史类比引用 / 政治人物 / 神交引用,历史类比引用,99,32,32,12,16,独白下的传统(5)；上山·上山·爱(5)；李敖大哥大(4)；上下古今谈(3)；为历史拨云(3)；中国性研究(3)；李敖秘密书房(3)；李敖语录(2),父亲、古代、爸爸、历史上、见、书里、儿子、见到
赖英照,司法人员 / 政治人物,司法人员,99,32,32,2,4,李敖议坛哀思录(30)；李敖大哥大(2),先生、委员、法官、法院、总统、院长、告诉我、主席
陈文成,政治异议者 / 人权救援 / 社会案件 / 学术 / 公共论战,政治异议者,99,32,32,15,27,千秋万岁乌鸦求是合集(5)；李敖书简集(5)；李敖对话录(4)；李敖语录(3)；世论新语(2)；李敖秘藏日记(2)；李敖颠倒众生(2)；李敖大哥大(2),国民党、政治、父亲、监狱、学术、探监、特务、共产党
陈清忠,亲属 / 财产债务 / 社会案件 / 公共论战,亲属,99,32,32,1,4,李敖秘密书房(32),女儿、儿子、太太、院长、起诉、父亲、岳母、检察官
马哥说,政治人物 / 见面 / 神交引用,政治人物,99,32,23,4,14,挑战李敖(15)；李敖颠倒众生(9)；李敖秘密书房(6)；李敖议坛哀思录(2),见、市长、政府、国民党、像、恋爱、总统、委员
黄主文,政治人物 / 公共论战,政治人物,99,32,32,7,20,李敖大哥大(16)；挑战李敖(5)；你是景福门(4)；李敖秘密书房(3)；李敖议坛哀思录(2)；李敖新刊(1)；千秋万岁乌鸦求是合集(1),部长、立委、读、国民党、总统、主席、委员、写信
黄祝贵,师生 / 学术 / 见面,师生,99,32,32,6,12,大学日记后期乙集(11)；李敖随写录前集(8)；李敖快意恩仇录(4)；李敖风流自传(4)；一个预备军官的日记(3)；大学日记后期甲集(2),老师、黄祝贵、见、大学、送我、台大、学者、像
尼采,学术 / 诗文出处 / 历史类比引用 / 神交引用,学术,99,31,31,12,12,中国性研究(16)；一个预备军官的日记(3)；李敖语录(2)；李敖访谈录1990-2018(2)；传统下的独白(1)；大学日记后期甲集(1)；李敖札记(1)；李敖书翰集(1),哲学、思想、像、情人、文学、好友、太太、朋友
左宗棠,军事人物 / 政治人物 / 历史类比引用 / 神交引用,军事人物,99,31,31,17,22,千秋万岁乌鸦求是合集(4)；李敖笑傲江湖(4)；李敖文存(3)；要把金针度与人(3)；李敖快意恩仇录(2)；李敖风流自传(2)；中国近代史新论(2)；李敖大哥大(2),像、朋友、思想、主义、父亲、母亲、夫人、文星
布鲁塔斯,历史类比引用 / 神交引用,历史类比引用,99,31,31,6,8,挑战李敖(13)；李敖大哥大(8)；李敖秘密书房(5)；李敖回忆录(3)；大学日记后期乙集(1)；李敖书信集(1),朋友、像、攻击、说过、宣传、教授、作品、找我
常优秀,姻亲 / 亲属 / 师生 / 朋友 / 学术,待复核,99,31,26,8,25,李敖大哥大(21)；李敖议坛哀思录(3)；李敖笑傲江湖(2)；李敖风流自传(1)；上山·上山·爱(1)；李敖访谈录1990-2018(1)；李敖秘密书房(1)；李敖颠倒众生(1),委员、朋友、国民党、研究、法院、学生、大学、政治
张坤山,出版 / 朋友 / 创作资料协助 / 证人见证 / 资金支持,出版,99,31,31,10,21,李敖风流自传(9)；李敖笑傲江湖(6)；李敖回忆录(4)；李敖大哥大(4)；李敖议坛哀思录(2)；李敖报刊集(2)；你笨蛋，你笨蛋(1)；第73烈士(1),朋友、见、先生、出版、警备总部、一起、打电话、电话
戴布斯,政治人物 / 政治异议者 / 历史类比引用 / 神交引用,政治人物,99,31,31,12,14,阳痿美国(6)；李敖笑傲江湖(5)；求是新语(3)；坐牢家爸爸给女儿的八十封信(3)；李敖自传与回忆续集(2)；李敖回忆录(2)；李敖风流自传(2)；李敖文存(2),总统、法庭、判决、政治、主义、政府、哲学、说过
文坛,出版 / 朋友,出版,99,31,25,15,23,千秋万岁乌鸦求是合集(10)；李敖访谈录1990-2018(4)；李敖相关(3)；李敖全集(2)；李敖对话录(2)；李敖回忆录(1)；李敖风流自传(1)；传统下的独白(1),出版、文星、朋友、见、国民党、作品、批评、像
曾经写,通信 / 神交引用 / 师生 / 学术,通信,99,31,28,8,29,李敖大哥大(9)；李敖笑傲江湖(8)；李敖秘密书房(8)；李敖议坛哀思录(2)；李敖自传与回忆续集(1)；我最难忘的事和人(1)；李敖回忆录(1)；李敖颠倒众生(1),写信、国民党、著作、主义、文学、请他、见、院长
李商隐,诗文出处 / 历史类比引用 / 神交引用,诗文出处,99,31,31,12,16,读史指南(10)；要把金针度与人(6)；上山·上山·爱(3)；李敖文存(2)；李敖语录(2)；虽千万人，李敖往矣(2)；李敖回忆录(1)；你笨蛋，你笨蛋(1),诗、见、像、书目作者表、读、文星、情人、恋爱
李荆荪,同案狱友 / 政治异议者,同案狱友,99,31,31,7,7,李敖书笺集(7)；李敖回忆录(6)；李敖风流自传(6)；千秋万岁乌鸦求是合集(6)；红色11(4)；早年日记(1)；李敖书信集(1),共产党、国民党、刑求、调查局、编辑、发行、总编辑、出版
杨开慧,烈士殉难 / 政治异议者 / 历史类比引用 / 公共论战 / 神交引用,烈士殉难,99,31,31,9,16,李敖笑傲江湖(10)；我是天安门(6)；虽千万人，李敖往矣(4)；我梦碎，所以我梦醒(2)；李敖书序集(2)；李敖对话录(2)；挑战李敖(2)；李敖大哥大(2),国民党、太太、儿子、妻、主席、共产党、夫人、妹妹
林黛玉,虚拟人物 / 小说剧本人物 / 历史类比引用,虚拟人物,99,31,31,12,17,虚拟的十七岁(8)；中国艺术新研(8)；虽千万人，李敖往矣(5)；李敖访谈录1990-2018(2)；李敖议坛哀思录(1)；波波颂(1)；你笨蛋，你笨蛋(1)；上山·上山·爱(1),妹妹、爱上、文学、老师、电视、见、思想、陪我
梭罗,学术 / 出版 / 神交引用,学术,99,31,31,13,15,红色11(6)；李敖文存(5)；李敖全集(4)；李敖自传与回忆续集(3)；上山·上山·爱(3)；虚拟的十七岁(2)；虽千万人，李敖往矣(2)；传统下的独白(1),诗、主义、文星、读、哲学、像、情人、杂志
楼兰（时报周刊）,媒体 / 见面 / 公共论战,媒体,99,31,31,1,1,李敖Talk秀(31),楼兰：、撰述委员楼兰小姐
温茂林,见面 / 家中雇员,见面,99,31,31,5,6,李敖自传与回忆(13)；李敖快意恩仇录(9)；李敖风流自传(6)；李敖回忆录(2)；挑战李敖(1),见、读、对我说、见到、像、爸爸、太太、一起
简称,见面 / 媒体,待复核,99,31,15,21,24,你是景福门(5)；我最难忘的事和人(2)；李敖议坛哀思录(2)；李敖访谈录1990-2018(2)；李敖秘密书房(2)；李敖颠倒众生(2)；李敖大哥大(2)；李敖自传与回忆(1),诗、见、电视、师长、读、学生、学术、访问
莫德惠,政治人物 / 公职人员 / 选举助选 / 历史类比引用,政治人物,99,31,31,14,15,教育与脸谱(7)；李敖语录(5)；李敖笑傲江湖(4)；求是新语(3)；中国近代史新论(2)；中国现代史定论(2)；我最难忘的事和人(1)；李敖回忆录(1),院长、总统、大学、学者、选举、认识、北大、一起
赵耀东,政治人物 / 财产债务 / 公共论战,政治人物,99,31,31,6,7,挑战李敖(15)；李敖语录(6)；李敖对话录(6)；李敖书信集(2)；李敖快意恩仇录(1)；李敖大哥大(1),先生、政治、总统、见、一起、台大、思想、国民党
钱达老,政治人物 / 诗文出处 / 创作资料协助 / 公共论战 / 见面 / 通信,政治人物,99,31,31,1,1,李敖书序集续集(31),钱达、钱达老弟、问我、电话、序、书中、法院、告发
陆贾,政治人物 / 学术 / 历史类比引用 / 神交引用,政治人物,99,31,31,9,13,你是景福门(16)；李敖访谈录1990-2018(4)；我是天安门(3)；读史指南(2)；李敖大哥大(2)；我最难忘的事和人(1)；求是新语(1)；中国性研究(1),见、诗、父亲、发行、出版、读、一起、节目
陈映真,出版 / 编辑 / 政治异议者 / 同案狱友 / 公共论战,出版,99,31,31,9,14,世论新语(14)；李敖大哥大(5)；李敖颠倒众生(4)；你是景福门(2)；李敖Talk秀(2)；李敖语录(1)；李敖秘藏日记(1)；李敖对话录(1),杂志、朋友、像、宣传、部长、发行、台独、国民党
骆宾王,诗文出处 / 政治异议者 / 历史类比引用 / 神交引用,诗文出处,99,31,31,10,14,要把金针度与人(8)；中国命研究(7)；读史指南(5)；一个预备军官的日记(3)；李敖回忆录(2)；李敖新刊(2)；李敖快意恩仇录(1)；李敖文存(1),作品、诗、读、国民党、史学、徐敬业起兵讨武则天、代徐敬业主持宣传、像
黄华,政治异议者 / 人权救援 / 诉讼 / 出版,政治异议者,99,31,31,10,13,李敖书笺集(7)；求是新语(5)；李敖随写录后集(4)；李敖风流自传(3)；李敖笑傲江湖(3)；李敖大哥大(3)；李敖回忆录(2)；李敖议坛哀思录(2),民进党、朋友、政治、见、哥哥、找我、出版、台大
黄宗羲,学术 / 诗文出处 / 历史类比引用,学术,99,31,31,11,14,要把金针度与人(12)；读史指南(8)；历史与人像(2)；中国命研究(2)；独白下的传统(1)；上山·上山·爱(1)；李敖语录(1)；为历史拨云(1),思想、历史上、书目作者表、学生、像、父亲、著作、刑求
侯宝林,文艺音乐 / 媒体 / 历史类比引用,文艺音乐,99,30,30,4,5,李敖秘密书房(24)；李敖笑傲江湖(4)；李敖访谈录1990-2018(1)；李敖书函集(1),见、批评、认识、像、先生、拜访、回信、大学
向蒋介,亲属 / 政治人物 / 师生,待复核,99,30,22,12,26,李敖大哥大(8)；李敖笑傲江湖(6)；李敖回忆录(4)；李敖快意恩仇录(2)；李敖风流自传(2)；中国现代史正论(2)；我是天安门(1)；我梦碎，所以我梦醒(1),国民党、儿子、文星、总统、学生、所谓、母亲、情书
国国家,政治人物 / 媒体 / 通信,待复核,99,30,19,15,21,你笨蛋，你笨蛋(5)；阳痿美国(4)；李敖秘密书房(4)；李敖风流自传(2)；李敖文存(2)；文化论战丹火录(2)；我梦碎，所以我梦醒(2)；虽千万人，李敖往矣(2),政府、电视、采访、电话、总统、节目、名言、书店
国际性,政治人物,待复核,99,30,20,15,24,李敖秘密书房(5)；李敖大哥大(5)；我最难忘的事和人(3)；千秋万岁乌鸦求是合集(3)；李敖笑傲江湖(3)；李敖语录(2)；李敖自传与回忆续集(1)；李敖文存(1),政府、委员、关怀、学生、秘书、学术、国民党、所谓
奥巴马,政治人物 / 主剧情人物 / 小说剧本人物 / 历史类比引用,政治人物,99,30,30,4,10,阳痿美国(23)；虽千万人，李敖往矣(5)；你笨蛋，你笨蛋(1)；李敖访谈录1990-2018(1),总统、监狱、政治、见、牢房、院长、电视、太太
小玄,情感 / 见面 / 称谓待考,情感,99,30,30,7,12,大学日记后期乙集(15)；大学日记后期甲集(9)；一个预备军官的日记(2)；李敖回忆录(1)；李敖风流自传(1)；你笨蛋，你笨蛋(1)；李敖的情诗(1),见、立委、妹妹、见到、读、文学、碰到、古人
张勋,军事人物 / 政治人物 / 历史类比引用,军事人物,99,30,30,12,13,历史与人像(17)；北京法源寺(3)；传统下的独白(1)；李敖全集(1)；教育与脸谱(1)；我梦碎，所以我梦醒(1)；千秋万岁乌鸦求是合集(1)；李敖语录(1),总统、教授、研究、导演、政治、见、记者、电报
张崇仁,公职人员 / 媒体 / 出版管制 / 公共论战,公职人员,99,30,30,2,4,李敖颠倒众生(27)；李敖Talk秀(3),节目、读、同仁、电视、委员、查禁、广电处处长张崇仁、博士
成吉思汗,军事人物 / 政治人物 / 历史类比引用 / 神交引用,军事人物,99,30,30,9,10,为中国思想趋向求答案(16)；读史指南(5)；红色11(2)；虽千万人，李敖往矣(2)；为自由招魂(1)；北京法源寺(1)；第73烈士(1)；大学日记后期甲集(1),父亲、女儿、碰到、见、见到、政治、夫人、一起
时发生,师生 / 见面 / 刑求人员,待复核,99,30,19,14,25,李敖秘密书房(5)；李敖快意恩仇录(4)；李敖新刊(4)；李敖笑傲江湖(4)；李敖大哥大(4)；李敖自传与回忆(1)；李敖回忆录(1)；李敖议坛哀思录(1),见、教授、警总、出版、文星、朋友、政治、思想
李希成,情治警务 / 司法人员 / 监狱行政,情治警务,99,30,30,1,1,我最难忘的事和人(30),委员、军法、妻、见、学生、脚镣、总统、问我
李纪珠,政治人物 / 学术 / 见面,政治人物,99,30,30,4,9,李敖议坛哀思录(17)；李敖风流自传(10)；挑战李敖(2)；李敖访谈录1990-2018(1),立委、国民党、博士、委员、见、告诉我、问我、法院
李艳秋,媒体 / 公共论战,媒体,99,30,30,5,10,李敖Talk秀(19)；李敖大哥大(5)；李敖颠倒众生(4)；李敖访谈录1990-2018(1)；挑战李敖(1),节目、母亲、像、读、电视、研究、见、家里
林弘宣,政治异议者 / 通信 / 人权救援,政治异议者,99,30,30,7,14,李敖秘密书房(10)；李敖议坛哀思录(7)；挑战李敖(7)；李敖Talk秀(3)；李敖风流自传(1)；李敖对话录(1)；李敖大哥大(1),太太、民进党、像、见、请他、到我家、律师、写信
武松,虚拟人物 / 小说剧本人物 / 历史类比引用,虚拟人物,99,30,30,14,16,虚拟的十七岁(7)；李敖颠倒众生(5)；上下古今谈(3)；独白下的传统(2)；千秋万岁乌鸦求是合集(2)；李敖语录(2)；坐牢家爸爸给女儿的八十封信(2)；李敖快意恩仇录(1),哥哥、告诉我、见、见到、思想、院长、碰到、比喻
王效兰,媒体 / 党务宣传 / 公共论战,媒体,99,30,30,7,10,李敖笑傲江湖(16)；李敖大哥大(6)；李敖风流自传(3)；李敖访谈录1990-2018(2)；李敖快意恩仇录(1)；虽千万人，李敖往矣(1)；李敖书启集(1),碰到、像、律师、发行、宣传、主义、朋友、文星
竺道生,宗教人物 / 神交引用,宗教人物,99,30,30,15,21,李敖报刊集(9)；挑战李敖(4)；李敖笑傲江湖(3)；一个预备军官的日记(2)；李敖秘密书房(2)；李敖快意恩仇录(1)；李敖议坛哀思录(1)；传统下的独白(1),诗、见、读、总统、老师、学生、研究、台大
罗兰夫人,神交引用 / 政治异议者,神交引用,99,30,30,9,9,千秋万岁乌鸦求是合集(9)；世论新语(6)；李敖大哥大(6)；李敖语录(2)；虽千万人，李敖往矣(2)；李敖秘藏日记(2)；上下古今谈(1)；李敖新刊(1),夫人、国民党、说过、像、部长、读、节目、诗
罗宣言,党务宣传 / 学术 / 公共论战 / 政治人物,待复核,99,30,17,7,11,李敖笑傲江湖(13)；世论新语(5)；李敖颠倒众生(4)；李敖大哥大(4)；虽千万人，李敖往矣(2)；你是景福门(1)；你笨蛋，你笨蛋(1),总统、台独、宣传、博士、名言、说过、见、将军
荣星花,亲属 / 政治人物 / 诉讼,亲属,99,30,29,6,11,李敖大哥大(15)；世论新语(8)；李敖快意恩仇录(3)；李敖笑傲江湖(2)；李敖秘藏日记(1)；李敖颠倒众生(1),政府、哥哥、弟弟、委员、一起、民进党、情人、小情人
西施,历史类比引用 / 情感 / 神交引用,历史类比引用,99,30,30,13,17,李敖秘密书房(7)；李敖语录(4)；李敖文存二集(3)；李语录(3)；李敖笑傲江湖(3)；挑战李敖(3)；李敖风流自传(1)；北京法源寺(1),情人、像、学生、爸爸、妈妈、政治、文学、恋爱
达尔文,神交引用,神交引用,99,30,30,14,17,李敖笑傲江湖(10)；李敖大哥大(5)；历史与人像(3)；阳痿美国(2)；李敖自传与回忆(1)；李敖全集(1)；千秋万岁乌鸦求是合集(1)；红色11(1),主义、学者、研究、见、政治、像、家里、博士
邱彰,律师代理 / 诗文出处 / 朋友 / 诉讼 / 公共论战,律师代理,99,30,30,5,13,李敖大哥大(21)；挑战李敖(4)；李敖笑傲江湖(2)；李敖颠倒众生(2)；李敖随写录前集(1),民进党、博士、委员、像、法院、律师、见、朋友
郭沫若,学术 / 出版 / 政治人物 / 公共论战 / 神交引用,学术,99,30,30,12,15,李敖大哥大(7)；教育与脸谱(3)；我是天安门(3)；虽千万人，李敖往矣(3)；李敖秘密书房(3)；李敖访谈录1990-2018(2)；中国现代史定论(2)；中国艺术新研(2),研究、像、中央研究院、见、学术、朋友、诗、院长
陈隆志,学术 / 公共论战,学术,99,30,30,7,11,李敖大哥大(18)；李敖访谈录1990-2018(5)；李敖议坛哀思录(3)；我最难忘的事和人(1)；你笨蛋，你笨蛋(1)；我梦碎，所以我梦醒(1)；李敖颠倒众生(1),政府、台独、大学、同班、部长、学生、政治、国民党
颜清标,政治人物 / 公共论战,政治人物,99,30,30,6,16,李敖议坛哀思录(13)；李敖秘密书房(10)；李敖大哥大(3)；我梦碎，所以我梦醒(2)；李敖风流自传(1)；挑战李敖(1),委员、国民党、请我、告诉我、像、选举、民进党、立委
魏征,历史类比引用 / 政治人物 / 学术 / 神交引用,历史类比引用,99,30,30,9,10,独白下的传统(12)；北京法源寺(7)；读史指南(4)；李敖文存二集(2)；上山·上山·爱(1)；为历史拨云(1)；中国命研究(1)；挑战李敖(1),像、儿子、太太、部长、书目作者表、碰到、见、序
鲁仲连,历史类比引用 / 政治异议者 / 神交引用,历史类比引用,99,30,30,11,12,李敖秘密书房(10)；大学札记(6)；上下古今谈(3)；李敖语录(3)；给马戈的五十封信(2)；李敖快意恩仇录(1)；上山·上山·爱(1)；虽千万人，李敖往矣(1),古人、诗、历史上、回信、大学、请我、鲁仲连说得好、节目
刘宾雁,媒体 / 政治异议者 / 公共论战,媒体,99,29,29,4,9,求是新语(15)；你是景福门(11)；李敖五五日记(2)；李敖回忆录(1),见、国民党、拜访、老师、学生、写信、打电话、电话
刘忆如,政治人物 / 学术 / 见面,政治人物,99,29,29,4,7,李敖议坛哀思录(12)；李敖风流自传(12)；李敖大哥大(3)；李敖访谈录1990-2018(2),法院、院长、教授、大学、朋友、见、所长、学生
卡莱尔,诗文出处 / 历史类比引用 / 神交引用,诗文出处,99,29,29,10,17,李敖大哥大(10)；上山·上山·爱(4)；上下古今谈(3)；阳痿美国(3)；虽千万人，李敖往矣(3)；给马戈的五十封信(2)；千秋万岁乌鸦求是合集(1)；爱情的秘密(1),像、诗、作品、哲学、写信、思想、说过、太太
唐尧,政治人物 / 神交引用,政治人物,99,29,29,11,15,独白下的传统(8)；为历史拨云(6)；李敖大哥大(5)；虽千万人，李敖往矣(2)；中国命研究(2)；李敖文存二集(1)；李敖语录(1)；中国性研究(1),见、政治、书中、见到、像、文星、政府、主义
唐庄宗,政治人物 / 军事人物 / 神交引用,政治人物,99,29,29,4,4,李敖文存二集(20)；李敖大哥大(7)；独白下的传统(1)；为自由招魂(1),朋友、同仁、一起、像、妈妈、古人
团长,军事人物 / 见面 / 称谓待考,军事人物,99,29,29,1,11,一个预备军官的日记(29),团长
家报纸,出版 / 亲属,出版,99,29,29,19,24,为自由招魂(3)；李敖大哥大(3)；李敖全集(2)；世论新语(2)；阳痿美国(2)；李敖秘藏日记(2)；挑战李敖(2)；李敖秘密书房(2),报纸、国民党、政府、记者、妈妈、杂志、像、电视
家来看,见面 / 亲属,见面,99,29,28,15,28,李敖笑傲江湖(5)；李敖秘密书房(4)；李敖大哥大(4)；李敖回忆录(2)；李敖快意恩仇录(2)；李敖风流自传(2)；挑战李敖(2)；李敖自传与回忆续集(1),到我家、我家来、朋友、请他、一起、儿子、将军、大学
家特别,政治人物 / 神交引用,待复核,99,29,19,9,27,李敖大哥大(12)；李敖笑傲江湖(8)；挑战李敖(3)；李敖自传与回忆(1)；李敖回忆录(1)；李敖风流自传(1)；你笨蛋，你笨蛋(1)；李敖秘密书房(1),国民党、共产党、市长、像、出版、教授、大学、宣传
张七郎,被害人 / 历史类比引用 / 公共论战,被害人,99,29,29,2,2,李敖大哥大(20)；李敖随写录后集(9),像、张七郎、太太、家里、台大、一起、儿子、民进党
张居正,政治人物 / 公职人员 / 历史类比引用 / 神交引用,政治人物,99,29,29,10,11,为历史拨云(10)；李敖文存二集(5)；李敖笑傲江湖(3)；李敖Talk秀(3)；北京法源寺(2)；李敖对话录(2)；独白下的传统(1)；一个预备军官的日记(1),爸爸、父亲、政治、妈妈、古人、像、记者、儿子
徐元庆,司法人员 / 诉讼,司法人员,99,29,29,4,5,千秋万岁乌鸦求是合集(18)；李敖新刊(8)；李敖快意恩仇录(2)；李敖五五日记(1),推事、判决、法官、法院、出版、上诉、发行、政府
朱汇森,学术行政 / 政治人物 / 公共论战 / 历史类比引用,学术行政,99,29,29,8,8,爱情的秘密(9)；李敖全集(7)；李敖文存二集(6)；李敖语录(2)；李敖书信集(2)；李敖快意恩仇录(1)；上下古今谈(1)；中国现代史正论(1),部长、学生、见、记者、报纸、思想、诗、请他
李鹏,政治人物 / 公共论战,政治人物,99,29,29,8,13,李敖随写录前集(10)；我是天安门(5)；李敖随写录后集(5)；李敖Talk秀(3)；你是景福门(2)；李敖笑傲江湖(2)；千秋万岁乌鸦求是合集(1)；挑战李敖(1),国民党、政府、政治、访问、权状、台独、主席、采访
林永智,创作资料协助 / 财产债务 / 见面 / 朋友 / 通信,创作资料协助,99,29,29,5,6,李敖秘藏日记(10)；李敖书笺集(9)；李敖快意恩仇录(6)；李敖回忆录(2)；世论新语(2),见、永智、朋友、史学、弟弟、债权、回信、致函
游显德,财产债务 / 诉讼,财产债务,99,29,29,2,2,李敖随写录后集(28)；李敖随写录前集(1),游显德、法院、告发、判决、调查局、上诉、起诉、法务部
王以哲,军事人物 / 被害人 / 历史类比引用,军事人物,99,29,29,1,3,中国现代史正论(29),见、军长、司令、电报、思想、参谋、像、特务
白崇禧,军事人物 / 政治人物 / 选举助选 / 公共论战 / 历史类比引用,军事人物,99,29,29,12,19,李敖书序集(8)；我梦碎，所以我梦醒(4)；李敖大哥大(3)；李敖自传与回忆续集(2)；李敖回忆录(2)；李敖风流自传(2)；世论新语(2)；李敖随写录前集(2),看守所、白崇禧、台北看守所、见、总统、朋友、父亲、国民党
皮尔斯,政治人物 / 主剧情人物 / 小说剧本人物 / 历史类比引用,政治人物,99,29,29,2,7,阳痿美国(27)；李敖大哥大(2),总统、主义、政府、将军、法官、论文、见、接见
翁慨,学术行政 / 社会案件 / 诉讼,学术行政,99,29,29,2,2,上下古今谈(21)；千秋万岁乌鸦求是合集(8),主席、见、像、委员、家里、太太、检察官、法庭
胡炎汉,同案狱友 / 政治异议者,同案狱友,99,29,29,6,8,李敖自传与回忆(9)；李敖回忆录(7)；千秋万岁乌鸦求是合集(6)；李敖快意恩仇录(3)；李敖自传与回忆续集(2)；李敖风流自传(2),一起、问我、大学、采访、同房、碰到、见、调查局
能有,见面 / 神交引用,待复核,99,29,16,20,27,李敖访谈录1990-2018(3)；李敖书信集(3)；挑战李敖(3)；为中国思想趋向求答案(2)；李敖语录(2)；李敖秘密书房(2)；李敖自传与回忆续集(1)；李敖快意恩仇录(1),诗、像、见、杂志、碰到、市长、见到、来信
蒋光超,媒体 / 证人见证 / 诉讼 / 见面,媒体,99,29,29,9,9,李敖快意恩仇录(6)；千秋万岁乌鸦求是合集(5)；李敖回忆录(4)；李敖书信集(4)；李敖秘密书房(3)；李敖风流自传(2)；李敖秘藏日记(2)；李敖访谈录1990-2018(2),法官、认识、法院、诬告、交情、问我、告诉我、办案人员
贝多芬,文艺音乐 / 神交引用,文艺音乐,99,29,29,13,20,虽千万人，李敖往矣(6)；千秋万岁乌鸦求是合集(4)；李敖访谈录1990-2018(3)；阳痿美国(2)；李语录(2)；李敖语录(2)；一个预备军官的日记(2)；李敖秘密书房(2),见、作品、朋友、政治、像、认识、哲学、主义
郑邦镇,学术 / 政治人物 / 选举助选 / 公共论战,学术,99,29,29,4,18,挑战李敖(25)；李敖秘密书房(2)；李敖访谈录1990-2018(1)；李敖颠倒众生(1),朋友、像、委员、民进党、国民党、总统、主席、报导
阿里,体育人物 / 公共论战 / 神交引用,体育人物,99,29,29,11,16,虽千万人，李敖往矣(8)；李敖风流自传(5)；李敖访谈录1990-2018(4)；李敖书简集(3)；我梦碎，所以我梦醒(2)；上山·上山·爱(2)；我是天安门(1)；红色11(1),见、共产党、像、电话、政府、名言、博士、记者
陈宏正,朋友 / 创作资料协助 / 出版,朋友,99,29,29,11,18,李敖快意恩仇录(6)；李敖全集(4)；李敖笑傲江湖(4)；李敖回忆录(3)；李敖风流自传(2)；千秋万岁乌鸦求是合集(2)；李敖札记(2)；李敖书序集(2),教授、学生、大学、朋友、论战、太太、台大、见
魏京生,政治异议者 / 人权救援 / 公共论战 / 神交引用,政治异议者,99,29,29,6,6,挑战李敖(9)；千秋万岁乌鸦求是合集(7)；李敖笑傲江湖(7)；李敖自传与回忆续集(4)；李敖回忆录(1)；李敖Talk秀(1),像、政府、国民党、主义、证人、情治、关怀、见
黄菊文,出版 / 编辑 / 创作资料协助,出版,99,29,29,8,12,李敖笑傲江湖(6)；李敖回忆录(5)；李敖书启集(5)；李敖秘藏日记(4)；李敖五五日记(3)；李敖快意恩仇录(2)；李敖风流自传(2)；挑战李敖(2),发行、出版、国民党、出版社、朋友、先生、警总、司令
H（李敖情书集）,情感 / 通信 / 见面 / 称谓待考,情感,99,28,28,1,1,李敖情书集(28),亲爱的H、H：、给H的十三封信
于斌,宗教人物 / 学术行政 / 政治人物 / 公共论战,宗教人物,99,28,28,9,10,李敖全集(12)；我最难忘的事和人(3)；李敖回忆录(3)；李敖自传与回忆续集(2)；李敖快意恩仇录(2)；李敖书启集(2)；李敖笑傲江湖(2)；李敖风流自传(1),院长、大学、见、学术、政治、请我、攻击、一起
伍子胥,历史类比引用 / 政治人物 / 军事人物 / 神交引用,历史类比引用,99,28,28,12,15,为历史拨云(10)；李敖快意恩仇录(3)；北京法源寺(2)；第73烈士(2)；虽千万人，李敖往矣(2)；读史指南(2)；李敖大哥大(2)；李敖文存二集(1),像、古人、父亲、儿子、见、大学、学生、妈妈
党统治,公共论战 / 学术,公共论战,99,28,27,19,26,我梦碎，所以我梦醒(3)；阳痿美国(3)；李敖秘密书房(3)；李敖自传与回忆续集(2)；李敖笑傲江湖(2)；挑战李敖(2)；李敖自传与回忆(1)；李敖回忆录(1),共产党、国民党、查禁、思想、朋友、见、书店、读
党自己,公共论战 / 政治人物,公共论战,99,28,26,13,27,世论新语(4)；我梦碎，所以我梦醒(4)；挑战李敖(4)；李敖风流自传(2)；你是景福门(2)；李敖新刊(2)；李敖访谈录1990-2018(2)；中国现代史正论(2),国民党、民进党、共产党、思想、像、主义、总统、所谓
叔本华,学术 / 神交引用,学术,99,28,28,11,15,虚拟的十七岁(10)；挑战李敖(6)；传统下的独白(3)；李敖语录(2)；李敖快意恩仇录(1)；李敖风流自传(1)；大学日记后期甲集(1)；大学日记后期乙集(1),哲学、像、见、爱上、文学、问我、学生、女儿
台独台,公共论战 / 政治人物,公共论战,99,28,28,7,13,李敖大哥大(20)；李敖Talk秀(3)；李敖议坛哀思录(1)；红色11(1)；虽千万人，李敖往矣(1)；李敖秘密书房(1)；李敖颠倒众生(1),台独、总统、国民党、法院、见、院长、民进党、主义
周毅先,军事人物 / 见面 / 创作资料协助,军事人物,99,28,28,4,10,一个预备军官的日记(15)；中国性研究(8)；李敖快意恩仇录(3)；第73烈士(2),像、电话、诗、妈妈、同学、所谓、下午与镜昌、尔昭、周、江去凤山、晚与张福水及周毅先去参观军中乐园
太上老君,虚拟人物 / 宗教人物 / 历史类比引用 / 神交引用,虚拟人物,99,28,28,8,8,李敖全集(6)；文化论战丹火录(6)；坐牢家爸爸给女儿的八十封信(4)；千秋万岁乌鸦求是合集(3)；李敖语录(3)；李敖颠倒众生(3)；要把金针度与人(2)；一个预备军官的日记(1),像、见、孙悟空（猴子成精）、偷了仙丹、思想、碰到
孙女,亲属 / 神交引用 / 见面 / 姻亲,亲属,99,28,22,13,20,李敖大哥大(5)；中国迷信新研(4)；挑战李敖(4)；独白下的传统(2)；李敖访谈录1990-2018(2)；李敖书启集(2)；李敖笑傲江湖(2)；李敖秘密书房(2),儿子、一起、女儿、诗、结婚、所谓、哲学、学生
孙玉华,见面 / 同学 / 学术,待复核,99,28,19,8,16,一个预备军官的日记(15)；李敖风流自传(5)；李敖回忆录(2)；千秋万岁乌鸦求是合集(2)；早年日记(1)；大学日记后期甲集(1)；李敖秘密书房(1)；李敖颠倒众生(1),国民党、同学、诗、见、台大、像、思想、见到
居然没,见面 / 诉讼 / 师生,见面,99,28,27,14,25,李敖大哥大(8)；李敖笑傲江湖(5)；李敖文存(2)；虚拟的十七岁(2)；挑战李敖(2)；李敖回忆录(1)；李敖议坛哀思录(1)；李敖风流自传(1),像、见、国民党、请我、主义、政府、记者、法院
居里夫人,科学家 / 神交引用,科学家,99,28,28,8,12,虽千万人，李敖往矣(6)；李敖秘密书房(5)；虚拟的十七岁(4)；坐牢家爸爸给女儿的八十封信(4)；李敖回忆录(3)；挑战李敖(3)；李敖大哥大(2)；千秋万岁乌鸦求是合集(1),夫人、像、妈妈、政治、见、老师、教授、博士
张仁龙,朋友 / 见面,朋友,99,28,28,7,11,早年日记(12)；一个预备军官的日记(6)；李敖回忆录(3)；李敖风流自传(2)；大学札记(2)；李敖书启集(2)；你笨蛋，你笨蛋(1),读、见、送我、太太、儿子、好友、写信、主义
张旭成,政治人物 / 公共论战 / 学术行政,政治人物,99,28,22,3,6,李敖大哥大(25)；挑战李敖(2)；李敖笑傲江湖(1),民进党、委员、法院、国民党、像、总统、报纸、事务
支持李,师生 / 公共论战,待复核,99,28,18,9,21,李敖大哥大(11)；李敖秘密书房(6)；李敖快意恩仇录(4)；李敖风流自传(2)；李敖自传与回忆(1)；李敖回忆录(1)；李敖新刊(1)；李敖随写录后集(1),国民党、主席、老师、总统、警总、委员、选举、民进党
明信片,情治警务,待复核,99,28,16,12,21,一个预备军官的日记(8)；李敖大哥大(4)；李敖秘密书房(3)；李敖颠倒众生(3)；李敖书函集(2)；给马戈的五十封信(2)；我最难忘的事和人(1)；虽千万人，李敖往矣(1),朋友、警备总部、书店、法院、见、共产党、诗、太太
李之藻,宗教人物 / 学术 / 诗文出处 / 创作资料协助 / 历史类比引用 / 神交引用,宗教人物,99,28,28,1,3,中国近代史新论(28),太太、朋友、见、所谓、写信、书里、拜访、序
李天羽,军事人物 / 政治人物 / 见面,军事人物,99,28,28,2,6,李敖议坛哀思录(26)；李敖风流自传(2),委员、部长、国民党、少将、主席、民进党、请我、爸爸
李安妮,亲属 / 司法人员 / 见面,亲属,99,28,22,2,4,李敖大哥大(27)；李敖秘密书房(1),女儿、法官、夫人、总统、所谓、法庭、律师、陪我
李文忠,政治人物 / 公共论战 / 见面,政治人物,99,28,28,4,16,李敖议坛哀思录(15)；李敖大哥大(7)；我梦碎，所以我梦醒(5)；李敖秘密书房(1),委员、民进党、一起、立委、国民党、主席、见、所谓
李贽,学术 / 政治异议者 / 神交引用,学术,99,28,28,16,18,李敖语录(4)；李敖文存二集(3)；一个预备军官的日记(3)；要把金针度与人(3)；李敖笑傲江湖(3)；李敖书序集(2)；李敖回忆录(1)；李敖快意恩仇录(1),思想、像、见、研究、监狱、所谓、查禁、朋友
李钟桂,婚姻相关 / 公共论战 / 见面,婚姻相关,99,28,28,8,9,李敖大哥大(16)；李敖议坛哀思录(4)；我最难忘的事和人(3)；李敖快意恩仇录(1)；李敖风流自传(1)；李敖书启集(1)；挑战李敖(1)；李敖颠倒众生(1),太太、文星、结婚、国民党、院长、法院、同学、研究
杜而未,宗教人物 / 学术 / 社会案件 / 公共论战,宗教人物,99,28,28,1,1,李敖全集(28),同学、著作、文学、研究、学生、批评、哲学、巴掌
梁金木,被害人 / 诉讼 / 社会案件,被害人,99,28,28,3,4,李敖笑傲江湖(12)；世论新语(10)；红色11(6),打电话、电话、母亲、哥哥、朋友、判决、警察、书中
殷老师,师生,师生,99,28,28,10,12,千秋万岁乌鸦求是合集(6)；李敖快意恩仇录(4)；李敖全集(4)；李敖对话录(4)；李敖风流自传(3)；李敖笑傲江湖(3)；李敖回忆录(1)；世论新语(1),老师、师母、学生、太太、告诉我、政治、朋友、读
汪传浦,财产债务 / 公款经费 / 创作资料协助 / 公共论战,财产债务,99,28,28,4,6,挑战李敖(12)；李敖Talk秀(10)；李敖颠倒众生(5)；你笨蛋，你笨蛋(1),法院、政府、像、电话、立委、将军、参谋、见
汪敬煦,军事人物 / 见面 / 姻亲,军事人物,99,28,28,11,16,李敖大哥大(8)；中国性研究(5)；一个预备军官的日记(4)；李敖风流自传(3)；挑战李敖(2)；李敖快意恩仇录(1)；千秋万岁乌鸦求是合集(1)；第73烈士(1),师长、上校、司令、国民党、团长江百禄、市长、像、将军
王克敏,政治人物,政治人物,99,28,28,7,9,李敖自传与回忆(11)；李敖回忆录(6)；李敖快意恩仇录(3)；李敖风流自传(3)；李敖笑傲江湖(3)；我梦碎，所以我梦醒(1)；李敖秘密书房(1),中将、委员、爸爸、政府、学生、父亲、监狱、政治
翁其荣,司法人员 / 诉讼,司法人员,99,28,28,3,4,千秋万岁乌鸦求是合集(18)；李敖新刊(8)；李敖快意恩仇录(2),推事、判决、法官、法院、出版、上诉、发行、政府
能够说,神交引用 / 政治人物,待复核,99,28,18,7,27,挑战李敖(11)；李敖秘密书房(8)；李敖笑傲江湖(4)；李敖颠倒众生(2)；李敖杂文集(1)；李敖书信集(1)；中国命研究(1),像、出版、政府、编辑、政治、作品、朋友、儿子
解释出,神交引用 / 司法人员 / 见面,待复核,99,28,21,8,27,李敖笑傲江湖(8)；李敖大哥大(6)；李敖秘密书房(5)；李敖颠倒众生(3)；李敖议坛哀思录(2)；红色11(2)；北京法源寺(1)；虚拟的十七岁(1),法官、所谓、像、读、政治、见、报纸、政府
赵金魁,军事人物 / 见面,军事人物,99,28,28,2,9,一个预备军官的日记(27)；李敖书启集(1),赵金魁、攻击、来信、写信、像、认识、诗、读
邱复生,媒体 / 财产债务 / 公共论战,媒体,99,28,28,8,14,挑战李敖(9)；李敖秘密书房(5)；李敖风流自传(4)；李敖回忆录(3)；李敖大哥大(3)；李敖访谈录1990-2018(2)；李敖议坛哀思录(1)；李敖笑傲江湖(1),电视、朋友、节目、电话、批评、打电话、民进党、市长
郑华志,医疗照护 / 师生,医疗照护,99,28,28,3,3,千秋万岁乌鸦求是合集(10)；李敖快意恩仇录(9)；李敖全集(9),台大、陪他、像、老师、请他、写信、学生
都会有,监狱行政 / 公共论战,待复核,99,28,18,18,28,李敖秘密书房(8)；李敖自传与回忆续集(2)；上下古今谈(2)；虽千万人，李敖往矣(2)；李敖快意恩仇录(1)；传统下的独白(1)；文化论战丹火录(1)；你是景福门(1),见、像、秘书、诗、共产党、思想、政治、读
阿基米德,科学家 / 学术 / 历史类比引用 / 神交引用,科学家,99,28,28,9,11,虚拟的十七岁(20)；李敖议坛哀思录(1)；独白下的传统(1)；我梦碎，所以我梦醒(1)；千秋万岁乌鸦求是合集(1)；李敖语录(1)；虽千万人，李敖往矣(1)；大学札记(1),像、共产党、一起、名言、学者、出版、古人
阿弥陀佛,宗教人物 / 神交引用,宗教人物,99,28,28,11,16,李敖大哥大(9)；上山·上山·爱(3)；红色11(3)；一个预备军官的日记(3)；李敖语录(2)；为历史拨云(2)；李敖秘密书房(2)；李敖文存(1),像、一起、读、报纸、思想、认识、朋友、阿弥陀佛和大势至菩萨
陈其美,政治人物 / 历史类比引用,政治人物,99,28,28,7,8,李敖书笺集(8)；中国艺术新研(6)；李敖笑傲江湖(6)；李敖札记(4)；李敖文存(2)；千秋万岁乌鸦求是合集(1)；李敖大哥大(1),国民党、传记、总统、节目、父亲、陈其美、文学、委员
陈成泉,司法人员 / 诉讼,司法人员,99,28,28,3,4,千秋万岁乌鸦求是合集(18)；李敖新刊(8)；李敖快意恩仇录(2),推事、判决、法官、出版、法院、上诉、发行、政府
陈晓林,媒体 / 创作资料协助 / 证人见证 / 公共论战,媒体,99,28,28,8,15,李敖笑傲江湖(7)；李敖报刊集(6)；千秋万岁乌鸦求是合集(4)；李敖回忆录(3)；李敖风流自传(3)；李敖秘密书房(3)；李敖快意恩仇录(1)；挑战李敖(1),朋友、杂志、文星、国民党、见、批评、像、告诉我
陈石奇,同案狱友 / 政治异议者 / 刑求受害,同案狱友,99,28,28,1,1,李敖随写录前集(28),陈石奇、警总、司令、政府、判决、范子文、满素玉、陈石奇、见、检察官
霍梅尼,政治人物 / 宗教人物 / 神交引用,政治人物,99,28,28,6,9,李敖风流自传(8)；波波颂(7)；阳痿美国(5)；李敖快意恩仇录(4)；李敖大哥大(3)；李敖访谈录1990-2018(1),国民党、政府、政治、杂志、病房、像、诗
专诸,历史类比引用 / 江湖人物 / 烈士殉难 / 神交引用,历史类比引用,99,27,27,1,1,北京法源寺(27),母亲、认识、儿子、像、见、陪他、见到、学生
伍振环,出版 / 见面 / 财产债务,出版,99,27,27,4,7,李敖五五日记(20)；李敖回忆录(3)；李敖风流自传(3)；挑战李敖(1),伍、周来、报纸、警备总部、查禁、法院、伍、周吃、回信、来信
刘松藩,政治人物 / 公共论战 / 选举助选,政治人物,99,27,27,7,11,挑战李敖(13)；李敖大哥大(8)；李敖访谈录1990-2018(2)；千秋万岁乌鸦求是合集(1)；李敖随写录后集(1)；李敖书启集(1)；李敖秘密书房(1),法院、国民党、像、院长、问我、总统、委员、选举
刘秀,政治人物 / 军事人物 / 历史类比引用 / 神交引用,政治人物,99,27,27,11,16,独白下的传统(8)；读史指南(5)；李敖语录(4)；李敖访谈录1990-2018(2)；为历史拨云(2)；李敖议坛哀思录(1)；李敖文存二集(1)；中国命研究(1),朋友、父亲、一起、将军、古人、委员、见、汉景帝的后裔刘秀
古瑞云,政治异议者 / 被害人 / 证人见证 / 历史类比引用,政治异议者,99,27,27,4,5,李敖书序集续集(17)；李敖大哥大(5)；李敖秘密书房(4)；李敖访谈录1990-2018(1),古瑞云、访问、朋友、家中、民进党、学生、女儿、嫁给
叶德辉,学术 / 诗文出处 / 出版 / 历史类比引用 / 神交引用,学术,99,27,27,12,13,读史指南(5)；要把金针度与人(5)；李敖大哥大(5)；李敖语录(3)；上山·上山·爱(2)；传统下的独白(1)；李敖文存(1)；李敖新刊(1),国民党、书中、共产党、书里、找他、叶德辉在《书林清话》、学者、女儿
吕留良,诗文出处 / 学术 / 政治异议者 / 历史类比引用 / 神交引用,诗文出处,99,27,27,4,4,李敖自传与回忆(16)；要把金针度与人(7)；千秋万岁乌鸦求是合集(3)；为中国思想趋向求答案(1),学生、出版、爸爸、读、像、见、吕留良：《吕晚村先生文集》
周孟禄,出版 / 见面 / 财产债务,出版,99,27,27,5,8,李敖五五日记(21)；李敖回忆录(2)；李敖风流自传(2)；李敖书启集(1)；挑战李敖(1),伍、周来、代理、法院、伍、周吃、回信、来信、午与任逸翔、伍、周吃饭、与任、伍、周约明午见
家觉得,公共论战 / 神交引用,待复核,99,27,16,7,24,李敖笑傲江湖(11)；李敖访谈录1990-2018(7)；李敖颠倒众生(5)；我最难忘的事和人(1)；文化论战丹火录(1)；李敖语录(1)；李敖对话录(1),攻击、批评、像、部长、委员、见、文星、律师
张君劢,学术 / 政治人物 / 公共论战 / 神交引用,学术,99,27,27,11,13,我梦碎，所以我梦醒(9)；李敖随写录前集(3)；李敖书序集(3)；文化论战丹火录(2)；为中国思想趋向求答案(2)；李敖书信集(2)；挑战李敖(2)；李敖快意恩仇录(1),国民党、主义、大学、出版、政治、学者、批评、书店
张明炜,媒体 / 财产债务 / 财产信托 / 通信 / 公共论战,媒体,99,27,27,5,6,李敖书简集(18)；李敖书信集(4)；上下古今谈(3)；李敖回忆录(1)；早年日记(1),先生、常驻监察人张明炜先生、政府、朋友、发行、选举、存证信、文星
戈尔巴乔夫,政治人物 / 公共论战 / 历史类比引用,政治人物,99,27,27,8,11,李敖五五日记(6)；李敖秘密书房(6)；我是天安门(5)；挑战李敖(4)；李敖随写录前集(3)；求是新语(1)；你是景福门(1)；李敖大哥大(1),政治、政府、访问、见、委员、共产党、像、朋友
楚瑾,见面 / 公共论战,见面,99,27,27,1,1,李敖Talk秀(27),楚瑾：、这边是楚瑾、陈鹏安、汤惠婷
波尔克,政治人物 / 主剧情人物 / 小说剧本人物 / 历史类比引用,政治人物,99,27,27,1,2,阳痿美国(27),总统、主义、认识、土地、文学、儿子、太太、见
海斯,政治人物 / 主剧情人物 / 小说剧本人物 / 历史类比引用,政治人物,99,27,27,3,5,阳痿美国(23)；李敖随写录后集(3)；李敖文存(1),总统、主义、将军、少将、政府、学术、政治、像
白先勇,诗文出处 / 出版 / 历史类比引用 / 神交引用 / 公共论战,诗文出处,99,27,27,5,14,李敖大哥大(12)；世论新语(5)；李敖秘密书房(5)；李敖Talk秀(3)；李敖书简集(2),像、儿子、太太、爸爸、市长、院长、总统、国民党
米巴,神交引用 / 见面 / 公共论战,待复核,99,27,24,9,11,李敖大哥大(15)；李敖笑傲江湖(3)；挑战李敖(2)；李敖Talk秀(2)；李敖新刊(1)；阳痿美国(1)；李敖语录(1)；虽千万人，李敖往矣(1),像、主义、见、告诉我、民进党、所谓、共产党、总统
范布伦,政治人物 / 主剧情人物 / 小说剧本人物 / 历史类比引用,政治人物,99,27,27,1,4,阳痿美国(27),总统、像、律师、见、政治、告诉我、书店、主义
萨孟武,学术 / 公共论战,学术,99,27,27,13,16,中国近代史新论(5)；李敖快意恩仇录(4)；波波颂(4)；李敖大哥大(4)；千秋万岁乌鸦求是合集(2)；我最难忘的事和人(1)；李敖风流自传(1)；教育与脸谱(1),国民党、先生、师长、主义、台独、教授、好友、朋友
行政官,军事人物 / 见面 / 称谓待考,军事人物,99,27,27,1,13,一个预备军官的日记(27),行政官
许志安,文艺音乐 / 媒体 / 见面,文艺音乐,99,27,27,1,1,李敖Talk秀(27),许志安：、女友、告诉我、认识、朋友、哲学
越王勾践,政治人物 / 军事人物 / 神交引用,政治人物,99,27,27,7,11,挑战李敖(9)；李敖新刊(7)；李敖快意恩仇录(4)；中国性研究(3)；虽千万人，李敖往矣(2)；李敖书翰集(1)；李敖秘密书房(1),委员、朋友、所谓、读、书中、批评、古代、像
那么老,见面 / 师生 / 公共论战 / 神交引用,待复核,99,27,21,16,26,李敖大哥大(5)；挑战李敖(4)；李敖秘密书房(3)；第73烈士(2)；李敖Talk秀(2)；李敖自传与回忆(1)；李敖快意恩仇录(1)；李敖新刊(1),像、老师、见、国民党、法院、认识、请我、政府
邹容,政治异议者 / 烈士殉难 / 诗文出处 / 历史类比引用 / 神交引用,政治异议者,99,27,27,3,4,中国近代史新论(25)；独白下的传统(1)；李敖秘藏日记(1),见、像、政治、所谓、读、国民党、章太炎判三年、邹容判两年、思想
陈定炎,亲属 / 创作资料协助 / 见面 / 学术 / 公共论战,亲属,99,27,27,4,6,李敖笑傲江湖(14)；千秋万岁乌鸦求是合集(8)；李敖风流自传(4)；李敖五五日记(1),先生、儿子、父亲、研究、出版、教授、史学、朋友
陈果夫,政治人物 / 党务宣传 / 历史类比引用,政治人物,99,27,27,13,18,李敖大哥大(7)；中国现代史正论(4)；李敖自传与回忆(2)；传统下的独白(2)；千秋万岁乌鸦求是合集(2)；中国现代史定论(2)；李敖秘密书房(2)；李敖自传与回忆续集(1),国民党、哥哥、见、先生、政治、党部、委员、序
陈碧君,见面 / 师生 / 通信,见面,99,27,22,2,3,我最难忘的事和人(18)；李敖风流自传(9),大学、部长、朋友、学生、一起、请我、学术、像
陈耀昌,医疗照护 / 学术 / 政治人物,医疗照护,99,27,27,9,16,李敖议坛哀思录(8)；你笨蛋，你笨蛋(4)；李敖访谈录1990-2018(4)；李敖秘密书房(4)；李敖快意恩仇录(3)；李敖风流自传(1)；虚拟的十七岁(1)；虽千万人，李敖往矣(1),台大、好友、序、教授、市长、民进党、朋友、研究
陈逸松,律师代理 / 政治异议者 / 同案狱友 / 人权救援,律师代理,99,27,27,2,3,你笨蛋，你笨蛋(23)；李敖风流自传(4),律师、学生、告诉我、国民党、委员、特务、请他、政治
陈铭枢,政治人物 / 军事人物 / 公共论战 / 历史类比引用,政治人物,99,27,27,1,1,中国现代史定论(27),委员、党部、政府、所谓、见、共产党、政治、主义
丁忠,军事人物 / 见面,军事人物,99,26,26,3,9,一个预备军官的日记(24)；李敖快意恩仇录(1)；中国性研究(1),丁忠、老师、法庭、部长、来信、送我、丁忠大惊奇
丁慰慈,刑求受害,刑求受害,99,26,26,4,4,李敖大哥大(11)；李敖回忆录(7)；红色11(7)；李敖书启集(1),刑求、共产党、国民党、政府、一起、办案人员、委员
但丁,诗文出处 / 历史类比引用 / 神交引用,诗文出处,99,26,26,9,13,虚拟的十七岁(6)；上山·上山·爱(5)；阳痿美国(4)；李敖快意恩仇录(3)；虽千万人，李敖往矣(2)；挑战李敖(2)；李敖秘密书房(2)；一个预备军官的日记(1),见、见到、见面、情人、书里、朋友、像、恋爱
何飞鹏,出版 / 媒体 / 见面,出版,99,26,26,7,13,李敖大哥大(14)；挑战李敖(5)；李敖回忆录(2)；李敖快意恩仇录(2)；李敖访谈录1990-2018(1)；李敖笑傲江湖(1)；李敖秘密书房(1),朋友、出版、先生、读、序、民进党、政治、总统
劳思光,学术 / 公共论战 / 见面,学术,99,26,26,5,5,李敖风流自传(11)；李敖快意恩仇录(8)；李敖议坛哀思录(3)；李敖随写录后集(3)；李敖五五日记(1),批评、哲学、见、一起、教授、碰到、政府、告诉我
卓别林,文艺音乐 / 神交引用,文艺音乐,99,26,26,10,11,李敖秘密书房(8)；李敖笑傲江湖(6)；阳痿美国(3)；虚拟的十七岁(2)；李敖随写录前集(2)；李敖自传与回忆续集(1)；李敖快意恩仇录(1)；传统下的独白(1),像、节目、总统、主义、见、导演、妈妈、寄给
史坚如,政治异议者 / 烈士殉难 / 刑求受害 / 亲属 / 历史类比引用,政治异议者,99,26,26,1,1,中国近代史新论(26),见、刑求、父亲、读、同学、母亲、晤、老师
叶肇模,财产债务 / 诉讼,财产债务,99,26,26,2,3,李敖书简集(14)；李敖自传与回忆续集(12),电话、推事、见、结证、本院、所谓、事务、债权
吴凤,社会案件 / 公共论战 / 神交引用,社会案件,99,26,26,7,8,你是景福门(11)；坐牢家爸爸给女儿的八十封信(5)；千秋万岁乌鸦求是合集(4)；李语录(3)；波波颂(1)；我梦碎，所以我梦醒(1)；李敖书信集(1),国民党、像、民进党、见、法院、特务、爸爸
周忠明,老兵士官 / 军事人物 / 朋友 / 见面,老兵士官,99,26,26,4,10,一个预备军官的日记(21)；我最难忘的事和人(2)；李敖回忆录(2)；李敖快意恩仇录(1),读、找我、诗、送我、福利社、研究、像、报纸
周武王,历史类比引用 / 政治人物 / 神交引用,历史类比引用,99,26,26,14,18,李敖笑傲江湖(5)；李敖快意恩仇录(3)；李敖风流自传(3)；虽千万人，李敖往矣(2)；中国命研究(2)；挑战李敖(2)；李敖秘密书房(2)；传统下的独白(1),哥哥、弟弟、国民党、历史上、儿子、学生、诗、政府
张台独,公共论战 / 政治人物 / 师生,公共论战,99,26,26,7,21,李敖大哥大(10)；挑战李敖(7)；李敖秘密书房(3)；世论新语(2)；李敖五五日记(2)；李敖随写录前集(1)；李敖Talk秀(1),台独、民进党、像、主席、宣传、主义、说过、教授
彭孟缉,军事人物 / 政治人物 / 情治警务 / 公共论战,军事人物,99,26,26,12,14,你笨蛋，你笨蛋(7)；李敖书序集(4)；李敖风流自传(3)；李敖颠倒众生(3)；李敖大哥大(2)；我最难忘的事和人(1)；李敖议坛哀思录(1)；千秋万岁乌鸦求是合集(1),司令、警总、调查局、国民党、委员、主席、台独、见
成功之,政治人物,待复核,99,26,15,20,24,一个预备军官的日记(3)；李敖书序集(3)；我是天安门(2)；李敖书牍集(2)；李敖自传与回忆(1)；李敖回忆录(1)；传统下的独白(1)；李敖全集(1),主义、警察、见、国民党、妻、送我、太太、传记
朱丽叶,虚拟人物 / 小说剧本人物 / 历史类比引用 / 公共论战,虚拟人物,99,26,26,7,11,挑战李敖(15)；李敖访谈录1990-2018(4)；一个预备军官的日记(2)；李敖大哥大(2)；李敖自传与回忆(1)；李敖回忆录(1)；李敖语录(1),见、总统、教授、碰到、像、女儿、诗、太太
林凤梧,邻居 / 社会案件,邻居,99,26,26,2,5,李敖书启集(24)；李敖书函集(2),委员、见、存款、先生、总干事、一起、所谓、控告
柳下惠,历史类比引用 / 政治人物 / 神交引用,历史类比引用,99,26,26,12,13,上山·上山·爱(5)；李敖议坛哀思录(4)；李敖风流自传(4)；你是景福门(4)；李敖大哥大(2)；传统下的再白(1)；为中国思想趋向求答案(1)；上下古今谈(1),书中、所谓、古代、哥哥、弟弟、政府、像
狄阿杰尼斯,学术 / 神交引用,学术,99,26,26,10,13,李敖访谈录1990-2018(8)；李敖自传与回忆(3)；李敖快意恩仇录(3)；李敖全集(3)；李敖语录(3)；千秋万岁乌鸦求是合集(2)；李敖回忆录(1)；李敖文存二集(1),哲学、见、见到、思想、像、主义、将军、拜访
管什么,公共论战,待复核,99,26,13,20,26,李敖语录(3)；虚拟的十七岁(2)；阳痿美国(2)；一个预备军官的日记(2)；李敖颠倒众生(2)；李敖自传与回忆续集(1)；李敖快意恩仇录(1)；李敖议坛哀思录(1),共产党、主义、国民党、法院、民进党、古代、研究、所谓
聂华苓,出版 / 媒体 / 政治异议者 / 创作资料协助 / 历史类比引用,出版,99,26,26,12,15,李敖风流自传(9)；李敖情书集(3)；李敖秘密书房(3)；虽千万人，李敖往矣(2)；李敖书笺集(2)；李敖自传与回忆(1)；李敖全集(1)；教育与脸谱(1),像、见、文星、思想、朋友、认识、家中、一起
胡学古,见面 / 公共论战,待复核,99,26,17,8,11,千秋万岁乌鸦求是合集(9)；李敖全集(6)；李敖风流自传(4)；李敖自传与回忆续集(2)；李敖书启集(2)；李敖回忆录(1)；求是新语(1)；李敖秘密书房(1),政治、拜访、编辑、国民党、像、学生、交往、问我
胡金铨,见面 / 媒体,见面,99,26,23,13,17,李敖对话录(5)；李敖秘密书房(5)；李敖语录(3)；李敖颠倒众生(3)；李敖秘藏日记(2)；李敖自传与回忆续集(1)；李敖快意恩仇录(1)；李敖风流自传(1),导演、见、朋友、像、找我、见面、请他、出版社
能决定,司法人员 / 财产债务 / 政治人物,待复核,99,26,19,12,18,李敖大哥大(8)；李敖议坛哀思录(4)；李敖书启集(3)；李敖颠倒众生(3)；千秋万岁乌鸦求是合集(1)；红色11(1)；阳痿美国(1)；李敖访谈录1990-2018(1),法官、委员、见、院长、存款、土地、法院、总统
董作宾,学术 / 学术行政 / 见面 / 公共论战,学术,99,26,26,8,12,教育与脸谱(13)；李敖书函集(5)；李敖快意恩仇录(2)；一个预备军官的日记(2)；李敖议坛哀思录(1)；李敖风流自传(1)；大学日记后期乙集(1)；李敖秘密书房(1),学者、研究、所长、见、先生、像、请他、政府
董其昌,文艺音乐 / 历史类比引用 / 神交引用,文艺音乐,99,26,26,13,19,李敖大哥大(5)；中国艺术新研(4)；李敖笑傲江湖(4)；李敖随写录后集(3)；北京法源寺(2)；上下古今谈(1)；虽千万人，李敖往矣(1)；大学札记(1),读、见、像、父亲、董其昌、诗、碰到、政治
蒋家天,公共论战 / 亲属 / 政治人物,待复核,99,26,18,13,22,李敖笑傲江湖(7)；李敖大哥大(6)；李敖回忆录(2)；第73烈士(2)；李敖风流自传(1)；波波颂(1)；求是新语(1)；千秋万岁乌鸦求是合集(1),国民党、碰到、儿子、立委、妹妹、看守所、军法、政治
蔡文甫,出版 / 财产债务 / 诉讼,出版,99,26,26,3,3,李敖对话录(23)；李敖快意恩仇录(2)；李敖书启集(1),出版、文星、控告、出版社、发行、法庭、律师、作品
蔺相如,政治人物 / 历史类比引用 / 神交引用,政治人物,99,26,26,8,8,李敖颠倒众生(14)；李敖快意恩仇录(3)；读史指南(2)；要把金针度与人(2)；中国命研究(2)；独白下的传统(1)；李敖语录(1)；李敖大哥大(1),一起、见、将军、古人、见到、书里、所谓、碰到
薛平贵,虚拟人物 / 小说剧本人物 / 历史类比引用 / 情感 / 神交引用,虚拟人物,99,26,26,5,8,上下古今谈(15)；李敖语录(8)；李敖文存(1)；李敖文存二集(1)；李敖全集(1),见、父亲、碰到、请他、母亲、太太、法院、女儿
贾宝玉,虚拟人物 / 小说剧本人物 / 历史类比引用,虚拟人物,99,26,26,13,20,李敖笑傲江湖(6)；虽千万人，李敖往矣(4)；虚拟的十七岁(3)；李敖秘密书房(3)；中国艺术新研(2)；李敖文存二集(1)；李敖全集(1)；上山·上山·爱(1),诗、女儿、朋友、爸爸、读、一起、情人、文学
通吃,公共论战,待复核,99,26,15,14,23,李敖秘密书房(5)；要把金针度与人(3)；李敖大哥大(3)；李敖自传与回忆续集(2)；我是天安门(2)；千秋万岁乌鸦求是合集(2)；李敖笑傲江湖(2)；波波颂(1),国民党、政治、主义、见、学术、思想、律师、看守所
那么优,政治人物 / 神交引用,政治人物,99,26,25,7,24,李敖大哥大(14)；挑战李敖(4)；李敖议坛哀思录(2)；李敖书函集(2)；李敖秘密书房(2)；我梦碎，所以我梦醒(1)；李敖访谈录1990-2018(1),朋友、民进党、像、委员、见、国民党、政府、文学
闻媒体,公共论战 / 学术,待复核,99,26,20,13,18,李敖颠倒众生(11)；李敖笑傲江湖(4)；李敖回忆录(1)；波波颂(1)；你是景福门(1)；李敖语录(1)；虽千万人，李敖往矣(1)；李敖访谈录1990-2018(1),国民党、报导、记者、学者、发行、秘书、请我、主席
陈奇禄,学术 / 学术行政 / 公职人员 / 诗文出处 / 公共论战,学术,99,26,26,13,14,李敖相关(4)；李敖笑傲江湖(4)；为历史拨云(3)；李敖快意恩仇录(2)；李敖风流自传(2)；李敖书函集(2)；李敖秘密书房(2)；李敖大哥大(2),委员、见、出版、序、国民党、总统、发行、编辑
陈宜青,见面 / 公共论战,见面,99,26,26,1,1,李敖Talk秀(26),陈宜青：、学生、像、大学、同学、妻、碰到、李杰圣、陈宜青、杜秉霖
陈香梅,媒体 / 政治人物 / 历史类比引用,媒体,99,26,26,13,19,李敖自传与回忆续集(7)；李敖语录(4)；千秋万岁乌鸦求是合集(2)；李敖书札集(2)；李敖书牍集(2)；中国现代史正论(2)；李敖自传与回忆(1)；李敖回忆录(1),文星、思想、书中、见、太太、爸爸、发行、国民党
黄昭堂,政治异议者 / 政治人物 / 公共论战,政治异议者,99,26,26,6,11,李敖大哥大(12)；李敖风流自传(5)；李敖议坛哀思录(4)；我梦碎，所以我梦醒(2)；李敖访谈录1990-2018(2)；李敖颠倒众生(1),台独、主席、委员、政治、见、警总、书中、会面
黄林铭,见面 / 公共论战,见面,99,26,26,1,1,挑战李敖(26),黄林铭：、电视、政府、像、秘书、老师、报纸
丁守中,政治人物 / 公共论战,政治人物,99,25,25,3,12,李敖议坛哀思录(22)；我梦碎，所以我梦醒(2)；李敖大哥大(1),委员、主席、部长、同仁、国民党、军购、见、序
万大鋐,诗文出处 / 情治警务 / 出版 / 历史类比引用,诗文出处,99,25,25,10,10,李敖书序集(12)；我梦碎，所以我梦醒(3)；李敖书启集(2)；李敖秘密书房(2)；李敖回忆录(1)；李敖风流自传(1)；教育与脸谱(1)；你是景福门(1),见、先生、读、序、孟真、研究、军法、将军
东西吃,神交引用 / 见面,待复核,99,25,10,10,19,李敖笑傲江湖(6)；李敖秘密书房(5)；李敖大哥大(4)；独白下的传统(2)；红色11(2)；第73烈士(2)；千秋万岁乌鸦求是合集(1)；李敖语录(1),像、太太、特务、见、请他、所谓、总统、朋友
从陈水,政治人物 / 公共论战 / 亲属,政治人物,99,25,21,5,23,李敖大哥大(11)；李敖颠倒众生(6)；挑战李敖(4)；李敖议坛哀思录(2)；李敖秘密书房(2),民进党、告诉我、主席、委员、总统、读、所谓、像
何键,军事人物 / 政治人物 / 历史类比引用,军事人物,99,25,25,13,14,中国现代史定论(6)；中国迷信新研(3)；世论新语(2)；我梦碎，所以我梦醒(2)；李敖新刊(2)；李敖书序集(2)；李敖书牍集(2)；李敖议坛哀思录(1),国民党、主席、共产党、秘书、妻、政府、书中、读
加菲尔德,政治人物 / 主剧情人物 / 小说剧本人物 / 历史类比引用,政治人物,99,25,25,1,3,阳痿美国(25),总统、见、写信、政治、儿子、部长、像、少将
叶利钦,政治人物 / 公共论战,政治人物,99,25,25,4,6,我是天安门(11)；挑战李敖(8)；千秋万岁乌鸦求是合集(3)；李敖随写录前集(3),总统、共产党、主席、报纸、思想、选举、见、主义
叶楚伧,政治人物 / 诗文出处 / 历史类比引用,政治人物,99,25,25,4,4,李敖新刊(21)；中国现代史正论(2)；千秋万岁乌鸦求是合集(1)；挑战李敖(1),部长、宣传、国民党、思想、读、先生、博士、政府
吉普车,军事人物 / 情治警务 / 见面 / 神交引用,军事人物,99,25,21,16,20,李敖大哥大(5)；千秋万岁乌鸦求是合集(3)；红色11(2)；李敖秘藏日记(2)；李敖笑傲江湖(2)；李敖回忆录(1)；李敖快意恩仇录(1)；求是新语(1),警察、见、师长、像、少将、将军、来我家、警总
吕洞宾,宗教人物 / 历史类比引用 / 神交引用,宗教人物,99,25,25,11,11,挑战李敖(6)；虚拟的十七岁(5)；李敖大哥大(3)；李敖文存二集(2)；爱情的秘密(2)；李敖秘密书房(2)；上下古今谈(1)；你笨蛋，你笨蛋(1),一起、朋友、古代、太太、妻、哲学、经费、像
哥伦布,探险航行 / 历史类比引用 / 神交引用,探险航行,99,25,25,12,14,李敖对话录(5)；李敖秘密书房(4)；为中国思想趋向求答案(3)；坐牢家爸爸给女儿的八十封信(3)；你是景福门(2)；李敖访谈录1990-2018(2)；李敖快意恩仇录(1)；李敖风流自传(1),像、学者、国民党、文学、所谓、朋友、哥伦布虽发现了美洲、见
唐启明,公职人员 / 出版管制 / 通信 / 公共论战,公职人员,99,25,25,6,10,李敖书函集(11)；李敖书牍集(7)；挑战李敖(3)；李敖书启集(2)；李敖快意恩仇录(1)；李敖大哥大(1),政府、像、市长、查禁、杂志、文星、见、研究
夏道平,学术 / 媒体 / 政治异议者 / 创作资料协助 / 历史类比引用,学术,99,25,25,9,10,千秋万岁乌鸦求是合集(5)；李敖快意恩仇录(4)；李敖新刊(4)；李敖书简集(4)；李敖风流自传(2)；李敖书札集(2)；李敖书笺集(2)；李敖对话录(1),教授、像、朋友、写信、先生、台大、主义、政治
孟启正,机构警卫 / 证人见证 / 诉讼 / 公共论战,机构警卫,99,25,25,3,3,李敖快意恩仇录(12)；千秋万岁乌鸦求是合集(10)；李敖新刊(3),政府、结证、检察官、上诉、司令、上校、见、证人
巴赫,文艺音乐 / 宗教人物 / 神交引用,文艺音乐,99,25,25,7,7,千秋万岁乌鸦求是合集(16)；为自由招魂(3)；上山·上山·爱(2)；大学日记后期乙集(1)；一个预备军官的日记(1)；李敖对话录(1)；李敖Talk秀(1),女儿、父亲、总统、告诉我、见、政府、政治、读
常常讲,见面 / 神交引用 / 朋友 / 公共论战 / 诉讼,待复核,99,25,20,3,23,李敖秘密书房(14)；李敖笑傲江湖(10)；李敖颠倒众生(1),像、国民党、见、民进党、朋友、一起、节目、思想
拜伦,诗文出处 / 历史类比引用 / 神交引用,诗文出处,99,25,25,16,21,李敖语录(4)；上山·上山·爱(3)；传统下的独白(2)；大学札记(2)；早年日记(2)；李敖笑傲江湖(2)；李敖自传与回忆续集(1)；李敖回忆录(1),诗、像、见、思想、宣传、问我、监狱、所谓
时候讲,政治人物 / 公共论战 / 见面 / 姻亲,政治人物,99,25,21,4,23,李敖大哥大(16)；李敖秘密书房(4)；李敖Talk秀(3)；李敖颠倒众生(2),总统、政治、主席、共产党、太太、拳头、民进党、像
李显斌,反共人士,反共人士,99,25,25,2,2,李敖随写录后集(24)；我最难忘的事和人(1),李显斌、见、报导、法院、诬告、同寝、同寝室
杜勒斯,政治人物 / 公职人员 / 诗文出处 / 历史类比引用 / 神交引用,政治人物,99,25,25,11,14,大学日记后期乙集(5)；挑战李敖(5)；李敖大哥大(5)；李敖议坛哀思录(3)；我梦碎，所以我梦醒(1)；阳痿美国(1)；大学日记后期甲集(1)；李敖秘藏日记(1),见、总统、弟弟、政治、朋友、书里、将军、像
杨丽花,文艺音乐 / 媒体 / 公共论战,文艺音乐,99,25,25,11,11,李敖随写录前集(10)；求是新语(5)；李敖秘密书房(2)；李敖回忆录(1)；李敖快意恩仇录(1)；波波颂(1)；千秋万岁乌鸦求是合集(1)；李敖书启集(1),杨丽花、市长、主义、见、总统、杂志、节目、主席
杨传广,体育人物 / 公共论战,体育人物,99,25,25,7,7,李敖札记(9)；李敖颠倒众生(8)；世论新语(2)；李敖书信集(2)；李敖书函集(2)；波波颂(1)；李敖情书集(1),见、晤、记者、民进党、调查局、国民党、杂志、法院
查结果,政治人物 / 见面 / 律师代理 / 司法人员 / 财产信托,政治人物,99,25,25,14,20,李敖议坛哀思录(4)；李敖大哥大(4)；世论新语(2)；李敖书简集(2)；中国现代史正论(2)；李敖笑傲江湖(2)；李敖颠倒众生(2)；求是新语(1),政府、委员、部长、律师、检察官、总统、信托、警察
梅兰芳,媒体 / 神交引用,媒体,99,25,25,12,13,李敖秘密书房(7)；虚拟的十七岁(4)；李敖全集(3)；虽千万人，李敖往矣(2)；早年日记(2)；李敖快意恩仇录(1)；李敖风流自传(1)；李敖文存二集(1),像、交情、书中、老师、将军、参谋、思想、报纸
江青（演员）,媒体 / 文艺音乐 / 情感 / 公共论战,媒体,99,25,25,2,2,中国性研究(21)；李敖笑傲江湖(4),结婚、太太、离婚、认识、批评、朋友、儿子、记者
溥仪,政治人物 / 公职人员 / 历史类比引用,政治人物,99,25,25,2,3,李敖书序集(24)；中国现代史定论(1),溥仪、共产党还为他和溥仪、王耀武一齐开追悼会
王印,同案狱友 / 师生 / 神交引用,同案狱友,99,25,25,7,9,红色11(17)；李敖风流自传(2)；李敖大哥大(2)；李敖回忆录(1)；你是景福门(1)；千秋万岁乌鸦求是合集(1)；李敖随写录前集(1),保防、主席、像、一起、报纸、警备总部、查禁、宣传
珍妃,情感 / 政治人物 / 历史类比引用 / 神交引用,情感,99,25,25,3,6,北京法源寺(20)；中国命研究(4)；李敖语录(1),见、一起、妹妹、西太后怕什么、姐姐、妻、思想、研究
相信李,政治人物 / 亲属 / 朋友 / 神交引用 / 师生 / 媒体,待复核,99,25,16,14,22,挑战李敖(7)；李敖大哥大(4)；李敖秘密书房(3)；李敖自传与回忆(1)；李敖回忆录(1)；李敖全集(1)；上下古今谈(1)；世论新语(1),像、朋友、国民党、政治、总统、爸爸、读、所谓
能够完,亲属 / 神交引用 / 公款经费 / 朋友,待复核,99,25,15,13,25,挑战李敖(6)；李敖秘密书房(5)；李敖访谈录1990-2018(4)；李敖自传与回忆(1)；李敖快意恩仇录(1)；李敖议坛哀思录(1)；李敖风流自传(1)；教育与脸谱(1),爸爸、主席、经费、政战、关怀、文学、像、部长
范围之,政治人物 / 媒体 / 公共论战 / 见面,待复核,99,25,19,17,23,李敖秘密书房(4)；李敖议坛哀思录(2)；李敖文存(2)；世论新语(2)；李敖笑傲江湖(2)；挑战李敖(2)；李敖自传与回忆(1)；李敖自传与回忆续集(1),像、部长、记者、报导、国民党、见、看守所、主席
薛蟠,虚拟人物 / 小说剧本人物 / 历史类比引用,虚拟人物,99,25,25,5,5,中国性研究(16)；李敖笑傲江湖(5)；李敖书函集(2)；李敖快意恩仇录(1)；传统下的再白(1),女儿、见、思想、查禁、像、众人听了薛蟠的那句话、书中、文学
费鸿泰,政治人物 / 见面,政治人物,99,25,25,3,10,李敖大哥大(16)；李敖议坛哀思录(8)；李敖风流自传(1),国民党、选举、朋友、博士、告诉我、同房、法院、立委
辜鸿铭,学术 / 公共论战 / 神交引用,学术,99,25,25,8,10,虚拟的十七岁(6)；李敖语录(5)；文化论战丹火录(4)；为中国思想趋向求答案(3)；李敖大哥大(3)；李敖全集(2)；传统下的独白(1)；虽千万人，李敖往矣(1),大学、教授、诗、思想、同仁、主义、哲学、拜访
郑丞杰,医疗照护 / 学术 / 见面 / 公共论战,医疗照护,99,25,25,1,1,李敖Talk秀(25),像、家里、教授、同仁、一起、法官、政府、碰到
郭雨新,政治人物 / 公共论战 / 神交引用,政治人物,99,25,25,8,10,千秋万岁乌鸦求是合集(14)；你笨蛋，你笨蛋(3)；世论新语(2)；挑战李敖(2)；李敖风流自传(1)；李敖五五日记(1)；李敖书函集(1)；李敖秘密书房(1),像、电话、政治、律师、教授、太太、国民党、法院
都开始,学术 / 神交引用 / 见面 / 媒体 / 政治人物,待复核,99,25,17,13,23,李敖大哥大(6)；李敖笑傲江湖(3)；李敖回忆录(2)；李敖对话录(2)；李敖访谈录1990-2018(2)；中国近代史新论(2)；挑战李敖(2)；李敖议坛哀思录(1),学术、哲学、见、文学、节目、共产党、同学、主义
金圣叹,学术 / 出版 / 神交引用,学术,99,25,25,15,16,红色11(4)；虽千万人，李敖往矣(3)；大学日记后期甲集(3)；上山·上山·爱(2)；一个预备军官的日记(2)；为历史拨云(2)；李敖回忆录(1)；李敖快意恩仇录(1),见、像、哲学、古人、离婚、财产、政治、老师
钟古夫人,创作资料协助 / 证人见证 / 财产债务 / 见面 / 公共论战,创作资料协助,99,25,25,2,3,挑战李敖(20)；李敖颠倒众生(5),夫人、回扣、总统、告诉我、刑警、政府、国民党、朋友
陈清禄,出版 / 媒体 / 公共论战 / 编辑,出版,99,25,25,1,2,李敖书信集(25),钟鼓锣、杂志、政治、编辑、总编辑、代理、见、投稿
霍普金,师生 / 政治人物 / 朋友 / 见面 / 学术 / 神交引用,师生,99,25,21,6,8,李敖大哥大(15)；李敖秘密书房(5)；李敖议坛哀思录(2)；你笨蛋，你笨蛋(1)；大学札记(1)；历史与人像(1),总统、助理、研究、朋友、将军、大学、像、见
马寅初,学术 / 政治人物 / 公共论战 / 神交引用,学术,99,25,25,8,11,我梦碎，所以我梦醒(8)；李敖书简集(6)；李敖访谈录1990-2018(4)；你笨蛋，你笨蛋(3)；李敖议坛哀思录(1)；李敖风流自传(1)；虽千万人，李敖往矣(1)；李敖大哥大(1),北大、主席、大学、见、政治、父亲、文学、国民党
何东爵,亲属 / 见面,亲属,99,24,20,3,5,李敖颠倒众生(13)；李敖大哥大(8)；李敖笑傲江湖(3),爸爸、将军、儿子、告诉我、父亲、见、一起、秘书
何集淮,政治异议者 / 被害人 / 亲属 / 历史类比引用,政治异议者,99,24,24,1,1,李敖书序集续集(24),何集淮、共产党、见、遇见、记者、主席、主义、特务
刘表,政治人物 / 神交引用,政治人物,99,24,24,8,9,李敖文存二集(11)；李敖笑傲江湖(4)；李敖语录(3)；虽千万人，李敖往矣(2)；李敖回忆录(1)；波波颂(1)；为自由招魂(1)；上山·上山·爱(1),读、碰到、一起、朋友、台大、控告、见、告诉我
叔齐,政治异议者 / 神交引用,政治异议者,99,24,24,8,11,李敖全集(6)；李敖语录(6)；上下古今谈(5)；李敖快意恩仇录(2)；千秋万岁乌鸦求是合集(2)；一个预备军官的日记(1)；李敖札记(1)；李敖书信集(1),历史上、总统、主义、研究、大学、思想、所谓
叶城松,政治异议者 / 被害人 / 诉讼 / 历史类比引用 / 公共论战,政治异议者,99,24,24,5,7,李敖笑傲江湖(11)；挑战李敖(5)；李敖秘密书房(4)；李敖书序集(2)；李敖访谈录1990-2018(2),判决、台大、书里、共产党、同学、见、国民党、像
叶慈,诗文出处 / 历史类比引用 / 神交引用,诗文出处,99,24,24,4,4,爱情的秘密(18)；虚拟的十七岁(3)；李敖报刊集(2)；第73烈士(1),诗、哲学、思想、像、妻、文学、叶慈
叶枫,媒体 / 公共论战,媒体,99,24,24,2,2,上下古今谈(15)；李敖语录(9),朋友、认识、读、告诉我、见、警察、记者、来信
司法委,政治人物 / 诉讼 / 监狱行政 / 亲属 / 同案狱友 / 司法人员,政治人物,99,24,24,11,16,李敖书简集(6)；李敖秘密书房(5)；李敖议坛哀思录(2)；李敖风流自传(2)；千秋万岁乌鸦求是合集(2)；李敖随写录前集(2)；李敖自传与回忆续集(1)；我最难忘的事和人(1),委员、法院、立委、监狱、报导、问我、国民党、民进党
周其新,财产债务 / 诉讼 / 财产信托 / 证人见证,财产债务,99,24,24,6,7,李敖书简集(9)；李敖回忆录(4)；李敖书札集(4)；李敖自传与回忆续集(3)；李敖书函集(3)；李敖风流自传(1),推事、本院、判决、法官、支票、所谓、见、认识
宋七力,宗教人物 / 社会案件 / 财产债务 / 公共论战,宗教人物,99,24,24,5,11,李敖颠倒众生(11)；李敖秘密书房(5)；李敖笑傲江湖(4)；挑战李敖(3)；李敖大哥大(1),总统、政治、像、碰到、所谓、报纸、电视、民进党
宋仁宗,政治人物 / 历史类比引用 / 神交引用,政治人物,99,24,24,6,9,中国艺术新研(13)；读史指南(3)；要把金针度与人(3)；中国命研究(2)；李敖大哥大(2)；历史与人像(1),见、哥哥、朋友、宋仁宗的文臣韩琦，公然给大将狄青好看、政治、思想、哲学、父亲
宗教家,神交引用 / 学术,待复核,99,24,9,12,12,李敖全集(6)；李敖笑傲江湖(4)；李敖自传与回忆续集(2)；李敖新刊(2)；李语录(2)；虽千万人，李敖往矣(2)；上山·上山·爱(1)；一个预备军官的日记(1),主义、哲学、文学、学术、国民党、宣传、警察、思想
张化民,政治异议者 / 同案狱友 / 创作资料协助 / 公共论战,政治异议者,99,24,24,8,8,李敖书札集(8)；李敖对话录(6)；李敖书笺集(4)；千秋万岁乌鸦求是合集(2)；李敖自传与回忆续集(1)；文化论战丹火录(1)；早年日记(1)；李敖书信集(1),朋友、见、杂志、出版、学生、读、拳头、国民党
张燦鍙,政治人物 / 公职人员 / 公共论战,政治人物,99,24,24,3,14,挑战李敖(15)；李敖大哥大(7)；李敖颠倒众生(2),市长、像、县长、国民党、委员、台独、政府、律师
文章出,见面 / 学术 / 公共论战 / 出版 / 监狱行政,待复核,99,24,18,17,24,千秋万岁乌鸦求是合集(3)；李敖大哥大(3)；李敖对话录(2)；李敖笑傲江湖(2)；李敖秘密书房(2)；李敖自传与回忆(1)；李敖回忆录(1)；李敖快意恩仇录(1),批评、研究、朋友、出版、见、发行、国民党、监狱
李胜峰,政治人物 / 公共论战,政治人物,99,24,24,7,9,李敖笑傲江湖(10)；李敖随写录前集(4)；挑战李敖(4)；世论新语(2)；求是新语(2)；李敖秘密书房(1)；李敖大哥大(1),立委、一起、国民党、委员、政治、民进党、总统、部长
李谌,亲属 / 学术 / 财产债务 / 财产信托,亲属,99,24,24,6,14,李敖访谈录1990-2018(16)；虽千万人，李敖往矣(3)；李敖风流自传(2)；李敖相关(1)；你笨蛋，你笨蛋(1)；我梦碎，所以我梦醒(1),女儿、小女儿李谌、电话、儿子、记者、见、爸爸、妹妹
林徽因,诗文出处 / 文艺音乐 / 历史类比引用 / 神交引用,诗文出处,99,24,24,4,4,李敖秘密书房(14)；李敖Talk秀(7)；李敖书翰集(2)；李敖颠倒众生(1),儿子、父亲、嫁给、像、教授、结婚、离婚、爸爸
柳宗元,诗文出处 / 学术 / 政治异议者 / 历史类比引用 / 神交引用,诗文出处,99,24,24,7,11,要把金针度与人(10)；中国迷信新研(6)；李敖文存(3)；读史指南(2)；独白下的传统(1)；教育与脸谱(1)；李敖语录(1),像、所谓、见、思想、政治、读、碰到、诗
柴松林,学术 / 感化人员 / 公共论战,学术,99,24,24,10,15,李敖笑傲江湖(10)；世论新语(3)；李敖自传与回忆(2)；求是新语(2)；李敖书函集(2)；我最难忘的事和人(1)；李敖回忆录(1)；李敖风流自传(1),国民党、教授、委员、电视、法院、大学、读、像
格林,诗文出处 / 历史类比引用 / 神交引用,诗文出处,99,24,24,10,15,李敖秘密书房(8)；李敖大哥大(4)；李敖回忆录(3)；李敖自传与回忆续集(2)；李敖访谈录1990-2018(2)；李敖议坛哀思录(1)；李敖文存二集(1)；世论新语(1),思想、学生、文星、像、大学、文学、女儿、母亲
汤炎光,出版 / 政治人物 / 朋友 / 见面,出版,99,24,24,6,6,千秋万岁乌鸦求是合集(8)；李敖回忆录(6)；李敖风流自传(5)；求是新语(2)；李敖书札集(2)；李敖快意恩仇录(1),杂志、发行、调查局、朋友、像、研究、中央研究院、见
灶王爷,虚拟人物 / 宗教人物 / 神交引用,虚拟人物,99,24,24,5,5,李敖笑傲江湖(11)；李敖自传与回忆(5)；世论新语(4)；李语录(2)；中国迷信新研(2),家里、总统、序、古人、土地、政治、妻、周氏，郡庠生吴琳妻
牛若望,宗教人物 / 学术 / 学术行政 / 创作资料协助 / 通信,宗教人物,99,24,24,2,2,李敖全集(19)；李敖书翰集(5),大学、文学、院长、博士、教授、著作、研究、见
王幸男,政治人物 / 诉讼 / 公共论战,政治人物,99,24,24,5,15,李敖议坛哀思录(13)；李敖风流自传(3)；你笨蛋，你笨蛋(3)；李敖大哥大(3)；李敖颠倒众生(2),委员、台独、民进党、朋友、法院、立委、政治、思想
王杏庆,媒体 / 诉讼 / 公共论战 / 朋友,媒体,99,24,24,7,10,李敖随写录前集(8)；李敖大哥大(7)；李敖札记(3)；千秋万岁乌鸦求是合集(2)；李敖秘密书房(2)；波波颂(1)；李敖Talk秀(1),朋友、一起、王杏庆、南方朔、序、读、报纸、访问
石掌珠,医疗照护 / 见面,医疗照护,99,24,24,6,8,挑战李敖(15)；李敖笑傲江湖(3)；李敖书信集(2)；李敖Talk秀(2)；千秋万岁乌鸦求是合集(1)；李敖颠倒众生(1),女儿、一起、爸爸、父亲、同学、政府、女士、委员
章学诚,学术 / 神交引用,学术,99,24,24,9,11,读史指南(7)；要把金针度与人(7)；中国迷信新研(3)；挑战李敖(2)；你笨蛋，你笨蛋(1)；千秋万岁乌鸦求是合集(1)；李敖语录(1)；李敖书札集(1),史学、读、所谓、杂志、书目作者表、见、古代、哲学
维纳斯,虚拟人物 / 宗教人物 / 情感 / 历史类比引用 / 神交引用,虚拟人物,99,24,24,10,15,挑战李敖(5)；李敖语录(4)；虚拟的十七岁(3)；坐牢家爸爸给女儿的八十封信(3)；传统下的独白(2)；李敖文存二集(2)；北京法源寺(2)；上山·上山·爱(1),像、古代、主义、女儿、爸爸、爱上、爱神丘比特、福利社
胡适博,学术 / 师生 / 学术行政,学术,99,24,24,7,18,李敖大哥大(10)；李敖笑傲江湖(4)；文化论战丹火录(3)；历史与人像(3)；你笨蛋，你笨蛋(2)；李敖全集(1)；李敖颠倒众生(1),博士、学生、大学、读、朋友、学术、论战、文星
艾力克斯（李敖Talk秀）,见面 / 公共论战 / 称谓待考,见面,99,24,24,1,1,李敖Talk秀(24),艾力克斯：、我左边的是艾力克斯，范蜜儿、黄楷元
葛西健二,见面 / 公共论战,见面,99,24,24,1,1,李敖Talk秀(24),葛西健二：
辛弃疾,诗文出处 / 文艺音乐 / 历史类比引用 / 神交引用,诗文出处,99,24,24,8,9,中国命研究(9)；要把金针度与人(7)；李敖回忆录(2)；读史指南(2)；李敖自传与回忆(1)；你笨蛋，你笨蛋(1)；李敖书信集(1)；历史与人像(1),诗、父亲、情人、家中、书目作者表、儿子
郑彦棻,司法人员 / 公职人员 / 政治人物 / 党务宣传 / 选举助选 / 监狱行政 / 公共论战 / 历史类比引用,司法人员,99,24,24,10,11,李敖自传与回忆续集(4)；李敖快意恩仇录(4)；李敖风流自传(4)；李敖书简集(3)；中国现代史定论(3)；李敖随写录后集(2)；李敖回忆录(1)；李敖报刊集(1),部长、司法行政部、法官、国民党、同学、台大、检察官、公诉
郑板桥,学术 / 文艺音乐 / 诗文出处 / 历史类比引用 / 神交引用,学术,99,24,24,10,15,虽千万人，李敖往矣(5)；李敖风流自传(4)；李敖自传与回忆(3)；李敖报刊集(3)；挑战李敖(3)；中国迷信新研(2)；传统下的独白(1)；李敖情书集(1),像、妈妈、文星、读、见、朋友、母亲、研究
郑清茂,创作资料协助 / 学术 / 出版,创作资料协助,99,24,24,6,13,一个预备军官的日记(18)；历史与人像(2)；李敖回忆录(1)；李敖风流自传(1)；传统下的独白(1)；千秋万岁乌鸦求是合集(1),同学、告诉我、思想、总统、朋友、情人、学者、大学
郑锡华,出版 / 同案狱友 / 见面 / 财产债务 / 诉讼 / 证人见证,出版,99,24,24,10,12,李敖自传与回忆续集(5)；千秋万岁乌鸦求是合集(4)；李敖书简集(4)；李敖书启集(3)；李敖回忆录(2)；李敖情书集(2)；李敖议坛哀思录(1)；早年日记(1),委员、先生、过户、朋友、编辑、总编辑、产权、协议书
郭廷以,学术 / 公职人员 / 创作资料协助 / 政治异议者 / 公共论战,学术,99,24,24,7,9,李敖书笺集(10)；李敖快意恩仇录(4)；李敖风流自传(4)；李敖笑傲江湖(3)；李敖全集(1)；大学日记后期乙集(1)；一个预备军官的日记(1),所长、国民党、一起、见、学生、研究、中央研究院、台独
陈后主,政治人物 / 公职人员 / 历史类比引用 / 神交引用,政治人物,99,24,24,7,9,中国命研究(12)；中国迷信新研(4)；李敖语录(3)；李敖文存二集(2)；独白下的传统(1)；求是新语(1)；中国性研究(1),妻、夫人、总统、诗、司令、见、法院、一起
黄祖,政治人物 / 军事人物 / 神交引用,政治人物,99,24,24,6,6,李敖文存二集(9)；波波颂(5)；上山·上山·爱(4)；李敖回忆录(3)；李敖语录(2)；为自由招魂(1),碰到、见、所谓、台大、控告
从事政,公共论战 / 师生 / 政治人物 / 出版,公共论战,99,23,23,12,19,千秋万岁乌鸦求是合集(4)；李敖访谈录1990-2018(4)；李敖秘藏日记(2)；李敖书简集(2)；挑战李敖(2)；李敖秘密书房(2)；李敖大哥大(2)；我最难忘的事和人(1),政治、国民党、思想、杂志、学生、院长、总统、主义
从民国,政治人物 / 公共论战 / 亲属 / 见面,待复核,99,23,15,13,22,教育与脸谱(4)；李敖大哥大(4)；李敖语录(2)；李敖随写录后集(2)；挑战李敖(2)；李敖秘密书房(2)；传统下的独白(1)；李敖文存(1),委员、主席、政府、民进党、总统、教书、台大、古人
佛印,宗教人物 / 神交引用,宗教人物,99,23,23,8,10,虚拟的十七岁(9)；李敖语录(4)；虽千万人，李敖往矣(3)；李敖对话录(3)；李敖快意恩仇录(1)；李敖文存(1)；李敖的情诗(1)；一个预备军官的日记(1),像、朋友、一起、妹妹、诗、主义、读
侯君集,军事人物 / 政治人物 / 历史类比引用 / 神交引用,军事人物,99,23,23,7,7,李敖颠倒众生(7)；李敖笑傲江湖(5)；我是天安门(3)；红色11(3)；上山·上山·爱(2)；李敖语录(2)；早年日记(1),像、见、朋友、主义、儿子、夫人、书店、国民党
党怎么,公共论战 / 编辑 / 情治警务 / 政治人物,公共论战,99,23,21,10,20,挑战李敖(5)；李敖笑傲江湖(3)；李敖秘密书房(3)；李敖颠倒众生(3)；爱情的秘密(2)；李敖报刊集(2)；李敖访谈录1990-2018(2)；李敖自传与回忆(1),国民党、民进党、共产党、警察、政治、发行、台独、儿子
党轮替,政治人物 / 公共论战,政治人物,99,23,20,7,12,挑战李敖(12)；李敖秘密书房(3)；李敖颠倒众生(3)；李敖Talk秀(2)；李敖议坛哀思录(1)；红色11(1)；虽千万人，李敖往矣(1),民进党、国民党、总统、委员、台独、读、政治、所谓
冷欣,军事人物 / 证人见证,军事人物,99,23,23,3,4,我梦碎，所以我梦醒(19)；波波颂(3)；李敖大哥大(1),国民党、见、将军、参谋、中将、司令、所谓、教授
卢梭,学术 / 诗文出处 / 历史类比引用 / 神交引用,学术,99,23,23,12,15,李敖笑傲江湖(8)；早年日记(3)；李敖语录(2)；李敖报刊集(2)；李敖快意恩仇录(1)；李敖全集(1)；文化论战丹火录(1)；千秋万岁乌鸦求是合集(1),思想、见、像、政治、主义、认识、读、杂志
吉登斯,师生 / 见面 / 公共论战 / 出版,师生,99,23,18,1,1,李敖大哥大(23),一起、老师、古代、思想、政治、所谓、像、电视
吴汉,历史类比引用 / 神交引用 / 军事人物 / 政治人物,历史类比引用,99,23,23,10,11,李敖秘藏日记(4)；李敖秘密书房(4)；李敖议坛哀思录(3)；李敖书信集(3)；李敖笑傲江湖(3)；大学札记(2)；李敖自传与回忆(1)；李敖回忆录(1),将军、像、见、法院、史学、总统、诗、一起
吴经国,体育人物 / 公共论战,体育人物,99,23,23,2,3,李敖颠倒众生(21)；李敖大哥大(2),总统、报纸、记者、所谓、吴经国要帮北京拉票办奥运、政府、协议书、研究
国爸爸,亲属,亲属,99,23,23,10,17,虽千万人，李敖往矣(6)；第73烈士(3)；李敖颠倒众生(3)；我梦碎，所以我梦醒(2)；红色11(2)；李敖札记(2)；李敖笑傲江湖(2)；李敖议坛哀思录(1),爸爸、军购、共产党、见、国民党、大学、特务、将军
孟姜女,虚拟人物,虚拟人物,99,23,23,5,6,李敖大哥大(18)；独白下的传统(2)；李敖语录(1)；李敖书简集(1)；李敖书札集(1),历史上、所谓、政治、一起、告诉我、母亲、宣传
山西人,见面 / 神交引用 / 公共论战,待复核,99,23,12,10,13,我最难忘的事和人(6)；李敖自传与回忆(3)；李敖笑傲江湖(3)；李敖大哥大(3)；李敖快意恩仇录(2)；李敖风流自传(2)；李敖回忆录(1)；李敖的情诗(1),见、像、见到、读、将军、共产党、律师、法院
帕瓦罗蒂,文艺音乐 / 神交引用,文艺音乐,99,23,23,9,15,李敖秘密书房(8)；李敖访谈录1990-2018(4)；挑战李敖(3)；李敖风流自传(2)；上山·上山·爱(2)；李敖回忆录(1)；李敖笑傲江湖(1)；李敖Talk秀(1),像、导演、太太、母亲
干涉言,党务宣传 / 出版 / 媒体 / 见面,待复核,99,23,17,7,16,李敖大哥大(13)；挑战李敖(4)；李敖秘密书房(2)；文化论战丹火录(1)；上山·上山·爱(1)；虽千万人，李敖往矣(1)；李敖访谈录1990-2018(1),查禁、政府、国民党、报纸、像、出版、总统、报人
张建国,亲属 / 社会案件,亲属,99,23,23,3,4,李敖书序集(16)；千秋万岁乌鸦求是合集(6)；我最难忘的事和人(1),张建国、读、儿子、弟弟、院长、法院、朋友、女儿
张荫桓,政治人物 / 主剧情人物 / 小说剧本人物 / 历史类比引用 / 神交引用,政治人物,99,23,23,4,8,北京法源寺(19)；李敖秘密书房(2)；李敖全集(1)；李敖语录(1),太太、见、政府、部长、牢房、电报、诗
彭德怀,军事人物 / 政治人物 / 历史类比引用,军事人物,99,23,23,7,9,中国现代史定论(14)；李敖大哥大(3)；虽千万人，李敖往矣(2)；我是天安门(1)；李敖访谈录1990-2018(1)；中国现代史正论(1)；李敖颠倒众生(1),妻、共产党、见、像、将军、党部、主席、土地
文章可,见面 / 师生 / 学术 / 公共论战,待复核,99,23,11,17,21,李敖对话录(4)；李敖快意恩仇录(2)；教育与脸谱(2)；上山·上山·爱(2)；李敖自传与回忆(1)；李敖风流自传(1)；李敖全集(1)；文化论战丹火录(1),像、见、教授、所谓、学生、杂志、大学、同在
时候写,学术 / 出版 / 亲属,待复核,99,23,17,7,21,挑战李敖(8)；李敖笑傲江湖(5)；李敖秘密书房(5)；历史与人像(2)；李敖议坛哀思录(1)；大学日记后期甲集(1)；李敖访谈录1990-2018(1),大学、总统、出版、母亲、报纸、助理、主席、委员
明宏,军校学生 / 见面 / 称谓待考,军校学生,99,23,23,1,7,一个预备军官的日记(23),明宏、见、诗、还钱
朱婉清,公职人员 / 创作资料协助 / 公共论战,公职人员,99,23,23,4,7,李敖颠倒众生(11)；李敖笑傲江湖(8)；挑战李敖(3)；李敖秘密书房(1),像、广播、夫人、问我、教授、大学、国民党、民进党
杨光先,学术 / 诉讼 / 公共论战 / 历史类比引用 / 神交引用,学术,99,23,23,3,6,中国近代史新论(21)；文化论战丹火录(1)；为中国思想趋向求答案(1),政府、历史上、控告、判决、诗、旧派的历法家吴明烜、杨光先正式向礼部呈上、攻击
杨子良,见面 / 公共论战,见面,99,23,23,1,1,李敖Talk秀(23),杨子良：、朋友、结婚、见、关怀、像、交往、同在
林柏榕,公职人员 / 政治人物 / 诉讼 / 公共论战,公职人员,99,23,23,5,6,李敖快意恩仇录(11)；求是新语(5)；李敖书启集(4)；为历史拨云(2)；李敖秘藏日记(1),市长、政府、法官、法院、判决、上诉、代理、先生
殷允芃,媒体 / 出版 / 见面,媒体,99,23,23,6,10,李敖大哥大(11)；李敖笑傲江湖(5)；李敖秘密书房(3)；李敖随写录前集(2)；李敖快意恩仇录(1)；李敖风流自传(1),杂志、像、见、节目、报人、发行、研究、殷允芃
王主任,医疗照护 / 朋友 / 见面,医疗照护,99,23,23,4,6,虚拟的十七岁(16)；李敖议坛哀思录(3)；李敖风流自传(3)；挑战李敖(1),见、见到、弟弟、儿子、院长、病房、像、父亲
王婆,虚拟人物 / 小说剧本人物 / 历史类比引用,虚拟人物,99,23,23,14,19,李敖快意恩仇录(3)；世论新语(3)；李敖文存二集(2)；爱情的秘密(2)；李敖笑傲江湖(2)；挑战李敖(2)；李敖Talk秀(2)；李敖全集(1),像、娶、一起、结婚、交情、文星、妈妈、所谓
王敬羲,出版 / 财产债务 / 亲属 / 通信 / 创作资料协助,出版,99,23,23,6,8,李敖情书集(8)；李敖快意恩仇录(5)；李敖随写录前集(5)；李敖书翰集(3)；千秋万岁乌鸦求是合集(1)；李敖五五日记(1),见、朋友、诗、文星、到我家、见到、著作、杂志
田再庭,政治人物 / 政治异议者 / 诉讼 / 公共论战,政治人物,99,23,23,4,8,李敖颠倒众生(10)；李敖大哥大(9)；李敖随写录后集(2)；李敖Talk秀(2),电视、告发、法院、民进党、总统、国民党、主席、立委
程灝,邻居 / 社会案件,邻居,99,23,23,2,7,李敖书启集(21)；李敖书函集(2),产权、D座之一楼（107山西面食馆）、三楼（程灝）、十三楼（人在南部）、十四楼（岳翼民）、怨结金兰、李月圆（程灏代）、再致金兰邻居、三致金兰邻居、李敖警告金兰大厦CD座邻居、对程灏诬告案的综合陈述
程颐,学术 / 神交引用,学术,99,23,23,8,10,要把金针度与人(7)；历史与人像(6)；千秋万岁乌鸦求是合集(2)；李敖书启集(2)；读史指南(2)；中国近代史新论(2)；独白下的传统(1)；上山·上山·爱(1),见、弟弟、思想、儿子、研究、像、序、哥哥
赵孟頫,文艺音乐 / 诗文出处 / 公职人员 / 历史类比引用 / 神交引用,文艺音乐,99,23,23,4,6,中国艺术新研(15)；北京法源寺(5)；读史指南(2)；李敖秘密书房(1),诗、见、政治、古人、像、书目作者表、出版、王连起《赵孟頫书画真伪的鉴考问题》
越南,公共论战 / 通信 / 政治人物,待复核,99,23,12,12,19,阳痿美国(9)；我最难忘的事和人(2)；李敖议坛哀思录(2)；李敖大哥大(2)；李敖自传与回忆(1)；你是景福门(1)；我梦碎，所以我梦醒(1)；虽千万人，李敖往矣(1),见、共产党、总统、打电话、电话、政府、学生、电报
郭国基,政治人物 / 公共论战,政治人物,99,23,23,7,10,李敖语录(6)；李敖议坛哀思录(5)；中国性研究(5)；李敖快意恩仇录(3)；李敖秘密书房(2)；李敖对话录(1)；李敖大哥大(1),国民党、见、脚镣、委员、政府、先生、总统、台独
郭正亮,政治人物,政治人物,99,23,23,6,12,李敖议坛哀思录(14)；李敖颠倒众生(3)；李敖大哥大(3)；李敖风流自传(1)；挑战李敖(1)；李敖秘密书房(1),民进党、立委、总统、像、一起、妻、博士、委员
阮元,政治人物 / 学术 / 出版 / 诗文出处 / 学术考证引用 / 历史类比引用 / 神交引用,政治人物,99,23,23,7,10,要把金针度与人(7)；中国性研究(6)；为中国思想趋向求答案(4)；文化论战丹火录(2)；读史指南(2)；李敖文存(1)；中国艺术新研(1),学术、学者、见、历史上、古人、序、杨家骆《释且》、阮元《揅经室一集》
马丁·恩纳尔斯,人权救援 / 见面 / 政治异议者,人权救援,99,23,23,7,10,李敖书翰集(6)；李敖风流自传(5)；你笨蛋，你笨蛋(5)；李敖自传与回忆续集(3)；李敖回忆录(2)；我最难忘的事和人(1)；李敖快意恩仇录(1),秘书、政治、监狱、到我家、国民党、见、一起、教授
黄季陆,政治人物 / 学术行政 / 公共论战 / 神交引用,政治人物,99,23,23,11,14,李敖全集(5)；教育与脸谱(3)；李敖书启集(3)；挑战李敖(3)；千秋万岁乌鸦求是合集(2)；中国近代史新论(2)；李敖自传与回忆(1)；李敖快意恩仇录(1),部长、见、国民党、大学、攻击、爸爸、老师、教授
黄水枝,社会案件 / 诉讼 / 宗教人物,社会案件,99,23,23,1,1,李敖随写录前集(23),访问、认识、像、记者、受访、刑警、思想、儿子
东西有,神交引用 / 师生 / 党务宣传,待复核,99,22,13,14,20,李敖大哥大(4)；李敖访谈录1990-2018(3)；李敖秘密书房(3)；挑战李敖(2)；李敖回忆录(1)；李敖议坛哀思录(1)；李敖风流自传(1)；传统下的独白(1),诗、国民党、大学、像、查禁、老师、学生、学术
严格讲,见面 / 神交引用,待复核,99,22,13,7,21,李敖大哥大(8)；挑战李敖(6)；李敖访谈录1990-2018(3)；李敖颠倒众生(2)；李敖对话录(1)；李敖秘密书房(1)；李敖Talk秀(1),一起、总统、朋友、债务、法院、认识、作品、主义
余传韬,见面 / 学术,见面,99,22,22,5,5,李敖新刊(8)；李敖回忆录(4)；李敖风流自传(4)；千秋万岁乌鸦求是合集(4)；李敖对话录(2),问我、大学、见、父亲、国民党、学生、一起、警备总部
刘昭祥,情治警务 / 见面,情治警务,99,22,22,6,9,李敖快意恩仇录(7)；李敖风流自传(6)；红色11(4)；你是景福门(3)；李敖回忆录(1)；李敖新刊(1),专案小组、调查局、律师、警总、问我、碰到、特务、少将
刘柏均,见面 / 公共论战,见面,99,22,22,1,1,李敖Talk秀(22),刘柏均：、老师、师生、像、见、学生、交往、同学
卜少夫,政治人物 / 公共论战 / 见面,政治人物,99,22,22,9,11,李敖札记(6)；李敖秘密书房(4)；李敖回忆录(3)；李敖风流自传(3)；李敖大哥大(2)；李敖自传与回忆续集(1)；李敖书启集(1)；李敖笑傲江湖(1),国民党、特务、委员、见、告诉我、台独、老师、院长
司马相如,诗文出处 / 历史类比引用 / 神交引用,诗文出处,99,22,22,15,16,要把金针度与人(5)；为中国思想趋向求答案(3)；上山·上山·爱(2)；李敖回忆录(1)；独白下的传统(1)；李敖文存(1)；李敖文存二集(1)；教育与脸谱(1),见、读、文学、碰到、古代、像、书中、诗
吴健雄,神交引用 / 科学家,神交引用,99,22,22,6,8,李敖秘密书房(11)；李敖文存(4)；李敖议坛哀思录(2)；你笨蛋，你笨蛋(2)；李敖书翰集(2)；李敖回忆录(1),像、委员、院长、女士、同学、夫人、见、学术
国支持,政治人物 / 军事人物 / 神交引用,政治人物,99,22,16,6,18,阳痿美国(11)；挑战李敖(4)；李敖大哥大(3)；李敖秘密书房(2)；李敖风流自传(1)；李敖札记(1),总统、共产党、政府、将军、所谓、像、请我、文星
国本,政治人物 / 公共论战 / 学术,待复核,99,22,14,11,14,李敖颠倒众生(8)；李敖大哥大(4)；中国现代史定论(2)；李敖自传与回忆(1)；李敖快意恩仇录(1)；李敖风流自传(1)；李敖全集(1)；千秋万岁乌鸦求是合集(1),政府、总统、政治、研究、国民党、见、碰到、信托
安禄山,历史类比引用 / 军事人物 / 政治人物 / 神交引用,历史类比引用,99,22,22,7,9,独白下的传统(7)；北京法源寺(5)；李敖语录(4)；上下古今谈(3)；李敖文存二集(1)；要把金针度与人(1)；中国性研究(1),见、儿子、将军、诗、引用、像、见到、太太
宋心濂,军事人物 / 政治人物 / 亲属 / 学术行政 / 公共论战,待复核,99,22,14,5,9,李敖大哥大(12)；挑战李敖(6)；李敖笑傲江湖(2)；李敖议坛哀思录(1)；李敖风流自传(1),将军、国民党、请他、共产党、总统、女儿、少将、院长
宣布独,公共论战 / 政治人物 / 神交引用,待复核,99,22,13,5,12,李敖大哥大(14)；李敖笑傲江湖(4)；李敖议坛哀思录(2)；李敖书序集续集(1)；挑战李敖(1),总统、民进党、像、比喻、院长、共产党、政治、台独
屈突通,历史类比引用 / 军事人物 / 神交引用,历史类比引用,99,22,22,1,1,北京法源寺(22),见、思想、弟弟、师长、儿子、参谋、像、太太
常可恶,政治人物,待复核,99,22,12,7,22,李敖大哥大(7)；李敖笑傲江湖(4)；李敖颠倒众生(4)；李敖秘密书房(3)；李敖议坛哀思录(2)；我梦碎，所以我梦醒(1)；李敖访谈录1990-2018(1),像、国民党、民进党、主席、委员、政府、序、法官
庄姬美,政治人物 / 公共论战 / 亲属,政治人物,99,22,22,6,13,世论新语(15)；李敖书函集(3)；李敖回忆录(1)；李敖风流自传(1)；李敖语录(1)；李敖五五日记(1),市长、太太、哥哥、弟弟、国民党、姬美好，通文、信丰好、政治、民进党
应凤凰,出版,出版,99,22,22,7,13,李敖秘密书房(6)；李敖随写录后集(4)；李敖语录(3)；李敖五五日记(3)；李敖大哥大(3)；李敖相关(2)；李敖回忆录(1),文学、编辑、研究、见、出版、出版社、出版品、读
应该只,朋友 / 诉讼 / 见面 / 政治人物,待复核,99,22,14,14,21,上山·上山·爱(3)；李敖秘密书房(3)；虚拟的十七岁(2)；阳痿美国(2)；李敖语录(2)；李敖情书集(2)；李敖回忆录(1)；李敖议坛哀思录(1),总统、判决、哲学、问我、律师、委员、哥哥、姐姐
张作锦,媒体 / 编辑 / 公共论战,媒体,99,22,22,7,12,李敖笑傲江湖(5)；挑战李敖(5)；李敖秘密书房(4)；李敖大哥大(3)；李敖风流自传(2)；你笨蛋，你笨蛋(2)；李敖Talk秀(1),朋友、像、报纸、先生、编辑、总编辑、一起、主席
徐文长,学术 / 出版 / 社会案件 / 历史类比引用 / 神交引用,学术,99,22,22,10,11,爱情的秘密(7)；李敖书序集(3)；要把金针度与人(3)；虽千万人，李敖往矣(2)；一个预备军官的日记(2)；为中国思想趋向求答案(1)；求是新语(1)；千秋万岁乌鸦求是合集(1),见、朋友、母亲、大学、古人、像、教授、读
扁鹊,医疗照护 / 神交引用,医疗照护,99,22,22,7,7,李敖随写录后集(12)；李敖文存二集(4)；传统下的独白(2)；李敖自传与回忆续集(1)；文化论战丹火录(1)；一个预备军官的日记(1)；李敖秘密书房(1),见、像、历史上、请我、警总、看守所、告诉我、古代
支持阿,政治人物 / 学术行政 / 师生 / 亲属,待复核,99,22,16,4,16,李敖秘密书房(8)；李敖大哥大(7)；挑战李敖(5)；李敖颠倒众生(2),国民党、主席、研究、中央研究院、院长、政治、总统、批评
李玄伯,师生 / 学术,师生,99,22,22,11,16,大学日记后期乙集(7)；早年日记(3)；李敖自传与回忆续集(2)；李敖快意恩仇录(2)；李敖风流自传(2)；李敖自传与回忆(1)；传统下的独白(1)；千秋万岁乌鸦求是合集(1),古代、见、书中、先生、老师、碰到、史学、读
林美伦,政治人物 / 律师代理 / 创作资料协助 / 公共论战 / 财产债务,政治人物,99,22,22,3,3,李敖笑傲江湖(10)；李敖大哥大(8)；挑战李敖(4),市长、政府、总统、见、律师、大学、告发、新党的议员候选人有一个有名的人叫做林美伦
林钟雄,同学 / 见面 / 公共论战 / 感化人员,同学,99,22,22,7,8,李敖大哥大(7)；李敖自传与回忆(6)；李敖回忆录(3)；李敖风流自传(3)；我最难忘的事和人(1)；千秋万岁乌鸦求是合集(1)；大学日记后期甲集(1),国民党、碰到、政治、所谓、学者、同学、弟弟、诗
汪道涵,政治人物 / 公职人员 / 公共论战,政治人物,99,22,22,6,15,挑战李敖(15)；李敖秘密书房(2)；李敖颠倒众生(2)；李敖议坛哀思录(1)；李敖访谈录1990-2018(1)；李敖大哥大(1),像、见、认识、部长、见面
温柔,神交引用 / 公共论战 / 出版,待复核,99,22,14,13,18,李敖Talk秀(5)；李敖大哥大(4)；李敖访谈录1990-2018(2)；李敖秘密书房(2)；李敖议坛哀思录(1)；红色11(1)；李敖的情诗(1)；虽千万人，李敖往矣(1),像、朋友、报纸、法官、电话、家里、师长、读
王世坚,政治人物 / 媒体,政治人物,99,22,22,2,8,李敖议坛哀思录(14)；李敖风流自传(8),民进党、记者、说过、问我、委员、立委、法院、选举
王如玄,律师代理 / 人权救援 / 公共论战,律师代理,99,22,22,1,1,李敖Talk秀(22),律师、离婚、老师、财产、事务、结婚、像、见
王维,诗文出处 / 历史类比引用 / 神交引用,诗文出处,99,22,22,12,14,要把金针度与人(5)；虽千万人，李敖往矣(3)；李敖访谈录1990-2018(3)；一个预备军官的日记(2)；读史指南(2)；李敖回忆录(1)；北京法源寺(1)；李敖的情诗(1),诗、女儿、妻、同学、交情、读、杂志、像
王节如,姻亲 / 通信 / 朋友 / 见面,姻亲,99,22,21,3,3,李敖笑傲江湖(10)；李敖大哥大(10)；李敖秘密书房(2),太太、写信、夫人、女士、见、见到、跟我说、说过
王闿运,学术 / 出版 / 历史类比引用 / 神交引用,学术,99,22,22,11,13,李敖议坛哀思录(7)；李敖笑傲江湖(5)；要把金针度与人(2)；李敖风流自传(1)；李敖文存(1)；千秋万岁乌鸦求是合集(1)；北京法源寺(1)；第73烈士(1),总统、法院、请他、政府、朋友、诗、学生、交往
程颢,学术 / 神交引用,学术,99,22,22,7,8,要把金针度与人(6)；独白下的传统(5)；李敖语录(5)；历史与人像(2)；读史指南(2)；为中国思想趋向求答案(1)；上山·上山·爱(1),哲学、老师、宣传、见、弟弟、妻、娶、书目作者表
管理委,政治人物 / 学术行政,政治人物,99,22,22,11,15,挑战李敖(6)；李敖自传与回忆续集(4)；李敖随写录后集(2)；李敖颠倒众生(2)；李敖大哥大(2)；我最难忘的事和人(1)；李敖回忆录(1)；李敖风流自传(1),委员、国民党、总统、研究、中央研究院、院长、像、产权
翁镇,亲属 / 见面,亲属,99,22,22,5,6,李敖议坛哀思录(7)；李敖风流自传(7)；李敖回忆录(4)；李敖快意恩仇录(3)；李敖自传与回忆续集(1),爸爸、认识、父亲、弟弟、电视、见、见到、儿子
胡家伦,同学 / 朋友 / 见面 / 学术,同学,99,22,22,10,13,一个预备军官的日记(4)；李敖自传与回忆(3)；李敖回忆录(3)；李敖风流自传(3)；李敖秘密书房(3)；给马戈的五十封信(2)；李敖快意恩仇录(1)；大学日记后期甲集(1),告诉我、台大、同学、父亲、国民党、大学、朋友、学生
胡颂平,学术 / 学术行政 / 出版 / 公共论战,学术,99,22,22,10,14,李敖自传与回忆(4)；大学日记后期乙集(4)；千秋万岁乌鸦求是合集(3)；李敖秘密书房(3)；李敖快意恩仇录(2)；你笨蛋，你笨蛋(2)；李敖风流自传(1)；李敖新刊(1),秘书、见、台大、先生、请我、研究、中央研究院、朋友
能去,见面 / 姻亲,待复核,99,22,12,14,17,李敖笑傲江湖(5)；李敖秘密书房(3)；教育与脸谱(2)；李敖颠倒众生(2)；李敖回忆录(1)；李敖议坛哀思录(1)；一个预备军官的日记(1)；李敖札记(1),访问、总统、秘书、见、拜访、一起、国民党、太太
苦茶庵主（杨山湛）,诗文出处 / 诉讼 / 公共论战 / 称谓待考,诗文出处,99,22,22,1,2,李敖书函集(22),苦茶庵主、法庭、本庵主姓杨名山湛、朋友、读
荣幸,媒体 / 见面 / 政治人物 / 同学 / 师生,待复核,99,22,16,9,18,一个预备军官的日记(5)；李敖书启集(3)；挑战李敖(3)；李敖秘密书房(3)；李敖Talk秀(3)；李敖大哥大(2)；为自由招魂(1)；北京法源寺(1),节目、同学、认识、记者、学生、部长、诗、写信
蒋百里,军事人物 / 诗文出处 / 历史类比引用,军事人物,99,22,22,7,10,李敖笑傲江湖(7)；李敖大哥大(5)；中国迷信新研(3)；李敖秘密书房(3)；中国现代史正论(2)；李敖议坛哀思录(1)；挑战李敖(1),批评、国民党、见、认识、老师、委员、见到、一起
蔡康永,媒体 / 见面 / 公共论战,媒体,99,22,22,3,13,虽千万人，李敖往矣(17)；李敖笑傲江湖(4)；挑战李敖(1),节目、请我、委员、读、见、电视、父亲、像
解李敖,见面 / 出版 / 朋友,待复核,99,22,14,13,19,千秋万岁乌鸦求是合集(4)；李敖访谈录1990-2018(4)；李敖回忆录(3)；李敖大哥大(2)；李敖自传与回忆(1)；李敖快意恩仇录(1)；李敖全集(1)；大学札记(1),认识、见、出版、一起、朋友、读、国民党、写信
谢枋得,历史类比引用 / 政治异议者 / 神交引用,历史类比引用,99,22,22,2,5,北京法源寺(21)；历史与人像(1),诗、见、见到、说过、妻、像、古人、读
辛隆,文艺音乐 / 媒体 / 见面,文艺音乐,99,22,22,1,1,李敖Talk秀(22),辛隆：、监狱、学生、告诉我、作品、批评
连战当,政治人物 / 公共论战 / 学术行政,政治人物,99,22,17,8,19,挑战李敖(13)；李敖秘密书房(3)；李敖议坛哀思录(1)；李敖风流自传(1)；你笨蛋，你笨蛋(1)；李敖访谈录1990-2018(1)；李敖笑傲江湖(1)；李敖大哥大(1),国民党、主席、总统、像、共产党、序、院长、法院
郑文良,看守戒护 / 刑求人员 / 同案狱友 / 公共论战,看守戒护,99,22,22,4,5,李敖书信集(18)；李敖自传与回忆续集(2)；我最难忘的事和人(1)；李敖书牍集(1),郑文良、管理员、关怀、同房、发行、读、凌虐、法务部
郑龙水,政治人物 / 公共论战,政治人物,99,22,22,3,8,挑战李敖(12)；李敖Talk秀(6)；李敖秘密书房(4),记者、委员、政治、先生、朋友、总统、见、立委
郭婉容,公职人员 / 政治人物 / 公共论战,公职人员,99,22,22,10,11,你笨蛋，你笨蛋(5)；求是新语(3)；李敖书函集(3)；挑战李敖(3)；为历史拨云(2)；李敖笑傲江湖(2)；李敖风流自传(1)；你是景福门(1),教授、法院、委员、院长、嫁给、部长、国民党、民进党
都必须,公共论战 / 诉讼 / 神交引用 / 学术,待复核,99,22,13,18,20,李敖议坛哀思录(3)；千秋万岁乌鸦求是合集(3)；李敖自传与回忆续集(1)；独白下的传统(1)；你是景福门(1)；李敖新刊(1)；虚拟的十七岁(1)；阳痿美国(1),国民党、法院、像、委员、部长、院长、政府、问我
都没看,见面,待复核,99,22,13,15,19,上山·上山·爱(4)；李敖秘密书房(4)；挑战李敖(2)；李敖快意恩仇录(1)；李敖议坛哀思录(1)；李敖文存(1)；我梦碎，所以我梦醒(1)；北京法源寺(1),见、一起、政府、像、朋友、军购、警备总部、同学
钱其琛,政治人物 / 公共论战,政治人物,99,22,22,6,9,你是景福门(8)；我是天安门(4)；李敖随写录前集(4)；挑战李敖(4)；李敖议坛哀思录(1)；李敖大哥大(1),批评、读、见、共产党、部长、报导、报纸、记者
钱玄同,学术 / 出版 / 神交引用,学术,99,22,22,7,8,李敖秘密书房(14)；李敖全集(2)；文化论战丹火录(2)；李敖自传与回忆(1)；李敖回忆录(1)；李敖风流自传(1)；中国命研究(1),老师、大学、北大、朋友、像、同学、同班、文学
陈重光,媒体 / 公共论战,媒体,99,22,22,7,9,李敖大哥大(7)；求是新语(6)；挑战李敖(4)；李敖随写录前集(2)；千秋万岁乌鸦求是合集(1)；李敖笑傲江湖(1)；李敖秘密书房(1),发行、见、访问、国民党、总统、委员、主席、告诉我
雷向筠,亲属 / 财产信托 / 通信 / 创作资料协助 / 政治异议者,亲属,99,22,22,6,10,李敖五五日记(7)；李敖书笺集(5)；李敖书函集(5)；李敖大哥大(3)；李敖秘藏日记(1)；挑战李敖(1),电话、出版、研究、出版社、女士、委员、夫人、情书
顾颉刚,学术 / 编辑 / 出版 / 历史类比引用 / 神交引用,学术,99,22,22,8,8,李敖秘密书房(13)；李敖全集(2)；虽千万人，李敖往矣(2)；李敖议坛哀思录(1)；李敖风流自传(1)；大学日记后期甲集(1)；李敖五五日记(1)；历史与人像(1),研究、读、学生、夫人、古代、同学、出版社、出版
鲁晓夫,神交引用 / 公共论战,待复核,99,22,11,11,13,李敖笑傲江湖(6)；阳痿美国(4)；文化论战丹火录(2)；一个预备军官的日记(2)；李敖颠倒众生(2)；李敖文存二集(1)；上下古今谈(1)；大学日记后期甲集(1),主义、共产党、像、写信、引用、诗、读、思想
云法师,公共论战 / 军事人物 / 见面,待复核,99,21,10,5,7,李敖笑傲江湖(14)；李敖秘密书房(3)；李敖语录(2)；求是新语(1)；挑战李敖(1),将军、选举、国民党、找他、见、见证、共产党、告诉我
从蒋介,见面 / 公共论战 / 媒体 / 政治人物,见面,99,21,18,10,20,李敖笑傲江湖(7)；李敖议坛哀思录(3)；李敖访谈录1990-2018(3)；我梦碎，所以我梦醒(2)；李敖快意恩仇录(1)；李敖风流自传(1)；世论新语(1)；阳痿美国(1),记者、见、思想、总统、政治、书中、国民党、选举
伍世文,军事人物 / 公职人员 / 公共论战,军事人物,99,21,21,1,6,李敖颠倒众生(21),部长、像、一起、法院、总统、委员、检察官、说过
何大松,社会案件 / 被害人,社会案件,99,21,21,1,1,李敖随写录前集(21),何大松、见、法官、判决、法院、证人、上诉、报纸
公司做,师生 / 媒体 / 通信 / 见面,待复核,99,21,18,9,19,李敖颠倒众生(8)；李敖秘密书房(3)；千秋万岁乌鸦求是合集(2)；挑战李敖(2)；李敖大哥大(2)；李敖快意恩仇录(1)；李敖五五日记(1)；李敖书简集(1),电视、广播、像、博士、教授、总统、电话、出版
公开讲,监狱行政 / 神交引用 / 学术,监狱行政,99,21,17,5,17,李敖秘密书房(8)；挑战李敖(5)；李敖访谈录1990-2018(4)；李敖书信集(2)；李敖书札集(2),秘书、法院、国民党、像、研究、将军、古人、管理员
勃朗宁,诗文出处 / 文艺音乐 / 历史类比引用 / 神交引用,诗文出处,99,21,21,11,13,李敖语录(4)；李敖快意恩仇录(3)；李敖风流自传(3)；上山·上山·爱(2)；虚拟的十七岁(2)；爱情的秘密(2)；传统下的独白(1)；李敖文存二集(1),诗、见、哲学、所谓、思想、共产党、认识、像
包德甫,媒体 / 神交引用,媒体,99,21,21,6,7,李敖文存(8)；李敖笑傲江湖(6)；李敖快意恩仇录(4)；李敖回忆录(1)；李敖秘藏日记(1)；李敖书札集(1),记者、朋友、国民党、见、报导、问我、特务、像
华定国,同案狱友 / 被害人 / 诉讼 / 人权救援 / 公共论战,同案狱友,99,21,21,3,6,李敖笑傲江湖(17)；李敖书牍集(3)；李敖自传与回忆续集(1),律师、法官、判决、像、节目、辩护、法院、看守所
古永城,江湖人物 / 同案狱友 / 刑求受害,江湖人物,99,21,21,6,7,李敖自传与回忆(6)；李敖快意恩仇录(6)；李敖自传与回忆续集(4)；李敖书简集(3)；李敖情书集(1)；李敖书信集(1),朋友、警察、绑担架、看守所、大学、对我说、脚镣、法庭
叶金凤,司法人员 / 公职人员 / 公共论战,司法人员,99,21,21,5,12,挑战李敖(9)；李敖秘密书房(9)；李敖访谈录1990-2018(1)；李敖颠倒众生(1)；李敖Talk秀(1),部长、法务部、监狱、政治、像、国民党、电视、军法
启功,学术 / 诗文出处 / 文艺音乐 / 历史类比引用 / 神交引用,学术,99,21,21,5,7,中国艺术新研(9)；李敖笑傲江湖(5)；李敖风流自传(4)；李敖大哥大(2)；李敖书启集(1),研究、诗、先生、到我家、见、学者、所谓、主编
唐朝人,神交引用 / 见面,待复核,99,21,12,11,17,李敖大哥大(9)；虽千万人，李敖往矣(2)；李敖笑傲江湖(2)；独白下的传统(1)；上山·上山·爱(1)；虚拟的十七岁(1)；为历史拨云(1)；中国性研究(1),诗、见、大学、女儿、家里、学生、报纸、台大
墨索里尼,政治人物 / 公共论战 / 历史类比引用,政治人物,99,21,21,12,16,李敖秘密书房(4)；李敖全集(3)；李敖大哥大(3)；李敖语录(2)；李敖访谈录1990-2018(2)；李敖回忆录(1)；上下古今谈(1)；求是新语(1),将军、主义、传记、名言、同僚、儿子、朋友、部长
庄申,学术 / 见面 / 朋友 / 通信,学术,99,21,21,10,11,李敖自传与回忆(6)；早年日记(3)；李敖快意恩仇录(2)；大学札记(2)；大学日记后期乙集(2)；一个预备军官的日记(2)；李敖回忆录(1)；李敖情书集(1),儿子、见、研究、读、教授、授课、台大、中央研究院
庄荣隆,社会案件 / 诉讼,社会案件,99,21,21,1,1,李敖随写录前集(21),庄荣隆、检察官、法官、见、法院、报导、刑求、逼供
式泮,军校学生 / 见面 / 称谓待考,军校学生,99,21,21,1,5,一个预备军官的日记(21),式泮
张小燕,媒体 / 见面,媒体,99,21,21,7,8,李敖五五日记(10)；李敖秘密书房(3)；李敖大哥大(3)；虽千万人，李敖往矣(2)；我梦碎，所以我梦醒(1)；李敖访谈录1990-2018(1)；李敖书启集(1),节目、访问、警总、电视、总统、张小燕电视访问、见、老师
张尚文,见面 / 公共论战,见面,99,21,21,1,1,李敖Talk秀(21),张尚文：、像、同学、所谓
文能力,神交引用 / 师生 / 政治人物,神交引用,99,21,16,7,10,李敖文存二集(8)；李敖笑傲江湖(4)；李敖秘密书房(4)；我最难忘的事和人(2)；上山·上山·爱(1)；爱情的秘密(1)；李敖访谈录1990-2018(1),所谓、思想、读、大学、政府、教授、诗、像
斯宾诺沙,学术 / 历史类比引用 / 神交引用,学术,99,21,21,4,4,大学札记(18)；李敖文存二集(1)；李敖全集(1)；大学日记后期甲集(1),哲学、思想、书中、见、文学、父亲、姐姐、法庭
曹建中,军事人物 / 情治警务 / 出版 / 公共论战,军事人物,99,21,21,10,10,李敖快意恩仇录(6)；李敖笑傲江湖(4)；千秋万岁乌鸦求是合集(3)；为自由招魂(2)；李敖回忆录(1)；李敖风流自传(1)；波波颂(1)；李敖新刊(1),警总、见、司令、警备总部、碰到、少将、政战、查禁
李国龙,同案狱友,同案狱友,99,21,21,6,9,李敖快意恩仇录(7)；李敖自传与回忆(6)；李敖风流自传(4)；李敖回忆录(2)；李敖随写录后集(1)；李敖大哥大(1),学生、大学、读、像、见、法官、军法、同房
李家同,学术行政 / 学术 / 公共论战,学术行政,99,21,21,3,6,挑战李敖(17)；李敖议坛哀思录(3)；李敖秘密书房(1),大学、校长、国民党、批评、学生、记者、学术、像
李文仪,朋友 / 公共论战,朋友,99,21,21,2,4,李敖风流自传(11)；李敖议坛哀思录(10),问我、像、电视、朋友、委员、部长、军购、民进党
林丰正,公职人员 / 政治人物 / 公共论战,公职人员,99,21,21,7,12,李敖大哥大(8)；李敖秘密书房(3)；李敖颠倒众生(3)；李敖访谈录1990-2018(2)；为历史拨云(2)；挑战李敖(2)；世论新语(1),国民党、秘书、主席、见、立委、民进党、部长、对我说
林权助,主剧情人物 / 小说剧本人物 / 政治人物 / 见面,主剧情人物,99,21,21,2,3,北京法源寺(19)；李敖笑傲江湖(2),朋友、父亲、见、像、陪他、一起
林水泉,政治异议者 / 同案狱友 / 朋友 / 出版 / 政治人物,政治异议者,99,21,21,7,7,千秋万岁乌鸦求是合集(4)；早年日记(4)；李敖回忆录(3)；李敖风流自传(3)；你笨蛋，你笨蛋(3)；李敖新刊(3)；爱情的秘密(1),特务、委员、国民党、见、先生、教授、请我、学生
毛岸英,历史类比引用 / 公共论战 / 神交引用,历史类比引用,99,21,21,6,8,我是天安门(12)；李敖笑傲江湖(3)；李敖对话录(2)；挑战李敖(2)；李敖快意恩仇录(1)；虽千万人，李敖往矣(1),国民党、儿子、太太、主席、共产党、一起、弟弟、母亲
洪明洲,师生 / 通信 / 亲属 / 学术 / 姻亲,师生,99,21,20,2,3,李敖笑傲江湖(20)；李敖大哥大(1),教授、电话、大学、记者、家里、像、见、记者招待会
温莎公爵,神交引用,神交引用,99,21,21,5,6,李敖语录(9)；李敖文存二集(4)；上下古今谈(3)；李敖笑傲江湖(3)；李敖对话录(2),见、嫁给、像、诗、所谓
潘恩,出版 / 政治异议者 / 历史类比引用 / 神交引用,出版,99,21,21,4,6,阳痿美国(14)；李敖秘密书房(4)；北京法源寺(2)；中国近代史新论(1),总统、政治、批评、政府、宣传、见
王仲廉,军事人物 / 诗文出处 / 公共论战 / 历史类比引用,军事人物,99,21,21,1,1,中国现代史定论(21),将军、委员、司令、国民党、见、老师、经费、代理
王宠惠,司法人员 / 公职人员 / 政治人物 / 选举助选 / 历史类比引用,司法人员,99,21,21,13,15,李敖全集(4)；我梦碎，所以我梦醒(2)；千秋万岁乌鸦求是合集(2)；中国现代史正论(2)；中国现代史定论(2)；李敖大哥大(2)；李敖议坛哀思录(1)；李敖风流自传(1),政府、国民党、见、院长、委员、法院、总统、部长
申虹,通信 / 朋友 / 公共论战,通信,99,21,21,5,9,李敖秘藏日记(9)；波波颂(6)；李敖五五日记(3)；李敖快意恩仇录(2)；李敖札记(1),见、妹妹、电话、出版社、出版、文学、政战、院长
石敬瑭,政治人物 / 军事人物 / 神交引用,政治人物,99,21,21,7,8,李敖语录(5)；李敖笑傲江湖(5)；独白下的传统(4)；挑战李敖(4)；李敖自传与回忆(1)；李敖新刊(1)；李敖大哥大(1),爸爸、儿子、同学、妈妈、一起、历史上、古代、说过
罗密欧,虚拟人物 / 小说剧本人物 / 历史类比引用,虚拟人物,99,21,21,9,13,虚拟的十七岁(4)；李敖访谈录1990-2018(4)；上山·上山·爱(3)；一个预备军官的日记(2)；挑战李敖(2)；李敖Talk秀(2)；李敖大哥大(2)；传统下的再白(1),像、碰到、见、诗、文学、女儿、如果罗密欧有一个
胡毅生,政治异议者 / 军事人物 / 公共论战 / 历史类比引用,政治异议者,99,21,21,4,5,中国现代史正论(11)；李敖Talk秀(6)；第73烈士(3)；李敖笑傲江湖(1),委员、见、国民党、像、政府、主席、所谓、胡毅生、朱卓文、林直勉三人嫌疑最大
胡肇婷,见面 / 公共论战,见面,99,21,21,1,1,李敖Talk秀(21),胡肇婷：、老师、师生、所谓、像、学生、序、爱上
蒋维乔,学术 / 诗文出处 / 学术考证引用 / 证人见证 / 公共论战 / 历史类比引用,学术,99,21,21,1,1,中国近代史新论(21),国民党、回忆蒋竹庄先生之回忆、政府、杂志、先生、同学、像、选举
蔡明宪,军事人物 / 政治人物 / 公共论战,军事人物,99,21,21,4,8,李敖议坛哀思录(18)；我梦碎，所以我梦醒(1)；李敖访谈录1990-2018(1)；李敖大哥大(1),委员、部长、主席、序、军购、读、经费、政战
许崇智,军事人物 / 政治人物 / 通信 / 出版,军事人物,99,21,19,6,7,李敖书牍集(7)；中国现代史正论(7)；千秋万岁乌鸦求是合集(2)；李敖书启集(2)；李敖笑傲江湖(2)；李敖书序集(1),参谋、委员、司令、写信、旅长、师长、政府、军长
许文龙,政治人物 / 亲属 / 律师代理,待复核,99,21,10,4,10,李敖大哥大(18)；李敖议坛哀思录(1)；李敖访谈录1990-2018(1)；李敖秘密书房(1),妈妈、总统、台独、律师、一起、委员、市长、见
赵天仪,证人见证 / 创作资料协助 / 学术 / 诉讼,证人见证,99,21,21,12,16,李敖笑傲江湖(4)；李敖回忆录(3)；李敖风流自传(3)；李敖书启集(3)；李敖自传与回忆(1)；我最难忘的事和人(1)；李敖相关(1)；李敖新刊(1),台大、发行、哲学、诗、批评、证人、大学、同学
赵良燕,政治人物 / 公共论战,政治人物,99,21,21,3,10,李敖议坛哀思录(15)；李敖风流自传(5)；我梦碎，所以我梦醒(1),委员、法院、主席、立委、国民党、总干事、所谓、部长
路易十六,政治人物 / 神交引用,政治人物,99,21,21,11,11,我是天安门(10)；坐牢家爸爸给女儿的八十封信(2)；李敖自传与回忆(1)；李敖快意恩仇录(1)；波波颂(1)；李敖全集(1)；你是景福门(1)；上山·上山·爱(1),政治、像、少将、主义、文学、情书、书里、同在
那还有,神交引用 / 公共论战 / 见面 / 姻亲,待复核,99,21,15,5,19,李敖笑傲江湖(9)；李敖秘密书房(8)；李敖颠倒众生(2)；文化论战丹火录(1)；李敖对话录(1),像、见、国民党、太太、主义、朋友、封杀、诗
陈启天,公共论战 / 政治人物 / 党务宣传,公共论战,99,21,21,11,11,李敖书札集(7)；李敖自传与回忆续集(3)；文化论战丹火录(2)；李敖书简集(2)；李敖自传与回忆(1)；李敖回忆录(1)；李敖风流自传(1)；李敖文存(1),朋友、文星、宣传、主席、政府、见、见证、共产党
陈国祥,军事人物 / 同案狱友 / 创作资料协助 / 公共论战,军事人物,99,21,21,5,5,李敖议坛哀思录(16)；李敖颠倒众生(2)；李敖风流自传(1)；李敖秘藏日记(1)；李敖访谈录1990-2018(1),部长、主席、选举、军购、见、委员、政战、政治
陈致中,亲属 / 财产债务 / 公共论战,亲属,99,21,21,1,2,挑战李敖(21),岳父、岳母、女儿、财产、台大、读、房地、总统
顾恺之,文艺音乐 / 诗文出处 / 历史类比引用 / 神交引用,文艺音乐,99,21,21,3,3,波波颂(9)；要把金针度与人(9)；上山·上山·爱(3),见、诗、朋友、顾恺之：《画评》、谢安深重之
魏源,学术 / 神交引用,学术,99,21,21,7,7,千秋万岁乌鸦求是合集(7)；要把金针度与人(6)；李敖全集(2)；李敖语录(2)；读史指南(2)；你笨蛋，你笨蛋(1)；北京法源寺(1),著作、诗、见、认识、书里、朋友、书目作者表
Bonnie,情感 / 见面 / 通信,情感,99,20,20,2,6,大学日记后期乙集(18)；李敖情书集(2),Bonnie、给Bonnie、Bonnie：
东方朔,历史类比引用 / 神交引用,历史类比引用,99,20,20,10,13,李敖语录(5)；李敖议坛哀思录(3)；上下古今谈(3)；一个预备军官的日记(2)；李敖书序集(2)；李敖回忆录(1)；李敖快意恩仇录(1)；大学日记后期甲集(1),委员、像、见、朋友、法院、女儿、历史上、古人
东西要,朋友 / 见面 / 神交引用 / 司法人员,待复核,99,20,14,10,19,李敖访谈录1990-2018(5)；李敖大哥大(5)；李敖秘密书房(3)；传统下的独白(1)；李语录(1)；李敖语录(1)；一个预备军官的日记(1)；李敖笑傲江湖(1),政治、朋友、读、像、法官、研究、认识、见
云遮望,见面 / 神交引用 / 师生,待复核,99,20,14,12,17,李敖风流自传(3)；李敖访谈录1990-2018(3)；李敖秘密书房(3)；你笨蛋，你笨蛋(2)；李敖语录(2)；李敖回忆录(1)；李敖快意恩仇录(1)；李敖文存(1),诗、见、学生、大学、文学、见到、主义、像
元稹,学术 / 神交引用,学术,99,20,20,12,16,读史指南(3)；李敖自传与回忆续集(2)；李敖回忆录(2)；传统下的再白(2)；一个预备军官的日记(2)；给马戈的五十封信(2)；中国命研究(2)；李敖快意恩仇录(1),诗、碰到、朋友、情人、看守所、军法、主义、书目作者表
关系没,情治警务 / 政治人物 / 神交引用,待复核,99,20,16,9,20,挑战李敖(7)；李敖秘密书房(4)；李敖笑傲江湖(2)；李敖颠倒众生(2)；李敖自传与回忆(1)；李敖回忆录(1)；李敖风流自传(1)；红色11(1),像、警察、夫人、主席、总统、共产党、请我、见
刘庆瑞,学术 / 亲属,学术,99,20,20,7,7,李敖笑傲江湖(6)；千秋万岁乌鸦求是合集(4)；挑战李敖(4)；你笨蛋，你笨蛋(2)；李敖书函集(2)；李敖议坛哀思录(1)；李敖风流自传(1),教授、嫁给、法院、国民党、院长、台大、文学、先生
吴国桢,政治人物 / 亲属 / 学术,政治人物,99,20,16,6,7,李敖语录(6)；李敖大哥大(4)；李敖快意恩仇录(3)；李敖秘藏日记(3)；李敖风流自传(2)；李敖新刊(2),委员、国民党、儿子、博士、写信、师生、大学、家里
吴成典,政治人物 / 公共论战 / 监狱行政 / 诉讼,政治人物,99,20,17,3,8,李敖大哥大(11)；李敖议坛哀思录(7)；李敖风流自传(2),总统、委员、国民党、认识、秘书、所谓、立委、主席
唐宝云,文艺音乐 / 历史类比引用,文艺音乐,99,20,20,7,9,李敖对话录(6)；千秋万岁乌鸦求是合集(4)；李敖Talk秀(3)；李敖回忆录(2)；李敖风流自传(2)；李敖语录(2)；李敖文存(1),离婚、记者、唐宝云、请我、朋友、报纸、见、到我家
国人讲,神交引用 / 朋友 / 公共论战,待复核,99,20,11,16,20,李敖秘密书房(3)；李敖访谈录1990-2018(2)；李敖笑傲江湖(2)；李敖议坛哀思录(1)；千秋万岁乌鸦求是合集(1)；北京法源寺(1)；上山·上山·爱(1)；李敖语录(1),读、朋友、古代、委员、部长、宣传、女儿、像
夏天,见面 / 学术 / 出版 / 亲属,见面,99,20,17,16,17,我最难忘的事和人(3)；李敖风流自传(2)；李敖访谈录1990-2018(2)；李敖回忆录(1)；李敖快意恩仇录(1)；李敖议坛哀思录(1)；李敖相关(1)；李敖全集(1),研究、台大、文星、老师、博士、大学、杂志、立委
女狐仙,虚拟人物 / 历史类比引用 / 神交引用 / 情感,虚拟人物,99,20,20,1,1,上山·上山·爱(20),哲学、情人、碰到、朋友、分手、像
姚高桥,情治警务 / 公职人员,情治警务,99,20,20,4,5,李敖书函集(10)；李敖书牍集(7)；李敖随写录前集(2)；李敖大哥大(1),警察、法院、国民党、判决、见、打电话、电话、总干事
孙传芳,军事人物 / 神交引用,军事人物,99,20,20,6,7,我梦碎，所以我梦醒(15)；传统下的独白(1)；世论新语(1)；李敖语录(1)；李敖随写录后集(1)；李敖书启集(1),参谋、司令、军长、记者、攻击、师长、秘书、学生
宁恩承,见面 / 学术,见面,99,20,14,4,5,李敖大哥大(8)；李敖笑傲江湖(7)；李敖颠倒众生(3)；李敖Talk秀(2),大学、北大、到我家、我家来、告诉我、代理、家里
家报导,媒体,媒体,99,20,20,5,13,李敖笑傲江湖(8)；李敖大哥大(6)；挑战李敖(3)；李敖颠倒众生(2)；李敖秘密书房(1),报导、民进党、国民党、总统、批评、跟我说、访问、见
少年维特,虚拟人物 / 情感 / 神交引用,虚拟人物,99,20,20,10,12,虚拟的十七岁(5)；上山·上山·爱(4)；传统下的独白(2)；虽千万人，李敖往矣(2)；李敖大哥大(2)；阳痿美国(1)；李敖的情诗(1)；李敖语录(1),朋友、读、诗、像、太太、结婚、出版、恋爱
巴鲁克,政治人物 / 历史类比引用 / 神交引用,政治人物,99,20,20,5,11,李敖报刊集(7)；挑战李敖(7)；虚拟的十七岁(3)；李敖访谈录1990-2018(2)；李敖颠倒众生(1),政治、历史上、像、院长、说过、大学、政府、妻
康奈尔,亲属 / 学术 / 师生 / 见面,亲属,99,20,20,6,12,挑战李敖(7)；李敖颠倒众生(5)；李敖秘密书房(3)；李敖快意恩仇录(2)；中国近代史新论(2)；李敖大哥大(1),大学、爸爸、博士、秘书、学生、像、父亲、夫人
康德,神交引用,神交引用,99,20,20,16,19,挑战李敖(3)；李敖语录(2)；李敖书序集(2)；李敖议坛哀思录(1)；传统下的独白(1)；李敖的情诗(1)；虽千万人，李敖往矣(1)；李敖秘藏日记(1),哲学、思想、结婚、家里、像、妻、委员、部长
张中尾,军校学生 / 见面 / 称谓待考,军校学生,99,20,20,4,8,一个预备军官的日记(14)；李敖回忆录(3)；千秋万岁乌鸦求是合集(2)；李敖风流自传(1),读、中尾、书中、写信、岳父、委员、国民党、张中尾
张家宜,财产债务 / 诉讼 / 亲属,财产债务,99,20,20,3,3,李敖随写录后集(14)；李敖随写录前集(5)；千秋万岁乌鸦求是合集(1),张家宜、法院、告发、女儿、起诉、判决、部长、立委
张小兰,社会案件 / 媒体 / 诉讼,社会案件,99,20,20,2,3,李敖文存二集(18)；李敖语录(2),法院、法庭、像、法官、朋友、推事、女友
文藻,军校学生 / 见面 / 称谓待考,军校学生,99,20,20,1,7,一个预备军官的日记(20),文藻、律师、碰到、情人
时胡适,师生 / 学术行政 / 见面 / 公共论战 / 神交引用,师生,99,20,17,12,16,李敖秘密书房(4)；李敖笑傲江湖(3)；李敖快意恩仇录(2)；李敖风流自传(2)；李敖大哥大(2)；李敖自传与回忆(1)；李敖自传与回忆续集(1)；文化论战丹火录(1),学生、见、秘书、研究、中央研究院、请我、台大、病房
曾俊义,社会案件 / 财产债务 / 公共论战,社会案件,99,20,20,1,2,世论新语(20),夫人、见、打电话、电话、市长、交往、土地、主席
李文荣,同案狱友 / 见面 / 刑求受害 / 证人见证,同案狱友,99,20,20,3,3,李敖自传与回忆续集(14)；李敖书简集(5)；李敖书信集(1),绑担架、管理员、见、看守所、接见、检察官、放封、对我说
林凤英,媒体 / 见面 / 公共论战,媒体,99,20,20,1,1,挑战李敖(20),总统、问我、出版品、出版、电视、作品、读、请我
林希翎,政治异议者 / 朋友 / 见面,政治异议者,99,20,20,8,10,李敖札记(5)；波波颂(3)；你是景福门(3)；李语录(3)；求是新语(2)；李敖书笺集(2)；李敖五五日记(1)；李敖笑傲江湖(1),国民党、见、拜访、电话、共产党、朋友、来我家、打电话
济公,宗教人物 / 虚拟人物 / 神交引用,宗教人物,99,20,20,9,11,上山·上山·爱(5)；虽千万人，李敖往矣(3)；李敖秘密书房(3)；李敖自传与回忆(2)；李敖快意恩仇录(2)；李敖秘藏日记(2)；李敖文存(1)；李敖语录(1),像、部长、见、批评、著作、书中、诗、古代
淳于意,医疗照护 / 神交引用,医疗照护,99,20,20,4,4,李敖文存二集(14)；李敖语录(4)；传统下的独白(1)；李敖大哥大(1),父亲、女儿、情书、书中、历史上、告诉我、爸爸
王三姑娘,虚拟人物 / 小说剧本人物 / 历史类比引用 / 神交引用,虚拟人物,99,20,20,6,6,李敖笑傲江湖(9)；为中国思想趋向求答案(5)；求是新语(3)；上山·上山·爱(1)；李敖语录(1)；中国命研究(1),女儿、爸爸、太太、妈妈、母亲、嫁给、结婚、思想
王苹,人权救援 / 见面 / 公共论战,人权救援,99,20,20,1,1,李敖Talk秀(20),王苹：、秘书、见、朋友、恋爱、碰到、像、问我
程师,亲属 / 师生 / 姻亲,亲属,99,20,14,14,18,李敖访谈录1990-2018(4)；教育与脸谱(2)；李敖笑傲江湖(2)；李敖秘密书房(2)；李敖自传与回忆(1)；李敖自传与回忆续集(1)；李敖快意恩仇录(1)；李敖文存(1),姐姐、院长、大学、朋友、夫人、总统、见、一起
绍辉,军校学生 / 见面 / 称谓待考,军校学生,99,20,20,1,7,一个预备军官的日记(20),绍辉
罗祖光,媒体 / 出版 / 朋友 / 公共论战,媒体,99,20,20,6,7,李敖秘藏日记(9)；李敖快意恩仇录(4)；为自由招魂(3)；李敖笑傲江湖(2)；李敖风流自传(1)；李敖大哥大(1),先生、编辑、同学、国民党、见、总编辑、序、朋友
胡汝森,财产债务 / 诉讼 / 证人见证,财产债务,99,20,20,8,9,李敖回忆录(9)；早年日记(3)；李敖书信集(2)；李敖书简集(2)；李敖自传与回忆(1)；李敖风流自传(1)；为中国思想趋向求答案(1)；李敖书翰集(1),文星、编辑、总编辑、出版、委员、朋友、政战、上校
胡适讲,学术 / 师生 / 公共论战 / 神交引用,待复核,99,20,13,9,13,李敖大哥大(6)；李敖秘密书房(4)；早年日记(2)；大学日记后期乙集(2)；李敖秘藏日记(2)；李敖自传与回忆(1)；李敖情书集(1)；李敖笑傲江湖(1),国民党、大学、研究、老师、父亲、所谓、教授、姐姐
胡锦涛,政治人物,政治人物,99,20,20,7,9,我梦碎，所以我梦醒(8)；李敖大哥大(5)；李敖议坛哀思录(3)；李敖风流自传(1)；虽千万人，李敖往矣(1)；李敖访谈录1990-2018(1)；李敖颠倒众生(1),部长、见、出版、主席、太太、国民党、共产党、像
能够帮,公共论战 / 政治人物 / 媒体 / 亲属,待复核,99,20,15,4,18,挑战李敖(11)；李敖秘密书房(7)；独白下的传统(1)；李敖颠倒众生(1),政治、电视、总统、妈妈、写信、杂志、古代、哲学
能表现,公共论战 / 神交引用 / 学术,待复核,99,20,12,14,17,一个预备军官的日记(3)；传统下的独白(2)；李敖访谈录1990-2018(2)；李敖秘密书房(2)；李敖大哥大(2)；李敖自传与回忆(1)；李敖回忆录(1)；教育与脸谱(1),政治、文星、台大、古代、读、共事、诗、教授
能辨别,神交引用 / 司法人员 / 见面 / 师生,待复核,99,20,14,13,17,红色11(3)；李敖秘密书房(3)；千秋万岁乌鸦求是合集(2)；上山·上山·爱(2)；李敖笑傲江湖(2)；我最难忘的事和人(1)；李敖快意恩仇录(1)；李敖风流自传(1),见、像、出版、师母、推事、法官、所谓、政治
董国铨,司法人员 / 诉讼 / 同案狱友,司法人员,99,20,20,3,3,李敖新刊(17)；李敖情书集(2)；李敖自传与回忆续集(1),法官、推事、庭长、法院、见、看守所、碰到、同案
贾谊,学术 / 政治人物 / 神交引用,学术,99,20,20,9,10,要把金针度与人(9)；读史指南(4)；独白下的传统(1)；李敖文存(1)；教育与脸谱(1)；为自由招魂(1)；上山·上山·爱(1)；虽千万人，李敖往矣(1),政治、思想、见、博士、读、文学、像、书目作者表
赵铁寒,学术 / 出版,学术,99,20,20,4,5,李敖自传与回忆(9)；李敖回忆录(6)；李敖风流自传(4)；历史与人像(1),教授、论文、老师、回信、杂志、见、台大、国民党
赵飞燕,历史类比引用 / 情感 / 神交引用,历史类比引用,99,20,20,7,13,挑战李敖(8)；上山·上山·爱(5)；读史指南(2)；李敖大哥大(2)；独白下的传统(1)；虽千万人，李敖往矣(1)；中国迷信新研(1),妹妹、古代、像、说过、历史上、秘书、读、赵飞燕有一面七尺的大镜子
邱创焕,政治人物 / 诉讼 / 公共论战 / 见面 / 媒体,政治人物,99,20,17,12,14,李敖笑傲江湖(3)；李敖快意恩仇录(2)；世论新语(2)；李敖秘藏日记(2)；李敖札记(2)；李敖颠倒众生(2)；李敖大哥大(2)；李敖回忆录(1),像、国民党、总统、院长、诬告、主席、读、见
郎世宁,文艺音乐 / 历史类比引用 / 神交引用,文艺音乐,99,20,20,6,6,中国近代史新论(15)；李敖自传与回忆(1)；大学札记(1)；一个预备军官的日记(1)；中国艺术新研(1)；李敖秘密书房(1),见、学者、请我、妹妹、据法韦尔在《北京志》中所说、画院名家沈源、孙祜、石田干之助在《郎世宁传考略》、耶稣会士西波（汉名韩国英）
郑乃嘉,亲属 / 见面 / 创作资料协助,亲属,99,20,20,4,6,李敖访谈录1990-2018(16)；虽千万人，李敖往矣(2)；李敖风流自传(1)；李敖相关(1),郑乃嘉、节目、见、告诉我、爸爸、女儿、结婚、认识
都会出,见面 / 出版 / 公共论战 / 政治人物,待复核,99,20,16,8,20,李敖秘密书房(4)；李敖访谈录1990-2018(3)；挑战李敖(3)；李敖Talk秀(3)；虚拟的十七岁(2)；李敖笑傲江湖(2)；李敖大哥大(2)；中国性研究(1),像、国民党、见、冤案、假案、打电话、电话、儿子
陈境圳,师生 / 医疗照护 / 财产信托 / 财产债务 / 见面,师生,99,20,20,7,16,李敖议坛哀思录(6)；李敖风流自传(4)；虽千万人，李敖往矣(3)；李敖大哥大(3)；李敖秘密书房(2)；李敖回忆录(1)；李敖Talk秀(1),学生、立委、研究、教书、大学、所谓、告诉我、妈妈
陈宝琛,学术 / 师生 / 公职人员 / 历史类比引用 / 神交引用,学术,99,20,20,9,11,李敖自传与回忆(10)；李敖书序集(2)；中国艺术新研(2)；李敖回忆录(1)；李敖风流自传(1)；传统下的独白(1)；第73烈士(1)；李敖语录(1),诗、研究、文学、见、师母、哥哥、老师、见面
顾祝同,军事人物 / 政治人物 / 诗文出处 / 历史类比引用,军事人物,99,20,20,8,11,中国现代史定论(6)；我梦碎，所以我梦醒(4)；我最难忘的事和人(3)；中国现代史正论(3)；李敖语录(1)；李敖随写录后集(1)；中国性研究(1)；李敖大哥大(1),出版、司令、书中、将军、上校、中将、总统、所谓
马歇尔,军事人物 / 政治人物 / 历史类比引用 / 神交引用,军事人物,99,20,20,7,8,李敖大哥大(8)；李敖笑傲江湖(4)；一个预备军官的日记(2)；李敖书序集(2)；挑战李敖(2)；我是天安门(1)；李敖秘密书房(1),国民党、共产党、传记、将军、总统、一起、同事、参谋
骆学良,媒体 / 出版 / 通信,媒体,99,20,20,3,3,李敖书笺集(9)；李敖自传与回忆续集(8)；李敖自传与回忆(3),见、所谓、编辑、总编辑、副总编辑、警总、政战、先生
魏德迈,军事人物 / 历史类比引用 / 神交引用,军事人物,99,20,20,4,4,你是景福门(14)；一个预备军官的日记(2)；李敖书序集(2)；李敖大哥大(2),将军、国民党、研究、大学、所长、共产党、见、总统
龙云,军事人物 / 政治人物 / 历史类比引用,军事人物,99,20,20,8,10,挑战李敖(5)；我梦碎，所以我梦醒(4)；李敖书序集(4)；第73烈士(2)；李敖颠倒众生(2)；我最难忘的事和人(1)；世论新语(1)；为自由招魂(1),政府、电报、委员、国民党、见、龙云、将军、党务
丁颍,朋友 / 政治异议者 / 创作资料协助 / 同案狱友,朋友,99,19,19,5,6,李敖自传与回忆续集(6)；李敖书翰集(6)；李敖五五日记(3)；李敖书序集(3)；李敖书牍集(1),诗、丁颍、朋友、出版社、出版、文星、警总、老师
从自己,学术 / 政治人物 / 公共论战,待复核,99,19,16,9,10,李敖大哥大(10)；李敖书函集(2)；李敖快意恩仇录(1)；李敖议坛哀思录(1)；李敖风流自传(1)；千秋万岁乌鸦求是合集(1)；北京法源寺(1)；李语录(1),大学、总统、国民党、朋友、台独、见、研究、学术
伊诺努,神交引用 / 政治人物,神交引用,99,19,19,8,9,上下古今谈(5)；挑战李敖(4)；李敖颠倒众生(4)；李敖大哥大(2)；李敖议坛哀思录(1)；传统下的再白(1)；文化论战丹火录(1)；李敖语录(1),国民党、部长、见、委员、政治
何思源,政治人物,政治人物,99,19,19,3,3,我最难忘的事和人(11)；李敖笑傲江湖(6)；千秋万岁乌鸦求是合集(2),市长、委员、警察、女儿、将军、国民党、选举、党部
侯贵生,同案狱友 / 社会案件 / 诉讼,同案狱友,99,19,19,2,3,中国性研究(18)；李敖秘藏日记(1),太太、看守所、见、古代、写信、记者、监狱、法院
冉茂芹,见面 / 神交引用,待复核,99,19,10,2,4,李敖大哥大(13)；你笨蛋，你笨蛋(6),像、见、见到、到我家、我家来、拜访、请我、先生
卓文君,历史类比引用 / 情感 / 神交引用,历史类比引用,99,19,19,12,13,挑战李敖(4)；早年日记(2)；李敖情书集(2)；读史指南(2)；要把金针度与人(2)；李敖回忆录(1)；传统下的独白(1)；李敖文存二集(1),像、太太、女儿、见、打电话、电话、妻、古代
古人所,神交引用 / 学术,神交引用,99,19,19,13,15,要把金针度与人(4)；李敖文存(2)；千秋万岁乌鸦求是合集(2)；为历史拨云(2)；你笨蛋，你笨蛋(1)；李敖新刊(1)；李敖书翰集(1)；给马戈的五十封信(1),古人、所谓、学术、思想、像、告诉我、作品、学者
吴佩孚,军事人物 / 政治人物 / 历史类比引用,军事人物,99,19,19,9,10,李敖秘密书房(8)；李敖书序集(2)；中国近代史新论(2)；中国现代史正论(2)；李敖全集(1)；李敖新刊(1)；千秋万岁乌鸦求是合集(1)；李敖笑傲江湖(1),政府、见、读、国民党、编辑、大学、书记官、秘书
吴基福,医疗照护 / 见面 / 公共论战,医疗照护,99,19,19,7,8,传统下的独白(6)；李敖全集(5)；李敖语录(3)；上下古今谈(2)；千秋万岁乌鸦求是合集(1)；李语录(1)；李敖情书集(1),先生、文星、所谓、委员、像、学生、台大、对我说
吴王阖庐,政治人物 / 军事人物 / 历史类比引用 / 神交引用,政治人物,99,19,19,3,5,要把金针度与人(10)；为历史拨云(8)；一个预备军官的日记(1),见、孙子武者，齐人也、著作、吴王阖庐、以‘兵法’见于吴王阖庐、父亲、刺杀吴王僚、古代
吴越潮,政治人物 / 公职人员 / 财产债务 / 创作资料协助 / 见面,政治人物,99,19,19,9,9,李敖札记(4)；李敖书启集(4)；李敖书信集(3)；李敖笑傲江湖(3)；李敖自传与回忆续集(1)；李敖快意恩仇录(1)；李敖杂文集(1)；挑战李敖(1),委员、国民党、先生、产权、大学、政府、协议书、研究
如来佛,虚拟人物 / 宗教人物 / 历史类比引用 / 神交引用,虚拟人物,99,19,19,7,11,李敖大哥大(6)；挑战李敖(4)；李敖全集(3)；爱情的秘密(2)；李敖情书集(2)；文化论战丹火录(1)；为历史拨云(1),像、读、出版、见
宋高宗,政治人物 / 历史类比引用 / 神交引用,政治人物,99,19,19,8,11,为历史拨云(5)；要把金针度与人(4)；李敖大哥大(3)；历史与人像(2)；挑战李敖(2)；我最难忘的事和人(1)；李敖文存(1)；中国艺术新研(1),见、研究、所谓、古代、写信、儿子、主义、写信骂秦桧、并上书宋高宗
广田弘,姻亲 / 政治人物 / 亲属 / 神交引用,姻亲,99,19,18,5,5,李敖笑傲江湖(8)；李敖大哥大(6)；千秋万岁乌鸦求是合集(2)；李敖语录(2)；虽千万人，李敖往矣(1),夫人、部长、太太、女儿、主义、像、爸爸、老师
徐庆钟,政治人物 / 公职人员 / 亲属 / 创作资料协助 / 历史类比引用,政治人物,99,19,19,2,6,挑战李敖(18)；李敖秘密书房(1),儿子、院长、认识、老师、共产党、朋友、序、先生
支持国,公共论战 / 政治人物 / 学术,公共论战,99,19,19,7,15,李敖秘密书房(6)；挑战李敖(5)；李敖访谈录1990-2018(3)；李敖语录(2)；李敖相关(1)；李敖秘藏日记(1)；李敖大哥大(1),国民党、政府、总统、像、选举、出版、政治、发行
斯威夫特,诗文出处 / 历史类比引用 / 神交引用,诗文出处,99,19,19,8,8,教育与脸谱(5)；李敖随写录后集(3)；李敖快意恩仇录(2)；传统下的独白(2)；传统下的再白(2)；李敖语录(2)；给马戈的五十封信(2)；大学日记后期乙集(1),像、将军、见、政府、所谓、Swift写格烈佛游记
曾宪政,学术 / 学术行政 / 公职人员 / 公共论战,学术,99,19,19,3,5,挑战李敖(14)；李敖大哥大(4)；李敖议坛哀思录(1),委员、像、高雄市的教育局局长、大学、见、总统、教授、部长
朱彝尊,神交引用 / 诗文出处 / 学术,神交引用,99,19,15,5,8,读史指南(6)；要把金针度与人(5)；中国艺术新研(4)；传统下的再白(3)；李敖情书集(1),诗、像、书目作者表、主义、朋友、读、传记、学者
李朋,媒体 / 被害人 / 社会案件 / 同案狱友 / 刑求受害,媒体,99,19,19,1,1,李敖书序集(19),李朋、政治、李朋等、书中、学生、同学、交往、大学
李永然,律师代理 / 诉讼,律师代理,99,19,19,7,10,李敖自传与回忆续集(4)；李敖秘藏日记(4)；李敖五五日记(4)；李敖风流自传(3)；李敖快意恩仇录(2)；李敖回忆录(1)；李敖书简集(1),律师、国民党、见、离婚、见证、党部、债权、证人
李涛,军事人物 / 证人见证 / 历史类比引用,军事人物,99,19,19,5,10,李敖大哥大(11)；中国现代史定论(4)；李敖颠倒众生(2)；李敖快意恩仇录(1)；李敖访谈录1990-2018(1),节目、国民党、特务、报纸、报人、民进党、碰到、告诉我
林俊义,学术 / 政治人物 / 公共论战,学术,99,19,19,5,10,李敖笑傲江湖(6)；世论新语(5)；李敖Talk秀(4)；求是新语(3)；李敖快意恩仇录(1),民进党、教授、大学、国民党、政府、像、警察、政治
林宅血,亲属 / 公共论战 / 姻亲 / 神交引用,亲属,99,19,17,9,13,李敖大哥大(5)；李敖秘密书房(4)；李敖语录(2)；李敖书札集(2)；挑战李敖(2)；世论新语(1)；李敖对话录(1)；李敖书笺集(1),国民党、妈妈、像、民进党、一起、太太、女儿、特务
林宪同,律师代理 / 社会案件,律师代理,99,19,19,6,12,李敖议坛哀思录(9)；李敖风流自传(4)；世论新语(2)；求是新语(2)；李敖颠倒众生(1)；李敖大哥大(1),律师、民进党、总统、委员、部长、政府、序、财产
林文郎,政治人物 / 党务宣传,政治人物,99,19,19,7,8,李敖大哥大(5)；求是新语(4)；李敖随写录前集(3)；李敖书笺集(3)；李敖议坛哀思录(2)；李敖秘藏日记(1)；李敖秘密书房(1),民进党、国民党、委员、财产、见、电话、民进党昨天第五届第一次党员代表大会、报导
江丙坤,政治人物 / 见面 / 公共论战,待复核,99,19,13,6,13,李敖议坛哀思录(8)；李敖大哥大(4)；李敖风流自传(2)；我梦碎，所以我梦醒(2)；挑战李敖(2)；虽千万人，李敖往矣(1),法院、国民党、见、告诉我、研究、院长、委员、部长
汤恩伯,军事人物 / 见面 / 朋友,军事人物,99,19,14,3,4,李敖书笺集(13)；我梦碎，所以我梦醒(3)；李敖大哥大(3),司令、主席、政府、见、将军、告诉我、问我、序
洪根树,司法人员 / 诉讼 / 公共论战,司法人员,99,19,19,2,3,李敖笑傲江湖(15)；李敖快意恩仇录(4),法官、法院、判决、上诉、警备总部、政府、查禁、思想
王祥基,媒体 / 朋友 / 见面,媒体,99,19,19,3,8,李敖议坛哀思录(10)；李敖风流自传(8)；你笨蛋，你笨蛋(1),电话、节目、一起、秘书、所谓、像、书店、电视
王莽,政治人物 / 公职人员 / 宗教人物 / 历史类比引用 / 神交引用,政治人物,99,19,19,11,14,挑战李敖(5)；要把金针度与人(3)；中国迷信新研(2)；李敖秘密书房(2)；独白下的传统(1)；李敖语录(1)；一个预备军官的日记(1)；李敖访谈录1990-2018(1),古代、卓茂、谯玄不跟王莽合作、王莾的改制、《汉书·王莽传下》记王莽天凤四年、王莽走投无路的时候、诗、批评、儿子
祁乐陶,亲属 / 政治异议者 / 同案狱友 / 公职人员,亲属,99,19,19,2,3,李敖书序集(12)；千秋万岁乌鸦求是合集(7),读、见、共产党、书记官、法院、祁式潜、祁乐陶、结婚
简芳达,媒体 / 文艺音乐 / 公共论战 / 神交引用,媒体,99,19,19,6,6,李敖语录(11)；李敖秘密书房(4)；李敖新刊(1)；一个预备军官的日记(1)；李敖札记(1)；李敖大哥大(1),政治、总统、主义、见、福利社、结婚
维多利亚女王,历史类比引用 / 政治人物 / 神交引用,历史类比引用,99,19,19,5,7,李敖颠倒众生(7)；李敖Talk秀(4)；波波颂(3)；北京法源寺(3)；上山·上山·爱(2),太太、见、主义、学者、政府
罗明才,亲属 / 诉讼 / 政治人物,亲属,99,19,12,2,7,李敖大哥大(14)；李敖议坛哀思录(5),法院、儿子、委员、父亲、主席、立委、像、找他
胡兰成,见面 / 通信 / 神交引用 / 亲属,见面,99,19,17,1,1,李敖秘密书房(19),认识、像、写信、说过、杂志、宣传、朋友、政府
能会有,见面 / 神交引用 / 学术,见面,99,19,15,10,18,李敖秘密书房(7)；挑战李敖(4)；李敖议坛哀思录(1)；李敖新刊(1)；千秋万岁乌鸦求是合集(1)；李敖对话录(1)；李敖访谈录1990-2018(1)；李敖情书集(1),像、见、国民党、大学、委员、部长、见面、政府
能够到,政治人物 / 学术 / 亲属 / 媒体,待复核,99,19,13,4,18,挑战李敖(7)；李敖秘密书房(6)；李敖笑傲江湖(5)；李敖颠倒众生(1),妹妹、电视、研究、像、总统、政府、朋友、政治
萧何,政治人物 / 公职人员 / 历史类比引用 / 神交引用,政治人物,99,19,19,12,13,中国迷信新研(4)；李敖语录(3)；李敖议坛哀思录(2)；李敖文存二集(2)；独白下的传统(1)；教育与脸谱(1)；你是景福门(1)；李敖的情诗(1),政治、见、像、国民党、妈妈、诗、批评、所谓
董显光,媒体 / 诗文出处 / 历史类比引用,媒体,99,19,19,8,13,李敖笑傲江湖(7)；中国现代史定论(3)；李敖大哥大(3)；中国现代史正论(2)；千秋万岁乌鸦求是合集(1)；虽千万人，李敖往矣(1)；中国艺术新研(1)；挑战李敖(1),总统、国民党、共产党、大学、告诉我、老师、新闻局长董显光、016/董显光/蒋总统传
蒋匀田,政治人物 / 出版 / 学术 / 公共论战,政治人物,99,19,19,7,8,李敖随写录后集(6)；教育与脸谱(4)；挑战李敖(4)；李敖报刊集(2)；李敖文存(1)；为中国思想趋向求答案(1)；李敖书笺集(1),先生、文星、朋友、见、像、蒋匀田先生、教书、研究
蒋君章,诗文出处 / 历史类比引用,诗文出处,99,19,19,6,7,李敖自传与回忆(5)；李敖回忆录(5)；中国现代史正论(5)；我梦碎，所以我梦醒(2)；李敖笑傲江湖(1)；李敖大哥大(1),助理、研究、委员、大学、见、出版、北大、编辑
许登源,出版 / 公共论战,出版,99,19,19,7,9,文化论战丹火录(7)；李敖风流自传(3)；李敖回忆录(2)；李敖快意恩仇录(2)；李敖情书集(2)；中国现代史定论(2)；李敖全集(1),探监、攻击、学生、写信、文星、教授、论战、思想
谢瀛华,医疗照护 / 学术 / 见面,医疗照护,99,19,19,1,1,李敖Talk秀(19),告诉我、像、请我、妈妈、太太、先生、广播、家里
郭凤祥,社会案件,社会案件,99,19,19,1,1,中国性研究(19),管理员、妻、管理员葛树楷、妓女杨美玉、同事、见、被杀死的妓女吴秋香、行凶的嫖客郭凤祥
钟永盛,司法人员 / 诉讼 / 公共论战,司法人员,99,19,19,1,2,千秋万岁乌鸦求是合集(19),检察官、证人、警察、公诉、起诉、选举、见、刑警
陈永兴,政治人物 / 党务宣传,政治人物,99,19,19,7,10,世论新语(11)；李敖随写录前集(2)；李敖颠倒众生(2)；李敖回忆录(1)；李敖风流自传(1)；李敖笑傲江湖(1)；李敖大哥大(1),民进党、主席、国民党、委员、秘书、太太、政治、总统
陈苾仙,财产债务 / 诉讼 / 公款经费 / 公共论战,财产债务,99,19,19,2,3,李敖书信集(11)；李敖自传与回忆续集(8),过户、房产、妻、陈宓仙女士、法院、电话、房地、土地
陈长文,学术 / 公共论战,学术,99,19,19,5,6,挑战李敖(7)；李敖大哥大(7)；千秋万岁乌鸦求是合集(2)；李敖随写录前集(2)；求是新语(1),事务、律师、秘书、院长、台大、国民党、晤、访问
马君武,学术 / 诗文出处 / 公共论战 / 历史类比引用,学术,99,19,19,6,7,中国现代史正论(9)；李敖笑傲江湖(4)；李敖大哥大(3)；李敖风流自传(1)；我梦碎，所以我梦醒(1)；李敖Talk秀(1),诗、大学、杂志、同学、研究、台大、国民党、见
高斯,科学家 / 学术 / 神交引用,科学家,99,19,19,7,8,虚拟的十七岁(7)；李敖大哥大(5)；挑战李敖(3)；李敖回忆录(1)；李敖议坛哀思录(1)；李敖风流自传(1)；李敖五五日记(1),老师、学生、代理、一起、像、告诉我
黄宏成,师生 / 学术 / 见面,师生,99,19,19,8,11,李敖回忆录(6)；李敖风流自传(4)；李敖笑傲江湖(4)；李敖相关(1)；你笨蛋，你笨蛋(1)；李敖秘密书房(1)；李敖Talk秀(1)；李敖大哥大(1),大学、学生、请我、请他、教书、拜访、同学、写信
于学忠,军事人物 / 政治人物 / 历史类比引用,军事人物,99,18,18,2,3,中国现代史正论(17)；中国现代史定论(1),见、司令、一起、院长、军长、所谓、特务、政府
于陈水,政治人物 / 公共论战 / 媒体,待复核,99,18,14,4,16,李敖大哥大(12)；李敖议坛哀思录(3)；李敖访谈录1990-2018(2)；李敖秘密书房(1),民进党、总统、主席、国民党、政府、记者、军购、见
云南,神交引用 / 军事人物,待复核,99,18,9,12,17,李敖秘密书房(4)；我是天安门(2)；北京法源寺(2)；李敖书函集(2)；我最难忘的事和人(1)；李敖回忆录(1)；上下古今谈(1)；李敖随写录后集(1),诗、像、将军、家里、见、学生、大学、共产党
公然宣,朋友 / 党务宣传 / 姻亲,朋友,99,18,16,12,12,中国现代史定论(6)；李敖访谈录1990-2018(2)；李敖快意恩仇录(1)；李敖全集(1)；我是天安门(1)；李敖新刊(1)；千秋万岁乌鸦求是合集(1)；阳痿美国(1),朋友、宣传、见、记者、妻、结婚、文学、教授
刘堂坤,医疗照护 / 诉讼 / 社会案件,医疗照护,99,18,18,2,2,上下古今谈(14)；李敖语录(4),法官、判决、像、书里、想象力、对我说、所谓、见
利益交,政治人物 / 见面,政治人物,99,18,16,3,14,挑战李敖(12)；李敖大哥大(4)；李敖秘密书房(2),总统、请他、请我、国民党、委员、见、见面、朋友
卡门,虚拟人物,虚拟人物,99,18,18,7,9,李敖大哥大(12)；传统下的独白(1)；我梦碎，所以我梦醒(1)；上山·上山·爱(1)；虚拟的十七岁(1)；李敖语录(1)；李敖情书集(1),像、节目、儿子、女儿、记者、情人、主义、共产党
史密斯,政治人物 / 创作资料协助 / 历史类比引用,政治人物,99,18,18,7,8,李敖笑傲江湖(9)；波波颂(2)；李敖语录(2)；挑战李敖(2)；求是新语(1)；李敖对话录(1)；为历史拨云(1),总统、政治、名言、夫人、太太、史密斯当年跟美国的胡佛总统互相竞争、这个打手就是小罗斯福总统
史怀哲,宗教人物 / 人权救援 / 历史类比引用 / 神交引用,宗教人物,99,18,18,9,10,李敖笑傲江湖(4)；李敖语录(3)；李敖回忆录(2)；李敖风流自传(2)；波波颂(2)；李敖报刊集(2)；李敖全集(1)；李敖秘藏日记(1),财产、跟我说、像、主义、文学、妻、历史上、文星
吴章铨,出版 / 通信,出版,99,18,18,9,9,我最难忘的事和人(3)；李敖快意恩仇录(3)；李敖风流自传(3)；李敖新刊(3)；李敖书笺集(2)；李敖自传与回忆(1)；大学日记后期乙集(1)；李敖书启集(1),研究、台大、见、院长、文学、大学、国民党、投稿
吴铸人,诗文出处 / 公共论战 / 历史类比引用,诗文出处,99,18,18,8,11,我最难忘的事和人(5)；李敖回忆录(2)；李敖风流自传(2)；你笨蛋，你笨蛋(2)；大学日记后期乙集(2)；李敖随写录前集(2)；中国现代史正论(2)；李敖自传与回忆(1),学生、同学、市长、思想、委员、党部、朋友、同班
唐高宗,历史类比引用 / 政治人物 / 情感 / 神交引用,历史类比引用,99,18,18,9,12,中国性研究(5)；要把金针度与人(4)；中国命研究(3)；独白下的传统(1)；李敖文存二集(1)；李敖语录(1)；为历史拨云(1)；李敖笑傲江湖(1),儿子、诗、序、批评、读、父亲、唐高宗的倒扒一灰、史学
国际奸,公共论战 / 政治人物 / 刑求人员 / 见面,公共论战,99,18,17,7,10,李敖风流自传(7)；李敖回忆录(3)；李敖文存(3)；李敖快意恩仇录(2)；李敖自传与回忆续集(1)；我是天安门(1)；李敖笑傲江湖(1),国民党、政府、委员、共产党、台独、朋友、特务、问我
宣布说,政治人物 / 见面,待复核,99,18,10,7,17,李敖大哥大(7)；李敖秘密书房(3)；李敖颠倒众生(3)；李敖自传与回忆(2)；我是天安门(1)；阳痿美国(1)；李敖笑傲江湖(1),总统、见、序、夫人、所谓、记者、县长、政府
宣布退,政治人物 / 公共论战,政治人物,99,18,13,9,12,李敖大哥大(5)；挑战李敖(4)；李敖议坛哀思录(2)；虽千万人，李敖往矣(2)；求是新语(1)；李敖访谈录1990-2018(1)；李敖书信集(1)；李敖笑傲江湖(1),政治、总统、国民党、市长、将军、像、选举、写信
居瀛棣,亲属 / 政治异议者 / 同案狱友,亲属,99,18,18,2,3,李敖书序集(10)；千秋万岁乌鸦求是合集(8),共产党、夫人、见、书记官、法院、居瀛棣、读、女儿
屠格涅夫,诗文出处 / 历史类比引用 / 神交引用,诗文出处,99,18,18,10,13,李敖语录(3)；中国性研究(3)；李敖自传与回忆续集(2)；文化论战丹火录(2)；虽千万人，李敖往矣(2)；大学札记(2)；传统下的独白(1)；波波颂(1),作品、文学、像、大学、碰到、一起、研究、哲学
张仪君,见面 / 公共论战,见面,99,18,18,1,1,李敖Talk秀(18),张仪君：、学生、大学、朋友、老师、像、读、见
张麟征,学术 / 公共论战,学术,99,18,18,6,10,挑战李敖(9)；世论新语(4)；李敖颠倒众生(2)；李敖快意恩仇录(1)；求是新语(1)；你是景福门(1),教授、台大、老师、法务部、部长、总统、访问、检察官
徐世昌,政治人物 / 公职人员 / 历史类比引用,政治人物,99,18,18,7,9,中国近代史新论(7)；历史与人像(3)；李敖Talk秀(3)；我梦碎，所以我梦醒(2)；李敖新刊(1)；挑战李敖(1)；李敖大哥大(1),总统、政府、读、袁世凯为会办大臣，徐世昌为提调，刘永庆为军政司正使、警察、派徐世昌（时已内调）、伍廷芳、载泽、端方、戴鸿慈等五大臣、以尚其亨、李盛铎代替徐世昌、绍英、张一麐是民国第五、六任内阁
戈迪瓦,历史类比引用 / 情感 / 神交引用,历史类比引用,99,18,18,2,2,中国性研究(17)；虚拟的十七岁(1),夫人、见、像、碰到、太太、戈迪瓦夫人（Lady Godiva）、丈夫叫列佛瑞克
成协议,编辑 / 律师代理,待复核,99,18,11,10,16,李敖大哥大(5)；李敖书信集(3)；中国现代史正论(2)；挑战李敖(2)；李敖回忆录(1)；李敖风流自传(1)；千秋万岁乌鸦求是合集(1)；李敖随写录后集(1),发行、杂志、律师、国民党、法院、土地、电话、事务
文字表,神交引用 / 见面 / 师生 / 媒体,待复核,99,18,12,11,17,李敖访谈录1990-2018(4)；李敖秘密书房(4)；李敖笑傲江湖(2)；李敖风流自传(1)；李敖全集(1)；文化论战丹火录(1)；千秋万岁乌鸦求是合集(1)；虚拟的十七岁(1),文学、像、电视、教授、大学、到我家、太太、学生
朱家骅,学术行政 / 政治人物 / 公职人员 / 创作资料协助 / 历史类比引用,学术行政,99,18,18,9,10,李敖语录(4)；中国现代史正论(4)；上下古今谈(3)；教育与脸谱(2)；李敖议坛哀思录(1)；李敖风流自传(1)；传统下的再白(1)；世论新语(1),研究、中央研究院、政府、院长、国民党、部长、实报实销、特支费
朱良箴,诗文出处 / 学术 / 朋友 / 见面,诗文出处,99,18,18,3,5,李敖大哥大(11)；你笨蛋，你笨蛋(4)；李敖书信集(3),朋友、序、教授、编辑、总编辑、朱良箴教授、母亲、见
李政道,科学家 / 学术 / 历史类比引用 / 公共论战,科学家,99,18,18,7,11,李敖秘密书房(9)；李敖书札集(3)；李敖Talk秀(2)；李敖快意恩仇录(1)；李敖文存(1)；李敖五五日记(1)；中国现代史正论(1),学生、见、学术、研究、院长、政府、国民党、家中
李林甫,神交引用 / 政治人物,神交引用,99,18,18,4,4,上下古今谈(6)；李敖语录(6)；独白下的传统(5)；为自由招魂(1),见、像、见到、儿子、妈妈、古代、读、诗
杨嘉荣,学术 / 律师代理 / 见面 / 公共论战,学术,99,18,18,1,1,李敖Talk秀(18),朋友、妻、大学、北大、像、所谓、历史上、先生
林云,宗教人物 / 婚姻相关 / 公共论战,宗教人物,99,18,18,10,14,李敖风流自传(3)；李敖大哥大(3)；李敖回忆录(2)；千秋万岁乌鸦求是合集(2)；李敖对话录(2)；李敖秘密书房(2)；李敖快意恩仇录(1)；上山·上山·爱(1),父亲、电视、学生、林云、打电话、电话、老师、广播
林清玄,姻亲,姻亲,99,18,14,6,13,李敖大哥大(7)；挑战李敖(6)；李敖回忆录(2)；李敖快意恩仇录(1)；李敖风流自传(1)；千秋万岁乌鸦求是合集(1),离婚、朋友、太太、书里、见、见到、恋爱、写信
林献堂,政治人物 / 诗文出处 / 历史类比引用 / 公共论战,政治人物,99,18,18,5,8,挑战李敖(9)；李敖大哥大(5)；李敖秘密书房(2)；你是景福门(1)；李敖五五日记(1),像、节目、总统、所谓、委员、部长、出版社、出版
林紫耀,证人见证 / 财产债务 / 诉讼 / 朋友 / 见面,证人见证,99,18,18,7,9,李敖书简集(5)；李敖自传与回忆续集(4)；早年日记(4)；李敖秘藏日记(2)；李敖回忆录(1)；李敖快意恩仇录(1)；李敖书函集(1),请我、电话、结证、见、出版社、出版、院长、警备总部
林肯说,见面 / 神交引用 / 政治人物,待复核,99,18,13,14,18,李敖语录(3)；千秋万岁乌鸦求是合集(2)；李敖大哥大(2)；李敖议坛哀思录(1)；我是天安门(1)；李敖杂文集(1)；红色11(1)；阳痿美国(1),见、朋友、总统、像、国民党、思想、序、太太
桂裕,师生 / 学术,师生,99,18,18,3,4,李敖大哥大(10)；李敖风流自传(6)；李敖快意恩仇录(2),老师、学生、读、市长、一起、问我
沈剑虹,政治人物 / 学术 / 公共论战,政治人物,99,18,18,11,16,李敖议坛哀思录(4)；李敖风流自传(3)；李敖快意恩仇录(2)；我梦碎，所以我梦醒(2)；波波颂(1)；你笨蛋，你笨蛋(1)；李敖新刊(1)；李敖语录(1),教授、国民党、见、法院、委员、院内、军购、部长
洪亮吉,学术 / 诗文出处 / 历史类比引用 / 神交引用,学术,99,18,18,4,4,读史指南(8)；要把金针度与人(8)；虽千万人，李敖往矣(1)；中国艺术新研(1),书目作者表、学者、思想、见、洪亮吉的人口论，与马尔萨斯、洪亮吉：《洪北江先生遗集》、读、古人
洪奇昌,政治人物 / 政治异议者 / 公共论战 / 见面,政治人物,99,18,18,9,13,李敖议坛哀思录(5)；李敖随写录前集(3)；李敖秘藏日记(2)；李敖札记(2)；李敖大哥大(2)；世论新语(1)；你是景福门(1)；李敖随写录后集(1),民进党、立委、主席、警察、法院、洪奇昌、朋友、宣传
王华隆,学术 / 学术行政 / 公共论战,学术,99,18,18,1,1,李敖全集(18),文学、博士、先生、大学、著作、师生、院长、学术
王夫之,学术 / 诗文出处 / 政治异议者 / 历史类比引用 / 神交引用,学术,99,18,18,7,7,读史指南(6)；要把金针度与人(6)；中国现代史定论(2)；千秋万岁乌鸦求是合集(1)；李敖书信集(1)；中国命研究(1)；李敖笑傲江湖(1),书目作者表、读、书里、政治、思想、儿子、学者、大学
王导,政治人物 / 神交引用,政治人物,99,18,18,10,10,你是景福门(3)；独白下的传统(2)；李敖文存(2)；千秋万岁乌鸦求是合集(2)；虽千万人，李敖往矣(2)；李敖书信集(2)；挑战李敖(2)；李敖议坛哀思录(1),像、哥哥、弟弟、见、历史上、政府、书中、家里
王曾才,同学 / 见面 / 学术,同学,99,18,18,8,14,大学日记后期乙集(4)；一个预备军官的日记(4)；李敖自传与回忆(3)；早年日记(2)；大学日记后期甲集(2)；我最难忘的事和人(1)；李敖回忆录(1)；独白下的传统(1),见、大学、研究、爸爸、诗、写稿、学术、秘书
田光,历史类比引用 / 江湖人物 / 神交引用,历史类比引用,99,18,18,4,5,北京法源寺(14)；李敖对话录(2)；传统下的独白(1)；李敖语录(1),像、序、见、见到、母亲、拜访、朋友、国民党
田弘茂,政治人物,政治人物,99,18,16,3,4,李敖大哥大(11)；李敖秘密书房(6)；李敖颠倒众生(1),部长、像、总统、法院、告诉我、先生、访问、民进党
白冰冰,媒体 / 亲属 / 社会案件 / 公共论战,媒体,99,18,18,3,6,李敖笑傲江湖(12)；挑战李敖(5)；李敖快意恩仇录(1),女儿、电视、政治、国民党
秦宜禄,军事人物 / 历史类比引用 / 公共论战,军事人物,99,18,18,3,4,李敖笑傲江湖(11)；上下古今谈(4)；李敖语录(3),太太、妻、见、儿子、告诉我、吕布就派一个人出来叫秦宜禄、乞纳宜禄妻、秦宜禄老婆
童元方,情感 / 姻亲 / 师生,情感,99,18,16,1,1,李敖大哥大(18),情书、太太、结婚、教授、学者、大学、见、出版
纪政,体育人物 / 媒体 / 公共论战 / 选举助选,体育人物,99,18,18,6,8,李敖书信集(5)；李敖书牍集(4)；李敖笑傲江湖(4)；波波颂(2)；李敖书简集(2)；李敖书函集(1),杂志、见、控告、国民党、辩护、访问、所谓、关怀
罗文干,司法人员 / 政治人物 / 公共论战 / 神交引用,司法人员,99,18,18,9,10,李敖全集(4)；李敖大哥大(4)；千秋万岁乌鸦求是合集(3)；李敖语录(2)；李敖快意恩仇录(1)；上下古今谈(1)；李敖书信集(1)；李敖书简集(1),政府、总统、国民党、大学、法院、政治、序、见
耿耿,朋友 / 神交引用 / 亲属,朋友,99,18,16,14,17,李敖自传与回忆(2)；李敖快意恩仇录(2)；李敖风流自传(2)；李敖语录(2)；李敖全集(1)；你笨蛋，你笨蛋(1)；李敖新刊(1)；千秋万岁乌鸦求是合集(1),朋友、主义、爸爸、像、见、出版社、出版、院长
舒尔兹,政治人物 / 公共论战,政治人物,99,18,18,1,3,李敖札记(18),助理、事务、国民党、总统、读、乔治·舒尔兹、打电话、电话
苏东启,政治异议者 / 同案狱友 / 诉讼,政治异议者,99,18,18,7,9,千秋万岁乌鸦求是合集(8)；李敖对话录(3)；李敖书笺集(2)；李敖书牍集(2)；你是景福门(1)；李敖秘藏日记(1)；李敖书简集(1),国民党、父亲、政治、检察官、起诉、母亲、判决、监狱
范巽绿,政治人物 / 公共论战,政治人物,99,18,18,4,5,挑战李敖(9)；李敖秘密书房(4)；李敖议坛哀思录(3)；李敖大哥大(2),委员、民进党、总统、像、立委、结婚、家里、陈文茜说：别提范巽绿了
范秉阁,司法人员 / 诉讼 / 公共论战,司法人员,99,18,18,5,6,李敖笑傲江湖(8)；李敖快意恩仇录(5)；千秋万岁乌鸦求是合集(2)；李敖书函集(2)；李敖自传与回忆续集(1),判决、法官、法院、政府、母亲、上诉、庭长、书中
萨达姆·侯赛因,政治人物 / 军事人物 / 公共论战 / 神交引用,政治人物,99,18,18,4,5,你是景福门(13)；阳痿美国(2)；李敖书函集(2)；李敖秘密书房(1),主义、像、秘书、访问、电视、胡森（海珊）哥全身裸照、导演
董必武,政治人物 / 公共论战 / 历史类比引用 / 神交引用,政治人物,99,18,18,5,5,李敖秘密书房(8)；第73烈士(5)；我是天安门(3)；我梦碎，所以我梦醒(1)；北京法源寺(1),共产党、学术、见、大学、研究、一起、教授、秘书
蒋复璁,学术 / 公职人员 / 诗文出处 / 出版 / 历史类比引用,学术,99,18,18,8,9,读史指南(5)；李敖随写录后集(4)；李敖自传与回忆(2)；大学日记后期乙集(2)；李敖书笺集(2)；早年日记(1)；一个预备军官的日记(1)；李敖笑傲江湖(1),还钱、杂志、见、总统、蒋复璁在《古今图书集成的前因后果》、教授、授课、助理
赵怡,媒体 / 见面 / 通信 / 学术 / 亲属,媒体,99,18,16,7,13,挑战李敖(11)；李敖书启集(2)；虽千万人，李敖往矣(1)；李敖五五日记(1)；李敖秘密书房(1)；李敖Talk秀(1)；李敖大哥大(1),朋友、电视、碰到、节目、电话、国民党、博士、同学
连震东,亲属 / 财产债务 / 历史类比引用,亲属,99,18,18,7,8,挑战李敖(6)；李敖大哥大(4)；李敖笑傲江湖(3)；虽千万人，李敖往矣(2)；上下古今谈(1)；李敖语录(1)；李敖颠倒众生(1),爸爸、国民党、财产、像、支票、部长、先生、市长
郑淑敏,媒体 / 见面,媒体,99,18,18,7,8,李敖笑傲江湖(5)；李敖颠倒众生(4)；李敖随写录后集(3)；挑战李敖(3)；李敖快意恩仇录(1)；李敖书启集(1)；李敖大哥大(1),委员、国民党、像、共产党、出版、碰到、电视、碰到郑淑敏
都纷纷,通信 / 情感,待复核,99,18,9,14,17,李敖自传与回忆续集(2)；传统下的独白(2)；上下古今谈(2)；李敖语录(2)；李敖自传与回忆(1)；李敖风流自传(1)；李敖文存二集(1)；教育与脸谱(1),情人、写信、情书、见、看守所、所长、课长、戒护课长
钟廖权,通信 / 创作资料协助 / 财产债务 / 见面,通信,99,18,18,3,5,李敖五五日记(10)；李敖书札集(5)；李敖随写录前集(3),晤、电话、律师、来信、回信、太太、见、法院
闻报导,媒体 / 出版,媒体,99,18,18,12,18,挑战李敖(4)；千秋万岁乌鸦求是合集(2)；阳痿美国(2)；李敖大哥大(2)；上下古今谈(1)；求是新语(1)；红色11(1)；虽千万人，李敖往矣(1),报导、电视、法院、报纸、像、委员、杂志、节目
陈聪明,司法人员 / 诉讼,司法人员,99,18,18,3,3,李敖议坛哀思录(15)；李敖自传与回忆续集(2)；李敖回忆录(1),起诉、立委、检察官、一起、法院、妻、国民党、委员
高点,神交引用 / 诉讼,待复核,99,18,7,9,13,虽千万人，李敖往矣(5)；第73烈士(3)；虚拟的十七岁(2)；挑战李敖(2)；李敖大哥大(2)；李敖文存(1)；上山·上山·爱(1)；早年日记(1),像、主席、法院、国民党、所谓、见、一起、老师
高难度,政治人物,待复核,99,18,12,6,14,李敖访谈录1990-2018(5)；李敖秘密书房(4)；上山·上山·爱(3)；李敖大哥大(3)；李敖颠倒众生(2)；李敖议坛哀思录(1),总统、国民党、将军、恋爱、诗、学者、教授、博士
鲍叔牙,政治人物 / 历史类比引用 / 神交引用,政治人物,99,18,18,5,5,中国艺术新研(7)；千秋万岁乌鸦求是合集(5)；要把金针度与人(3)；李敖语录(2)；李敖访谈录1990-2018(1),读、国民党、朋友、告诉我、政治、碰到、序、学术
CT,通信 / 朋友 / 称谓待考,通信,99,17,17,10,12,李敖议坛哀思录(6)；李敖访谈录1990-2018(2)；李敖书翰集(2)；李敖自传与回忆(1)；传统下的独白(1)；你笨蛋，你笨蛋(1)；我梦碎，所以我梦醒(1)；阳痿美国(1),读、见、记者、采访、节目、法庭、总统、电视
侯佩岑,见面 / 朋友 / 媒体 / 亲属,待复核,99,17,10,4,6,李敖大哥大(5)；李敖议坛哀思录(4)；李敖风流自传(4)；虽千万人，李敖往矣(4),碰到、像、告诉我、电视、节目、诗、儿子、妹妹
冯国璋,政治人物 / 军事人物 / 历史类比引用 / 神交引用,政治人物,99,17,17,5,6,历史与人像(10)；李敖Talk秀(3)；我梦碎，所以我梦醒(2)；挑战李敖(1)；李敖大哥大(1),总统、代理、参谋、教授、引用、见、记者、委派段祺瑞为参谋处总办，冯国璋为教练处总办，王士珍为步兵第一协统
凌波,媒体 / 文艺音乐,媒体,99,17,17,12,14,李敖笑傲江湖(3)；李敖快意恩仇录(2)；李敖全集(2)；李敖语录(2)；李敖自传与回忆(1)；李敖风流自传(1)；李敖文存(1)；教育与脸谱(1),诗、碰到、作品、序、编辑、文星、见、杂志
别来宾,媒体 / 律师代理 / 学术 / 见面,待复核,99,17,11,6,16,李敖秘密书房(7)；李敖大哥大(3)；李敖随写录前集(2)；李敖笑傲江湖(2)；李敖Talk秀(2)；李敖颠倒众生(1),节目、律师、总统、碰到、中将、辩护、将军、国民党
包启黄,司法人员 / 军事人物 / 诉讼 / 公共论战,司法人员,99,17,17,3,3,李敖语录(9)；李敖书序集(6)；我最难忘的事和人(2),军法、上诉、国民党、像、特务、中将、财产、见
华兹华斯,诗文出处 / 历史类比引用 / 神交引用,诗文出处,99,17,17,7,11,爱情的秘密(5)；挑战李敖(4)；李敖秘密书房(3)；李敖语录(2)；传统下的独白(1)；波波颂(1)；虽千万人，李敖往矣(1),诗、哥哥、姐姐、老师、像、读、哲学、寄给
吴树立,司法人员 / 诉讼 / 公共论战,司法人员,99,17,17,4,6,李敖书牍集(14)；千秋万岁乌鸦求是合集(1)；李敖笑傲江湖(1)；李敖大哥大(1),院长、法院、地方法院院长吴树立、法官、判决、宣传、贵院、教授
吴阿明,媒体 / 出版 / 诉讼 / 公共论战,媒体,99,17,17,4,8,李敖书函集(10)；李敖五五日记(4)；李敖随写录前集(2)；世论新语(1),发行、质问《自由时报》、吴阿明、国民党、致新闻评议会、报导、碰到、证人
周守训,政治人物 / 媒体 / 见面,政治人物,99,17,17,2,7,李敖议坛哀思录(15)；李敖风流自传(2),太太、国民党、碰到、研究、节目、电视、朋友、大学
国家没,政治人物 / 神交引用,待复核,99,17,9,10,16,挑战李敖(5)；李敖议坛哀思录(3)；李敖秘密书房(2)；千秋万岁乌鸦求是合集(1)；红色11(1)；阳痿美国(1)；虽千万人，李敖往矣(1)；一个预备军官的日记(1),像、总统、告诉我、委员、说过、出版、政府、政治
国根本,神交引用 / 政治人物 / 公共论战,待复核,99,17,13,12,16,挑战李敖(3)；李敖新刊(2)；北京法源寺(2)；李敖笑傲江湖(2)；李敖议坛哀思录(1)；李敖文存(1)；波波颂(1)；阳痿美国(1),政治、见、所谓、政府、像、学术、大学、作品
奥威尔,出版 / 政治异议者 / 神交引用,出版,99,17,17,10,13,李敖大哥大(5)；我是天安门(2)；你是景福门(2)；李敖秘密书房(2)；李敖自传与回忆(1)；李敖回忆录(1)；李敖杂文集(1)；虚拟的十七岁(1),家里、警察、像、见、国民党、民进党、碰到、主义
孙二娘,虚拟人物 / 历史类比引用 / 神交引用,虚拟人物,99,17,17,7,11,虽千万人，李敖往矣(5)；独白下的传统(4)；第73烈士(2)；大学日记后期乙集(2)；一个预备军官的日记(2)；世论新语(1)；我梦碎，所以我梦醒(1),共产党、国民党、像、民进党、跟我说、情人、见、诗
孟德斯鸠,学术 / 政治人物 / 诗文出处 / 神交引用,学术,99,17,17,9,9,李敖自传与回忆(2)；独白下的传统(2)；李敖全集(2)；上下古今谈(2)；李敖语录(2)；大学札记(2)；要把金针度与人(2)；李敖秘密书房(2),主义、像、学者、法院、院内、说过
宋哲元,军事人物 / 政治人物 / 历史类比引用,军事人物,99,17,17,5,6,中国现代史正论(9)；李敖札记(4)；挑战李敖(2)；李敖书笺集(1)；中国现代史定论(1),司令、委员、传记、政府、党部、政治、文学、总统
宗皇帝,见面,待复核,99,17,7,8,12,中国近代史新论(5)；历史与人像(3)；李敖秘密书房(3)；李敖文存(2)；北京法源寺(1)；李敖语录(1)；李敖札记(1)；为历史拨云(1),见、牢房、政治、母亲、娶、读、诗、见到
居蜜,亲属 / 通信 / 学术,亲属,99,17,17,6,7,李敖风流自传(5)；爱情的秘密(5)；千秋万岁乌鸦求是合集(4)；李敖议坛哀思录(1)；早年日记(1)；李敖书序集(1),诗、女儿、见、朋友、台大、批评、认识、读
应德田,军事人物 / 证人见证 / 历史类比引用,军事人物,99,17,17,1,2,中国现代史正论(17),司令、将军、朋友、军长、见、应德田立刻起来讲话、少壮派孙铭九、应德田、苗剑秋、何镜华等、秘书
张仪,政治人物 / 神交引用,政治人物,99,17,17,7,7,李敖Talk秀(10)；你是景福门(2)；李敖快意恩仇录(1)；世论新语(1)；一个预备军官的日记(1)；李敖书翰集(1)；中国命研究(1),学生、大学、见、老师、国民党、民进党、政治、朋友
张忠谋,财产债务 / 公共论战,财产债务,99,17,17,4,10,李敖大哥大(11)；挑战李敖(3)；李敖访谈录1990-2018(2)；李敖风流自传(1),国民党、像、儿子、妻、嫁给、离婚、选举、先生
张敏英,情感,待复核,99,17,7,6,7,李敖回忆录(5)；李敖自传与回忆(3)；李敖语录(3)；一个预备军官的日记(3)；李敖相关(2)；李敖访谈录1990-2018(1),情人、同学、见、老师、教授、大学、师长、同班
张玉法,学术 / 诉讼 / 公共论战,学术,99,17,17,9,12,李敖笑傲江湖(7)；虽千万人，李敖往矣(2)；李敖五五日记(2)；我最难忘的事和人(1)；李敖回忆录(1)；李敖快意恩仇录(1)；李敖风流自传(1)；李敖书启集(1),研究、中央研究院、所长、国民党、像、出版、院长、律师
方励之,学术 / 政治异议者 / 公共论战,学术,99,17,17,2,2,你是景福门(9)；阳痿美国(8),总统、教授、访问、警察、国民党、记者、学者、大学
方孝孺,历史类比引用 / 师生 / 神交引用,历史类比引用,99,17,17,4,4,北京法源寺(9)；独白下的传统(3)；李敖语录(3)；读史指南(2),学生、朋友、比喻、儿子、妻、所谓、像、书目作者表
曲军成,反共人士 / 政治异议者 / 感化人员 / 同案狱友 / 人权救援,反共人士,99,17,17,1,2,我最难忘的事和人(17),政府、报导、妻、立委、法院、诬告、女儿、读
曹植,诗文出处 / 历史类比引用 / 神交引用,诗文出处,99,17,17,7,7,虚拟的十七岁(4)；读史指南(4)；要把金针度与人(3)；虽千万人，李敖往矣(2)；为历史拨云(2)；李敖札记(1)；中国艺术新研(1),诗、文学、情人、见、书目作者表、认识
曾志朗,政治人物 / 学术行政 / 亲属,政治人物,99,17,15,2,8,李敖大哥大(12)；李敖Talk秀(5),部长、研究、中央研究院、院长、像、儿子、学生、见
杨秀清,历史类比引用 / 宗教人物 / 政治人物 / 神交引用,历史类比引用,99,17,17,7,8,红色11(4)；中国命研究(4)；李敖Talk秀(3)；北京法源寺(2)；中国迷信新研(2)；为历史拨云(1)；李敖秘密书房(1),一起、见、像、老师、著作、所谓、洪秀全、杨秀清等变成敌人、研究
杨衢云,政治人物 / 政治异议者 / 历史类比引用 / 神交引用,政治人物,99,17,17,6,8,李敖大哥大(9)；李敖颠倒众生(3)；虽千万人，李敖往矣(2)；中国近代史新论(1)；挑战李敖(1)；李敖秘密书房(1),秘书、国民党、晤、认识
林文奎,军事人物 / 证人见证 / 历史类比引用,军事人物,99,17,17,4,4,李敖风流自传(6)；李敖快意恩仇录(5)；早年日记(4)；虽千万人，李敖往矣(2),学生、老师、将军、参谋、女儿、见、像、同学
武士嵩,媒体 / 军事人物 / 公共论战,媒体,99,17,17,4,8,世论新语(11)；挑战李敖(3)；李敖快意恩仇录(2)；千秋万岁乌鸦求是合集(1),电视、国民党、中将、碰到、政府、像、节目、政战
江盖世,政治人物 / 政治异议者 / 人权救援 / 诉讼 / 通信 / 见面,政治人物,99,17,17,7,9,李敖秘藏日记(8)；李敖快意恩仇录(3)；李敖随写录后集(2)；李敖回忆录(1)；李敖对话录(1)；李敖秘密书房(1)；李敖颠倒众生(1),民进党、写信、批评、见、盖世午饭、盖世来电、所谓、法院
汪用和,媒体 / 见面,媒体,99,17,17,3,8,李敖议坛哀思录(6)；李敖大哥大(6)；李敖风流自传(5),太太、节目、碰到、告诉我、教授、电视、访问、问我
洪水猛,公共论战 / 见面,待复核,99,17,12,12,14,李敖回忆录(4)；李敖全集(2)；李敖访谈录1990-2018(2)；李敖自传与回忆续集(1)；传统下的独白(1)；李敖文存(1)；千秋万岁乌鸦求是合集(1)；北京法源寺(1),政治、所谓、政府、刑求、灌水、宣传、杂志、认识
王光宇,公职人员 / 情治警务 / 公共论战,公职人员,99,17,17,3,4,李敖大哥大(8)；李敖颠倒众生(5)；李敖Talk秀(4),调查局、像、情治、读、法院、特务、见、总统
申出来,学术 / 师生,待复核,99,17,12,7,14,李敖大哥大(9)；挑战李敖(2)；李敖秘密书房(2)；传统下的独白(1)；教育与脸谱(1)；大学日记后期甲集(1)；中国命研究(1),像、读、学者、节目、学生、回扣、主席、老师
白景瑞,文艺音乐 / 媒体 / 创作资料协助 / 证人见证 / 公共论战,文艺音乐,99,17,17,7,10,李敖书笺集(4)；李敖秘密书房(4)；李敖大哥大(4)；千秋万岁乌鸦求是合集(2)；为中国思想趋向求答案(1)；李敖书翰集(1)；李敖颠倒众生(1),导演、见、国民党、会面、认识、告诉我、研究、学者
破山和尚,历史类比引用 / 宗教人物 / 神交引用,历史类比引用,99,17,17,5,5,北京法源寺(4)；上山·上山·爱(4)；李敖文存(3)；红色11(3)；李敖语录(3),见、见到、所谓
秦二世,政治人物 / 历史类比引用 / 神交引用,政治人物,99,17,17,6,11,中国命研究(7)；要把金针度与人(3)；世论新语(2)；我梦碎，所以我梦醒(2)；李敖大哥大(2)；第73烈士(1),思想、总统、儿子、古人、检察官、历史上、调查局、警备总部
能保护,政治人物,政治人物,99,17,13,11,16,李敖议坛哀思录(3)；李敖自传与回忆(2)；千秋万岁乌鸦求是合集(2)；阳痿美国(2)；第73烈士(2)；李敖回忆录(1)；李敖随写录后集(1)；李敖书笺集(1),政府、委员、部长、产权、报导、攻击、总统、母亲
能够打,公共论战 / 见面 / 师生,待复核,99,17,10,7,14,李敖笑傲江湖(7)；李敖秘密书房(4)；文化论战丹火录(2)；李敖议坛哀思录(1)；李敖文存(1)；大学札记(1)；李敖颠倒众生(1),见、共产党、像、院长、委员、部长、论战、学生
艾德礼,政治人物 / 历史类比引用 / 神交引用,政治人物,99,17,17,4,5,挑战李敖(9)；李敖大哥大(4)；阳痿美国(2)；坐牢家爸爸给女儿的八十封信(2),政治、传记、批评、像、记者、政敌艾德礼、先生、主席
花生,神交引用 / 监狱行政 / 亲属,待复核,99,17,10,7,14,一个预备军官的日记(7)；李敖秘密书房(4)；李敖五五日记(2)；大学日记后期乙集(1)；李敖秘藏日记(1)；李敖随写录前集(1)；李敖随写录后集(1),诗、福利社、妈妈、总统、见、一起、写信、像
苏秦,政治人物 / 神交引用,政治人物,99,17,17,11,11,李敖书翰集(4)；千秋万岁乌鸦求是合集(3)；读史指南(2)；李敖快意恩仇录(1)；世论新语(1)；你是景福门(1)；李敖语录(1)；一个预备军官的日记(1),见、传记、老师、国民党、褒姒的笑、管仲的智、齐桓的信、曹沫的无赖、晏蛾儿的愚忠、介子推的清高、晏子的识大体、伍子胥的鞭尸、苏秦的合纵、蔺相如的完璧归赵、古代
苏舜钦,文艺音乐 / 诗文出处 / 历史类比引用 / 神交引用,文艺音乐,99,17,17,2,4,中国艺术新研(15)；读史指南(2),古人、序、院长、苏子美札、书目作者表、苏才翁屋漏法
菲尔莫尔,政治人物 / 主剧情人物 / 小说剧本人物 / 历史类比引用,政治人物,99,17,17,1,3,阳痿美国(17),总统、大学、政治、选举、文学、所谓、将军
蔡京,公职人员 / 文艺音乐 / 历史类比引用 / 神交引用,公职人员,99,17,17,3,4,中国艺术新研(14)；独白下的传统(2)；李敖大哥大(1),本院、见、诗、学者、蔡京、蔡卞跋文、书里
蔡维屏,政治人物 / 公职人员 / 公共论战,政治人物,99,17,17,8,9,李敖回忆录(5)；李敖风流自传(5)；李敖笑傲江湖(2)；李敖快意恩仇录(1)；李敖相关(1)；李敖秘藏日记(1)；李敖随写录后集(1)；李敖颠倒众生(1),研究、像、老师、见、国民党、到我家、见面、总务主任
解决之,情感 / 公共论战 / 见面,待复核,99,17,11,13,17,李敖秘密书房(3)；世论新语(2)；虚拟的十七岁(2)；李敖回忆录(1)；李敖风流自传(1)；文化论战丹火录(1)；上下古今谈(1)；你笨蛋，你笨蛋(1),国民党、情人、见、序、研究、司法行政部、事务、律师
连惠心,亲属 / 财产债务 / 社会案件 / 公共论战,亲属,99,17,17,2,5,李敖秘密书房(15)；挑战李敖(2),女儿、结婚、老师、儿子、嫁给、委员、民进党、总统
郭倍宏,媒体 / 政治人物 / 政治异议者 / 人权救援 / 诉讼,媒体,99,17,17,2,3,求是新语(14)；李敖随写录后集(3),国民党、见、台大、特务、大学、情治、台独、政府
郭嵩焘,政治人物 / 学术 / 神交引用,政治人物,99,17,17,7,8,李敖风流自传(4)；你笨蛋，你笨蛋(4)；要把金针度与人(3)；李敖全集(2)；中国近代史新论(2)；文化论战丹火录(1)；北京法源寺(1),见、国民党、所谓、共产党、书里、序、像、交往
都希望,政治人物 / 亲属 / 财产债务 / 神交引用,待复核,99,17,12,10,15,李敖秘密书房(4)；我最难忘的事和人(2)；李敖议坛哀思录(2)；李敖笑傲江湖(2)；李敖大哥大(2)；千秋万岁乌鸦求是合集(1)；阳痿美国(1)；一个预备军官的日记(1),委员、法院、土地、像、发行、出版社、出版、研究
都有很,神交引用 / 见面 / 学术 / 政治人物 / 司法人员,神交引用,99,17,15,8,17,李敖笑傲江湖(4)；李敖秘密书房(3)；李敖大哥大(3)；千秋万岁乌鸦求是合集(2)；要把金针度与人(2)；李敖回忆录(1)；李敖访谈录1990-2018(1)；李敖书笺集(1),见、读、思想、政治、所谓、法官、学生、出版
都跑掉,见面 / 军事人物 / 政治人物 / 亲属,待复核,99,17,12,6,14,李敖大哥大(7)；挑战李敖(3)；李敖颠倒众生(3)；李敖秘密书房(2)；为历史拨云(1)；李敖笑傲江湖(1),朋友、将军、总统、一起、国民党、见、妈妈、警备总部
金兰大厦CD座邻居（李敖书启集）,邻居 / 社会案件 / 财产债务 / 称谓待考,邻居,99,17,17,1,4,李敖书启集(17),怨结金兰、李月圆（程灏代）、赖美息、1D冯赛珍、陈良骥（王嘉瑜代）、田嘉美、4C洪淑娟、4D黄百禄、邹光中、6C吴俊贤、6D卓金、钟金原、7D陈美吟、庄淑真、8D洪启苓
钟荣吉,政治人物 / 公共论战,政治人物,99,17,17,6,9,李敖议坛哀思录(6)；李敖大哥大(6)；李敖风流自传(2)；求是新语(1)；李敖札记(1)；李敖书启集(1),院长、秘书、法院、委员、国民党、好友、送我、警察
钱玛琍,诉讼 / 亲属 / 司法人员,诉讼,99,17,16,1,1,一个预备军官的日记(17),法院、诬告、判决、控告、检察官、父亲、女友、母亲
闻一多,学术 / 诗文出处 / 政治异议者 / 历史类比引用 / 神交引用,学术,99,17,17,7,7,李敖报刊集(7)；要把金针度与人(3)；李敖颠倒众生(3)；李敖风流自传(1)；你是景福门(1)；李敖秘藏日记(1)；中国性研究(1),国民党、闻一多、见、好友、文星、特务、学者、共产党
陆建章,军事人物 / 政治人物 / 历史类比引用,军事人物,99,17,17,4,4,历史与人像(12)；中国命研究(3)；我梦碎，所以我梦醒(1)；李敖书笺集(1),父亲、教授、司令、将军、儿子、引用、政府、像
陈素卿,社会案件 / 婚姻相关,社会案件,99,17,17,6,8,李敖大哥大(5)；为中国思想趋向求答案(4)；李敖笑傲江湖(4)；挑战李敖(2)；李敖快意恩仇录(1)；为自由招魂(1),一起、台大、刑警、大学、认识、广播、妻、法院
陈菊,政治人物 / 政治异议者 / 见面 / 公共论战,政治人物,99,17,17,9,12,李敖秘藏日记(6)；李敖书序集(2)；李敖Talk秀(2)；李敖大哥大(2)；李敖快意恩仇录(1)；李敖访谈录1990-2018(1)；李敖笑傲江湖(1)；挑战李敖(1),陈菊、见、电话、政治、像、法院、太太、朋友
陈雪屏,学术 / 政治人物 / 公职人员 / 党务宣传 / 历史类比引用,学术,99,17,17,9,10,李敖笑傲江湖(7)；李敖自传与回忆(2)；中国命研究(2)；李敖回忆录(1)；李敖快意恩仇录(1)；你笨蛋，你笨蛋(1)；李敖随写录后集(1)；李敖对话录(1),国民党、部长、同学、大学、所谓、见、爸爸、北大
陈鹏安,见面 / 公共论战,见面,99,17,17,1,1,李敖Talk秀(17),大学、学生、朋友、这边是楚瑾、陈鹏安、汤惠婷
鞠金蕾,司法人员 / 军事人物 / 情治警务 / 证人见证 / 诉讼,司法人员,99,17,17,3,3,千秋万岁乌鸦求是合集(7)；李敖新刊(6)；李敖快意恩仇录(4),检察官、证人、上校、结证、司令、推事、上诉、法官
顾曲,历史类比引用 / 文艺音乐 / 神交引用,历史类比引用,99,17,17,6,9,挑战李敖(8)；一个预备军官的日记(3)；李敖议坛哀思录(2)；虽千万人，李敖往矣(2)；传统下的再白(1)；为中国思想趋向求答案(1),见、法官、批评、将军、研究、律师、法院
顾正秋,文艺音乐 / 婚姻相关,文艺音乐,99,17,17,8,9,李敖随写录前集(6)；李敖访谈录1990-2018(3)；红色11(2)；李敖秘密书房(2)；李敖风流自传(1)；李敖文存二集(1)；世论新语(1)；李敖五五日记(1),顾正秋、嫁给、教书、法官、军法、小姐、太太、结婚
颜世锡,情治警务 / 公职人员 / 公共论战,情治警务,99,17,17,8,12,李敖大哥大(4)；挑战李敖(3)；李敖书序集(2)；李敖书札集(2)；李敖书笺集(2)；李敖笑傲江湖(2)；虽千万人，李敖往矣(1)；李敖书牍集(1),警察、先生、见、像、调查局、委员、特务、国民党
马建忠,学术 / 政治人物 / 神交引用,学术,99,17,17,5,7,千秋万岁乌鸦求是合集(8)；要把金针度与人(6)；李敖全集(1)；虽千万人，李敖往矣(1)；李敖书信集(1),见、文学、著作、政府、弟弟、哥哥、传记、书中
魏道明,政治人物 / 公职人员 / 历史类比引用,政治人物,99,17,17,7,10,挑战李敖(5)；李敖大哥大(4)；世论新语(2)；李敖札记(2)；李敖颠倒众生(2)；我梦碎，所以我梦醒(1)；李敖秘密书房(1),部长、主席、国民党、秘书、所谓、像
黄毅辛,媒体 / 同案狱友 / 政治异议者 / 被害人,媒体,99,17,17,8,11,李敖风流自传(4)；李敖自传与回忆(3)；李敖回忆录(3)；李敖快意恩仇录(2)；李敖书牍集(2)；李敖议坛哀思录(1)；你是景福门(1)；千秋万岁乌鸦求是合集(1),朋友、大学、采访、看守所、同房、国民党、军法、特务
黄种人,政治人物 / 见面 / 神交引用,待复核,99,17,10,11,17,李敖大哥大(5)；虽千万人，李敖往矣(2)；李敖颠倒众生(2)；文化论战丹火录(1)；北京法源寺(1)；红色11(1)；阳痿美国(1)；李敖情书集(1),见、主席、总统、校对、电话、文学、问我、所谓
黎东方,学术 / 诗文出处 / 历史类比引用,学术,99,17,17,9,10,上下古今谈(8)；李敖书笺集(2)；李敖自传与回忆续集(1)；教育与脸谱(1)；你笨蛋，你笨蛋(1)；李敖新刊(1)；早年日记(1)；一个预备军官的日记(1),教授、爸爸、大学、女儿、发行、产权、财产、助理
丁邦新,学术 / 公共论战 / 创作资料协助,学术,99,16,16,3,3,中国命研究(14)；一个预备军官的日记(1)；李敖书启集(1),研究、中央研究院、所谓、所长、丁邦新的事、同学、学术、台大
严重损,财产债务 / 政治人物 / 司法人员,待复核,99,16,12,13,14,李敖议坛哀思录(2)；李敖随写录前集(2)；李敖大哥大(2)；李敖自传与回忆续集(1)；李敖快意恩仇录(1)；李敖风流自传(1)；传统下的独白(1)；你笨蛋，你笨蛋(1),政府、债务、还钱、上诉、诉状、总统、法官、见
何看待,出版,待复核,99,16,8,6,10,李敖访谈录1990-2018(8)；虽千万人，李敖往矣(4)；李敖快意恩仇录(1)；世论新语(1)；千秋万岁乌鸦求是合集(1)；上山·上山·爱(1),思想、国民党、出版、朋友、攻击、见、主义、总统
侯榕生,师生 / 亲属,师生,99,16,15,4,4,李敖回忆录(5)；李敖新刊(5)；千秋万岁乌鸦求是合集(5)；李敖秘藏日记(1),母亲、学生、教书、大学、像、台大、跟我说
公司来,媒体 / 政治人物,待复核,99,16,11,5,14,挑战李敖(5)；李敖秘密书房(5)；李敖大哥大(3)；李敖颠倒众生(2)；李敖五五日记(1),电视、广播、像、土地、国民党、发行、主席、总统
公孙杵臼,历史类比引用 / 神交引用,历史类比引用,99,16,16,4,6,北京法源寺(13)；李敖回忆录(1)；李敖风流自传(1)；李敖情书集(1),一起、老师、像、诗
刘仲东,学术 / 医疗照护 / 见面 / 公共论战,学术,99,16,16,1,1,李敖Talk秀(16),像、教授、结婚、妈妈、母亲、研究、刘仲东刘教授
吕佳真,出版 / 同事 / 编辑,出版,99,16,16,10,12,李敖五五日记(4)；李敖随写录后集(3)；李敖随写录前集(2)；我最难忘的事和人(1)；李敖回忆录(1)；李敖风流自传(1)；李敖杂文集(1)；李敖语录(1),出版社、出版、编校、电话、印务、仓储、发行、编辑
吴文亮,通信 / 创作资料协助 / 公共论战,通信,99,16,16,1,1,李敖书函集(16),电话、告诉我、见、《乌鸦评论》及其他、吴文亮致李敖、吴文亮再致李敖、吴文亮三致李敖、吴文亮四致李敖
周敦颐,学术 / 历史类比引用 / 诗文出处 / 神交引用,学术,99,16,16,5,5,要把金针度与人(9)；千秋万岁乌鸦求是合集(2)；李语录(2)；读史指南(2)；历史与人像(1),思想、像、辩护、作品、书目作者表、著作
周渝,同学 / 学术 / 朋友 / 通信,同学,99,16,16,8,10,李敖书信集(4)；李敖随写录前集(3)；李敖回忆录(2)；李敖风流自传(2)；一个预备军官的日记(2)；大学日记后期乙集(1)；李敖札记(1)；李敖书简集(1),探监、写信、朋友、渝弟：、哥哥、诗、周渝东海同班、与周渝逛古董店
唐高祖,历史类比引用 / 政治人物 / 军事人物 / 神交引用,历史类比引用,99,16,16,8,9,北京法源寺(6)；独白下的传统(2)；李敖语录(2)；读史指南(2)；红色11(1)；李敖札记(1)；中国命研究(1)；李敖大哥大(1),见、弟弟、碰到、古人、师长、儿子、哥哥、家里
姜文锱,财产债务 / 亲属,财产债务,99,16,16,2,2,李敖随写录后集(14)；李敖随写录前集(2),姜文锱、告发、法院、判决、夫人、部长、见、起诉
安东尼,政治人物 / 军事人物 / 情感 / 历史类比引用 / 神交引用,政治人物,99,16,16,6,7,一个预备军官的日记(7)；李敖大哥大(4)；你笨蛋，你笨蛋(2)；李敖议坛哀思录(1)；李敖风流自传(1)；坐牢家爸爸给女儿的八十封信(1),像、共产党、妈妈、司令、夫人、研究、读、著作
家奇怪,公共论战 / 政治人物 / 神交引用,公共论战,99,16,14,4,16,挑战李敖(6)；李敖秘密书房(5)；李敖笑傲江湖(3)；李敖访谈录1990-2018(2),国民党、主席、部长、所谓、见、书里、朋友、思想
张发奎,军事人物 / 政治人物 / 神交引用,军事人物,99,16,16,5,5,李敖随写录前集(9)；我是天安门(3)；李敖书序集(2)；李敖新刊(1)；李敖札记(1),政府、警总、攻击、国民党、司令、总统、发行、主席
张春男,政治异议者 / 公共论战 / 创作资料协助,政治异议者,99,16,16,5,6,李敖书信集(6)；千秋万岁乌鸦求是合集(4)；李敖札记(3)；李敖书笺集(2)；李敖秘藏日记(1),见、像、到我家、我家来、研究、批评、又引张春男说
张显耀,政治人物 / 公共论战,政治人物,99,16,16,2,9,李敖议坛哀思录(14)；我梦碎，所以我梦醒(2),委员、主席、部长、总统、见、见到、军购、法院
张松涵,朋友 / 见面,朋友,99,16,16,6,8,李敖回忆录(5)；李敖自传与回忆(4)；李敖自传与回忆续集(3)；你笨蛋，你笨蛋(2)；李敖风流自传(1)；一个预备军官的日记(1),爸爸、太太、国民党、到我家、北大、政府、朋友、儿子
张立纲,学术 / 同学,学术,99,16,16,7,7,李敖秘密书房(4)；李敖回忆录(3)；李敖风流自传(3)；你笨蛋，你笨蛋(3)；早年日记(1)；大学日记后期乙集(1)；李敖随写录后集(1),哥哥、学者、论文、弟弟、姐姐、研究、中央研究院、结婚
张贵木,政治人物 / 公共论战 / 通信,政治人物,99,16,16,6,10,李敖秘藏日记(7)；李敖大哥大(3)；世论新语(2)；李敖随写录前集(2)；你是景福门(1)；李敖颠倒众生(1),民进党、贵木、县长、国民党、电视、看守所、党部、立委
彭克立,军事人物 / 同案狱友 / 被害人 / 创作资料协助,军事人物,99,16,16,5,5,李敖书函集(8)；李敖风流自传(4)；李敖书序集(2)；我最难忘的事和人(1)；虽千万人，李敖往矣(1),军长、师长、女儿、将军、中将、太太、同在、牢房
徐谦,政治人物 / 公共论战 / 历史类比引用,政治人物,99,16,16,4,5,中国近代史新论(8)；中国现代史定论(6)；我是天安门(1)；虽千万人，李敖往矣(1),学生、政府、宣传、主义、共产党、国民党、写信、监狱
戴维思,神交引用,待复核,99,16,16,1,1,李敖秘密书房(16),所谓、读、先生、报导、研究、老师、教授、告诉我
文丑,神交引用 / 军事人物,神交引用,99,16,16,10,10,虽千万人，李敖往矣(4)；上下古今谈(3)；读史指南(2)；你笨蛋，你笨蛋(1)；李敖语录(1)；一个预备军官的日记(1)；李敖秘藏日记(1)；要把金针度与人(1),见、比喻、读、杂志、文星、关羽并没诛文丑、杀蔡阳、过五关斩六将、将军
文化委,政治人物,政治人物,99,16,16,4,5,李敖颠倒众生(7)；中国现代史定论(6)；李敖议坛哀思录(2)；传统下的独白(1),委员、主席、部长、所谓、宣传、政府、法院、同仁
文茜说,神交引用,待复核,99,16,7,6,10,李敖大哥大(9)；虽千万人，李敖往矣(3)；李敖快意恩仇录(1)；李敖风流自传(1)；李敖秘藏日记(1)；李敖书信集(1),读、一起、父亲、国民党、嫁给、节目、到我家、我家来
施洗者约翰,宗教人物 / 神交引用,宗教人物,99,16,16,3,3,波波颂(14)；红色11(1)；要把金针度与人(1),见、宣传、司令、历史上、认识、像
曾祥铎,同案狱友 / 同学 / 公共论战,同案狱友,99,16,16,9,10,挑战李敖(5)；李敖大哥大(3)；李敖回忆录(2)；李敖议坛哀思录(1)；我是天安门(1)；李敖秘藏日记(1)；为历史拨云(1)；李敖笑傲江湖(1),朋友、像、老师、一起、碰到、共产党、国民党、同事
朱光潜,学术 / 出版 / 历史类比引用 / 神交引用,学术,99,16,16,7,7,教育与脸谱(9)；爱情的秘密(2)；李敖回忆录(1)；李敖快意恩仇录(1)；李敖风流自传(1)；世论新语(1)；李敖秘密书房(1),台大、大学、文学、院长、像、教授、送我、情书
李先闻,学术行政,待复核,99,16,15,4,4,李敖书牍集(13)；李敖议坛哀思录(1)；李敖风流自传(1)；一个预备军官的日记(1),研究、中央研究院、同学、政府、委员、碰到、所长、母亲
李炳南,学术 / 政治人物 / 见面 / 公共论战,学术,99,16,16,3,3,挑战李敖(14)；李敖秘密书房(1)；李敖大哥大(1),教授、秘书、政治、台大、见、碰到、大学、像
李组长,情治警务 / 刑求人员 / 同案狱友,情治警务,99,16,16,1,1,红色11(16),朋友、共产党、电话、像、告诉我、对我说、政府、见
林永鸿,情治警务 / 公职人员 / 通信 / 公共论战,情治警务,99,16,16,2,2,李敖书函集(9)；李敖书牍集(7),警察、法院、回信、判决、警务处长林永鸿、来信、见、所谓
欧巴桑,亲属 / 学术 / 姻亲 / 神交引用,亲属,99,16,16,8,12,李敖秘密书房(6)；李敖语录(2)；李敖笑傲江湖(2)；李敖大哥大(2)；李敖自传与回忆(1)；李敖全集(1)；挑战李敖(1)；李敖颠倒众生(1),文学、家里、大学、像、太太、娶、博士、老师
满城风,媒体 / 监狱行政 / 学术 / 政治人物,媒体,99,16,13,13,15,传统下的独白(2)；李敖笑傲江湖(2)；李敖大哥大(2)；我最难忘的事和人(1)；李敖风流自传(1)；李敖全集(1)；你笨蛋，你笨蛋(1)；阳痿美国(1),记者、攻击、思想、总统、报导、法务部、跟我说、结婚
潘兴,军事人物 / 神交引用,军事人物,99,16,16,5,6,阳痿美国(6)；你是景福门(4)；波波颂(3)；李敖全集(2)；李敖笑傲江湖(1),将军、司令、名言、参谋、上校、主义、文学、学者
石静宜,亲属 / 被害人 / 历史类比引用 / 公共论战,亲属,99,16,16,1,2,李敖笑傲江湖(16),太太、爸爸、家里、结婚、岳母、台大、母亲、书里
程积宽,创作资料协助 / 政治异议者 / 朋友,创作资料协助,99,16,16,4,5,李敖随写录后集(11)；李敖书函集(3)；李敖自传与回忆续集(1)；李敖快意恩仇录(1),程积宽、国民党、太太、教书、朋友、送我、总统、教授
章校长,见面 / 姻亲 / 公共论战 / 学术 / 朋友,见面,99,16,14,3,4,李敖笑傲江湖(12)；李敖回忆录(3)；中国艺术新研(1),大学、夫人、见、国民党、请他、请我、学生、同学
罗小如,通信 / 朋友 / 公共论战,通信,99,16,16,9,11,李敖对话录(4)；李敖回忆录(3)；李敖大哥大(3)；李敖快意恩仇录(1)；李敖风流自传(1)；你是景福门(1)；千秋万岁乌鸦求是合集(1)；李敖情书集(1),国民党、好友、弟弟、朋友、政治、罗小如、问我、同学
罗尔纲,学术 / 出版 / 神交引用,学术,99,16,16,9,9,李敖快意恩仇录(3)；李敖风流自传(3)；李敖五五日记(3)；李敖书翰集(2)；李敖自传与回忆(1)；波波颂(1)；你笨蛋，你笨蛋(1)；大学日记后期乙集(1),写信、老师、送我、学生、父亲、北大、见、著作
胡林翼,政治人物 / 军事人物 / 学术 / 神交引用,政治人物,99,16,16,5,6,中国近代史新论(9)；李敖秘密书房(3)；文化论战丹火录(2)；为中国思想趋向求答案(1)；为历史拨云(1),见、将军、序、朋友、历史上、像、写信、教授
能使人,司法人员 / 朋友 / 神交引用,待复核,99,16,9,8,12,爱情的秘密(3)；李敖语录(3)；李敖书信集(3)；大学札记(2)；一个预备军官的日记(2)；传统下的再白(1)；千秋万岁乌鸦求是合集(1)；李敖书序集(1),法官、法院、朋友、攻击、像、写信、读、大学
能够来,师生 / 公共论战 / 政治人物 / 见面,待复核,99,16,12,4,16,挑战李敖(10)；李敖秘密书房(4)；李敖笑傲江湖(1)；李敖颠倒众生(1),政治、教授、见、朋友、妻、法院、财产、政府
能当选,政治人物,政治人物,99,16,12,9,16,李敖大哥大(5)；李敖访谈录1990-2018(3)；李敖颠倒众生(2)；传统下的独白(1)；你笨蛋，你笨蛋(1)；阳痿美国(1)；给马戈的五十封信(1)；李敖笑傲江湖(1),总统、选举、市长、委员、朋友、所谓、政治、总干事
艾伦·胡佛,神交引用,神交引用,99,16,16,10,14,李敖对话录(3)；李敖风流自传(2)；教育与脸谱(2)；挑战李敖(2)；李敖秘密书房(2)；李敖回忆录(1)；李敖相关(1)；传统下的独白(1),导演、儿子、像、见、研究、说过
艾略特,出版 / 神交引用,出版,99,16,16,10,13,北京法源寺(3)；上山·上山·爱(2)；阳痿美国(2)；虽千万人，李敖往矣(2)；李敖访谈录1990-2018(2)；世论新语(1)；你笨蛋，你笨蛋(1)；虚拟的十七岁(1),一起、主义、像、诗、总统、教授、大学、哲学
范成大,诗文出处 / 政治人物 / 历史类比引用 / 神交引用,诗文出处,99,16,16,5,7,要把金针度与人(5)；读史指南(4)；李敖秘密书房(4)；李敖大哥大(2)；历史与人像(1),诗、书目作者表、见、节目、范成大：《石湖大全集》、问我、一起、古代
范晔,学术 / 诗文出处 / 历史类比引用 / 神交引用,学术,99,16,16,8,10,独白下的传统(4)；要把金针度与人(4)；李敖语录(2)；读史指南(2)；李敖文存(1)；波波颂(1)；李敖访谈录1990-2018(1)；中国命研究(1),一起、弟弟、儿子、书里、父亲、读、著作、序
董桂森,江湖人物 / 社会案件 / 通信 / 创作资料协助,江湖人物,99,16,16,3,4,李敖秘藏日记(11)；李敖书笺集(4)；李敖回忆录(1),主义、书中、读、小董（董桂森）、小董偷渡、杂志、见、法院
蒋方良,亲属 / 历史类比引用 / 公共论战,亲属,99,16,16,4,6,李敖笑傲江湖(10)；挑战李敖(3)；李敖大哥大(2)；李敖快意恩仇录(1),太太、儿子、病房、女儿、妈妈、电视、夫人、教授
蒋渭川,亲属 / 公共论战 / 律师代理 / 学术行政,待复核,99,16,12,5,5,李敖五五日记(6)；李敖大哥大(6)；李敖笑傲江湖(2)；虽千万人，李敖往矣(1)；李敖访谈录1990-2018(1),国民党、告诉我、家里、政治、律师、总干事、委员、党部
许介鳞,学术行政 / 师生,学术行政,99,16,15,3,3,李敖大哥大(10)；李敖快意恩仇录(3)；李敖风流自传(3),院长、台大、大学、教授、找我、出版、政治、博士
诸法律,出版 / 律师代理 / 诉讼,出版,99,16,14,11,16,李敖书函集(4)；李敖语录(2)；李敖书启集(2)；李敖快意恩仇录(1)；李敖文存二集(1)；为中国思想趋向求答案(1)；为自由招魂(1)；李敖随写录前集(1),律师、报纸、出版、政府、像、论战、杂志、总统
谭凝晖,见面 / 情感,见面,99,16,16,4,9,给马戈的五十封信(9)；一个预备军官的日记(5)；早年日记(1)；大学日记后期乙集(1),见、碰到、文学、台大、见到、一起、男友、像
贝克特,宗教人物 / 政治人物 / 神交引用,宗教人物,99,16,16,2,3,波波颂(15)；上山·上山·爱(1),朋友
贝尔,科学家 / 神交引用,科学家,99,16,16,8,9,李敖文存二集(5)；李敖语录(3)；千秋万岁乌鸦求是合集(2)；李敖大哥大(2)；上下古今谈(1)；早年日记(1)；一个预备军官的日记(1)；李敖秘密书房(1),电话、见、电报、请他、报纸、太太、写信、出版
赵依依,情感 / 见面 / 同学,情感,99,16,16,6,10,一个预备军官的日记(8)；给马戈的五十封信(4)；传统下的独白(1)；李敖语录(1)；早年日记(1)；大学日记后期甲集(1),见、写信、情书、问我、同学、师长、碰到、出版
赵紫阳,政治人物 / 公共论战,政治人物,99,16,16,6,6,挑战李敖(7)；我是天安门(4)；中国迷信新研(2)；你是景福门(1)；千秋万岁乌鸦求是合集(1)；李敖大哥大(1),学生、共产党、政府、晤、教授、大学、报导、见
通警察,情治警务,情治警务,99,16,16,8,10,李敖秘密书房(8)；李敖大哥大(2)；我最难忘的事和人(1)；上下古今谈(1)；上山·上山·爱(1)；红色11(1)；第73烈士(1)；挑战李敖(1),警察、秘书、委员、批评、朋友
郦道元,诗文出处 / 历史类比引用 / 神交引用,诗文出处,99,16,16,7,7,要把金针度与人(9)；李敖书简集(2)；上山·上山·爱(1)；虚拟的十七岁(1)；李敖访谈录1990-2018(1)；读史指南(1)；李敖笑傲江湖(1),父亲、弟弟、儿子、古代、妻、读、国民党、郦道元《水经注》
陈国梁,司法人员 / 诉讼 / 公共论战,司法人员,99,16,16,1,3,李敖笑傲江湖(16),法官、法院、判决、警备总部、证人、国民党、大学、教授
陈天福,亲属 / 创作资料协助 / 公共论战,亲属,99,16,16,3,3,挑战李敖(14)；李敖颠倒众生(1)；李敖Talk秀(1),弟弟、电话、访问、报纸、警察、总干事、发行、先生
陈弘元,亲属 / 财产债务 / 社会案件 / 公共论战,亲属,99,16,16,1,2,李敖秘密书房(16),记者、陈清忠的儿子、儿子、法院、证人、法官、女儿、太太
陈鹏钦,学术行政,学术行政,99,16,15,1,3,李敖秘密书房(16),事务、研究、中央研究院、总统、本院、院长、秘书、书里
雪碧,见面 / 公共论战 / 称谓待考,见面,99,16,16,1,1,李敖Talk秀(16),雪碧：
霍金,科学家 / 学术 / 神交引用,科学家,99,16,16,4,7,虚拟的十七岁(9)；虽千万人，李敖往矣(4)；为自由招魂(2)；李敖访谈录1990-2018(1),见、教授、大学、共产党、序、哲学、文学、总统
马萨利克,政治人物 / 学术 / 历史类比引用 / 神交引用,政治人物,99,16,16,4,4,李敖书序集续集(7)；李敖风流自传(6)；李敖回忆录(2)；李敖快意恩仇录(1),总统、见、见面、一起、学生、教授、马萨利克、Masaryk
魏宜智,情治警务,情治警务,99,16,16,6,9,李敖风流自传(6)；李敖快意恩仇录(4)；李敖回忆录(2)；李敖笑傲江湖(2)；李敖自传与回忆续集(1)；李敖秘密书房(1),警总、碰到、上校、保安处、警备总部、专案小组、见、研究
黄华成,出版 / 见面,出版,99,16,16,4,4,李敖大哥大(7)；挑战李敖(4)；李敖秘密书房(4)；李敖回忆录(1),打电话、电话、认识、离婚、见、杂志、请我、出版社
黄达夫,医疗照护 / 公共论战,医疗照护,99,16,16,2,3,你笨蛋，你笨蛋(14)；李敖访谈录1990-2018(2),院长、夫人、一起、记者、序、请我、法院、采访
黄顺兴,政治人物 / 公共论战,政治人物,99,16,16,3,3,李敖书信集(14)；千秋万岁乌鸦求是合集(1)；李敖对话录(1),政治、先生、像、关怀、妻、见、报导、国民党
丘宏达,学术 / 司法人员 / 同学 / 公共论战,学术,99,15,15,10,10,李敖随写录前集(3)；我最难忘的事和人(2)；大学日记后期甲集(2)；李敖书序集(2)；李敖自传与回忆续集(1)；李敖快意恩仇录(1)；你是景福门(1)；虽千万人，李敖往矣(1),同学、大学、国民党、台大、委员、同班、所谓、学生
伍廷芳,司法人员 / 公职人员 / 政治人物 / 历史类比引用,司法人员,99,15,15,4,4,中国近代史新论(11)；李敖全集(2)；李敖书函集(1)；李敖Talk秀(1),序、文学、学者、政治、主义、警察、派沈家本、伍廷芳为正副总裁、偕新会伍秩庸（按即伍廷芳）侍郎修订法律
伍金地,政治人物 / 公共论战,待复核,99,15,9,1,1,李敖大哥大(15),主席、共产党、主义、先生、像、国民党、秘书、委员
何步正,媒体 / 编辑 / 创作资料协助 / 见面 / 公共论战,媒体,99,15,15,4,4,李敖书笺集(10)；李敖书信集(2)；李敖书札集(2)；千秋万岁乌鸦求是合集(1),杂志、大学、编辑、总编辑、见、步正兄：、认识、陪我
何集璧,政治异议者 / 亲属 / 历史类比引用,政治异议者,99,15,15,1,1,李敖书序集续集(15),何集璧、共产党、国民党、找他、总干事、市长、像、见
关心国,政治人物 / 见面 / 师生,待复核,99,15,11,9,12,李敖大哥大(4)；千秋万岁乌鸦求是合集(2)；李敖访谈录1990-2018(2)；中国近代史新论(2)；李敖快意恩仇录(1)；李敖风流自传(1)；李敖文存(1)；李敖语录(1),思想、国民党、见、教授、主义、台独、所谓、选举
刘伶,神交引用,神交引用,99,15,15,5,6,李敖语录(6)；独白下的传统(5)；一个预备军官的日记(2)；传统下的独白(1)；千秋万岁乌鸦求是合集(1),太太、像、主义、古人、爸爸、妈妈、读、见
刘区队长,军事人物 / 见面 / 称谓待考,军事人物,99,15,15,1,5,一个预备军官的日记(15),刘区队长
刘德华,文艺音乐 / 媒体 / 神交引用,文艺音乐,99,15,15,5,5,李敖访谈录1990-2018(5)；李敖Talk秀(5)；李敖随写录前集(2)；李敖秘密书房(2)；李敖书启集(1),情人、找我、警察、出版、疗伤、立委、女儿、女友
刘文雄,政治人物 / 朋友 / 见面,政治人物,99,15,15,4,12,李敖议坛哀思录(8)；李敖大哥大(3)；李敖风流自传(2)；挑战李敖(2),委员、法院、律师、秘书、同房、朋友、像、院长
刘筠,学术 / 神交引用,学术,99,15,15,5,7,中国命研究(7)；李敖笑傲江湖(4)；波波颂(2)；虽千万人，李敖往矣(1)；挑战李敖(1),儿子、爸爸、主义、见、节目、妻、像
刘继庄,诗文出处 / 历史类比引用 / 神交引用,诗文出处,99,15,15,2,2,中国命研究(13)；李敖书笺集(2),大学、见、学者、朋友、刘继庄，提到他朋友“图老”、访问、研究、学术
别人如,公共论战 / 出版,待复核,99,15,10,10,10,李敖全集(3)；文化论战丹火录(2)；李敖秘密书房(2)；李敖颠倒众生(2)；李敖自传与回忆(1)；千秋万岁乌鸦求是合集(1)；上山·上山·爱(1)；李敖书序集续集(1),论战、见、出版、文星、文学、杂志、读、法官
台联,政治人物 / 神交引用,政治人物,99,15,11,3,9,李敖大哥大(10)；你笨蛋，你笨蛋(3)；李敖议坛哀思录(2),委员、选举、主席、政治、送我、秘书、古人、诗
吕安仁,被害人 / 诉讼 / 社会案件 / 公共论战,被害人,99,15,15,3,4,李敖笑傲江湖(8)；世论新语(4)；红色11(3),警察、法官、院长、像、研究、一起、朋友、见
吾尔开希,政治异议者 / 公共论战,政治异议者,99,15,15,4,6,挑战李敖(9)；李敖大哥大(3)；我是天安门(2)；李敖颠倒众生(1),像、认识、太太、学生、国民党、电视、政府、告诉我
周密,姻亲 / 诗文出处,诗文出处,99,15,7,7,8,历史与人像(6)；读史指南(4)；千秋万岁乌鸦求是合集(1)；虽千万人，李敖往矣(1)；一个预备军官的日记(1)；李敖书牍集(1)；中国艺术新研(1),研究、娶、书目作者表、读、出版、夫人、离婚
周德伟,学术 / 见面 / 历史类比引用,学术,99,15,15,7,11,一个预备军官的日记(5)；大学日记后期乙集(3)；李敖自传与回忆(2)；中国命研究(2)；李敖回忆录(1)；李敖快意恩仇录(1)；千秋万岁乌鸦求是合集(1),见、北大、同学、爸爸、文学、序、儿子、所谓
唐纵,情治警务 / 政治人物 / 公共论战,情治警务,99,15,15,6,7,我梦碎，所以我梦醒(5)；中国近代史新论(3)；我最难忘的事和人(2)；世论新语(2)；为自由招魂(2)；李敖五五日记(1),党部、国民党、秘书、委员、特务、问我、警察、司令
国全国,政治人物 / 姻亲,待复核,99,15,8,9,14,挑战李敖(4)；李敖快意恩仇录(2)；阳痿美国(2)；李敖访谈录1990-2018(2)；李敖风流自传(1)；李敖文存二集(1)；你笨蛋，你笨蛋(1)；李敖秘密书房(1),教授、母亲、爸爸、嫁给、结婚、离婚、政府、电视
国立政,学术 / 师生 / 出版,学术,99,15,14,7,11,千秋万岁乌鸦求是合集(5)；李敖笑傲江湖(4)；我梦碎，所以我梦醒(2)；李敖对话录(1)；李敖书启集(1)；中国迷信新研(1)；挑战李敖(1),大学、政治、研究、教授、国民党、委员、政府、中央研究院
孙承斌,媒体 / 见面,媒体,99,15,15,1,1,李敖访谈录1990-2018(15),孙承斌、大学、著作、记者、读、总统、政治、宣传
崔海鹏,邻居 / 社会案件 / 公共论战,邻居,99,15,15,1,2,李敖书函集(15),委员、见、先生、支票、诗、从小事看认真、电话、法院
平鑫涛,出版 / 见面 / 创作资料协助,出版,99,15,15,9,9,李敖回忆录(2)；李敖风流自传(2)；波波颂(2)；李敖语录(2)；李敖对话录(2)；李敖笑傲江湖(2)；李敖书翰集(1)；李敖书启集(1),请我、同仁、出版、政治、先生、跟我说、出版社、平鑫涛
广告来,政治人物,政治人物,99,15,13,6,14,李敖大哥大(6)；挑战李敖(4)；李敖笑傲江湖(2)；李敖文存(1)；李敖书函集(1)；李敖秘密书房(1),律师、政府、电视、教授、大学、法院、朋友、告诉我
应该叫,神交引用,待复核,99,15,9,7,15,李敖笑傲江湖(4)；挑战李敖(4)；李敖秘密书房(2)；李敖颠倒众生(2)；红色11(1)；虚拟的十七岁(1)；一个预备军官的日记(1),所谓、师长、杂志、批评、攻击、债务、法院、政治
应该回,监狱行政 / 政治人物,监狱行政,99,15,13,9,12,李敖颠倒众生(5)；李敖快意恩仇录(2)；李敖笑傲江湖(2)；李敖风流自传(1)；世论新语(1)；你笨蛋，你笨蛋(1)；李敖新刊(1)；虚拟的十七岁(1),监狱、台独、政治、委员、写信、太太、岳父、岳母
应该没,见面,待复核,99,15,6,9,14,虚拟的十七岁(4)；李敖秘密书房(3)；李敖笑傲江湖(2)；李敖议坛哀思录(1)；李敖风流自传(1)；你是景福门(1)；上山·上山·爱(1)；第73烈士(1),见、像、委员、部长、军购、民进党、见到、一起
廖融融,通信 / 师生 / 亲属 / 创作资料协助 / 学术,通信,99,15,15,4,4,李敖书札集(10)；李敖快意恩仇录(2)；李敖全集(2)；千秋万岁乌鸦求是合集(1),师母、结婚、出版、太太、打电话、电话、台大、王晓波致廖融融
张伯伦,政治人物 / 公共论战 / 神交引用,政治人物,99,15,15,6,8,挑战李敖(5)；李敖全集(3)；为历史拨云(3)；李敖笑傲江湖(2)；李敖Talk秀(1)；李敖大哥大(1),部长、报纸、学者、政治、同僚、像、说过
张友骅,媒体 / 军事人物 / 公共论战,媒体,99,15,15,2,2,李敖Talk秀(14)；李敖风流自传(1),像、专案小组、将军、调查局、认识、朋友、研究、所谓
张献忠,历史类比引用 / 军事人物 / 政治人物 / 神交引用,历史类比引用,99,15,15,9,11,李敖新刊(3)；独白下的传统(2)；李敖文存(2)；上山·上山·爱(2)；李敖语录(2)；北京法源寺(1)；红色11(1)；爱情的秘密(1),见、见到、研究、共产党、政治、部长、历史上、主义
张自忠,军事人物 / 烈士殉难 / 历史类比引用,军事人物,99,15,15,5,7,李敖秘密书房(6)；挑战李敖(5)；李敖书序集(2)；李敖风流自传(1)；李敖Talk秀(1),将军、国民党、所谓、张自忠、古代、一起、见、像
张连财,司法人员 / 诉讼 / 公共论战,司法人员,99,15,15,1,3,李敖笑傲江湖(15),法官、法院、大学、警备总部、判决、教授、学生、证人
徐日昇,文艺音乐 / 宗教人物 / 历史类比引用 / 神交引用,文艺音乐,99,15,15,1,2,中国近代史新论(15),研究、闵明我在信中写说、做译员的且是外国教士张诚和徐日昇、据钱良择《出塞纪略》、南怀仁的介绍，迎徐日昇到北京、徐日昇对此最有研究、徐日昇和德礼格
徐熙光,学术 / 学术行政 / 诗文出处 / 出版,学术,99,15,15,5,6,李敖风流自传(6)；李敖回忆录(5)；李敖全集(2)；早年日记(1)；李敖报刊集(1),大学、请我、告诉我、书店、文星、教授、认识、到我家
徐露,文艺音乐 / 媒体 / 亲属 / 通信 / 见面 / 公共论战,文艺音乐,99,15,15,7,7,李敖书翰集(5)；李敖语录(3)；李敖文存二集(2)；李敖全集(2)；早年日记(1)；李敖秘藏日记(1)；李敖情书集(1),诗、学生、学术、教授、研究、大学、国民党、认识
方苞,诗文出处 / 学术 / 同案狱友 / 历史类比引用 / 神交引用,诗文出处,99,15,15,5,5,中国命研究(6)；要把金针度与人(4)；读史指南(3)；为中国思想趋向求答案(1)；挑战李敖(1),见、监狱、历史上、书目作者表、方苞：《方望溪先生全集》、一起、先生、序
施性融,政治人物 / 公共论战 / 亲属,政治人物,99,15,15,2,6,世论新语(13)；求是新语(2),市长、政治、民进党、哥哥、弟弟、党部、立委、所谓
时代背,神交引用,待复核,99,15,5,9,13,李敖秘密书房(6)；历史与人像(2)；上下古今谈(1)；为自由招魂(1)；李敖语录(1)；李敖访谈录1990-2018(1)；李敖书翰集(1)；李敖书启集(1),像、见、研究、学术、传记、读、父亲、序
时间跟,见面 / 政治人物,待复核,99,15,10,7,14,挑战李敖(4)；李敖秘密书房(3)；李敖大哥大(3)；千秋万岁乌鸦求是合集(2)；李敖新刊(1)；李敖情书集(1)；李敖颠倒众生(1),总统、读、见、见面、一起、法院、委员、选举
明武宗,公共论战,待复核,99,15,6,8,9,李敖秘密书房(6)；中国命研究(3)；为中国思想趋向求答案(1)；千秋万岁乌鸦求是合集(1)；李敖语录(1)；李敖书序集(1)；李敖书笺集(1)；挑战李敖(1),国民党、电视、所谓、碰到
曹梓华,见面 / 师生,见面,99,15,13,4,8,一个预备军官的日记(12)；李敖回忆录(1)；李敖风流自传(1)；千秋万岁乌鸦求是合集(1),一起、告诉我、见、见到、读、妻、娶、写信
朱抚松,姻亲 / 通信 / 政治人物,姻亲,99,15,13,5,5,李敖快意恩仇录(6)；李敖笑傲江湖(5)；李敖书信集(2)；李敖五五日记(1)；李敖书启集(1),部长、写信、国民党、结婚、太太、离婚、事务、到我家
李士振,朋友 / 通信 / 财产债务,朋友,99,15,15,7,11,李敖风流自传(3)；千秋万岁乌鸦求是合集(3)；李敖情书集(3)；李敖回忆录(2)；早年日记(2)；李敖快意恩仇录(1)；李敖书序集(1),朋友、读、上校、借钱、文星、先生、爸爸、文学
李子卓,姻亲 / 政治人物,姻亲,99,15,15,5,8,李敖自传与回忆(5)；李敖回忆录(3)；李敖风流自传(3)；李敖快意恩仇录(2)；李敖秘密书房(2),国民党、嫁给、妹妹、妈妈、儿子、太太、县长、书店
李定国,历史类比引用 / 军事人物 / 政治人物 / 神交引用,历史类比引用,99,15,15,5,5,李敖文存(3)；北京法源寺(3)；上山·上山·爱(3)；红色11(3)；李敖语录(3),见、见到、像、所谓
李涛（电视主持人）,媒体 / 公共论战,媒体,99,15,15,1,9,挑战李敖(15),《2100全民开讲》、总统、共产党、节目、TVBS李涛这个节目、委员、立委、国民党
李玉堂,军事人物 / 同案狱友 / 刑求受害,军事人物,99,15,15,4,4,红色11(9)；李敖书序集(4)；我最难忘的事和人(1)；李敖随写录前集(1),法官、军法、太太、总统、将军、军长、像、报人
李琼荫,司法人员 / 诉讼 / 创作资料协助 / 公共论战,司法人员,99,15,15,5,6,李敖笑傲江湖(9)；千秋万岁乌鸦求是合集(2)；李敖书函集(2)；李敖自传与回忆续集(1)；李敖快意恩仇录(1),法官、判决、法院、庭长、上诉、推事、政府、四十八位推事
李老师,师生,师生,99,15,15,4,9,李敖秘密书房(12)；虽千万人，李敖往矣(1)；李敖情书集(1)；李敖笑傲江湖(1),老师、法官、总统、爸爸、妈妈、学生、父亲、读
李费蒙,朋友 / 见面 / 称谓待考,朋友,99,15,15,6,8,李敖书翰集(6)；李敖随写录后集(3)；上下古今谈(2)；千秋万岁乌鸦求是合集(2)；李敖自传与回忆(1)；李敖快意恩仇录(1),朋友、采访、政府、大学、博士、同学、太太、来信
杨锦铨,师生,师生,99,15,15,8,10,李敖回忆录(3)；李敖风流自传(3)；李敖大哥大(3)；李敖笑傲江湖(2)；李敖自传与回忆(1)；李敖新刊(1)；大学日记后期甲集(1)；李敖秘密书房(1),老师、学生、像、见、写信、师生、报纸、事务
林丽蘋,邻居 / 财产债务 / 创作资料协助,邻居,99,15,15,4,7,李敖书启集(11)；李敖快意恩仇录(2)；李敖风流自传(1)；挑战李敖(1),总干事林丽蘋、太太、委员、所谓、朋友、拜访、到我家、我家来
欧阳玄,公职人员 / 诗文出处 / 文艺音乐 / 历史类比引用 / 神交引用,公职人员,99,15,15,2,3,中国艺术新研(13)；读史指南(2),见、袁侍御亨伯家所见、书目作者表、家中、欧阳玄（1283-1357）、欧阳玄跋《王著千文》、欧阳玄跋文中所称的“袁侍御亨伯”
毛泽民,亲属 / 政治人物 / 神交引用,亲属,99,15,15,6,8,我是天安门(5)；李敖快意恩仇录(4)；李敖对话录(2)；李敖笑傲江湖(2)；挑战李敖(1)；李敖大哥大(1),国民党、弟弟、共产党、儿子、女儿、妹妹、书中、法庭
江炯聪,通信 / 师生,通信,99,15,15,1,2,李敖笑傲江湖(15),写信、教授、博士、打电话、电话、委员、朋友、见
江道生,公共论战 / 出版 / 见面,公共论战,99,15,11,1,5,李敖大哥大(15),国民党、报纸、弟弟、先生、见、哲学、一起、请我
汪文吉,同案狱友 / 诉讼 / 姻亲,同案狱友,99,15,15,1,1,李敖自传与回忆续集(15),杂役、所长、法务部、陪他、副所长、检察官、律师、看守所
沈尹默,学术 / 学术行政 / 文艺音乐 / 诗文出处 / 历史类比引用 / 神交引用,学术,99,15,15,9,10,中国艺术新研(3)；李敖大哥大(3)；李敖风流自传(2)；求是新语(2)；李敖自传与回忆(1)；李敖回忆录(1)；李敖议坛哀思录(1)；中国命研究(1),诗、老师、北大、同学、同班、文学、见、教授
沈葆桢,政治人物 / 军事人物 / 历史类比引用 / 神交引用,政治人物,99,15,15,7,8,李敖秘密书房(7)；李敖访谈录1990-2018(2)；要把金针度与人(2)；千秋万岁乌鸦求是合集(1)；李敖语录(1)；一个预备军官的日记(1)；李敖随写录后集(1),政府、书里、见、像、节目、曾国藩、左宗棠、沈葆桢、李鸿章、大学
海伦,虚拟人物 / 历史类比引用 / 情感 / 神交引用,虚拟人物,99,15,15,11,11,爱情的秘密(5)；李敖自传与回忆(1)；李敖快意恩仇录(1)；上下古今谈(1)；上山·上山·爱(1)；红色11(1)；虚拟的十七岁(1)；李敖语录(1),诗、像、历史上、秘书、主义、文学、哲学、节目
温士源,政治人物 / 司法人员 / 公共论战,政治人物,99,15,15,9,9,李敖书简集(5)；李敖书牍集(2)；李敖笑傲江湖(2)；我最难忘的事和人(1)；李敖回忆录(1)；李敖快意恩仇录(1)；李敖风流自传(1)；李敖相关(1),法院、委员、立委、国民党、监狱、报导、电视、台北监狱
王拓,神交引用 / 见面 / 政治人物 / 媒体,待复核,99,15,9,7,12,李敖议坛哀思录(5)；李敖大哥大(4)；李敖书信集(2)；李敖自传与回忆(1)；李敖全集(1)；李敖语录(1)；李敖秘密书房(1),民进党、委员、读、朋友、节目、到我家、我家来、国民党
王济中,监狱行政 / 公职人员 / 公共论战,监狱行政,99,15,15,9,11,李敖笑傲江湖(4)；李敖书简集(3)；李敖Talk秀(2)；李敖自传与回忆续集(1)；我最难忘的事和人(1)；李敖回忆录(1)；李敖快意恩仇录(1)；李敖风流自传(1),法务部、监狱、台北监狱、部长、推事、法院、判决、见
王锡爵,政治异议者 / 公共论战 / 社会案件,政治异议者,99,15,15,3,3,李敖对话录(10)；中国命研究(3)；波波颂(2),国民党、王锡爵、见、见面、父亲、母亲、批评、一起
玛格达琳,虚拟人物 / 神交引用,虚拟人物,99,15,15,3,3,为中国思想趋向求答案(12)；千秋万岁乌鸦求是合集(2)；李敖笑傲江湖(1),读、朋友、碰到、文学、见
白喧,情治警务 / 见面 / 公共论战,情治警务,99,15,15,1,1,李敖Talk秀(15),白喧：、调查局、像、发行、总统、专案小组、政府、白喧先生
白头誓,见面 / 姻亲,见面,99,15,15,11,14,李敖笑傲江湖(3)；我最难忘的事和人(2)；李敖语录(2)；李敖回忆录(1)；李敖快意恩仇录(1)；李敖风流自传(1)；李敖书序集(1)；李敖书启集(1),见、国民党、古人、将军、妻、共产党、夫人、请我
石敢言,媒体 / 出版 / 公共论战 / 诗文出处,媒体,99,15,15,2,2,李敖报刊集(10)；千秋万岁乌鸦求是合集(5),杂志、石敢言、出版、编辑、总编辑、文星、报导
神农,宗教人物 / 医疗照护 / 历史类比引用 / 神交引用,宗教人物,99,15,15,9,11,传统下的独白(3)；李敖语录(3)；中国命研究(3)；独白下的传统(1)；文化论战丹火录(1)；读史指南(1)；要把金针度与人(1)；中国性研究(1),所谓、历史上、序
章士钊,学术 / 诗文出处 / 政治异议者 / 公共论战 / 历史类比引用 / 神交引用,学术,99,15,15,5,6,中国近代史新论(11)；传统下的独白(1)；千秋万岁乌鸦求是合集(1)；虽千万人，李敖往矣(1)；一个预备军官的日记(1),诗、政府、读、章士钊《〈苏报〉案始末记叙》、儿子、见、章士钊行严亦来、章行严在《读〈革命军〉》
管区警察（软禁残记）,情治警务 / 机构警卫 / 见面 / 证人见证,情治警务,99,15,15,1,2,李敖秘藏日记(15),管区警察来、管区警察又、管区警察下楼、管区警察午言、管区警察一齐、管区警察秘示、管区警察和一便衣
罗小姐,情感 / 称谓待考 / 通信,情感,99,15,15,3,5,挑战李敖(9)；李敖书翰集(5)；一个预备军官的日记(1),罗小姐、节目、军法、认识、说过、国民党、主义、同学
罗志明,政治人物 / 见面,政治人物,99,15,15,1,4,李敖议坛哀思录(15),委员、部长、主席、立委、军购、司令、参谋、同仁
翟理思,学术 / 诗文出处 / 学术考证引用 / 历史类比引用 / 神交引用,学术,99,15,15,1,2,读史指南(15),序、儿子、所谓、出版、思想、政府、像、L·翟理思（Lionel Giles）
胡致中,司法人员 / 诉讼 / 公共论战,司法人员,99,15,15,4,5,李敖笑傲江湖(9)；李敖书启集(4)；千秋万岁乌鸦求是合集(1)；挑战李敖(1),院长、法院、家里、政治、市长、法官、同学、见
萧毅肃,军事人物,军事人物,99,15,15,1,1,我梦碎，所以我梦醒(15),参谋、司令、中将、晤、见、委员、像、少将
葛洪,医疗照护 / 宗教人物 / 学术 / 神交引用,医疗照护,99,15,15,8,9,要把金针度与人(6)；一个预备军官的日记(2)；读史指南(2)；传统下的独白(1)；北京法源寺(1)；李敖的情诗(1)；虽千万人，李敖往矣(1)；中国命研究(1),诗、所谓、读、历史上、书目作者表、书里
董念台,公共论战 / 神交引用,待复核,99,15,8,2,4,李敖大哥大(12)；挑战李敖(3),像、国民党、读、总统、警察、嫁给
西园寺公望,政治人物 / 神交引用,政治人物,99,15,15,1,1,李敖新刊(15),秘书、妻、著作
赫克脱·马洛,诗文出处 / 历史类比引用 / 神交引用,诗文出处,99,15,15,5,5,李敖书序集(10)；虽千万人，李敖往矣(2)；李敖快意恩仇录(1)；爱情的秘密(1)；李敖随写录后集(1),马洛、赫克脱·马洛、夫人、控告、政府、政治、晤、文学
连雅堂,亲属 / 出版 / 神交引用,待复核,99,15,9,3,4,挑战李敖(9)；千秋万岁乌鸦求是合集(3)；李敖秘密书房(3),儿子、国民党、序、告诉我、出版、学者、主义、像
邓朴方,亲属 / 公共论战,亲属,99,15,15,3,3,李敖随写录前集(13)；挑战李敖(1)；李敖大哥大(1),父亲、儿子、访问、母亲、记者、学生、见、见到
郑介民,情治警务 / 军事人物 / 政治人物,情治警务,99,15,15,3,3,我最难忘的事和人(13)；李敖书序集(1)；中国性研究(1),先生、总统、委员、攻击、警总、女友、所谓、宣传
郭子仪,军事人物 / 政治人物 / 历史类比引用,军事人物,99,15,15,4,6,中国命研究(6)；中国现代史定论(4)；李敖笑傲江湖(4)；虽千万人，李敖往矣(1),儿子、国民党、爸爸、主义、见、节目、妻
都离开,朋友,待复核,99,15,8,13,15,挑战李敖(3)；李敖回忆录(1)；李敖风流自传(1)；李敖文存(1)；波波颂(1)；北京法源寺(1)；上山·上山·爱(1)；爱情的秘密(1),像、杂志、文星、牢房、朋友、总统、对我说、请他
金雄白,诗文出处 / 媒体 / 出版 / 政治人物 / 历史类比引用,诗文出处,99,15,15,3,3,李敖书序集(10)；我梦碎，所以我梦醒(4)；要把金针度与人(1),金雄白、见、导演、读、朱子家、教书、父亲
钟会,军事人物 / 政治人物 / 神交引用,军事人物,99,15,15,5,6,李敖语录(5)；独白下的传统(3)；要把金针度与人(3)；李敖新刊(2)；千秋万岁乌鸦求是合集(2),爸爸、好友、攻击、一起、政治、主义、学生、古人
阿瑟,政治人物 / 主剧情人物 / 小说剧本人物 / 历史类比引用,政治人物,99,15,15,1,3,阳痿美国(15),总统、所谓、写信、政治、像、财产
陈俊源,诉讼 / 公共论战,诉讼,99,15,15,1,3,李敖大哥大(15),判决、国民党、调查局、民进党、会面、法院、见、家里
陈嘉宗,媒体 / 公共论战 / 诗文出处,媒体,99,15,15,1,1,李敖报刊集(15),陈先生说、陈嘉宗、报纸、先生、陈嘉宗先生写的《李敖的报纸》、陈先生写这些话、陈先生文章
陈绍鹏,师生 / 学术 / 出版 / 诗文出处 / 公共论战,师生,99,15,15,7,7,李敖笑傲江湖(4)；李敖快意恩仇录(3)；大学札记(2)；李敖书翰集(2)；中国性研究(2)；为自由招魂(1)；千秋万岁乌鸦求是合集(1),老师、读、先生、大学、父亲、思想、朋友、寄陈绍鹏谈侦探小说及中国历史故事
雅典娜,虚拟人物 / 宗教人物 / 历史类比引用 / 神交引用,虚拟人物,99,15,15,5,5,虚拟的十七岁(7)；坐牢家爸爸给女儿的八十封信(5)；李敖文存二集(1)；李敖语录(1)；挑战李敖(1),像、爸爸、女儿、妈妈、见、智慧女神雅典娜
马偕,医疗照护 / 宗教人物 / 神交引用,医疗照护,99,15,15,1,2,你笨蛋，你笨蛋(15),院长、大学、到我家、我家来、请我、一起、夫人、打电话
马相伯,学术 / 诗文出处 / 历史类比引用 / 神交引用,学术,99,15,15,5,7,千秋万岁乌鸦求是合集(8)；李敖全集(3)；要把金针度与人(2)；教育与脸谱(1)；中国艺术新研(1),哲学、先生、哥哥、出版、国民党、见、学者、老师
高速公,神交引用,待复核,99,15,9,6,7,李敖秘密书房(8)；你是景福门(2)；李敖笑傲江湖(2)；千秋万岁乌鸦求是合集(1)；阳痿美国(1)；李敖秘藏日记(1),所谓、像、主席、市长、大学、院长、国民党、女儿
黄周旋,通信 / 司法人员 / 刑求人员,待复核,99,15,10,1,3,李敖大哥大(15),电话、审判长、判决、调查局、封杀、妻、国民党、法官
黄崑虎,政治人物,政治人物,99,15,12,1,2,李敖大哥大(15),委员、选举、民进党、辩护、朋友、政治、一起
于出版,出版 / 编辑 / 学术 / 司法人员,出版,99,14,14,7,12,千秋万岁乌鸦求是合集(6)；李敖快意恩仇录(2)；李敖新刊(2)；李敖自传与回忆续集(1)；李敖回忆录(1)；世论新语(1)；虽千万人，李敖往矣(1),出版、发行、政府、上诉、研究、学术、论文、台大
于现实,政治人物 / 公共论战,待复核,99,14,9,9,12,李敖大哥大(4)；千秋万岁乌鸦求是合集(2)；李敖语录(2)；李敖议坛哀思录(1)；为中国思想趋向求答案(1)；大学日记后期乙集(1)；给马戈的五十封信(1)；李敖秘密书房(1),台独、总统、封杀、杂志、宣传、大学、参谋、民进党
俞大纲,文艺音乐 / 学术 / 出版 / 创作资料协助 / 公共论战,文艺音乐,99,14,14,3,3,李敖书牍集(8)；李敖快意恩仇录(3)；李敖风流自传(3),序、请我、文星、爸爸、出版、见、读、杂志
刘九庵,学术 / 神交引用,学术,99,14,14,5,6,李敖大哥大(8)；李敖风流自传(2)；李敖书启集(2)；中国艺术新研(1)；李敖秘密书房(1),家里、先生、像、研究、朋友、拜访、教授、大学
刘士元,司法人员 / 诉讼,司法人员,99,14,14,5,5,世论新语(7)；李敖随写录后集(2)；李敖书笺集(2)；李敖笑傲江湖(2)；李敖自传与回忆续集(1),法院、见、推事、记者、庭长、上诉、法官、诬告
刘家顺,师生 / 见面 / 通信,师生,99,14,13,5,5,李敖随写录前集(6)；李敖回忆录(2)；李敖风流自传(2)；李敖新刊(2)；李敖大哥大(2),台大、政治、学生、同学、见、大学、打电话、电话
刘心皇,政治人物 / 见面,待复核,99,14,10,5,6,李敖情书集(8)；世论新语(3)；李敖回忆录(1)；李敖快意恩仇录(1)；李敖风流自传(1),总统、见、将军、序、国民党、委员、哥哥、写信
刘邦友,政治人物 / 被害人 / 社会案件 / 公共论战,政治人物,99,14,14,3,8,挑战李敖(11)；李敖秘密书房(2)；李敖颠倒众生(1),县长、见、律师、土地、民进党、节目、国民党、政治
别节目,媒体,媒体,99,14,14,4,7,李敖大哥大(10)；中国现代史正论(2)；李敖随写录前集(1)；挑战李敖(1),节目、访问、杂志、电视、朋友、民进党、大学、记者
司马笑,媒体 / 见面,媒体,99,14,14,10,12,李敖快意恩仇录(2)；李敖风流自传(2)；李敖全集(2)；李敖情书集(2)；李敖回忆录(1)；传统下的独白(1)；教育与脸谱(1)；为自由招魂(1),家里、国民党、记者、太太、告诉我、朋友、爸爸、送我
周佛海,政治人物 / 公职人员 / 历史类比引用,政治人物,99,14,14,6,6,李敖笑傲江湖(4)；李敖快意恩仇录(2)；李敖风流自传(2)；李敖全集(2)；我梦碎，所以我梦醒(2)；千秋万岁乌鸦求是合集(2),太太、到我家、家里、共产党、主义、对我说、见、接见
周瑜,军事人物 / 历史类比引用,军事人物,99,14,14,7,8,读史指南(4)；李敖笑傲江湖(3)；李敖语录(2)；要把金针度与人(2)；虽千万人，李敖往矣(1)；挑战李敖(1)；李敖大哥大(1),诗、嫁给、妹妹、儿子、主席、《斩吕布》《哭周瑜》、孔明并没三气周瑜、历史上
国宣传,党务宣传 / 刑求受害,党务宣传,99,14,14,5,7,虽千万人，李敖往矣(4)；李敖风流自传(3)；你笨蛋，你笨蛋(3)；我梦碎，所以我梦醒(3)；阳痿美国(1),宣传、拳头、见、访问、总统、政府、共产党
埃莉诺·罗斯福,政治人物 / 人权救援 / 公共论战 / 神交引用,政治人物,99,14,14,5,6,李敖议坛哀思录(4)；波波颂(3)；你是景福门(3)；一个预备军官的日记(2)；挑战李敖(2),夫人、政治、监狱、检察官、起诉
培根,学术 / 神交引用,学术,99,14,14,9,10,阳痿美国(3)；传统下的独白(2)；一个预备军官的日记(2)；历史与人像(2)；波波颂(1)；李敖全集(1)；虚拟的十七岁(1)；李敖语录(1),主义、论文、像、见、情书、哲学、说过、先生
孙智燊,学术 / 同学 / 见面 / 诗文出处 / 出版,学术,99,14,14,9,9,李敖快意恩仇录(6)；李敖回忆录(1)；李敖风流自传(1)；李敖全集(1)；早年日记(1)；李敖报刊集(1)；李敖情书集(1)；李敖书信集(1),大学、台大、文星、巴掌、攻击、共事、跟我说、研究
宋长志,军事人物 / 政治人物 / 公职人员 / 公共论战,军事人物,99,14,14,6,8,千秋万岁乌鸦求是合集(5)；李敖书札集(4)；李敖书启集(2)；你是景福门(1)；李敖语录(1)；李敖对话录(1),法院、序、国民党、部长、访问、电话、所谓、像
家庭生,神交引用 / 亲属 / 见面,神交引用,99,14,12,11,13,挑战李敖(3)；李敖笑傲江湖(2)；李敖自传与回忆续集(1)；你笨蛋，你笨蛋(1)；我梦碎，所以我梦醒(1)；一个预备军官的日记(1)；李敖随写录前集(1)；李敖对话录(1),家里、总统、共产党、同事、问我、所谓、儿子、母亲
山陵,公共论战 / 亲属 / 见面 / 姻亲,待复核,99,14,10,3,4,李敖笑傲江湖(10)；第73烈士(3)；我梦碎，所以我梦醒(1),夫人、一起、共产党、母亲、总统、像、节目、政府
布鲁达克,学术 / 诗文出处 / 神交引用,学术,99,14,14,9,11,李敖秘密书房(3)；李敖全集(2)；大学札记(2)；李敖笑傲江湖(2)；为自由招魂(1)；虚拟的十七岁(1)；虽千万人，李敖往矣(1)；大学日记后期乙集(1),引用、像、朋友、告诉我、太太、妻、传记、著作
干预,政治人物 / 见面 / 公共论战,政治人物,99,14,11,8,13,李敖大哥大(4)；阳痿美国(2)；李敖随写录后集(2)；挑战李敖(2)；李敖回忆录(1)；李敖风流自传(1)；世论新语(1)；李敖颠倒众生(1),政治、政府、国民党、请我、大学、总统、院长、学术
平步青,出版 / 学术 / 公共论战,出版,99,14,12,10,13,李敖文存(2)；李敖笑傲江湖(2)；挑战李敖(2)；李敖大哥大(2)；李敖自传与回忆续集(1)；李敖回忆录(1)；你是景福门(1)；千秋万岁乌鸦求是合集(1),文星、老师、大学、国民党、杂志、学生、研究、学术
应该想,神交引用 / 见面 / 亲属,待复核,99,14,10,10,13,李敖秘密书房(3)；李敖议坛哀思录(2)；一个预备军官的日记(2)；求是新语(1)；我是天安门(1)；虚拟的十七岁(1)；虽千万人，李敖往矣(1)；李敖书信集(1),朋友、见、像、共产党、院长、思想、女儿、爱上
廖福本,政治人物 / 公共论战,政治人物,99,14,14,4,4,李敖笑傲江湖(9)；李敖秘密书房(3)；李敖书启集(1)；李敖Talk秀(1),国民党、问我、委员、父亲、一起、传记、像、选举
张书铭,出版 / 朋友 / 见面,出版,99,14,14,5,11,李敖风流自传(5)；你笨蛋，你笨蛋(4)；李敖议坛哀思录(3)；第73烈士(1)；李敖大哥大(1),出版、一起、见、打电话、电话、书中、序、警察
张宇,文艺音乐 / 媒体 / 见面,文艺音乐,99,14,14,1,1,李敖Talk秀(14),张宇：、像、节目、部长、政府、太太、总统
张庆惠,政治人物 / 朋友,政治人物,99,14,14,2,5,李敖议坛哀思录(9)；李敖风流自传(5),太太、法院、对我说、主席、委员、写信、好友、见
张景为,媒体 / 见面 / 公共论战,媒体,99,14,14,1,1,李敖Talk秀(14),张景为：、委员、院长、总统、编辑、总编辑、先生、部长
张牌,公共论战 / 政治人物 / 见面,公共论战,99,14,10,7,11,挑战李敖(6)；李敖笑傲江湖(2)；李敖秘密书房(2)；李敖回忆录(1)；李敖书信集(1)；中国现代史正论(1)；李敖大哥大(1),国民党、主席、发行、见、请我、节目、民进党、政治
张道藩,政治人物 / 党务宣传 / 出版 / 公共论战 / 历史类比引用,政治人物,99,14,14,5,6,李敖书笺集(7)；为自由招魂(2)；中国现代史定论(2)；中国迷信新研(2)；千秋万岁乌鸦求是合集(1),国民党、诗、见、先生、党务、文学、总统、特务
张铁石,军事人物 / 亲属,军事人物,99,14,13,2,3,李敖笑傲江湖(13)；一个预备军官的日记(1),将军、司令、国民党、上校、儿子、共产党
彭祖,宗教人物 / 神交引用,宗教人物,99,14,14,7,10,波波颂(4)；上山·上山·爱(3)；虚拟的十七岁(2)；虽千万人，李敖往矣(2)；我梦碎，所以我梦醒(1)；为历史拨云(1)；要把金针度与人(1),所谓、思想、见、爱上、像、国民党、共产党、政治
彭诚晃,出版 / 诉讼,出版,99,14,14,5,6,李敖回忆录(5)；李敖全集(4)；李敖快意恩仇录(2)；李敖对话录(2)；我最难忘的事和人(1),出版社、出版、见、陪他、支票、研究、借钱、保证金
文华（五五日记）,见面 / 称谓待考,见面,99,14,14,6,9,李敖五五日记(7)；李敖回忆录(2)；一个预备军官的日记(2)；李敖快意恩仇录(1)；李敖风流自传(1)；李敖随写录前集(1),请我、请他、碰到、大学、院长、见、找我、一起
施俊尧,司法人员 / 诉讼 / 公共论战,司法人员,99,14,14,3,5,李敖笑傲江湖(7)；李敖大哥大(4)；李敖书启集(3),法官、法院、判决、大学、审判长、书里、警备总部、发行
时李登,政治人物 / 亲属 / 公共论战,政治人物,99,14,11,5,13,李敖大哥大(8)；李敖笑傲江湖(2)；李敖秘密书房(2)；李敖杂文集(1)；李敖颠倒众生(1),总统、政府、国民党、女儿、记者、跟我说、司令、共产党
曾约农,宗教人物 / 学术 / 神交引用,宗教人物,99,14,14,9,11,李敖文存(3)；李敖全集(2)；上下古今谈(2)；李敖笑傲江湖(2)；传统下的独白(1)；传统下的再白(1)；李敖语录(1)；大学日记后期甲集(1),见、学生、总统、大学、诗、同在、研究、所谓
曾经发,神交引用 / 出版 / 政治人物 / 媒体,神交引用,99,14,12,8,14,挑战李敖(4)；李敖笑傲江湖(3)；李敖大哥大(2)；李敖自传与回忆(1)；虚拟的十七岁(1)；李敖报刊集(1)；李敖秘密书房(1)；李敖Talk秀(1),像、思想、法院、委员、政府、政治、出版、杂志
李天培,学术 / 同学 / 朋友 / 见面,学术,99,14,14,6,7,李敖快意恩仇录(7)；李敖风流自传(2)；给马戈的五十封信(2)；李敖回忆录(1)；大学日记后期甲集(1)；李敖秘密书房(1),见、同学、朋友、学者、同班、父亲、弟弟、台大
李永得,媒体 / 公职人员 / 公共论战,媒体,99,14,14,3,3,李敖颠倒众生(11)；李敖大哥大(2)；挑战李敖(1),电视、公共、学者、李永得什么人、李永得跟公视头子吴丰山、虽然赖国洲来证明、立委、节目
李立柏,军事人物 / 情治警务 / 学术行政 / 公共论战,军事人物,99,14,14,5,7,李敖笑傲江湖(6)；挑战李敖(4)；为自由招魂(2)；世论新语(1)；求是新语(1),司令、国民党、院长、特务、研究、中央研究院、大学、警总
李鸿基,军校学生 / 见面 / 称谓待考,军校学生,99,14,14,2,5,一个预备军官的日记(12)；李敖大哥大(2),鸿基、夫人、书记官、法院、国民党、一起、像、李鸿基
杨吉雄,政治人物 / 公共论战,政治人物,99,14,14,2,6,挑战李敖(13)；你是景福门(1),委员、部长、主席、立委、国民党、市长、县长、财产
林正弘,证人见证 / 创作资料协助 / 学术 / 诉讼,证人见证,99,14,14,4,4,李敖书札集(9)；李敖笑傲江湖(3)；李敖快意恩仇录(1)；李敖书启集(1),太太、证人、台大、叶新云、林正弘、王中一、黄三、学者、见、来信、叶新云、林正弘、王小明
林直勉,政治人物 / 社会案件 / 历史类比引用,政治人物,99,14,14,4,6,中国现代史正论(8)；李敖新刊(2)；千秋万岁乌鸦求是合集(2)；李敖笑傲江湖(2),见、委员、国民党、主义、所谓、读、政府、主席
毛姆,出版 / 神交引用,出版,99,14,14,8,9,虚拟的十七岁(5)；李敖笑傲江湖(3)；一个预备军官的日记(1)；李敖对话录(1)；李敖访谈录1990-2018(1)；李敖情书集(1)；李敖秘密书房(1)；李敖Talk秀(1),文学、诗、拜访、像、哲学、来信、记者、作品
毛树清,同学 / 朋友 / 感化人员,同学,99,14,14,5,8,李敖自传与回忆(4)；李敖回忆录(4)；李敖风流自传(4)；我最难忘的事和人(1)；千秋万岁乌鸦求是合集(1),一起、同学、学者、所谓、国民党、上校、少将、将军
洪金立,通信 / 出版 / 公共论战 / 朋友,通信,99,14,14,7,7,李敖书简集(6)；李敖书信集(2)；李敖书札集(2)；李敖回忆录(1)；李敖风流自传(1)；李敖札记(1)；李敖书笺集(1),写信、见、金立：、警备总部、杂志、致小金、你9月14日、10月12日的信都收到了、《政治家》第二十五期《李敖需要净化》
牟宗三,学术 / 公共论战 / 神交引用,学术,99,14,14,9,9,文化论战丹火录(4)；为中国思想趋向求答案(2)；李敖语录(2)；李敖风流自传(1)；我梦碎，所以我梦醒(1)；李语录(1)；大学日记后期甲集(1)；李敖对话录(1),国民党、见、一起、博士、老师、像、思想
狄仁杰,政治人物 / 公职人员 / 历史类比引用 / 神交引用,政治人物,99,14,14,6,6,虽千万人，李敖往矣(3)；中国命研究(3)；李敖大哥大(3)；李敖文存(2)；为历史拨云(2)；李敖风流自传(1),见、政治、读、警备总部、碰到、国民党、古人、像
王勃,诗文出处 / 历史类比引用 / 神交引用,诗文出处,99,14,14,6,6,要把金针度与人(8)；读史指南(2)；李敖快意恩仇录(1)；李敖的情诗(1)；李敖随写录后集(1)；中国命研究(1),家里、史学、读、父亲、书目作者表、批评、碰到、诗
王德馨（新闻局职员）,公职人员 / 媒体 / 出版管制 / 公共论战,公职人员,99,14,14,1,2,李敖颠倒众生(14),节目、电视、儿子、家里、委员、查禁、政府、王德馨女职员
王昭君,历史类比引用 / 情感 / 神交引用,历史类比引用,99,14,14,7,9,独白下的传统(5)；李敖语录(2)；中国性研究(2)；李敖大哥大(2)；传统下的再白(1)；要把金针度与人(1)；李敖笑傲江湖(1),家里、所谓、像、昭君出塞、娶
程思远,政治人物 / 诗文出处 / 创作资料协助 / 通信,政治人物,99,14,14,5,5,李敖书序集(9)；你是景福门(2)；李敖回忆录(1)；李敖风流自传(1)；李敖五五日记(1),思远先生、程思远、研究、政治、见、博士、秘书、出版社
简志信,媒体 / 出版 / 朋友,媒体,99,14,14,10,12,李敖回忆录(2)；李敖风流自传(2)；千秋万岁乌鸦求是合集(2)；李敖Talk秀(2)；李敖快意恩仇录(1)；早年日记(1)；李敖书札集(1)；李敖秘密书房(1),法院、文星、拳头、朋友、发行、太太、好友、支票
索拉兹,政治人物 / 看守戒护 / 朋友 / 见面,待复核,99,14,14,3,4,李敖大哥大(7)；千秋万岁乌鸦求是合集(6)；李敖自传与回忆续集(1),见、所谓、国民党、接见、台独、朋友、总统、部长
经八百,公共论战 / 神交引用,待复核,99,14,8,8,12,李敖风流自传(3)；李敖秘密书房(3)；李敖议坛哀思录(2)；李敖访谈录1990-2018(2)；第73烈士(1)；为历史拨云(1)；中国性研究(1)；李敖颠倒众生(1),政治、像、总统、立委、军购、共产党、主义、审判官
罗会议,见面 / 政治人物,待复核,99,14,9,8,10,李敖大哥大(4)；李敖颠倒众生(3)；我梦碎，所以我梦醒(2)；文化论战丹火录(1)；李语录(1)；李敖语录(1)；虽千万人，李敖往矣(1)；李敖笑傲江湖(1),总统、一起、见、国民党、序、历史上、将军、宣传
罗光,宗教人物 / 学术 / 公共论战 / 通信,宗教人物,99,14,14,6,6,李敖全集(6)；中国近代史新论(4)；李敖回忆录(1)；我是天安门(1)；一个预备军官的日记(1)；李敖书函集(1),见、先生、读、文星、大学、批评、投稿、妈妈
耿荣水,媒体 / 政治人物 / 通信 / 公共论战,媒体,99,14,14,6,9,千秋万岁乌鸦求是合集(6)；世论新语(3)；李敖书札集(2)；李敖快意恩仇录(1)；李敖秘藏日记(1)；李敖札记(1),杂志、国民党、编辑、总编辑、法院、同仁、立委、选举
胡兆扬,朋友 / 见面 / 通信 / 媒体,朋友,99,14,14,4,8,李敖五五日记(6)；李敖访谈录1990-2018(6)；李敖回忆录(1)；李敖秘密书房(1),朋友、临时兆扬抓去吃晚饭、兆扬说大报要约我写、兆扬请晚饭、兆扬来电赞同、午请牙医夫妇、兆扬夫妇、朱校长、五姨、叶建丽夫妇、兆扬夫妇、张牙医夫妇、小屯、见
能做出,政治人物 / 亲属 / 诉讼 / 公共论战,待复核,99,14,10,11,14,挑战李敖(3)；李敖随写录后集(2)；李敖自传与回忆续集(1)；李敖风流自传(1)；一个预备军官的日记(1)；李敖书信集(1)；李敖书札集(1)；为历史拨云(1),儿子、法院、像、总统、看守所、著作、委员、部长
董建华,政治人物 / 公共论战 / 亲属,政治人物,99,14,11,3,5,挑战李敖(11)；李敖颠倒众生(2)；李敖笑傲江湖(1),政治、总统、儿子、选举、共产党、主义、报纸
蔡襄,文艺音乐 / 公职人员 / 诗文出处 / 历史类比引用 / 神交引用,文艺音乐,99,14,14,2,3,中国艺术新研(13)；李敖大哥大(1),见、批评、家中、本院、诗、论文、学生、作品
薛福成,政治人物 / 学术 / 神交引用,政治人物,99,14,14,6,8,中国近代史新论(5)；要把金针度与人(4)；文化论战丹火录(2)；独白下的传统(1)；李敖全集(1)；为中国思想趋向求答案(1),见、序、教授、大学、主义、文星、陈序经在文中引薛福成记胡林翼
袁俊麒,公职人员 / 政治人物 / 选举助选 / 公共论战,公职人员,99,14,14,1,2,挑战李敖(14),国民党、委员、总干事、像、朋友、选举、有一位有名的演艺界人士叫做邹美仪、找他
袁天中,同学 / 见面,同学,99,14,14,8,13,大学日记后期乙集(3)；给马戈的五十封信(3)；大学日记后期甲集(2)；一个预备军官的日记(2)；李敖自传与回忆(1)；我最难忘的事和人(1)；李敖回忆录(1)；大学札记(1),大学、见、同学、恋爱、一起、曾才、天中、德毅、凤翰、天中、送我
谢安,政治人物 / 神交引用,政治人物,99,14,14,8,9,李敖秘密书房(4)；要把金针度与人(3)；中国性研究(2)；波波颂(1)；上山·上山·爱(1)；虚拟的十七岁(1)；为历史拨云(1)；中国艺术新研(1),诗、一起、读、朋友、所谓、序、谢安深重之、父亲
谢秀美,亲属 / 被害人 / 社会案件,亲属,99,14,14,1,2,李敖随写录后集(14),谢秀美、妹妹、见、党部、民进党、木棍、专案小组、病房
谢谢老,师生,师生,99,14,14,11,13,李敖秘藏日记(2)；挑战李敖(2)；李敖秘密书房(2)；李敖自传与回忆(1)；李敖回忆录(1)；李敖风流自传(1)；李敖相关(1)；一个预备军官的日记(1),老师、国民党、研究、出版、文学、同学、朋友、读
赖宪沧,通信 / 朋友,通信,99,14,14,5,7,李敖书启集(6)；李敖随写录后集(3)；李敖回忆录(2)；李敖风流自传(2)；李敖快意恩仇录(1),同班、一起、同学、儿子、赖宪沧、支票、先生、报纸
通部长,出版 / 政治人物 / 亲属,出版,99,14,14,10,13,李敖Talk秀(3)；李敖报刊集(2)；李敖颠倒众生(2)；求是新语(1)；千秋万岁乌鸦求是合集(1)；虽千万人，李敖往矣(1)；李敖访谈录1990-2018(1)；中国现代史正论(1),部长、国民党、杂志、民进党、立委、报纸、女儿、院长
那表示,政治人物 / 公共论战,待复核,99,14,9,4,12,李敖秘密书房(7)；李敖颠倒众生(4)；挑战李敖(2)；你是景福门(1),总统、共产党、土地、委员、记者、古代、证人、像
郑燮,学术 / 神交引用,学术,99,14,14,6,6,要把金针度与人(4)；李敖自传与回忆(3)；你笨蛋，你笨蛋(3)；李敖风流自传(2)；独白下的传统(1)；求是新语(1),诗、儿子、见
郭良蕙,出版 / 公共论战,出版,99,14,14,7,8,李敖快意恩仇录(4)；波波颂(3)；虽千万人，李敖往矣(2)；李敖访谈录1990-2018(2)；为自由招魂(1)；李敖Talk秀(1)；李敖大哥大(1),查禁、政府、所谓、见、诗、出版、国民党、像
都好像,神交引用 / 监狱行政 / 通信,神交引用,99,14,14,12,12,上山·上山·爱(2)；一个预备军官的日记(2)；李敖自传与回忆续集(1)；李敖回忆录(1)；李敖风流自传(1)；传统下的独白(1)；独白下的传统(1)；李敖对话录(1),像、监狱、朋友、写信、来信、见、爸爸、妈妈
钟太郎,社会案件 / 诉讼 / 公共论战,社会案件,99,14,14,1,1,李敖笑傲江湖(14),检察官、女友、朋友、事务、民进党、晤、报纸、认识
陈婉真,政治人物 / 政治异议者 / 人权救援 / 诉讼,政治人物,99,14,14,5,6,李敖大哥大(5)；李敖随写录后集(4)；李敖秘密书房(3)；世论新语(1)；挑战李敖(1),民进党、台独、朋友、立委、国民党、陈婉真、主席、秘书
陈淑平,见面 / 同学,见面,99,14,14,6,11,大学日记后期乙集(7)；大学日记后期甲集(3)；李敖自传与回忆(1)；大学札记(1)；早年日记(1)；李敖对话录(1),打电话、电话、研究、中央研究院、女儿、政治、序、认识
陈由豪,财产债务 / 创作资料协助 / 公共论战,财产债务,99,14,14,1,3,挑战李敖(14),研究、土地、院长、中央研究院、像、先生、太太、院内
陈碧云,亲属 / 创作资料协助 / 财产债务 / 公共论战,亲属,99,14,14,1,3,挑战李敖(14),陈碧云的账户、经费、王志强和陈碧云的账户、儿子、报导、部长、所谓、秘书
陈英士,公共论战 / 军事人物 / 亲属,公共论战,99,14,10,10,11,千秋万岁乌鸦求是合集(3)；中国现代史正论(2)；李敖笑傲江湖(2)；李敖快意恩仇录(1)；李敖风流自传(1)；世论新语(1)；求是新语(1)；李敖新刊(1),警察、司令、参谋、国民党、政治、母亲、夫人、民进党
陈范,媒体 / 出版 / 政治异议者 / 亲属 / 历史类比引用,媒体,99,14,14,1,2,中国近代史新论(14),见、保释、政治、妻、财产、总统、陈范号孟坡、与刘泽湘、史良、傅专辈游
顾宪成,公职人员 / 历史类比引用 / 神交引用,公职人员,99,14,14,6,6,李敖对话录(6)；李敖颠倒众生(3)；挑战李敖(2)；李敖风流自传(1)；李敖杂文集(1)；红色11(1),大学、顾宪成、读、见、见面、像、政府
颜良,神交引用 / 军事人物,神交引用,99,14,14,6,6,虽千万人，李敖往矣(4)；李敖笑傲江湖(4)；上下古今谈(3)；一个预备军官的日记(1)；李敖秘藏日记(1)；李敖大哥大(1),见、杂志、比喻、一起、文星、读、将军
马家辉,出版 / 媒体 / 创作资料协助,出版,99,14,14,9,9,李敖书序集续集(3)；李敖大哥大(3)；虽千万人，李敖往矣(2)；李敖回忆录(1)；李敖风流自传(1)；你笨蛋，你笨蛋(1)；我梦碎，所以我梦醒(1)；挑战李敖(1),记者、出版、博士、访问、问我、书里、先生、马家辉先生
马绍尔,政治人物,待复核,99,14,6,2,4,李敖大哥大(13)；李敖议坛哀思录(1),政府、警察
魏建功,学术 / 诗文出处 / 历史类比引用,学术,99,14,14,6,7,李敖秘密书房(5)；李敖自传与回忆(4)；中国命研究(2)；李敖自传与回忆续集(1)；李敖回忆录(1)；李敖快意恩仇录(1),同班、爸爸、诗、父亲、老师、北大、文学、同学
鲁宾斯,亲属 / 见面,亲属,99,14,13,5,6,李敖秘密书房(5)；李敖大哥大(4)；李敖议坛哀思录(3)；上山·上山·爱(1)；李敖笑傲江湖(1),儿子、家中、一起、找他、家里、请他、像、碰到
黄珏,被害人 / 社会案件 / 同案狱友 / 证人见证 / 创作资料协助,被害人,99,14,14,2,2,李敖书序集(13)；我最难忘的事和人(1),黄珏、学生、姐姐、妹妹、大学、秘书、书中、记者
黄美伦,亲属 / 情感 / 公共论战,亲属,99,14,14,2,4,挑战李敖(9)；李敖大哥大(5),离婚、太太、法院、结婚、委员、像、一起
黄轸,主剧情人物 / 小说剧本人物 / 见面,主剧情人物,99,14,14,1,3,北京法源寺(14),像、交情、请他、告诉我、写信
黄遵宪,学术 / 政治人物 / 神交引用,学术,99,14,14,5,11,挑战李敖(6)；要把金针度与人(5)；李敖全集(1)；北京法源寺(1)；李敖书翰集(1),诗、家里、老师、儿子、思想、将军、著作
齐庄公,历史类比引用 / 政治人物 / 情感 / 神交引用,历史类比引用,99,14,14,7,10,北京法源寺(5)；中国性研究(3)；李敖语录(2)；李敖快意恩仇录(1)；独白下的传统(1)；为历史拨云(1)；要把金针度与人(1),政治、家里、太太、一起、儿子、齐庄公的私通，引出臣弑其君
东西拿,姻亲,待复核,99,13,10,7,13,挑战李敖(4)；李敖秘密书房(3)；李敖笑傲江湖(2)；教育与脸谱(1)；上山·上山·爱(1)；李敖颠倒众生(1)；李敖大哥大(1),所谓、太太、出版品、出版、研究、学术、著作、家里
严肃地,亲属 / 朋友,亲属,99,13,11,9,12,李敖书信集(3)；李敖自传与回忆(2)；李敖访谈录1990-2018(2)；李敖回忆录(1)；李敖快意恩仇录(1)；波波颂(1)；你是景福门(1)；一个预备军官的日记(1),爸爸、像、对我说、朋友、女儿、见、报导、巴掌
乌克兰,政治人物,政治人物,99,13,9,5,7,李敖访谈录1990-2018(4)；虽千万人，李敖往矣(3)；李敖笑傲江湖(3)；我是天安门(2)；李敖议坛哀思录(1),总统、政府、市长、选举、院长、电视、共产党、警察
从事反,见面 / 政治人物 / 神交引用,见面,99,13,11,8,8,李敖书牍集(4)；为自由招魂(2)；李敖秘密书房(2)；北京法源寺(1)；李敖访谈录1990-2018(1)；要把金针度与人(1)；中国近代史新论(1)；挑战李敖(1),主义、见、太太、晤、批评、一起、市长、选举
任政治,公共论战 / 政治人物 / 师生,公共论战,99,13,13,7,8,李敖大哥大(4)；千秋万岁乌鸦求是合集(3)；李敖语录(2)；李敖回忆录(1)；李敖风流自传(1)；李敖笑傲江湖(1)；挑战李敖(1),政治、国民党、总统、大学、主席、研究、序、民进党
伏羲,宗教人物 / 神交引用,宗教人物,99,13,13,6,8,中国命研究(4)；李敖笑傲江湖(4)；独白下的传统(2)；文化论战丹火录(1)；李敖书简集(1)；中国近代史新论(1),古代、所谓、像、古人、哲学
何春蕤,学术 / 人权救援 / 公共论战,学术,99,13,13,2,4,李敖大哥大(11)；挑战李敖(2),教授、大学、批评、主义、像、节目、法官、研究
何永佶,诗文出处 / 公职人员 / 公共论战 / 历史类比引用,诗文出处,99,13,13,1,1,为历史拨云(13),秘书、政治、国民党、见、引用、政府、事务
元世祖,政治人物 / 神交引用,政治人物,99,13,13,8,8,读史指南(4)；大学日记后期甲集(2)；李敖大哥大(2)；传统下的独白(1)；我是天安门(1)；一个预备军官的日记(1)；要把金针度与人(1)；中国命研究(1),见、古代、史学、诗、元世祖忽必烈入主中原、序、读、历史上
关到牢,姻亲 / 政治人物,待复核,99,13,8,10,13,李敖大哥大(3)；李敖语录(2)；独白下的传统(1)；李敖文存(1)；虽千万人，李敖往矣(1)；李敖情书集(1)；中国近代史新论(1)；李敖笑傲江湖(1),太太、政府、国民党、牢房、判决、监狱、宣传、刑求
冷板凳,师生 / 政治人物,师生,99,13,9,5,7,李敖大哥大(9)；李敖文存(1)；世论新语(1)；中国性研究(1)；李敖秘密书房(1),教授、大学、部长、委员、国民党、法务部、老师、秘书
凌纯声,学术 / 学术行政 / 公共论战,学术,99,13,13,8,8,李敖快意恩仇录(3)；千秋万岁乌鸦求是合集(3)；教育与脸谱(2)；李敖回忆录(1)；李敖风流自传(1)；你是景福门(1)；你笨蛋，你笨蛋(1)；挑战李敖(1),研究、见、学者、古代、教授、古人、大学、像
刘凤翰,学术 / 诗文出处 / 出版 / 同学 / 朋友 / 见面 / 医疗照护,学术,99,13,13,7,7,大学日记后期甲集(3)；李敖情书集(3)；李敖随写录后集(2)；给马戈的五十封信(2)；早年日记(1)；李敖报刊集(1)；历史与人像(1),研究、中央研究院、台大、写信、见、总统、学术、著作
刘晓波,公共论战,公共论战,99,13,10,3,4,李敖风流自传(6)；我梦碎，所以我梦醒(6)；虽千万人，李敖往矣(1),共产党、台独、攻击、主义、见、见证、儿子
刘景星,司法人员 / 诉讼 / 公共论战,司法人员,99,13,13,1,3,李敖笑傲江湖(13),法官、法院、警备总部、判决、证人、大学、教授、写信
刘献廷,历史类比引用 / 神交引用,历史类比引用,99,13,13,4,4,要把金针度与人(5)；中国命研究(5)；李敖快意恩仇录(2)；李语录(1),见、学术、研究、访问、台大、思想、与梁溪顾培、衡山王夫之、南昌彭士望为师友、往来昆山徐乾学之门
刘述先,学术 / 婚姻相关 / 通信,学术,99,13,13,2,2,文化论战丹火录(10)；李敖书翰集(3),学生、大学、论战、出版、给YS论做主婚人之不当、刘述先婚事
劳榦,学术 / 诗文出处 / 神交引用,学术,99,13,13,7,9,文化论战丹火录(4)；教育与脸谱(2)；大学日记后期乙集(2)；一个预备军官的日记(2)；李敖快意恩仇录(1)；李敖风流自传(1)；大学札记(1),哲学、文学、老师、文星、台大、见、对我说、写信
卢秀燕,政治人物 / 见面,政治人物,99,13,13,3,8,李敖议坛哀思录(9)；李敖风流自传(3)；李敖大哥大(1),委员、主席、部长、记者、妹妹、参谋、国民党、见
司马桑敦,通信 / 见面,通信,99,13,12,4,6,李敖快意恩仇录(8)；李敖笑傲江湖(3)；早年日记(1)；中国现代史正论(1),写信、请我、回信、太太、告诉我、见、大学、共产党
吕坤,学术 / 诗文出处 / 历史类比引用 / 神交引用,学术,99,13,13,6,11,大学札记(7)；要把金针度与人(2)；李敖自传与回忆(1)；千秋万岁乌鸦求是合集(1)；李敖语录(1)；大学日记后期甲集(1),吕坤、读、见、名言
吕有文,司法人员 / 政治人物 / 诉讼 / 公共论战,司法人员,99,13,13,5,6,李敖笑傲江湖(8)；李敖随写录前集(2)；世论新语(1)；红色11(1)；李敖五五日记(1),法官、像、法务部、院长、法院、台独、武汉大旅社的命案、检察官
吴延环,政治人物 / 公职人员 / 媒体 / 党务宣传 / 公共论战 / 诗文出处 / 历史类比引用,政治人物,99,13,13,4,4,中国迷信新研(9)；李敖书函集(2)；李敖五五日记(1)；李敖书启集(1),国民党、政治、委员、大学、见、朋友、报导、论文
吴昭莹,司法人员 / 诉讼 / 公共论战,司法人员,99,13,13,1,2,李敖书牍集(13),推事、法院、贵院、院长、起诉、见、刑庭推事吴昭莹
和平转,政治人物 / 公共论战 / 见面,政治人物,99,13,12,5,10,李敖颠倒众生(7)；李敖秘密书房(2)；李敖大哥大(2)；千秋万岁乌鸦求是合集(1)；北京法源寺(1),国民党、总统、民进党、见、市长、像、问我、台独
咸丰,政治人物 / 历史类比引用 / 神交引用,政治人物,99,13,13,3,3,中国命研究(11)；中国性研究(1)；中国迷信新研(1),《火烧圆明园》和《垂帘听政》、同在、李翰祥拍这两部戏、僧格林沁亲王之骑兵、清文宗咸丰生前，曾给了慈安太后一个密诏
国组织,政治人物 / 监狱行政,政治人物,99,13,11,7,8,李敖大哥大(4)；为历史拨云(2)；挑战李敖(2)；李敖秘密书房(2)；你笨蛋，你笨蛋(1)；阳痿美国(1)；李敖笑傲江湖(1),政府、秘书、少将、政治、总统、将军、像、老师
国际标,政治人物,待复核,99,13,8,9,13,李敖笑傲江湖(3)；李敖议坛哀思录(2)；李敖大哥大(2)；李敖文存(1)；教育与脸谱(1)；千秋万岁乌鸦求是合集(1)；李语录(1)；要把金针度与人(1),总统、像、见、委员、论文、台大、院长、教授
基峻（五五日记）,出版 / 见面 / 创作资料协助 / 称谓待考,出版,99,13,13,1,5,李敖五五日记(13),来信、律师、见、所长、报纸、出版社、女儿、出版
孚琦,政治人物 / 军事人物 / 社会案件 / 历史类比引用,政治人物,99,13,13,2,4,第73烈士(11)；挑战李敖(2),将军、脚镣、研究、政府、像
尹仲容,政治人物 / 财产债务 / 公共论战,政治人物,99,13,13,2,2,千秋万岁乌鸦求是合集(12)；李敖语录(1),财产、见、太太、先生、信托、秘书、所谓
常修治,情治警务 / 见面,情治警务,99,13,13,4,8,李敖议坛哀思录(7)；李敖风流自传(4)；李敖自传与回忆(1)；挑战李敖(1),总统、见、警察、所谓、太太、记者、一起、女儿
庄严先,亲属 / 出版 / 师生,亲属,99,13,12,4,4,李敖秘密书房(10)；大学日记后期乙集(1)；李敖笑傲江湖(1)；李敖大哥大(1),大学、文学、同学、父亲、爸爸、朋友、见、杂志
庞迪我,宗教人物 / 科学家 / 创作资料协助 / 历史类比引用 / 神交引用,宗教人物,99,13,13,2,4,中国近代史新论(12)；李敖语录(1),遂与同会庞顺阳以礼部文引、复命画工，图形进览、五官正周子愚言大西洋归化人庞迪我、熊三拔、礼部侍郎翁正春等、住在北京的庞迪我（Jakob de Pantoja）和熊三拔
康文雄,出版 / 编辑 / 出版管制 / 公共论战,出版,99,13,13,2,2,李敖书牍集(12)；中国命研究(1),发行、出版、见、电话、著作、编辑、像、法院
廖正豪,司法人员 / 公职人员 / 政治人物 / 公共论战,司法人员,99,13,13,5,7,挑战李敖(6)；李敖大哥大(3)；李敖随写录后集(2)；李敖秘密书房(1)；李敖颠倒众生(1),部长、所谓、一起、法务部、批评、报纸、市长、县长
张一中,公职人员 / 党务宣传 / 政治人物 / 公共论战 / 财产债务,公职人员,99,13,13,7,8,李敖书简集(4)；挑战李敖(4)；世论新语(1)；求是新语(1)；李敖书信集(1)；李敖书札集(1)；李敖大哥大(1),委员、国民党、报纸、记者、像、诗、党部、监察委员张一中骂尤清
张仁宁,律师代理 / 诉讼 / 朋友 / 见面,律师代理,99,13,13,5,9,李敖五五日记(9)；李敖回忆录(1)；李敖快意恩仇录(1)；你笨蛋，你笨蛋(1)；早年日记(1),律师、见、儿子、法官、审判长、检察官、太太、警总
张士诚,军事人物 / 神交引用,军事人物,99,13,13,4,4,李敖对话录(6)；传统下的独白(3)；千秋万岁乌鸦求是合集(2)；李敖笑傲江湖(2),将军、一起、像、太太
张灿鍙,政治人物 / 政治异议者 / 人权救援 / 诉讼,政治人物,99,13,13,4,5,李敖随写录后集(6)；李敖颠倒众生(4)；李敖访谈录1990-2018(2)；李敖秘密书房(1),市长、台独、政府、像、张灿鍙、县长、民进党、委员
张铁君,学术 / 学术行政 / 公共论战,学术,99,13,13,2,2,文化论战丹火录(12)；传统下的独白(1),研究、主义、发行、论战、教授、出版、思想、妈妈
张霭蓥,朋友 / 见面,朋友,99,13,13,3,8,大学日记后期甲集(5)；大学日记后期乙集(4)；一个预备军官的日记(4),所谓、电话、见、台大、福利社、政治、读、碰到
张鸿学,政治人物 / 公共论战,政治人物,99,13,13,7,8,李敖新刊(3)；李敖大哥大(3)；虽千万人，李敖往矣(2)；挑战李敖(2)；世论新语(1)；李敖书启集(1)；李敖颠倒众生(1),委员、法院、杂志、贵院、电视、广播、国民党、报导
徐世贤,司法人员 / 公职人员 / 师生 / 亲属,司法人员,99,13,13,8,8,李敖秘密书房(4)；李敖书序集(2)；李敖笑傲江湖(2)；李敖自传与回忆续集(1)；李敖回忆录(1)；李敖快意恩仇录(1)；中国性研究(1)；李敖大哥大(1),司法行政部、老师、部长、同学、爸爸、大学、法务部、总统
徐霞客,神交引用 / 师生,待复核,99,13,8,3,4,李敖秘密书房(10)；要把金针度与人(2)；虽千万人，李敖往矣(1),像、教授、见、母亲、序、学者、读、老师
戴炎辉,学术 / 学术行政 / 司法人员 / 公共论战,学术,99,13,13,7,7,我最难忘的事和人(3)；李敖快意恩仇录(3)；李敖风流自传(2)；大学日记后期乙集(2)；李敖全集(1)；李敖书函集(1)；历史与人像(1),著作、教授、拜访、陪我、学者、研究、见、台大
文祥,政治人物 / 神交引用,政治人物,99,13,13,5,5,李敖大哥大(7)；李敖全集(2)；李敖秘密书房(2)；为中国思想趋向求答案(1)；李敖语录(1),法官、法院、判决、认识、写信、财产、告诉我
施敏雄,同学 / 感化人员,同学,99,13,13,6,7,李敖自传与回忆(4)；我最难忘的事和人(3)；李敖回忆录(2)；李敖风流自传(2)；千秋万岁乌鸦求是合集(1)；大学日记后期甲集(1),认识、一起、同学、国民党、弟弟、学者、所谓、请我
施茂林,司法人员 / 政治人物,司法人员,99,13,12,2,2,李敖大哥大(11)；李敖快意恩仇录(2),法官、政府、判决、法院、检察官、主编、一起、像
普雷斯利,文艺音乐 / 神交引用,文艺音乐,99,13,13,9,9,我是天安门(3)；上山·上山·爱(2)；阳痿美国(2)；李敖回忆录(1)；李敖快意恩仇录(1)；李敖风流自传(1)；传统下的独白(1)；李敖对话录(1),导演、查禁、像、见、妈妈、弟弟
曹社长,政治人物 / 神交引用,政治人物,99,13,12,1,1,千秋万岁乌鸦求是合集(13),读、部长、政府、名言、引用、政治、哲学、杂志
朱卓文,政治人物 / 创作资料协助 / 社会案件 / 历史类比引用,政治人物,99,13,13,1,1,中国现代史正论(13),委员、国民党、土地、政府、主席、胡毅生、朱卓文、林直勉三人嫌疑最大、朱卓文在中山县担任建设局长、朱卓文外号叫“大声佬”
李准,政治人物 / 军事人物 / 通信 / 历史类比引用,政治人物,99,13,13,1,2,第73烈士(13),电报、先生、政府、像、碰到、将军
李济深,军事人物 / 政治人物 / 公共论战 / 历史类比引用,军事人物,99,13,13,2,2,中国现代史定论(12)；李敖颠倒众生(1),委员、所谓、国民党、宣传、认识、政府、陈铭枢李济深之徒、陈铭枢李济深等
李耀祖,同学 / 见面,同学,99,13,13,8,10,李敖风流自传(3)；李敖回忆录(2)；李敖快意恩仇录(2)；李敖新刊(2)；李敖自传与回忆(1)；我最难忘的事和人(1)；大学日记后期乙集(1)；一个预备军官的日记(1),同房、大学、见、一起
杨丰卿,司法人员 / 诉讼,司法人员,99,13,13,5,6,李敖新刊(5)；李敖书牍集(5)；千秋万岁乌鸦求是合集(1)；李敖笑傲江湖(1)；李敖大哥大(1),法官、法院、判决、院长、发行、先生、所谓、上诉
林信义,政治人物 / 学术行政,政治人物,99,13,10,2,8,李敖大哥大(12)；李敖Talk秀(1),部长、委员、像、民进党、院长、政府、批评、一起
林志嘉,政治人物 / 公共论战 / 见面,政治人物,99,13,11,1,3,李敖大哥大(13),国民党、委员、县长、一起、选举、政治
林斯顿,学术,学术,99,13,13,7,8,李敖秘密书房(3)；李敖大哥大(3)；李敖语录(2)；李敖访谈录1990-2018(2)；李敖快意恩仇录(1)；李敖风流自传(1)；教育与脸谱(1),大学、台大、像、研究、博士、告诉我、学者、学术
武慰先,同学 / 见面 / 通信,同学,99,13,13,6,7,李敖大哥大(6)；李敖回忆录(2)；李敖快意恩仇录(2)；李敖风流自传(1)；世论新语(1)；千秋万岁乌鸦求是合集(1),学生、见、秘书、台大、朋友、大学、看守所、写信
汪笨湖,媒体 / 公共论战,媒体,99,13,13,4,9,挑战李敖(5)；李敖颠倒众生(4)；李敖Talk秀(3)；李敖访谈录1990-2018(1),节目、电视、打电话、电话、国民党、像、朋友、见
游全球,同案狱友 / 刑求受害 / 证人见证,同案狱友,99,13,13,2,2,红色11(9)；中国命研究(4),调查局、告诉我、政治、对我说、起诉、刑求、检察官、政府
游山玩,见面,待复核,99,13,8,7,13,李敖笑傲江湖(4)；李敖访谈录1990-2018(3)；李敖大哥大(2)；教育与脸谱(1)；李敖情书集(1)；中国现代史正论(1)；李敖秘密书房(1),一起、像、院长、诗、文学、朋友、政治、碰到
潘香凝,政治人物 / 亲属 / 公共论战,政治人物,99,13,13,4,6,李敖书函集(6)；李敖议坛哀思录(3)；李敖风流自传(3)；世论新语(1),太太、院长、见、妈妈、交情、娶、法院、党部
熊钝生,出版管制 / 公职人员 / 出版 / 公共论战,出版管制,99,13,13,5,5,李敖报刊集(7)；千秋万岁乌鸦求是合集(3)；为自由招魂(1)；李敖随写录前集(1)；挑战李敖(1),出版、拜访、国民党、朋友、杂志、熊钝生、报人、委员
王司机,监狱行政 / 亲属 / 朋友,待复核,99,13,7,2,2,李敖笑傲江湖(10)；第73烈士(3),秘书、家里、请他、朋友、告诉我
王国樑,姻亲 / 亲属 / 财产债务 / 诉讼,姻亲,99,13,13,1,2,李敖自传与回忆续集(13),弟弟、律师、产权、房地、委任书、债权、妻、所谓
王必立,媒体 / 出版 / 亲属 / 公共论战,媒体,99,13,13,1,1,李敖颠倒众生(13),发行、先生、编辑、总编辑、爸爸、节目、朋友、报导
王恒庆,师生 / 见面,师生,99,13,13,2,2,李敖自传与回忆(7)；李敖回忆录(6),老师、同学、哥哥、学生、见、师生、太太、主席
王镇辉,公共论战 / 政治异议者 / 见面,公共论战,99,13,13,3,4,李敖秘藏日记(8)；李敖大哥大(3)；李敖秘密书房(2),见、编辑、发行、总编辑、镇辉、朋友、太太、国民党
班昭,学术 / 神交引用,学术,99,13,13,5,6,李敖语录(5)；独白下的传统(3)；历史与人像(2)；要把金针度与人(2)；传统下的独白(1),结婚、思想、哥哥、太太、像、妹妹、书中、妻
盘古,虚拟人物 / 宗教人物 / 历史类比引用 / 神交引用,虚拟人物,99,13,13,9,9,传统下的再白(3)；我是天安门(2)；李敖语录(2)；独白下的传统(1)；文化论战丹火录(1)；上山·上山·爱(1)；读史指南(1)；要把金针度与人(1),像、公共、家里、历史上、先生、所谓、宣传、同在
福尔摩斯,虚拟人物,虚拟人物,99,13,13,5,5,李敖笑傲江湖(9)；李敖自传与回忆(1)；李敖议坛哀思录(1)；上山·上山·爱(1)；李敖秘密书房(1),像、节目、爸爸、说过、告诉我、姐姐、博士、朋友
童有德,司法人员 / 诉讼 / 创作资料协助,司法人员,99,13,13,6,8,李敖自传与回忆续集(7)；李敖书函集(2)；李敖回忆录(1)；李敖风流自传(1)；世论新语(1)；李敖五五日记(1),推事、诬告、判决、法院、上诉、法官、诗、见
胡祖望,出版 / 创作资料协助,出版,99,13,13,4,5,李敖秘密书房(9)；李敖书札集(2)；李敖情书集(1)；李敖书信集(1),儿子、母亲、家里、诗、见、碰到、太太、透过胡祖望的支持
能避免,神交引用 / 姻亲,待复核,99,13,7,11,12,文化论战丹火录(2)；李敖对话录(2)；李敖文存(1)；李敖新刊(1)；虚拟的十七岁(1)；阳痿美国(1)；虽千万人，李敖往矣(1)；大学日记后期乙集(1),研究、思想、古人、像、上校、太太、妻、家里
范宽,文艺音乐 / 历史类比引用 / 神交引用,文艺音乐,99,13,13,2,2,李敖大哥大(7)；中国艺术新研(6),范宽《谿山行旅图》、诗、见、出版、古代
萧金兰,司法人员 / 政治人物 / 刑求人员,司法人员,99,13,11,1,2,李敖大哥大(13),国民党、起诉、检察官、委员、立委、法务部、民进党、调查局
蒋廷锡,编辑 / 公职人员 / 学术 / 历史类比引用 / 神交引用,编辑,99,13,13,1,1,读史指南(13),编校、序、编辑、学术、政治、诗、蒋廷锡等重加编校、蒋廷锡督在事诸臣成之
蔡俊军,同案狱友,同案狱友,99,13,13,6,6,李敖回忆录(3)；李敖风流自传(3)；千秋万岁乌鸦求是合集(3)；李敖大哥大(2)；李敖自传与回忆续集(1)；挑战李敖(1),共产党、同房、告诉我、同案、打电话、电话、好友、特务
谭洁力,见面 / 朋友,见面,99,13,13,7,9,李敖回忆录(3)；李敖风流自传(3)；大学日记后期甲集(3)；千秋万岁乌鸦求是合集(1)；大学日记后期乙集(1)；一个预备军官的日记(1)；给马戈的五十封信(1),爸爸、见、见到、陪我、市长、像、朋友、妈妈
费精神,神交引用 / 师生,待复核,99,13,11,7,7,李敖大哥大(7)；李敖自传与回忆续集(1)；爱情的秘密(1)；李敖的情诗(1)；李敖情书集(1)；中国命研究(1)；李敖秘密书房(1),像、诗、监狱、政治、见、一起、文学、思想
贾似道,政治人物 / 公职人员 / 文艺音乐 / 历史类比引用 / 神交引用,政治人物,99,13,13,3,4,中国艺术新研(11)；历史与人像(1)；要把金针度与人(1),史学、儿子、财产、政治、历史上、贾似道（1213-1275）
赛珍珠,诗文出处 / 历史类比引用 / 神交引用,诗文出处,99,13,13,6,8,李敖大哥大(5)；李敖访谈录1990-2018(3)；坐牢家爸爸给女儿的八十封信(2)；为自由招魂(1)；一个预备军官的日记(1)；中国命研究(1),文学、历史上、学者、政治、作品、见、母亲、主义
连培如,朋友 / 见面,朋友,99,13,13,1,1,我最难忘的事和人(13),读、病房、见
邵雍,学术 / 神交引用,学术,99,13,13,5,5,挑战李敖(5)；读史指南(4)；虚拟的十七岁(2)；独白下的传统(1)；要把金针度与人(1),书目作者表、所谓、见、思想
陆象山,学术 / 历史类比引用 / 神交引用,学术,99,13,13,3,3,我最难忘的事和人(6)；上山·上山·爱(6)；中国近代史新论(1),思想、学生、见、像
陈万水,亲属 / 财产债务 / 公共论战,亲属,99,13,13,4,7,挑战李敖(5)；李敖秘密书房(5)；李敖笑傲江湖(2)；虽千万人，李敖往矣(1),太太、国民党、一起、夫人、访问、家里、政府、节目
陈依玫,媒体 / 见面,媒体,99,13,13,5,6,李敖随写录前集(5)；李敖对话录(5)；李敖快意恩仇录(1)；李敖风流自传(1)；李敖书启集(1),陈依玫、访问、大学、问我、台大、诗、见、学生
陈博享,司法人员 / 诉讼 / 公共论战,司法人员,99,13,13,6,6,李敖大哥大(7)；李敖书信集(2)；李敖自传与回忆续集(1)；李敖快意恩仇录(1)；李敖风流自传(1)；李敖笑傲江湖(1),法官、判决、法院、拜访、检察官、书记官、支票、上诉
陈大革,见面 / 朋友 / 创作资料协助 / 亲属,见面,99,13,13,7,7,李敖随写录后集(4)；李敖秘密书房(3)；李敖情书集(2)；李敖回忆录(1)；李敖议坛哀思录(1)；李敖风流自传(1)；挑战李敖(1),弟弟、嫁给、台大、妹妹、国民党、结婚、请我、太太
陈少廷,通信 / 师生 / 创作资料协助 / 公共论战,通信,99,13,13,4,5,千秋万岁乌鸦求是合集(8)；李敖书札集(2)；李敖书笺集(2)；我最难忘的事和人(1),杂志、大学、学生、国民党、认识、选举、主编、诗
陈明真,政治人物 / 科学家 / 公共论战,政治人物,99,13,13,2,6,李敖议坛哀思录(9)；李敖风流自传(4),民进党、立委、博士、父亲、爸爸、委员、同学
陈柏渊,师生 / 刑求受害,师生,99,13,10,2,2,红色11(12)；李敖自传与回忆续集(1),老师、刑求、军法、学生、妈妈、特务、家里、律师
陈涵,司法人员 / 诉讼 / 公共论战,司法人员,99,13,13,5,6,李敖笑傲江湖(5)；李敖自传与回忆续集(3)；李敖书信集(3)；世论新语(1)；李敖新刊(1),法务部、判决、写信、检察长、像、拜访、见、教授
陈芳明,学术 / 媒体 / 诗文出处 / 公共论战,学术,99,13,13,5,5,李敖颠倒众生(4)；李敖大哥大(4)；世论新语(2)；李敖书序集续集(2)；李敖回忆录(1),民进党、朋友、文学、所谓、大学、国民党、像、杂志
陈顾远,学术 / 律师代理 / 诗文出处 / 学术考证引用 / 公共论战,学术,99,13,13,4,4,中国性研究(7)；李敖回忆录(2)；历史与人像(2)；李敖大哥大(2),律师、法庭、妻、辩护、娶、序、陈顾远记录、教授
陈骥,军事人物 / 历史类比引用,军事人物,99,13,13,6,6,李敖快意恩仇录(3)；李敖风流自传(3)；李敖新刊(3)；李敖书牍集(2)；李敖书启集(1)；挑战李敖(1),研究、台大、见、文学、国民党、院长、学生、大学
韫颖,亲属 / 诗文出处 / 历史类比引用 / 神交引用,亲属,99,13,13,2,2,李敖书序集(12)；李敖书启集(1),莉莉、哥哥、书里、韫颖、琍琍
颜延之,学术 / 出版 / 历史类比引用 / 神交引用,学术,99,13,13,3,3,千秋万岁乌鸦求是合集(7)；李敖语录(5)；求是新语(1),家里、见、历史上
马丁·路德·金,人权救援 / 政治异议者 / 神交引用,人权救援,99,13,13,8,8,李敖书牍集(5)；李敖报刊集(2)；李敖自传与回忆(1)；李敖自传与回忆续集(1)；李敖风流自传(1)；上下古今谈(1)；李敖秘密书房(1)；李敖颠倒众生(1),像、检察官、马丁·路德·金、学生、警察、金牧师被控涉嫌逃避所得税、非法之徒”以炸弹炸毁金牧师的住宅、博士
魏启林,监狱行政 / 见面,监狱行政,99,13,11,2,5,李敖Talk秀(8)；李敖颠倒众生(5),秘书、国民党、碰到、电视、报纸、教授、学者、记者
魏景蒙,媒体 / 公职人员 / 历史类比引用,媒体,99,13,13,6,7,李敖书信集(5)；李敖秘密书房(3)；挑战李敖(2)；文化论战丹火录(1)；早年日记(1)；李敖大哥大(1),电视、广播、文星、书店、选举、论战、朋友、总干事
鲍罗廷,政治人物 / 党务宣传 / 公共论战 / 历史类比引用,政治人物,99,13,13,5,5,中国现代史正论(9)；李敖全集(1)；教育与脸谱(1)；我梦碎，所以我梦醒(1)；中国艺术新研(1),国民党、见、共产党、政治、政府、学者、批评、主义
黄义交,政治人物 / 朋友 / 见面,政治人物,99,13,13,4,9,李敖议坛哀思录(7)；挑战李敖(4)；李敖风流自传(1)；李敖秘密书房(1),拜访、政治、法院、太太、同房、朋友、立委、夫人
黄学文,被害人 / 诉讼 / 政治异议者 / 公共论战,被害人,99,13,13,2,3,李敖笑傲江湖(12)；李敖五五日记(1),法官、法院、武汉大旅社的命案、高等法院的院长锺曜唐、判决、太太、总统、大学
黄淑兰,通信 / 情感 / 见面 / 朋友,通信,99,13,13,4,10,大学日记后期乙集(9)；大学日记后期甲集(2)；早年日记(1)；一个预备军官的日记(1),来信、一起、妹妹、碰到、父亲、出版、大学、见
龚忠武,同学 / 通信 / 诗文出处 / 公共论战 / 见面 / 历史类比引用,同学,99,13,13,5,7,中国现代史正论(4)；我是天安门(3)；李敖随写录前集(3)；李敖回忆录(2)；李敖自传与回忆(1),同学、研究、台大、助理、先生、书中、读、跟我说
KITTY（李敖Talk秀）,见面 / 公共论战 / 称谓待考,见面,99,12,12,1,1,李敖Talk秀(12),KITTY：、叫KITTY
丁尼生,诗文出处 / 神交引用,诗文出处,99,12,12,11,12,李敖书信集(2)；李敖回忆录(1)；李敖快意恩仇录(1)；李敖议坛哀思录(1)；李敖全集(1)；千秋万岁乌鸦求是合集(1)；上山·上山·爱(1)；李敖语录(1),诗、大学、像、说过、女儿、朋友、对我说、所谓
丁庭宇,媒体 / 见面 / 公共论战,媒体,99,12,12,4,5,挑战李敖(8)；李敖大哥大(2)；世论新语(1)；千秋万岁乌鸦求是合集(1),访问、节目、教授、国民党、问我、儿子、爸爸、台大
严光,历史类比引用 / 神交引用,历史类比引用,99,12,12,5,6,独白下的传统(4)；李敖语录(3)；读史指南(3)；上下古今谈(1)；中国性研究(1),朋友、太太、父亲、卓茂、谯玄不跟王莽合作
丹妮尔,社会案件 / 公共论战 / 情治警务,社会案件,99,12,12,2,3,上下古今谈(11)；李敖全集(1),教授、主义、妻、来信、读
从二十,财产债务,待复核,99,12,9,10,12,李敖书启集(3)；李敖回忆录(1)；千秋万岁乌鸦求是合集(1)；虚拟的十七岁(1)；李敖书序集续集(1)；李敖书信集(1)；李敖书笺集(1)；李敖书函集(1),委员、研究、报纸、存款、国民党、古人、律师、女友
何廷有,军校学生 / 见面 / 称谓待考,军校学生,99,12,12,1,4,一个预备军官的日记(12),廷有、读、何廷有
何恩廷,情治警务 / 公职人员 / 公共论战,情治警务,99,12,12,4,4,李敖书札集(9)；为自由招魂(1)；李敖笑傲江湖(1)；挑战李敖(1),警察、调查局、法务部、政战、警政署长何恩廷、警总、少将、先生
何昆伍,证人见证 / 诉讼,证人见证,99,12,12,1,1,李敖随写录前集(12),何昆伍、法院、报导、法官、上诉、见、报纸、请他
何柏枬,财产债务 / 诉讼,财产债务,99,12,12,1,1,李敖随写录后集(12),何柏枬、法院、判决、见、法官
何炳棣,学术 / 通信 / 公共论战,学术,99,12,12,3,3,李敖大哥大(9)；李敖书启集(2)；李敖快意恩仇录(1),研究、思想、论文、见、中央研究院、见面、先生、对何炳棣先生“认真的讨论”的讨论
余武胜,邻居 / 社会案件 / 财产债务,邻居,99,12,12,1,2,李敖书函集(12),委员、见、支票、从小事看认真、先生、电话、诗、法院
侯俊明,文艺音乐 / 公共论战,文艺音乐,99,12,12,1,1,李敖随写录后集(12),侯俊明、台大、学生、大学、引用、记者、报导、台大怪火案
俞克勤,老兵士官 / 军事人物 / 朋友 / 见面 / 创作资料协助,老兵士官,99,12,12,7,9,中国性研究(4)；李敖风流自传(2)；第73烈士(2)；李敖回忆录(1)；李敖快意恩仇录(1)；你笨蛋，你笨蛋(1)；一个预备军官的日记(1),陪我、像、告诉我、连长俞克勤告诉我、连长俞克勤代抄
关系到,通信 / 公共论战 / 财产债务,通信,99,12,11,7,9,李敖秘密书房(5)；挑战李敖(2)；李敖全集(1)；世论新语(1)；阳痿美国(1)；李敖访谈录1990-2018(1)；李敖笑傲江湖(1),总统、国民党、财产、出版、记者、政治、电报、总干事
关颂韬,医疗照护 / 见面,医疗照护,99,12,12,5,5,李敖自传与回忆(5)；李敖回忆录(2)；李敖快意恩仇录(2)；大学日记后期乙集(2)；李敖风流自传(1),爸爸、见、同班、陪我
刘岩,媒体 / 公共论战,媒体,99,12,12,2,2,李敖自传与回忆续集(6)；李敖新刊(6),先生、文星、记者、党限、国民党、宣传、读、像
刘显叔,姻亲 / 通信 / 师生,姻亲,99,12,10,5,8,李敖大哥大(6)；李敖快意恩仇录(2)；李敖风流自传(2)；李敖回忆录(1)；李敖议坛哀思录(1),朋友、请我、太太、台大、同学、像、台独、政治
刘晓庆,朋友 / 见面,朋友,99,12,12,3,6,李敖访谈录1990-2018(8)；虽千万人，李敖往矣(3)；李敖风流自传(1),诗、见、读、像、见到、对我说、朋友、法院
刘景义,司法人员 / 诉讼 / 公共论战,司法人员,99,12,12,3,4,李敖新刊(7)；李敖笑傲江湖(4)；李敖书启集(1),检察官、见、见证、证人、院长、法院、公诉、财产
别人捧,神交引用 / 政治人物,待复核,99,12,10,5,6,千秋万岁乌鸦求是合集(3)；李敖书信集(3)；李敖秘密书房(3)；李敖访谈录1990-2018(2)；李敖语录(1),文学、主席、政府、国民党、思想、一起、说过、共产党
别人用,见面,待复核,99,12,7,7,9,挑战李敖(6)；独白下的传统(1)；世论新语(1)；李敖对话录(1)；李敖笑傲江湖(1)；李敖秘密书房(1)；李敖颠倒众生(1),一起、报纸、国民党、史学、见、太太、女儿、政府
博罗,政治人物 / 历史类比引用 / 神交引用,政治人物,99,12,12,4,4,要把金针度与人(4)；独白下的传统(3)；上山·上山·爱(3)；读史指南(2),博罗丞相抓到文天祥、元朝博罗丞相
卜问,媒体 / 出版 / 公共论战,媒体,99,12,12,2,2,我是天安门(6)；我梦碎，所以我梦醒(6),告诉我、所谓
卢泰愚,政治人物 / 公职人员 / 公共论战 / 历史类比引用,政治人物,99,12,12,5,9,李敖笑傲江湖(4)；李敖颠倒众生(3)；李敖大哥大(3)；挑战李敖(1)；李敖秘密书房(1),总统、像、家里、国民党、存款、韩国以前的总统卢泰愚、部长、政治
史静波,同学 / 朋友 / 创作资料协助 / 见面,同学,99,12,12,9,11,大学日记后期甲集(3)；李敖书序集(2)；李敖自传与回忆续集(1)；我最难忘的事和人(1)；李敖回忆录(1)；李敖风流自传(1)；大学札记(1)；大学日记后期乙集(1),台大、文学、文星、投稿、大学、爸爸、书店、一起
叶庆炳,学术 / 公共论战,学术,99,12,12,5,7,波波颂(4)；李敖风流自传(3)；李敖回忆录(2)；一个预备军官的日记(2)；李敖对话录(1),老师、国民党、台大、读、文学、一起、夫人、教授
叶迫,同案狱友,同案狱友,99,12,12,3,3,千秋万岁乌鸦求是合集(5)；李敖回忆录(4)；李敖Talk秀(3),像、看守所、军法、牢房
吕斅孚,社会案件 / 亲属 / 医疗照护 / 历史类比引用 / 神交引用,社会案件,99,12,12,1,2,中国迷信新研(12),学政温忠翰疏闻、吕斅孚，湖南永定人、父孟卿，贫，以客授自给、读
吴大宇,公职人员 / 政治人物 / 社会案件,公职人员,99,12,12,6,6,李敖随写录前集(6)；为历史拨云(2)；李敖自传与回忆(1)；世论新语(1)；求是新语(1)；大学日记后期乙集(1),委员、国民党、儿子、好友、大学、学生、同学、碰到
周康熙,财产债务 / 诉讼 / 证人见证,财产债务,99,12,12,3,4,李敖自传与回忆续集(4)；李敖书信集(4)；李敖书笺集(4),土地、保证金、检察官、法院、起诉、告发、周康熙签订借用空地合约书
国官员,政治人物 / 见面,政治人物,99,12,11,8,9,你笨蛋，你笨蛋(4)；阳痿美国(2)；李敖快意恩仇录(1)；李敖风流自传(1)；波波颂(1)；千秋万岁乌鸦求是合集(1)；李敖笑傲江湖(1)；李敖大哥大(1),政府、见、对我说、像、国民党、所谓、委员、夫人
孔子所,神交引用 / 见面,神交引用,99,12,9,11,11,我梦碎，所以我梦醒(2)；教育与脸谱(1)；文化论战丹火录(1)；为中国思想趋向求答案(1)；你笨蛋，你笨蛋(1)；北京法源寺(1)；要把金针度与人(1)；中国性研究(1),哲学、所谓、政治、见、诗、主义、委员
孔尚任,诗文出处 / 学术 / 历史类比引用 / 神交引用,诗文出处,99,12,12,4,4,第73烈士(5)；要把金针度与人(4)；李敖语录(2)；独白下的传统(1),读、博士、作品、政府、论文、大学、文学、所谓
孔颖达,诗文出处,诗文出处,99,12,6,2,2,读史指南(10)；为历史拨云(2),书目作者表、老师
富贵楼,刑求人员 / 见面 / 军事人物,刑求人员,99,12,12,7,9,李敖风流自传(4)；李敖快意恩仇录(2)；李敖笑傲江湖(2)；李敖回忆录(1)；李敖议坛哀思录(1)；李敖颠倒众生(1)；李敖大哥大(1),保安处、碰到、判决、请我、司令、台独、中将、少将
小沈（五五日记）,见面 / 创作资料协助 / 称谓待考,见面,99,12,12,1,6,李敖五五日记(12),小沈来、小沈陪同
居瀛初,亲属 / 历史类比引用,亲属,99,12,12,2,3,千秋万岁乌鸦求是合集(6)；李敖书序集(6),大学、夫人、居瀛初
崔积泽,同案狱友 / 朋友,同案狱友,99,12,12,7,8,李敖自传与回忆(3)；李敖回忆录(2)；李敖快意恩仇录(2)；李敖风流自传(2)；千秋万岁乌鸦求是合集(1)；虽千万人，李敖往矣(1)；李敖五五日记(1),一起、朋友、大学、采访、同房、碰到、电视
巴金,出版 / 神交引用,出版,99,12,12,6,8,李敖访谈录1990-2018(7)；李敖自传与回忆(1)；李敖自传与回忆续集(1)；李敖快意恩仇录(1)；为自由招魂(1)；李敖大哥大(1),文学、记者、姐姐、读、像、出版社、出版
庄严,学术 / 学术行政 / 文艺音乐 / 通信 / 亲属 / 见面 / 历史类比引用,学术,99,12,12,3,3,中国艺术新研(9)；大学日记后期甲集(2)；大学日记后期乙集(1),见、同学、父亲、母亲、儿子、太太、北大、院长
应该停,师生 / 通信 / 神交引用,师生,99,12,11,10,11,千秋万岁乌鸦求是合集(3)；李敖自传与回忆(1)；李敖回忆录(1)；李敖快意恩仇录(1)；李敖议坛哀思录(1)；李敖风流自传(1)；李敖全集(1)；李敖书简集(1),教书、台大、主义、写信、教授、见、法官、民进党
康白情,诗文出处 / 历史类比引用 / 神交引用,诗文出处,99,12,12,5,6,李敖秘藏日记(3)；李敖对话录(3)；李敖自传与回忆续集(2)；李敖快意恩仇录(2)；李敖书信集(2),请我、打电话、电话、国民党、见、文星、诗、像
张九如,政治人物 / 公职人员 / 创作资料协助 / 见面,政治人物,99,12,12,7,7,李敖笑傲江湖(4)；求是新语(2)；李敖书翰集(2)；李敖风流自传(1)；为中国思想趋向求答案(1)；千秋万岁乌鸦求是合集(1)；虽千万人，李敖往矣(1),国民党、委员、共产党、研究、院长、告诉我、先生、中央研究院
张剑男,司法人员 / 诉讼 / 公共论战,司法人员,99,12,12,1,1,李敖笑傲江湖(12),法官、法院、判决、律师、朋友、法务部、像、出版
张嘉璈,政治人物 / 公职人员 / 财产债务 / 历史类比引用,政治人物,99,12,12,2,2,世论新语(10)；中国现代史定论(2),朋友、部长、问我、哲学、主义、见、所谓、序
张慈让,资金支持 / 创作资料协助 / 文艺音乐 / 公共论战,资金支持,99,12,12,4,5,李敖笑傲江湖(6)；李敖回忆录(3)；李敖大哥大(2)；李敖书启集(1),先生、朋友、政府、请他、张慈让先生以三百二十万拍得、关怀、大学、像
张狂,师生 / 同学,师生,99,12,8,9,11,我最难忘的事和人(2)；李敖风流自传(2)；李敖访谈录1990-2018(2)；李敖自传与回忆(1)；李敖回忆录(1)；上下古今谈(1)；你笨蛋，你笨蛋(1)；大学日记后期甲集(1),同学、老师、像、朋友、院长、法院、国民党、电话
张继,政治异议者 / 政治人物 / 创作资料协助 / 历史类比引用,政治异议者,99,12,12,3,3,中国近代史新论(7)；中国现代史定论(4)；中国现代史正论(1),学生、国民党、碰到、朋友、章士钊行严亦来、邹容便偕同张溥泉、翁浩、王孝缜等五人、有谢持和张继两先生、研究
弥尔顿,诗文出处 / 政治异议者 / 历史类比引用 / 神交引用,诗文出处,99,12,12,7,9,为自由招魂(3)；坐牢家爸爸给女儿的八十封信(3)；李敖秘密书房(2)；李敖全集(1)；李敖语录(1)；大学札记(1)；李敖大哥大(1),诗、学者、见、像、政治、主义、书里、大诗人John Milton
彭家珍,烈士殉难 / 政治异议者 / 军事人物 / 历史类比引用,烈士殉难,99,12,12,1,1,中国近代史新论(12),将军、学术、学者、论文、读、部长、司令、近代史所、北京史地民俗学会
徐晋贤,看守戒护 / 学术行政,待复核,99,12,11,1,6,李敖书启集(12),管理员、委员、总干事、存折由管理员徐晋贤保存、见、所谓、一起、母亲
施耐庵,诗文出处 / 历史类比引用 / 神交引用,诗文出处,99,12,12,5,6,要把金针度与人(6)；给马戈的五十封信(2)；中国命研究(2)；文化论战丹火录(1)；大学日记后期甲集(1),见、朋友、海明威及施耐庵风、学生、像
曾琦,政治人物 / 诗文出处 / 党务宣传 / 历史类比引用,政治人物,99,12,12,7,7,李敖文存(4)；中国现代史正论(3)；世论新语(1)；我梦碎，所以我梦醒(1)；李敖随写录前集(1)；李敖随写录后集(1)；李敖书札集(1),认识、同学、同班、政治、见、委员、国民党、政府
朱俊晓,政治人物 / 公共论战,政治人物,99,12,12,2,5,李敖议坛哀思录(7)；你笨蛋，你笨蛋(5),立委、选举、同学、同班、问我、爸爸、政治、见
朱自清,诗文出处 / 学术 / 神交引用,诗文出处,99,12,12,8,11,李敖访谈录1990-2018(3)；李敖情书集(2)；李敖书翰集(2)；李敖全集(1)；李敖的情诗(1)；李敖语录(1)；一个预备军官的日记(1)；挑战李敖(1),诗、见、先生、古人、所谓、作品、父亲、文学
权东路,姻亲 / 亲属,姻亲,99,12,9,7,7,李敖秘密书房(4)；挑战李敖(3)；上山·上山·爱(1)；李敖随写录前集(1)；李敖随写录后集(1)；李敖书启集(1)；李敖颠倒众生(1),太太、房地、诗、岳母、妈妈、法官、妹妹、上校
李伯元,诗文出处 / 历史类比引用 / 神交引用,诗文出处,99,12,12,2,2,李敖书序集(11)；李敖新刊(1),李伯元、朋友、政治、攻击、思想、序、国民党
李凤亭,亲属,亲属,99,12,12,5,5,李敖自传与回忆(5)；李敖回忆录(4)；李敖相关(1)；挑战李敖(1)；李敖大哥大(1),碰到、母亲、委员、老师、认识、爸爸
李家雄,医疗照护 / 见面,医疗照护,99,12,12,1,1,李敖Talk秀(12),像、读、所谓、儿子、女儿、李家雄医师
李庆雄,政治人物,政治人物,99,12,10,3,6,李敖大哥大(8)；李敖随写录前集(3)；求是新语(1),立委、民进党、委员、法院、选举、法务部、部长、经费
李应元,政治人物 / 政治异议者 / 人权救援 / 诉讼,政治人物,99,12,12,3,6,李敖随写录后集(6)；李敖大哥大(5)；挑战李敖(1),李应元、台独、民进党、主义、政府、像、部长、报纸
李薰山,诉讼 / 军事人物,诉讼,99,12,9,1,1,李敖秘密书房(12),共产党、先生、判决、司令、朋友、台大、访谈、国民党
林奇福,司法人员 / 诉讼 / 创作资料协助,司法人员,99,12,12,5,9,李敖快意恩仇录(4)；千秋万岁乌鸦求是合集(3)；李敖风流自传(2)；李敖书函集(2)；李敖自传与回忆续集(1),法官、同学、台大、检察官、司法行政部、起诉、公诉、部长
林枕客,出版 / 医疗照护 / 公共论战,出版,99,12,12,3,4,李敖全集(6)；李敖书翰集(5)；李敖情书集(1),先生、法院、委员、杂志、出版、今开兄：、院内、所谓
查良钊,学术 / 证人见证,学术,99,12,12,6,6,我最难忘的事和人(3)；李敖回忆录(3)；李敖风流自传(3)；大学日记后期乙集(1)；李敖书札集(1)；李敖秘密书房(1),台大、父亲、母亲、离婚、见、老师、学生、委员
柯文哲,政治人物 / 公共论战 / 选举助选,政治人物,99,12,12,2,3,李敖访谈录1990-2018(10)；虽千万人，李敖往矣(2),柯文哲、政治、市长
柯远芬,军事人物 / 公共论战 / 出版,军事人物,99,12,11,1,3,李敖大哥大(12),参谋、访问、国民党、少将、说过、电报、序、报纸
梁容若,学术 / 出版 / 通信 / 创作资料协助 / 公共论战,学术,99,12,12,6,7,李敖书翰集(5)；教育与脸谱(2)；文化论战丹火录(2)；李敖快意恩仇录(1)；千秋万岁乌鸦求是合集(1)；李敖札记(1),见、电视、广播、总统、大学、文星、教授、出版
沈昌焕,政治人物 / 党务宣传 / 公共论战,政治人物,99,12,12,4,4,为自由招魂(7)；千秋万岁乌鸦求是合集(3)；李敖新刊(1)；李敖语录(1),记者、批评、国民党、见、电报、报导、总统、编辑
沙荡,媒体 / 公共论战,媒体,99,12,12,8,10,李敖大哥大(3)；你笨蛋，你笨蛋(2)；挑战李敖(2)；李敖快意恩仇录(1)；李敖风流自传(1)；李敖文存(1)；李敖情书集(1)；李敖Talk秀(1),记者、杂志、特务、秘书、律师、警备总部、采访
牟琴,师生 / 政治异议者,师生,99,12,12,4,4,李敖自传与回忆(3)；李敖回忆录(3)；李敖风流自传(3)；你笨蛋，你笨蛋(3),老师、共产党、男友、所谓、像
王伟忠,诉讼 / 媒体,待复核,99,12,6,5,5,虽千万人，李敖往矣(7)；李敖风流自传(2)；李敖五五日记(1)；李敖笑傲江湖(1)；李敖秘密书房(1),法院、国民党、节目、电视、广播、女儿、夫人、请我
王伟珍,情治警务 / 同案狱友,情治警务,99,12,12,1,1,李敖自传与回忆续集(12),读、思想、主义、警总、特务、国民党、检察官、军法
王家骅,证人见证 / 诉讼,证人见证,99,12,12,3,3,李敖新刊(9)；挑战李敖(2)；李敖书启集(1),见、见证、序、证人、秘书、检察官、委员、国民党
王小明,师生 / 证人见证 / 创作资料协助,师生,99,12,12,4,4,李敖书札集(8)；千秋万岁乌鸦求是合集(2)；李敖快意恩仇录(1)；李敖书简集(1),台大、一起、对我说、师母、见、太太、王小明，甚至于韦政通、出版
王德溥,公共论战 / 政治人物 / 诉讼,公共论战,99,12,12,4,4,李敖快意恩仇录(5)；我是天安门(3)；为自由招魂(3)；早年日记(1),国民党、部长、书中、共产党、法庭、警察、总统、请我
王雪峰,司法人员,司法人员,99,12,11,3,3,李敖笑傲江湖(10)；李敖秘密书房(1)；李敖大哥大(1),法官、寄给、文学、问我、像、检察官、公诉、政治
祝英台,虚拟人物,虚拟人物,99,12,12,10,11,李敖访谈录1990-2018(2)；李敖笑傲江湖(2)；李敖快意恩仇录(1)；教育与脸谱(1)；为中国思想趋向求答案(1)；上下古今谈(1)；李敖语录(1)；李敖书简集(1),将军、像、导演、碰到、朋友、太太
秦桧,政治人物 / 历史类比引用 / 神交引用,政治人物,99,12,12,6,7,李敖大哥大(3)；我最难忘的事和人(2)；为历史拨云(2)；要把金针度与人(2)；挑战李敖(2)；李敖风流自传(1),儿子、主义、将军、写信、写信骂秦桧、并上书宋高宗、院长、像
程咬金,军事人物 / 神交引用,军事人物,99,12,12,5,5,世论新语(7)；给马戈的五十封信(2)；教育与脸谱(1)；大学日记后期甲集(1)；一个预备军官的日记(1),研究、学者、将军、诗、像
程婴,历史类比引用 / 神交引用,历史类比引用,99,12,12,5,7,北京法源寺(7)；历史与人像(2)；李敖回忆录(1)；李敖风流自传(1)；李敖情书集(1),像、一起、老师、见、诗、所谓
耿直,军事人物 / 政治异议者 / 历史类比引用 / 神交引用,军事人物,99,12,12,9,9,李敖自传与回忆(2)；李敖快意恩仇录(2)；中国命研究(2)；李敖回忆录(1)；李敖风流自传(1)；我梦碎，所以我梦醒(1)；李敖随写录前集(1)；李敖书启集(1),警察、见、读、像、到我家、我家来、学生、师母
胡书伟,见面 / 公共论战,见面,99,12,12,1,1,李敖Talk秀(12),胡书伟：、大学、同学、读、学生、朋友、苏爱伦、胡书伟、张仪君
能够写,神交引用,待复核,99,12,6,4,10,挑战李敖(6)；李敖书启集(2)；李敖笑傲江湖(2)；李敖秘密书房(2),思想、批评、杂志、国民党、像、情书、所谓、大学
范度才,出版 / 政治人物,待复核,99,12,6,1,1,千秋万岁乌鸦求是合集(12),出版、总统、政治、批评、读、书中、女儿
范蠡,政治人物 / 神交引用,政治人物,99,12,12,7,7,上下古今谈(3)；李敖秘密书房(3)；李敖全集(2)；李敖文存二集(1)；虚拟的十七岁(1)；大学日记后期乙集(1)；挑战李敖(1),政治、所谓、朋友、认识、古代、像、大学
莺莺,虚拟人物,虚拟人物,99,12,12,8,9,传统下的独白(2)；上山·上山·爱(2)；李敖情书集(2)；挑战李敖(2)；传统下的再白(1)；独白下的传统(1)；上下古今谈(1)；李敖书启集(1),见、朋友、情人、诗、儿子、女儿、将军、找他
薛钦峰,律师代理 / 人权救援 / 见面 / 公共论战,律师代理,99,12,12,1,1,李敖Talk秀(12),薛钦峰：、控告、律师、结婚、薛钦峰律师
裴景福,诗文出处 / 文艺音乐 / 历史类比引用 / 神交引用,诗文出处,99,12,12,3,3,中国近代史新论(5)；李敖随写录后集(4)；中国艺术新研(3),见、裴景福、刑求、裴景福知其不可动，便用刑求、诗、研究、裴景福完成了《壮陶阁书画录》
褚遂良,公职人员 / 诗文出处 / 文艺音乐 / 历史类比引用 / 神交引用,公职人员,99,12,12,5,5,中国艺术新研(5)；李敖笑傲江湖(3)；读史指南(2)；我是天安门(1)；虽千万人，李敖往矣(1),像、书目作者表、妻、作品、书中、古人、见、褚河南
许强,医疗照护 / 同案狱友 / 人权救援 / 烈士殉难,医疗照护,99,12,12,4,6,李敖大哥大(5)；挑战李敖(4)；李敖随写录前集(2)；李敖秘密书房(1),台大、国民党、许强医师、认识、教授、政治、同学、大学
谢冠生,司法人员 / 政治人物 / 创作资料协助 / 历史类比引用,司法人员,99,12,12,9,9,李敖书序集(2)；李敖书笺集(2)；中国近代史新论(2)；李敖议坛哀思录(1)；李敖风流自传(1)；千秋万岁乌鸦求是合集(1)；李敖随写录前集(1)；历史与人像(1),院长、见、法院、国民党、一起、总统、特务、司令
谢灵运,诗文出处 / 文艺音乐 / 历史类比引用 / 神交引用,诗文出处,99,12,12,4,4,要把金针度与人(7)；李敖札记(3)；虚拟的十七岁(1)；虽千万人，李敖往矣(1),诗、见、父亲、政府、主义、政治、母亲、女儿
赖清德,诉讼 / 公共论战 / 政治人物,待复核,99,12,8,3,6,李敖颠倒众生(6)；李敖议坛哀思录(5)；李敖访谈录1990-2018(1),民进党、委员、法院、政治、台独、学生、记者、告诉我
那如果,政治人物 / 公共论战,待复核,99,12,7,5,10,李敖笑傲江湖(4)；李敖颠倒众生(4)；李敖大哥大(2)；上山·上山·爱(1)；阳痿美国(1),部长、政治、像、法官、想象力、总统、委员、选举
那边有,政治人物,待复核,99,12,8,6,12,李敖秘密书房(4)；挑战李敖(3)；李敖颠倒众生(2)；北京法源寺(1)；李敖访谈录1990-2018(1)；李敖笑傲江湖(1),总统、政府、打电话、电话、对我说、选举、台独、国民党
邱正雄,政治人物 / 公职人员 / 财产债务 / 公共论战,政治人物,99,12,12,3,6,挑战李敖(9)；李敖颠倒众生(2)；李敖秘密书房(1),部长、碰到、报导、国民党、所谓、支票、研究、院长
钟逸人,见面,见面,99,12,12,1,1,李敖大哥大(12),访问、共产党、国民党、告诉我、主义、所谓、受访
钟金江,诉讼 / 政治人物 / 姻亲,诉讼,99,12,11,2,6,李敖颠倒众生(8)；李敖大哥大(4),委员、告发、民进党、电视、太太、像、律师、法院
陈冲,政治人物,政治人物,99,12,12,2,2,李敖笑傲江湖(7)；李敖快意恩仇录(5),太太、问我、一起、部长、打电话、电话、写信、国民党
陈联欢,司法人员 / 诉讼 / 公共论战 / 创作资料协助,司法人员,99,12,12,6,6,李敖书札集(3)；李敖回忆录(2)；李敖书信集(2)；李敖书简集(2)；李敖书函集(2)；李敖自传与回忆续集(1),推事、法官、法院、写信、庭长、判决、庭长陈联欢、诬告
陈长捷,军事人物,军事人物,99,12,12,1,1,我最难忘的事和人(12),司令、像、将军、见、电报、军法、总统、序
韩毅雄,医疗照护 / 学术 / 同学 / 朋友,医疗照护,99,12,12,6,9,李敖大哥大(4)；李敖风流自传(3)；李敖快意恩仇录(2)；李敖回忆录(1)；李敖新刊(1)；虽千万人，李敖往矣(1),台大、同班、一起、儿子、教授、女儿、见、见证
韩福瑞,政治人物 / 出版 / 公共论战 / 神交引用,政治人物,99,12,12,3,5,李敖自传与回忆续集(8)；李敖杂文集(2)；李敖书牍集(2),思想、文星、发行、出版、书中、序、警察、读
颜真卿,文艺音乐 / 诗文出处 / 公职人员 / 历史类比引用 / 神交引用,文艺音乐,99,12,12,4,6,中国艺术新研(8)；读史指南(2)；求是新语(1)；千秋万岁乌鸦求是合集(1),见、诗、书目作者表、所谓、家中、见到
马永成,创作资料协助 / 财产债务 / 公共论战,创作资料协助,99,12,12,4,6,挑战李敖(4)；李敖颠倒众生(4)；李敖Talk秀(2)；李敖大哥大(2),市长、所谓、朋友、政府、到我家、我家来、电视、发行
高一志,宗教人物 / 诗文出处 / 刑求受害 / 历史类比引用 / 神交引用,宗教人物,99,12,12,1,1,中国近代史新论(12),南京礼部侍郎沈(氵加隺)、王丰肃神甫（P. Vagnoni又名高一志）、王丰肃曾受脚心板刑、鲁德照如同囚徒一般、王丰肃——意大利人。后改名高一志
鲁宾斯坦,文艺音乐 / 历史类比引用 / 神交引用,文艺音乐,99,12,12,3,3,挑战李敖(10)；坐牢家爸爸给女儿的八十封信(1)；李敖Talk秀(1),儿子、夫人、鲁宾斯坦Artur Rubinstein
麦卡锡,政治人物 / 公共论战 / 历史类比引用,政治人物,99,12,12,7,7,求是新语(3)；阳痿美国(2)；中国现代史定论(2)；李敖大哥大(2)；波波颂(1)；大学日记后期甲集(1)；李敖笑傲江湖(1),共产党、政府、政治、电话、总统、儿子、像、太平洋学会”发布的这类言论，在麦卡锡（Macarthy）、马加兰（Pat Macrran）等参议员
黄奠华,司法人员 / 诉讼 / 公共论战,司法人员,99,12,12,6,7,李敖随写录前集(6)；李敖回忆录(2)；李敖快意恩仇录(1)；李敖随写录后集(1)；李敖笑傲江湖(1)；李敖大哥大(1),法官、庭长、黄奠华、法院、判决、见、台大、监狱
黄小莹,司法人员 / 诉讼 / 公共论战,司法人员,99,12,12,1,1,李敖书启集(12),法官、院长、法院、同学、律师、国民党、债务、同班
黄显图,政治人物 / 亲属 / 财产债务,政治人物,99,12,12,1,1,李敖随写录前集(12),儿子、黄显图、太太、结婚、家中、法院、妻、父亲
黄智平,亲属 / 财产债务 / 社会案件,亲属,99,12,12,1,1,李敖随写录前集(12),黄智平、儿子、妻、太太、父亲、结婚、家中、娶
黄梅莉,情感 / 通信 / 见面,情感,99,12,12,2,7,一个预备军官的日记(11)；早年日记(1),政府、写信、见、见到、主义、像、电话、对我说
黄绢绢,媒体 / 情感 / 公共论战,媒体,99,12,12,1,2,李敖随写录前集(12),绢绢、记者、政治、国民党、主义、离婚、家里、结婚
黑格尔,学术 / 神交引用,学术,99,12,12,8,10,文化论战丹火录(3)；挑战李敖(2)；李敖秘密书房(2)；李敖文存(1)；千秋万岁乌鸦求是合集(1)；李敖语录(1)；李敖访谈录1990-2018(1)；李敖书牍集(1),主义、思想、哲学、政治、读、著作、像、学术
Alice（五五日记）,财产债务 / 见面 / 创作资料协助 / 称谓待考,财产债务,99,11,11,1,7,李敖五五日记(11),在Alice家与大革、六小姐晚饭、研究、与Alice去彰银办贷款、电话、一起
JOHN-JOHN,主剧情人物 / 小说剧本人物,主剧情人物,99,11,11,1,3,阳痿美国(11),总统、主义、判决
万书如,神交引用,待复核,99,11,11,1,5,李敖秘密书房(11),所谓、诗、书里、像、节目
严倬云,亲属 / 姻亲,亲属,99,11,11,8,8,李敖大哥大(3)；李敖笑傲江湖(2)；李敖自传与回忆(1)；李敖回忆录(1)；李敖风流自传(1)；你笨蛋，你笨蛋(1)；李敖随写录前集(1)；挑战李敖(1),太太、夫人、妹妹、嫁给、弟弟、教书、见、政府
于良骐,媒体 / 政治人物 / 公共论战,媒体,99,11,11,2,4,世论新语(9)；李敖书札集(2),经费、采访、立委、访问、批评、于凡（于良骐）访问邓维桢
任夫人,婚姻相关 / 历史类比引用 / 神交引用,婚姻相关,99,11,11,5,5,李敖Talk秀(4)；李敖快意恩仇录(3)；求是新语(2)；李敖对话录(1)；李敖大哥大(1),夫人、朋友、妻、见、见到、太太、诗、读
信陵君,历史类比引用 / 政治人物 / 神交引用,历史类比引用,99,11,11,5,5,北京法源寺(6)；李敖札记(2)；李敖全集(1)；上山·上山·爱(1)；中国性研究(1),请他、太太、一起、朋友、交情、政治
全省讲,学术 / 师生 / 党务宣传,学术,99,11,11,2,10,挑战李敖(9)；李敖秘密书房(2),大学、总统、所谓、学生、见、宣传、政治、电视
关人士,政治人物 / 公共论战,待复核,99,11,7,9,10,上下古今谈(2)；李敖秘密书房(2)；我最难忘的事和人(1)；千秋万岁乌鸦求是合集(1)；李敖随写录前集(1)；李敖情书集(1)；挑战李敖(1)；李敖颠倒众生(1),总统、同事、批评、国民党、共产党、像、报纸
冯友兰,学术 / 诗文出处 / 历史类比引用 / 神交引用,学术,99,11,11,8,8,为历史拨云(3)；中国命研究(2)；李敖自传与回忆(1)；李敖议坛哀思录(1)；李敖风流自传(1)；虽千万人，李敖往矣(1)；李敖访谈录1990-2018(1)；李敖书信集(1),文学、同学、同班、爸爸、北大、见、学生、国民党
冯定国,政治人物 / 朋友 / 见面,政治人物,99,11,11,6,10,李敖大哥大(4)；李敖议坛哀思录(2)；挑战李敖(2)；李敖风流自传(1)；为历史拨云(1)；李敖秘密书房(1),立委、朋友、同房、法院、国民党、像、委员、民进党
冷气机,出版 / 政治人物,待复核,99,11,6,6,6,你笨蛋，你笨蛋(4)；李敖秘密书房(2)；李敖颠倒众生(2)；李敖自传与回忆续集(1)；李敖回忆录(1)；李敖风流自传(1),国民党、报纸、选举、政治、像、主义、刑求、特务
凤梨,神交引用 / 司法人员 / 政治人物,神交引用,99,11,10,2,3,李敖秘密书房(9)；一个预备军官的日记(2),像、法官、总统、朋友、院长、法院、土地、委员
凯末尔,政治人物 / 军事人物 / 历史类比引用 / 神交引用,政治人物,99,11,11,8,8,上下古今谈(2)；李敖报刊集(2)；李敖颠倒众生(2)；李敖回忆录(1)；李敖文存(1)；为中国思想趋向求答案(1)；你是景福门(1)；李敖语录(1),总统、部长、国民党、说过、凯末尔
刘义庆,诗文出处 / 历史类比引用 / 神交引用,诗文出处,99,11,11,5,5,为历史拨云(3)；要把金针度与人(3)；世论新语(2)；读史指南(2)；求是新语(1),序、学生、思想、书目作者表、见、《世说新语》作者刘义庆、儿子、文学
刘老板,同学 / 见面 / 称谓待考,同学,99,11,11,6,9,李敖访谈录1990-2018(5)；一个预备军官的日记(2)；李敖风流自传(1)；虽千万人，李敖往矣(1)；大学日记后期乙集(1)；李敖秘密书房(1),朋友、文学、交情、问我、像、电视、出版、同班
劳莱,文艺音乐 / 历史类比引用 / 神交引用,文艺音乐,99,11,11,5,5,李敖访谈录1990-2018(5)；李敖书笺集(3)；李敖文存二集(1)；挑战李敖(1)；李敖秘密书房(1),劳莱、朋友、像、劳莱与哈台、劳莱哈台演电影、劳莱问哈台
包奕洪,朋友 / 创作资料协助 / 公共论战,朋友,99,11,11,7,8,世论新语(3)；挑战李敖(3)；李敖回忆录(1)；李敖议坛哀思录(1)；你是景福门(1)；李敖札记(1)；李敖颠倒众生(1),朋友、党部、国民党、民进党、见、同学、法院、像
华佗,医疗照护 / 历史类比引用 / 神交引用,医疗照护,99,11,11,6,7,李敖语录(3)；中国迷信新研(3)；传统下的独白(2)；一个预备军官的日记(1)；历史与人像(1)；要把金针度与人(1),所谓、台大、历史上、哥哥、检察长、华佗再世
单打独,政治人物 / 亲属,待复核,99,11,8,6,9,李敖访谈录1990-2018(3)；李敖笑傲江湖(3)；李敖对话录(2)；求是新语(1)；红色11(1)；李敖五五日记(1),像、父亲、记者、所谓、国民党、总统、委员、政府
卢华栋,同学 / 同案狱友 / 政治异议者 / 见面,同学,99,11,11,4,5,李敖风流自传(5)；李敖回忆录(4)；早年日记(1)；大学日记后期乙集(1),见、同学、特务、台大、碰到、结婚、政治、国民党
印刷工,政治人物 / 师生 / 公共论战,政治人物,99,11,10,7,7,你笨蛋，你笨蛋(4)；千秋万岁乌鸦求是合集(2)；李敖自传与回忆续集(1)；李敖回忆录(1)；李敖快意恩仇录(1)；李敖风流自传(1)；李敖新刊(1),市长、警察、学生、大学、名籍室、政治、杂役、司令
古人讲,神交引用 / 亲属,神交引用,99,11,11,6,10,李敖访谈录1990-2018(4)；上山·上山·爱(2)；李敖大哥大(2)；李敖回忆录(1)；李敖风流自传(1)；虚拟的十七岁(1),古人、像、母亲、思想、结婚
史记载,神交引用 / 亲属,神交引用,99,11,8,9,10,历史与人像(2)；李敖秘密书房(2)；文化论战丹火录(1)；李敖访谈录1990-2018(1)；李敖书牍集(1)；中国迷信新研(1)；中国艺术新研(1)；李敖笑傲江湖(1),历史上、见、像、主义、读、夫人、儿子、总统
司司长,监狱行政 / 神交引用 / 出版,监狱行政,99,11,9,4,6,教育与脸谱(5)；李敖笑傲江湖(4)；求是新语(1)；为历史拨云(1),读、监狱、法务部、报纸、法官、检察官、司法行政部、序
司法改,政治人物 / 司法人员,政治人物,99,11,10,4,7,李敖秘密书房(7)；李敖笑傲江湖(2)；李敖杂文集(1)；李敖颠倒众生(1),总统、法官、律师、写信、判决、选举、国民党、像
吉卜龄,诗文出处 / 历史类比引用 / 神交引用,诗文出处,99,11,11,4,7,虚拟的十七岁(4)；李敖报刊集(4)；虽千万人，李敖往矣(2)；一个预备军官的日记(1),诗、像、古代、文学、共产党、情人、太太、出版
向蒋经,媒体 / 见面,媒体,99,11,10,5,7,李敖大哥大(6)；千秋万岁乌鸦求是合集(2)；李敖议坛哀思录(1)；李敖书札集(1)；李敖秘密书房(1),政治、记者、采访、情治、见、法官、共产党、司令
吴敬梓,诗文出处 / 历史类比引用 / 神交引用,诗文出处,99,11,11,6,6,独白下的传统(2)；千秋万岁乌鸦求是合集(2)；李敖语录(2)；李敖对话录(2)；要把金针度与人(2)；为中国思想趋向求答案(1),文学、爸爸
吴欲君,司法人员 / 诉讼,司法人员,99,11,11,4,4,李敖大哥大(8)；李敖快意恩仇录(1)；李敖风流自传(1)；李敖笑傲江湖(1),法官、法院、判决、支票、律师、上诉、财产、告诉我
周令飞,媒体 / 历史类比引用 / 神交引用,媒体,99,11,11,5,5,你是景福门(3)；李敖秘藏日记(3)；李敖书简集(2)；李敖秘密书房(2)；李敖语录(1),法院、部长、夫人、诗、儿子、国民党、共产党、宣传
周芝雨,军事人物 / 被害人 / 同案狱友 / 刑求受害 / 社会案件,军事人物,99,11,11,1,1,李敖书序集(11),周芝雨、晤、所谓、军法、大学、教授、好友、夫人
和苏联,政治人物,政治人物,99,11,8,10,11,李敖大哥大(2)；李敖风流自传(1)；教育与脸谱(1)；我梦碎，所以我梦醒(1)；阳痿美国(1)；李敖随写录前集(1)；李敖访谈录1990-2018(1)；李敖书函集(1),总统、国民党、政府、共产党、政治、主义、选举、电报
哪吒,虚拟人物 / 宗教人物 / 历史类比引用 / 神交引用,虚拟人物,99,11,11,6,6,为历史拨云(4)；李敖全集(2)；文化论战丹火录(2)；我最难忘的事和人(1)；北京法源寺(1)；李敖大哥大(1),见、遇见、将军、像、老师、哪吒是莲花化身
国式,神交引用 / 政治人物,待复核,99,11,7,6,7,阳痿美国(3)；虽千万人，李敖往矣(2)；李敖访谈录1990-2018(2)；李敖秘密书房(2)；一个预备军官的日记(1)；李敖对话录(1),像、总统、主席、国民党、民进党
夏涛声,政治人物 / 政治异议者 / 出版 / 创作资料协助 / 证人见证,政治人物,99,11,11,2,2,李敖随写录后集(10)；为中国思想趋向求答案(1),夏齐两位、先生、立委、学者、委员、政治、报人、国民党
大队长,军事人物 / 见面 / 称谓待考,军事人物,99,11,11,1,5,一个预备军官的日记(11),大队长
奕訢,政治人物 / 神交引用,政治人物,99,11,11,5,5,中国命研究(4)；北京法源寺(3)；李敖全集(2)；为中国思想趋向求答案(1)；要把金针度与人(1),父亲、弟弟、儿子、认识、写信、政府、联合慈安太后和恭亲王、杀了肃顺
姚文甫,社会案件 / 情感 / 军校学生 / 师生,社会案件,99,11,11,1,1,中国近代史新论(11),学生、离婚、某省的留学生监督钱某的妾、邹容便偕同张溥泉、翁浩、王孝缜等五人、向清廷驻日本东京的公使蔡钧控诉邹容
宋朝王,神交引用 / 见面 / 师生,神交引用,99,11,10,8,11,上山·上山·爱(2)；要把金针度与人(2)；李敖秘密书房(2)；千秋万岁乌鸦求是合集(1)；虚拟的十七岁(1)；中国迷信新研(1)；挑战李敖(1)；李敖大哥大(1),诗、像、见、政治、著作、古人、学生、所谓
宋神宗,历史类比引用 / 政治人物,历史类比引用,99,11,11,6,9,要把金针度与人(4)；千秋万岁乌鸦求是合集(3)；李敖文存二集(1)；李敖札记(1)；历史与人像(1)；李敖秘密书房(1),读、诗、朋友、监狱、告发、诬告、见、像
家老子,神交引用 / 亲属,神交引用,99,11,11,8,11,李敖访谈录1990-2018(2)；李敖秘密书房(2)；李敖大哥大(2)；李敖快意恩仇录(1)；李敖风流自传(1)；千秋万岁乌鸦求是合集(1)；上山·上山·爱(1)；虚拟的十七岁(1),哲学、古代、朋友、儿子、节目、古人、告诉我、政治
小左,出版 / 见面 / 创作资料协助 / 称谓待考,出版,99,11,11,1,1,早年日记(11),小左
小林正成,同案狱友 / 证人见证 / 人权救援,同案狱友,99,11,11,6,7,你笨蛋，你笨蛋(5)；李敖风流自传(2)；李敖回忆录(1)；李敖快意恩仇录(1)；李敖新刊(1)；千秋万岁乌鸦求是合集(1),看守所、刑求、国民党、保安处、军法、情治、访问、杂志
巢父,历史类比引用 / 神交引用,历史类比引用,99,11,11,3,3,虽千万人，李敖往矣(4)；为历史拨云(4)；李敖大哥大(3),主义、政府、总统、政治、见、古人
左丘明,诗文出处 / 历史类比引用 / 神交引用,诗文出处,99,11,11,5,5,要把金针度与人(6)；李敖书序集(2)；我最难忘的事和人(1)；坐牢家爸爸给女儿的八十封信(1)；给马戈的五十封信(1),学生、国民党、政治、左丘明、老师、研究
巴列维,政治人物 / 公共论战 / 神交引用,政治人物,99,11,11,4,4,阳痿美国(8)；世论新语(1)；挑战李敖(1)；李敖秘密书房(1),政治、像、代理、财产、总统、委员、将军、认识
巴斯德,科学家 / 神交引用,科学家,99,11,11,5,5,李敖文存二集(5)；李敖语录(3)；李敖全集(1)；挑战李敖(1)；李敖秘密书房(1),研究、电话、学生、文学
平路,诗文出处 / 媒体 / 见面 / 公共论战,诗文出处,99,11,11,2,2,挑战李敖(9)；李敖大哥大(2),平路：、院长、朋友、家里、记者、所谓、像、见
应该提,情感,待复核,99,11,6,8,11,李敖秘密书房(3)；李敖笑傲江湖(2)；教育与脸谱(1)；求是新语(1)；上山·上山·爱(1)；李语录(1)；李敖语录(1)；李敖访谈录1990-2018(1),情人、法官、律师、军法、委员、读、总统、政府
廖承志,政治人物 / 通信 / 公共论战 / 历史类比引用,政治人物,99,11,11,4,4,我是天安门(5)；中国现代史正论(4)；中国命研究(1)；李敖笑傲江湖(1),致函、夫人、总统、选举、主义、廖承志以一封公开信致函蒋经国、爸爸、思想
廖文毅,政治人物 / 政治异议者 / 公共论战,政治人物,99,11,11,5,5,李敖书序集(4)；李敖文存(3)；李敖对话录(2)；李敖回忆录(1)；李敖秘藏日记(1),政治、妈妈、访问、记者、县长、国民党、台独、廖文毅
张伯英,文艺音乐 / 神交引用,文艺音乐,99,11,11,3,4,李敖风流自传(7)；李敖随写录后集(3)；中国艺术新研(1),见、诗、买张伯英、章太炎法书
张炎元,情治警务 / 军事人物 / 财产债务 / 公共论战,情治警务,99,11,11,1,1,李敖笑傲江湖(11),报导、国民党、共产党、会长是张炎元、黄可嘉，他根本不是军统的人、独家报导的社长叫沈野
张炎宪,学术 / 诗文出处 / 创作资料协助 / 公共论战 / 历史类比引用,学术,99,11,11,5,6,李敖颠倒众生(4)；中国艺术新研(2)；李敖Talk秀(2)；李敖大哥大(2)；李敖回忆录(1),所谓、学者、像、台独、蒋武雄、林慈淑、何宛倩、黄兆强、关玲玲、刘静贞、李念萱、王芝芝、廖伯源、周健、张炎宪、詹素娟、张中训十三位、研究、院长、政府
彭百显,政治人物 / 公职人员 / 公共论战,政治人物,99,11,11,5,5,李敖大哥大(6)；挑战李敖(2)；李敖随写录前集(1)；李敖随写录后集(1)；李敖笑傲江湖(1),民进党、国民党、委员、县长、研究、说过、总统、序
惠群（五五日记）,见面 / 创作资料协助 / 称谓待考,见面,99,11,11,1,9,李敖五五日记(11),惠群来电、惠群请、惠群处
拉斐特,军事人物 / 政治人物 / 神交引用,军事人物,99,11,11,4,4,波波颂(5)；我是天安门(2)；你是景福门(2)；阳痿美国(2),上校、将军、参谋、少将
支撑,政治人物,待复核,99,11,4,6,8,李敖大哥大(5)；文化论战丹火录(2)；我梦碎，所以我梦醒(1)；李敖访谈录1990-2018(1)；李敖秘密书房(1)；李敖Talk秀(1),主席、国民党、政治、委员、攻击、见、太太
方东美,学术 / 公共论战 / 神交引用,学术,99,11,11,5,6,千秋万岁乌鸦求是合集(5)；李敖文存(2)；一个预备军官的日记(2)；文化论战丹火录(1)；李敖大哥大(1),所谓、见、哲学、学者、学生、国民党、节目、教授
无为先生,虚拟人物,虚拟人物,99,11,11,2,2,传统下的独白(10)；早年日记(1),父亲、主义、所谓、哲学、写信
时力,朋友 / 神交引用,待复核,99,11,8,8,10,李敖语录(3)；大学札记(2)；千秋万岁乌鸦求是合集(1)；大学日记后期甲集(1)；一个预备军官的日记(1)；李敖五五日记(1)；李敖书函集(1)；李敖大哥大(1),交往、朋友、古代、见、写信、读、学术、出版
曾永贤,政治人物 / 左派转向 / 公共论战 / 历史类比引用,政治人物,99,11,11,2,2,李敖大哥大(9)；李敖笑傲江湖(2),共产党、总统、大学、政治、请他、教授、研究、委员
李讷,亲属 / 公共论战 / 神交引用,亲属,99,11,11,2,2,我是天安门(10)；求是新语(1),一起、主席、爸爸、父亲、说过、女儿、见、家里
杜秉霖,见面 / 公共论战,见面,99,11,11,1,1,李敖Talk秀(11),杜秉霖：、学生、大学、朋友、李杰圣、陈宜青、杜秉霖
杜维运,学术 / 朋友 / 见面,学术,99,11,11,2,4,大学日记后期乙集(7)；一个预备军官的日记(4),研究、来信、送我、诗、老师、对我说、分手
杨金欉,公职人员 / 政治人物 / 出版管制 / 公共论战,公职人员,99,11,11,7,7,李敖快意恩仇录(2)；李敖风流自传(2)；李敖书笺集(2)；中国性研究(2)；李敖书信集(1)；李敖笑傲江湖(1)；李敖大哥大(1),市长、国民党、杨金欉市长、问我、像、法院、判决、政府
杨锦钟,师生,师生,99,11,11,5,5,李敖自传与回忆(3)；李敖回忆录(3)；李敖风流自传(3)；你笨蛋，你笨蛋(1)；李敖新刊(1),老师、夫人、国民党、像、学生、见、嫁给
林厂主,出版 / 证人见证 / 见面 / 称谓待考,出版,99,11,11,3,4,早年日记(7)；李敖回忆录(2)；李敖风流自传(2),太太、林某、警总、警备总部、政治、厂主林某
林琴南,学术 / 诗文出处 / 出版 / 历史类比引用 / 神交引用,学术,99,11,11,3,3,历史与人像(7)；李敖文存(3)；中国命研究(1),父亲、诗、朋友、认识、太太、先生、古人
柯元馨,见面 / 朋友 / 文艺音乐,见面,99,11,11,7,9,李敖风流自传(3)；虽千万人，李敖往矣(2)；李敖随写录后集(2)；李敖快意恩仇录(1)；李敖语录(1)；李敖访谈录1990-2018(1)；李敖书札集(1),太太、法院、见、好友、政府、柯元馨、对我说、夫人
梁鸿志,政治人物 / 公职人员 / 历史类比引用,政治人物,99,11,11,7,8,李敖笑傲江湖(3)；中国性研究(2)；中国近代史新论(2)；虽千万人，李敖往矣(1)；李敖书翰集(1)；挑战李敖(1)；李敖秘密书房(1),政治、政府、一起、院长、送我、书中、国民党、名言
梅尔维尔,诗文出处 / 历史类比引用 / 神交引用,诗文出处,99,11,11,5,5,虚拟的十七岁(3)；千秋万岁乌鸦求是合集(2)；上山·上山·爱(2)；爱情的秘密(2)；李敖语录(2),像、法官、所谓
江春男,媒体 / 诉讼 / 公共论战,媒体,99,11,11,5,5,李敖颠倒众生(4)；虽千万人，李敖往矣(3)；李敖随写录前集(2)；李敖书信集(1)；李敖书札集(1),所谓、读、法官、杂志、一起、朋友、江春男、访问
沈家本,司法人员 / 诗文出处 / 历史类比引用 / 神交引用,司法人员,99,11,11,2,2,中国近代史新论(8)；李敖报刊集(3),序、论战、批评、思想、先生、沈家本、沈家本先生、教授
满素玉,同案狱友 / 情治警务,同案狱友,99,11,11,3,3,李敖随写录前集(9)；李敖回忆录(1)；千秋万岁乌鸦求是合集(1),调查局、警总、司令、范子文、满素玉、陈石奇、姐姐、太太、司法行政部、军法
潘安,诗文出处 / 历史类比引用 / 神交引用,诗文出处,99,11,11,7,8,挑战李敖(4)；李敖Talk秀(2)；李敖快意恩仇录(1)；传统下的独白(1)；李敖全集(1)；大学札记(1)；李敖对话录(1),古代、像、古人、诗
王孟仁,师生,师生,99,11,11,4,4,李敖自传与回忆(3)；李敖回忆录(3)；李敖书牍集(3)；我最难忘的事和人(2),父亲、老师、学生、国民党、拳头、找我、教书、大学
王守仁,神交引用 / 诗文出处,神交引用,99,11,9,3,3,要把金针度与人(8)；读史指南(2)；千秋万岁乌鸦求是合集(1),思想、哲学、见、诗、书目作者表、学生
王建人,同学 / 见面,同学,99,11,11,5,6,李敖笑傲江湖(4)；李敖风流自传(3)；李敖快意恩仇录(2)；李敖新刊(1)；大学札记(1),同房、台大、书里、儿子、委员、见、爸爸、读
王桂荣,创作资料协助 / 公共论战,创作资料协助,99,11,11,3,4,李敖颠倒众生(7)；李敖大哥大(3)；挑战李敖(1),王桂荣先生、台美基金会、一起、一起给、先生、送我
王莫愁,朋友 / 见面 / 通信,朋友,99,11,11,4,5,李敖情书集(7)；李敖书信集(2)；早年日记(1)；李敖随写录后集(1),莫愁嫂、学生、编辑、总编辑、副总编辑、事务、请我、家里
瓦格纳,文艺音乐 / 政治异议者 / 公共论战 / 神交引用,文艺音乐,99,11,11,5,5,虽千万人，李敖往矣(5)；为自由招魂(2)；李敖大哥大(2)；李敖访谈录1990-2018(1)；坐牢家爸爸给女儿的八十封信(1),夫人、见、访问、受访、政治、作品、诗
申斥,出版 / 师生,待复核,99,11,6,8,9,李敖大哥大(3)；挑战李敖(2)；北京法源寺(1)；第73烈士(1)；一个预备军官的日记(1)；李敖书函集(1)；中国性研究(1)；中国现代史正论(1),序、教授、见、政府、委员、国民党、民进党、大学
盖住,神交引用,待复核,99,11,7,6,11,李敖大哥大(5)；李敖秘密书房(2)；李敖议坛哀思录(1)；李敖笑傲江湖(1)；挑战李敖(1)；李敖颠倒众生(1),所谓、节目、法院、诉状、司令、国民党、家里、委员
石明江,司法人员 / 诉讼 / 公共论战,司法人员,99,11,11,4,5,李敖笑傲江湖(8)；李敖新刊(1)；红色11(1)；李敖书启集(1),法院、法官、检察长、院长、像、武汉大旅社的命案、贵院、法务部
章宗祥,公职人员 / 司法人员 / 政治人物 / 公共论战 / 历史类比引用,公职人员,99,11,11,4,4,中国近代史新论(6)；历史与人像(3)；千秋万岁乌鸦求是合集(1)；虽千万人，李敖往矣(1),政府、共产党、曹汝霖、章宗祥、陆宗舆、同在、同住、文中仲和就是章宗祥、厅丞章宗祥、章宗祥。同在这一年，生了司徒雷登和杰克·伦敦
管东贵,学术 / 学术行政 / 通信 / 公共论战,学术,99,11,11,2,2,李敖书函集(10)；李敖五五日记(1),所长、研究、中央研究院、母亲、出版、回信、太太、来信
终身总,政治人物 / 师生,政治人物,99,11,11,4,6,李敖笑傲江湖(6)；求是新语(2)；李敖大哥大(2)；阳痿美国(1),总统、学生、立委、国民党、请他、主席、民进党、像
维辛斯基,司法人员 / 政治人物 / 神交引用,司法人员,99,11,11,5,5,文化论战丹火录(5)；李敖文存二集(2)；为自由招魂(2)；波波颂(1)；为中国思想趋向求答案(1),检察官、像、法官、律师、研究、共产党、导演
罗翼飞,情治警务 / 见面,情治警务,99,11,11,6,6,李敖笑傲江湖(4)；李敖书札集(2)；李敖大哥大(2)；李敖自传与回忆(1)；李敖回忆录(1)；李敖风流自传(1),警察、先生、碰到、找我、到中期的罗翼飞、到我家、我家来
胡健中,诗文出处 / 党务宣传 / 政治人物 / 历史类比引用 / 公共论战,诗文出处,99,11,11,2,2,李敖书笺集(8)；上下古今谈(3),诗、国民党、党务、出版、夫人、洪兰友、张道藩、胡健中三人、洪兰友、胡健中二人，并无张道藩
胡击雷,监狱行政 / 公职人员,监狱行政,99,11,11,3,3,李敖随写录后集(8)；李敖自传与回忆续集(2)；李敖随写录前集(1),看守所、所长、台北看守所、胡击雷、蒙最高法院判死刑定谳、监狱、典狱长、委员
胡适跟,见面 / 朋友 / 亲属,见面,99,11,11,4,5,李敖秘密书房(8)；李敖自传与回忆续集(1)；为自由招魂(1)；李敖大哥大(1),见、跟我说、一起、爸爸、学生、认识、出版、政治
腓特烈,政治人物 / 神交引用,政治人物,99,11,11,9,10,阳痿美国(2)；虽千万人，李敖往矣(2)；独白下的传统(1)；李敖全集(1)；求是新语(1)；李敖语录(1)；一个预备军官的日记(1)；挑战李敖(1),总统、见、认识、批评、主义、名言、古人、哲学
萧正德,政治人物 / 神交引用,政治人物,99,11,11,6,7,千秋万岁乌鸦求是合集(5)；要把金针度与人(2)；李敖文存二集(1)；波波颂(1)；为中国思想趋向求答案(1)；历史与人像(1),见、儿子、交情
蒙田,学术 / 神交引用,学术,99,11,11,9,11,虚拟的十七岁(2)；李敖语录(2)；传统下的再白(1)；李敖文存二集(1)；上山·上山·爱(1)；红色11(1)；李敖书序集(1)；李敖笑傲江湖(1),哲学、一起、脚镣、见、古人
蔡辰男,财产债务 / 财产信托 / 通信 / 公共论战,财产债务,99,11,11,5,6,李敖秘藏日记(5)；李敖书笺集(3)；李敖快意恩仇录(1)；波波颂(1)；中国艺术新研(1),信托、同在、见、发行、出版、杂志、大学、国民党
许景澄,神交引用,神交引用,99,11,11,3,4,虽千万人，李敖往矣(5)；李敖风流自传(4)；你笨蛋，你笨蛋(2),碰到、大学、到我家、拜访
许荣棋,媒体 / 创作资料协助 / 公共论战,媒体,99,11,11,2,4,李敖颠倒众生(8)；挑战李敖(3),告发、委员、请他、老师、许荣棋说他的身份有问题、民进党、电视、一起
谢俊峰,司法人员 / 诉讼 / 公共论战,司法人员,99,11,11,3,3,李敖笑傲江湖(8)；李敖书函集(2)；李敖自传与回忆续集(1),法官、推事、出版、判决、四十八位推事、报纸、法院、其它的两个法官叫做谢俊峰和王德云
谢冰莹,诗文出处 / 出版 / 历史类比引用,诗文出处,99,11,11,8,8,为历史拨云(3)；中国现代史定论(2)；我最难忘的事和人(1)；教育与脸谱(1)；李敖语录(1)；李敖访谈录1990-2018(1)；李敖秘密书房(1)；李敖大哥大(1),书中、将军、国民党、共产党、编辑、总编辑、古人、所谓
赖和,诗文出处 / 政治异议者 / 历史类比引用 / 公共论战,诗文出处,99,11,11,1,1,李敖对话录(11),赖和
赖泽涵,学术 / 公共论战,学术,99,11,11,3,4,求是新语(4)；李敖随写录后集(4)；李敖大哥大(3),教授、研究、节目、朋友、受访、政治、主席、政府
赖阳华,司法人员 / 诉讼,司法人员,99,11,11,1,1,李敖大哥大(11),法官、判决、法院、像、总统、所谓、律师、电视
赖阿胜,出版 / 创作资料协助,出版,99,11,11,7,9,李敖回忆录(2)；李敖风流自传(2)；李敖书序集续集(2)；要把金针度与人(2)；李敖快意恩仇录(1)；李敖书牍集(1)；李敖秘密书房(1),出版、发行、作品、朋友、太太、师母、古人、赖阿胜
邓丽玉,情感 / 证人见证 / 社会案件,情感,99,11,11,1,1,李敖随写录前集(11),邓丽玉、儿子、读、父亲、弟弟、妻、党部、国民党
邵力子,政治人物 / 公职人员 / 历史类比引用,政治人物,99,11,11,5,7,中国现代史正论(7)；为自由招魂(1)；李敖新刊(1)；李敖语录(1)；中国现代史定论(1),主席、学生、部长、政治、共产党、国民党、秘书、邵力子继王氏之后
都丢掉,公共论战 / 政治人物,公共论战,99,11,11,6,11,李敖秘密书房(3)；李敖议坛哀思录(2)；李敖笑傲江湖(2)；李敖大哥大(2)；第73烈士(1)；李敖访谈录1990-2018(1),国民党、共产党、部长、古代、政府、研究、中央研究院、院长
金蓉镜,刑求人员 / 司法人员 / 公共论战 / 神交引用,刑求人员,99,11,11,2,3,为自由招魂(8)；李敖文存二集(3),见、碰到、政府
陈友仁,政治人物 / 公职人员 / 公共论战 / 历史类比引用,政治人物,99,11,11,1,1,中国现代史定论(11),委员、所谓、政府、亲谒币原求借外力以占东北之陈友仁、陈友仁及安福时代参预西原借款之韩宾礼、陈友仁韩宾礼等附日卖国之徒、陈友仁等与日本取得密切联络
陈妙秋,律师代理 / 诉讼 / 通信,律师代理,99,11,11,1,1,李敖书函集(11),陈妙秋律师、律师、电话、控告、见、打官司的讨论、报社吕小姐转告
陈维青,通信 / 出版 / 朋友 / 人权救援 / 见面,通信,99,11,11,3,4,李敖秘藏日记(6)；爱情的秘密(4)；李敖札记(1),维青、读、朋友、诗、哲学、一起、父亲、学者
陈耀能,司法人员 / 社会案件,司法人员,99,11,11,1,1,世论新语(11),检察官、法务部、序、调查局、看守所、律师、打电话、电话
陶冬冬,朋友 / 见面 / 财产债务 / 创作资料协助,朋友,99,11,11,3,5,虽千万人，李敖往矣(5)；李敖访谈录1990-2018(4)；李敖风流自传(2),像、见、陶冬冬、好友、太太
陶宗仪,学术 / 出版 / 神交引用,学术,99,11,11,5,6,中国艺术新研(5)；为历史拨云(2)；中国命研究(2)；独白下的传统(1)；为中国思想趋向求答案(1),院长、妻、娶、批评
陶永标,军事人物 / 证人见证,军事人物,99,11,11,2,2,李敖笑傲江湖(9)；我梦碎，所以我梦醒(2),儿子、见、秘书、国民党、共产党
雷啸岑,诗文出处 / 出版 / 历史类比引用,诗文出处,99,11,11,7,8,中国现代史定论(3)；李敖情书集(2)；李敖大哥大(2)；李敖快意恩仇录(1)；文化论战丹火录(1)；世论新语(1)；李敖颠倒众生(1),总统、告诉我、太太、法院、政府、所谓、019/雷啸岑/卅年动乱中国、认识
雷渝齐,政治人物 / 选举助选 / 公共论战,政治人物,99,11,11,5,5,李敖书笺集(4)；李敖书札集(3)；李敖随写录后集(2)；为历史拨云(1)；李敖大哥大(1),立委、问我、法院、找他、委员、立法委员候选人“雷渝齐、苏大炮他们。他们正与雷渝齐聊天
顾方舟,科学家 / 医疗照护 / 公职人员 / 公共论战,科学家,99,11,11,1,1,李敖书函集(11),共产党、大学、报导、访问、告发、院长、妻、台大
高思谦,宗教人物 / 学术 / 学术行政,宗教人物,99,11,11,1,1,李敖全集(11),文学、博士、哲学、研究、读、教授、院长、总务主任
魏萼,感化人员,感化人员,99,11,11,5,5,千秋万岁乌鸦求是合集(6)；求是新语(2)；李敖自传与回忆(1)；李敖回忆录(1)；李敖风流自传(1),国民党、史学、老师、像、读、教授、大学、报导
鲁滨逊,虚拟人物 / 小说剧本人物 / 历史类比引用,虚拟人物,99,11,11,5,6,李敖大哥大(5)；李敖情书集(2)；坐牢家爸爸给女儿的八十封信(2)；虚拟的十七岁(1)；一个预备军官的日记(1),像、历史上、请我、《鲁滨逊漂流记》
黄显昌,同学 / 朋友 / 见面 / 通信,同学,99,11,11,7,9,给马戈的五十封信(5)；李敖回忆录(1)；李敖快意恩仇录(1)；李敖议坛哀思录(1)；李敖风流自传(1)；千秋万岁乌鸦求是合集(1)；大学日记后期乙集(1),同学、同班、财产、博士、法官、见、朋友、黄显昌是我中学时代的老朋友
黄河清,政治人物 / 公共论战 / 见面,政治人物,99,11,11,4,5,李敖札记(7)；李敖议坛哀思录(2)；求是新语(1)；一个预备军官的日记(1),法院、委员、立委、国民党、院长、报导、许胜发、黄河清、民进党
黄煌雄,政治人物 / 政治异议者 / 公共论战 / 选举助选,政治人物,99,11,11,7,7,李敖书简集(3)；李敖语录(2)；李敖对话录(2)；求是新语(1)；千秋万岁乌鸦求是合集(1)；李敖书札集(1)；李敖大哥大(1),序、记者、像、政治、康宁祥擅自决定的名单、研究、立委、民进党
黄石公,军事人物 / 历史类比引用 / 神交引用,军事人物,99,11,11,6,8,第73烈士(4)；李语录(2)；李敖语录(2)；传统下的独白(1)；李敖札记(1)；坐牢家爸爸给女儿的八十封信(1),见、朋友、认识、像、见到
黄金重,同案狱友 / 刑求受害,同案狱友,99,11,11,5,5,李敖书简集(6)；李敖书信集(2)；李敖自传与回忆续集(1)；李敖文存二集(1)；李敖语录(1),绑担架、像、法务部、课员、像李文荣、古永城、杨英龙、黄金重等等、主持人是二教区课员刘雅轩
齐邦媛,学术 / 诗文出处 / 亲属 / 历史类比引用,学术,99,11,11,4,5,李敖秘密书房(7)；挑战李敖(2)；我梦碎，所以我梦醒(1)；李敖五五日记(1),老师、教授、文学、作品、国民党、请我、爸爸、所谓
丁守和,诗文出处 / 学术 / 历史类比引用,诗文出处,99,10,10,1,1,李敖书序集(10),先生、丁守和、研究、主义、序、出版社、出版、政治
丁锡庆,姻亲,姻亲,99,10,10,3,3,李敖自传与回忆(6)；李敖自传与回忆续集(2)；李敖回忆录(2),书中、爸爸、结婚、嫁给、离婚
万国鼎,学术 / 诗文出处 / 学术考证引用 / 历史类比引用 / 神交引用,学术,99,10,10,4,4,读史指南(7)；李敖自传与回忆(1)；李敖回忆录(1)；李敖风流自传(1),土地、读、像、万国鼎在《古今图书集成考略》、序、见、出版
严加管,公款经费 / 情治警务 / 同案狱友 / 政治人物,公款经费,99,10,9,6,8,李敖笑傲江湖(4)；中国现代史正论(2)；李敖快意恩仇录(1)；北京法源寺(1)；李敖语录(1)；中国性研究(1),公帑、政治、特务、军法、委员、判决、像
严秀峰,姻亲 / 亲属 / 公共论战,姻亲,99,10,10,2,2,李敖秘密书房(9)；李敖书序集(1),女士、太太、共产党、见、国民党、妻、秘书、司令
于建业,军事人物 / 见面,军事人物,99,10,10,4,5,李敖回忆录(3)；李敖风流自传(3)；千秋万岁乌鸦求是合集(2)；一个预备军官的日记(2),同学、思想、见、国民党、批评、告诉我、共产党、像
亚当·斯密,学术 / 诗文出处 / 神交引用,学术,99,10,10,8,8,李敖全集(3)；李敖自传与回忆(1)；我最难忘的事和人(1)；阳痿美国(1)；李敖语录(1)；大学札记(1)；要把金针度与人(1)；李敖秘密书房(1),主义、批评、文学、朋友
伍泽元,政治人物 / 财产债务 / 公共论战,政治人物,99,10,10,2,7,挑战李敖(9)；李敖Talk秀(1),像、一起、告诉我、女儿、市长、民进党、报纸、检察官
何东,财产债务 / 历史类比引用 / 神交引用,财产债务,99,10,10,2,2,李敖Talk秀(6)；李敖笑傲江湖(4),将军、告诉我、儿子、父亲、何东爵士、陪他、见
何氏,历史类比引用 / 情感 / 神交引用,历史类比引用,99,10,10,3,3,上山·上山·爱(7)；我梦碎，所以我梦醒(2)；为中国思想趋向求答案(1),诗、司令、参谋、太太、像、妻、书中、政治
保罗六世,宗教人物 / 历史类比引用 / 神交引用,宗教人物,99,10,10,1,1,李敖报刊集(10),保罗六世、教授、学术、思想
傅友德,军事人物 / 神交引用,军事人物,99,10,10,9,9,读史指南(2)；李敖自传与回忆(1)；李敖回忆录(1)；李敖风流自传(1)；李敖相关(1)；李敖新刊(1)；千秋万岁乌鸦求是合集(1)；李敖语录(1),将军、研究、传记、政治、李善长、胡惟庸、蓝玉、傅友德、冯胜
党什么,公共论战,公共论战,99,10,8,4,8,挑战李敖(5)；李敖秘密书房(3)；李敖风流自传(1)；李敖笑傲江湖(1),像、国民党、说过、台独、所谓、交情、打电话、电话
全斗焕,政治人物 / 军事人物,政治人物,99,10,10,4,7,李敖颠倒众生(4)；李敖笑傲江湖(3)；李敖大哥大(2)；李敖秘藏日记(1),总统、将军、选举、政府、国民党、像、家里、支票
公义,神交引用 / 律师代理,神交引用,99,10,7,9,10,李敖议坛哀思录(2)；李敖快意恩仇录(1)；千秋万岁乌鸦求是合集(1)；阳痿美国(1)；第73烈士(1)；李敖语录(1)；李敖报刊集(1)；李敖笑傲江湖(1),像、辩护、主义、证人、立委
公司要,见面 / 媒体,见面,99,10,8,7,9,李敖笑傲江湖(2)；挑战李敖(2)；李敖颠倒众生(2)；李敖风流自传(1)；李敖书简集(1)；李敖Talk秀(1)；李敖大哥大(1),电视、见、见面、交情、信托、写信、报纸、政府
冯音汝,监狱行政 / 通信 / 创作资料协助,监狱行政,99,10,10,5,6,李敖自传与回忆续集(3)；坐牢家爸爸给女儿的八十封信(3)；李敖语录(2)；李敖回忆录(1)；李敖快意恩仇录(1),看守所、写信、报纸、读、监狱、看守所辅导官是政工干校出身的冯音汝少校
刘兆玄,学术 / 政治人物 / 公职人员 / 公共论战,学术,99,10,10,3,5,挑战李敖(8)；你笨蛋，你笨蛋(1)；李敖颠倒众生(1),博士、学者、妹妹、读、教授、研究、大学、中央研究院
刘崇鋐,学术 / 公共论战,学术,99,10,10,7,8,教育与脸谱(2)；你笨蛋，你笨蛋(2)；大学日记后期甲集(2)；李敖快意恩仇录(1)；李敖风流自传(1)；大学日记后期乙集(1)；一个预备军官的日记(1),大学、老师、学生、台大、碰到、请我、送我、文星
刘炯朗,学术 / 师生,学术,99,10,9,1,2,李敖大哥大(10),大学、教授、总统、像、告诉我、政府、请我
刘秉哲,军事人物 / 历史类比引用,军事人物,99,10,10,1,1,李敖书序集(10),刘秉哲、军长、见、认识、司令、出版社、出版
别人写,神交引用 / 政治人物,神交引用,99,10,9,8,10,李敖秘密书房(3)；我最难忘的事和人(1)；李敖文存(1)；阳痿美国(1)；虽千万人，李敖往矣(1)；一个预备军官的日记(1)；李敖访谈录1990-2018(1)；挑战李敖(1),读、总统、见、见面、写信、所谓、请他、助理
包龙图,虚拟人物,虚拟人物,99,10,10,9,9,李敖报刊集(2)；李敖快意恩仇录(1)；李敖风流自传(1)；独白下的传统(1)；李敖语录(1)；一个预备军官的日记(1)；李敖秘藏日记(1)；李敖书信集(1),台大、师长、像、思想、见、出版社、出版、院长
卢金波,情治警务 / 机构警卫,情治警务,99,10,10,3,3,你笨蛋，你笨蛋(6)；李敖秘藏日记(2)；李敖笑傲江湖(2),警察、特务、国民党、手铐、报纸、政府、读、宣传
司徒雷登,学术 / 宗教人物 / 公职人员 / 历史类比引用 / 神交引用,学术,99,10,10,7,8,李敖大哥大(3)；中国近代史新论(2)；李敖自传与回忆(1)；我最难忘的事和人(1)；李敖回忆录(1)；大学日记后期甲集(1)；挑战李敖(1),警察、晤、总统、学生、同在、章宗祥。同在这一年，生了司徒雷登和杰克·伦敦、国民党
司机说,朋友 / 政治人物,待复核,99,10,8,7,8,李敖颠倒众生(3)；我最难忘的事和人(2)；李敖风流自传(1)；虽千万人，李敖往矣(1)；李敖书序集(1)；挑战李敖(1)；李敖秘密书房(1),总统、朋友、送我、事务、碰到、警察、教授、告诉我
向警备,司法人员 / 情治警务 / 军事人物,司法人员,99,10,10,4,5,李敖笑傲江湖(6)；李敖大哥大(2)；传统下的独白(1)；波波颂(1),警备总部、司令、法官、杂志、告发、攻击、思想、将军
吕副总,政治人物 / 司法人员 / 情感,政治人物,99,10,10,2,4,李敖大哥大(8)；李敖颠倒众生(2),总统、法官、政府、所谓、情书、一起、像、报导
吴京,学术行政 / 公职人员 / 公共论战,学术行政,99,10,10,2,5,李敖笑傲江湖(8)；挑战李敖(2),部长、委员、访问、记者、电视、教育部长，教育部长把票退回去了、教育部长，这个冒失鬼不敢参加、新党的李庆华他们也在追问他
吴忠信（党国元老）,政治人物 / 神交引用,政治人物,99,10,10,4,5,李敖快意恩仇录(3)；李敖风流自传(3)；千秋万岁乌鸦求是合集(3)；李敖文存(1),朋友、父亲、文星、警察、司令、参谋、儿子、认识
吴秋香,被害人 / 社会案件 / 情感,被害人,99,10,10,1,1,中国性研究(10),见、妻、管理员、检察官、被杀死的妓女吴秋香、行凶的嫖客郭凤祥
周亚夫,学术行政 / 亲属,待复核,99,10,7,4,4,李敖大哥大(5)；李敖情书集(2)；李敖秘密书房(2)；大学日记后期甲集(1),院长、家里、政府、见、古人、思想、古代、司法行政部
和逻辑,公共论战 / 见面,公共论战,99,10,10,7,8,为中国思想趋向求答案(3)；文化论战丹火录(2)；上下古今谈(1)；李敖新刊(1)；千秋万岁乌鸦求是合集(1)；李敖书函集(1)；李敖颠倒众生(1),批评、思想、主义、见、共产党、法官、律师
国人谈,政治人物 / 神交引用,政治人物,99,10,7,8,10,李敖颠倒众生(3)；李敖议坛哀思录(1)；上山·上山·爱(1)；虚拟的十七岁(1)；阳痿美国(1)；中国现代史定论(1)；李敖笑傲江湖(1)；李敖秘密书房(1),像、部长、总统、古代、特务
国总理,见面 / 姻亲,见面,99,10,8,9,10,李敖随写录后集(2)；教育与脸谱(1)；文化论战丹火录(1)；为自由招魂(1)；你笨蛋，你笨蛋(1)；我梦碎，所以我梦醒(1)；阳痿美国(1)；李敖笑傲江湖(1),总统、政府、见、朋友、爸爸、大学、一起、太太
太子丹,历史类比引用 / 政治人物 / 神交引用,历史类比引用,99,10,10,3,3,北京法源寺(8)；独白下的传统(1)；李敖杂文集(1),见、见到、拜访、朋友、母亲、像
娜塔莉·伍德,媒体 / 神交引用,媒体,99,10,10,7,8,李敖书札集(3)；传统下的独白(2)；李敖文存二集(1)；千秋万岁乌鸦求是合集(1)；早年日记(1)；李敖书翰集(1)；李敖大哥大(1),结婚、离婚、一起、说过、见、朋友
孙森焱,司法人员 / 诉讼 / 公共论战 / 创作资料协助,司法人员,99,10,10,6,8,千秋万岁乌鸦求是合集(3)；李敖书信集(2)；李敖书函集(2)；李敖自传与回忆续集(1)；李敖快意恩仇录(1)；李敖书札集(1),法官、法院、判决、上诉、推事、序、书中、马元枢、刘煥宇、杨秉钺、孙森焱、陈计男法官
孙诒让,学术 / 诗文出处 / 历史类比引用 / 神交引用,学术,99,10,10,6,7,为历史拨云(3)；李敖语录(2)；读史指南(2)；要把金针度与人(1)；中国命研究(1)；中国近代史新论(1),书目作者表、师生、先生、老师、学者、大学、章太炎师事孙诒让、学术
小仲马,诗文出处 / 历史类比引用 / 神交引用,诗文出处,99,10,10,4,4,李敖大哥大(5)；李敖情书集(2)；李敖笑傲江湖(2)；虚拟的十七岁(1),爸爸、作品、文学、像、告诉我、小仲马
居然用,政治人物 / 诉讼,待复核,99,10,6,8,10,李敖语录(2)；李敖大哥大(2)；李敖自传与回忆(1)；教育与脸谱(1)；阳痿美国(1)；中国现代史定论(1)；李敖笑傲江湖(1)；李敖颠倒众生(1),政府、法院、判决、政治、宣传、主义、攻击、读
山压顶,政治人物,待复核,99,10,6,9,10,李敖议坛哀思录(2)；波波颂(1)；世论新语(1)；我梦碎，所以我梦醒(1)；虚拟的十七岁(1)；阳痿美国(1)；挑战李敖(1)；李敖颠倒众生(1),总统、委员、军购、警总、保安处、杂志、将军、公共
崔书琴,学术 / 公职人员 / 创作资料协助 / 历史类比引用,学术,99,10,10,3,4,千秋万岁乌鸦求是合集(6)；挑战李敖(3)；大学日记后期甲集(1),主义、国民党、委员、出版、著作、老师、教授、大学
布瑞格,军事人物 / 历史类比引用 / 神交引用,军事人物,99,10,10,5,5,阳痿美国(3)；李敖文存(2)；千秋万岁乌鸦求是合集(2)；李敖书信集(2)；虽千万人，李敖往矣(1),将军、见、国民党、总统
布莱克,出版 / 历史类比引用 / 神交引用,出版,99,10,10,6,8,爱情的秘密(4)；阳痿美国(2)；李敖快意恩仇录(1)；李敖议坛哀思录(1)；李敖访谈录1990-2018(1)；中国命研究(1),诗、法官、师生、文学、总统、判决、古人、读
师没有,神交引用 / 司法人员 / 师生,神交引用,99,10,10,7,10,虚拟的十七岁(2)；李敖笑傲江湖(2)；李敖秘密书房(2)；李敖议坛哀思录(1)；求是新语(1)；挑战李敖(1)；李敖大哥大(1),老师、律师、思想、检察官、说过、见、共产党、太太
常谢谢,媒体 / 政治人物,媒体,99,10,10,5,10,挑战李敖(4)；李敖秘密书房(2)；李敖大哥大(2)；李敖议坛哀思录(1)；李敖全集(1),节目、总统、院长、法官、法院、委员、研究、像
廖茂荣,司法人员 / 诉讼 / 创作资料协助,司法人员,99,10,10,5,6,李敖自传与回忆续集(5)；李敖书函集(2)；李敖回忆录(1)；李敖风流自传(1)；你笨蛋，你笨蛋(1),诬告、律师、上诉、诗、推事、判决、书记官、法官
张伯苓,学术行政 / 政治人物 / 公职人员 / 选举助选 / 历史类比引用,学术行政,99,10,10,6,8,教育与脸谱(2)；求是新语(2)；中国现代史定论(2)；李敖大哥大(2)；波波颂(1)；上下古今谈(1),大学、院长、学生、所谓、经费、出版、法官、法院
张俭,政治异议者 / 历史类比引用 / 神交引用,政治异议者,99,10,10,7,8,北京法源寺(3)；历史与人像(2)；李敖文存二集(1)；千秋万岁乌鸦求是合集(1)；要把金针度与人(1)；中国命研究(1)；李敖秘密书房(1),诗、母亲、哥哥、家里、研究、政府、老师、读
张盛喜,司法人员 / 政治人物 / 公共论战,司法人员,99,10,10,1,1,你是景福门(10),民进党、推事、党部、法官、见、报导、大学、法院
张金界奴,公职人员 / 文艺音乐 / 创作资料协助 / 历史类比引用 / 神交引用,公职人员,99,10,10,1,1,中国艺术新研(10),张金界奴
彼得潘,虚拟人物,虚拟人物,99,10,10,7,10,虽千万人，李敖往矣(3)；你笨蛋，你笨蛋(2)；李敖回忆录(1)；李敖风流自传(1)；传统下的独白(1)；千秋万岁乌鸦求是合集(1)；虚拟的十七岁(1),像、诗、妈妈、弟弟、哲学、情人、一起
徐子明,师生 / 学术 / 诗文出处 / 神交引用,师生,99,10,10,4,4,李敖风流自传(3)；给马戈的五十封信(3)；李敖快意恩仇录(2)；李敖新刊(2),教授、见、文星、院长、文学、学生、批评、儿子
成立之,军事人物 / 政治人物,军事人物,99,10,8,7,9,李敖自传与回忆(3)；李敖大哥大(2)；李敖新刊(1)；北京法源寺(1)；李敖随写录后集(1)；挑战李敖(1)；李敖秘密书房(1),同仁、委员、司令、国民党、法官、律师、助理、研究
戴小华,媒体 / 见面,媒体,99,10,10,2,2,李敖访谈录1990-2018(7)；李敖五五日记(3),戴小华、女儿、访问、陪我、报纸、总统、戴小华、颜如君、戴小华专访
戴良,诗文出处 / 学术 / 历史类比引用 / 神交引用,诗文出处,99,10,10,3,4,李敖书翰集(6)；读史指南(3)；千秋万岁乌鸦求是合集(1),见、调查局、见证、证人、杂志、论打官司的必要、戴良兄：、戴良兄转下
拉夫瑞斯,诗文出处 / 历史类比引用 / 神交引用,诗文出处,99,10,10,5,5,虚拟的十七岁(3)；李敖文存(2)；上山·上山·爱(2)；为历史拨云(2)；红色11(1),情人、诗、像、主义、哲学、监狱
拜垂丝,情感 / 历史类比引用 / 神交引用,情感,99,10,10,5,5,上山·上山·爱(3)；虚拟的十七岁(3)；一个预备军官的日记(2)；李敖快意恩仇录(1)；坐牢家爸爸给女儿的八十封信(1),见、见到、见面、情人、诗、夫人
权威性,政治人物,待复核,99,10,8,6,10,李敖大哥大(5)；李敖自传与回忆(1)；你是景福门(1)；李敖书序集(1)；李敖对话录(1)；李敖笑傲江湖(1),国民党、所谓、总统、证人、判决、县长、读、市长
李仲琳,朋友 / 见面,朋友,99,10,10,1,1,我最难忘的事和人(10),请我、见、见面、送我、党部、秘书、碰到、对我说
李光地,政治人物 / 学术 / 历史类比引用 / 神交引用,政治人物,99,10,10,5,8,读史指南(4)；要把金针度与人(3)；李敖语录(1)；李敖书信集(1)；中国命研究(1),朋友、政治、诗、爸爸、大学、文学、书目作者表、好朋友李光地出卖
李国鼎,政治人物 / 公职人员 / 公共论战,政治人物,99,10,10,7,7,中国现代史正论(2)；挑战李敖(2)；李敖大哥大(2)；求是新语(1)；李敖随写录后集(1)；李敖笑傲江湖(1)；李敖秘密书房(1),总统、院长、先生、访问、发行、国民党、张学良、李国鼎、张继正、邱进益等四对教友夫妇、认识
李慈铭,学术 / 诗文出处 / 历史类比引用 / 神交引用,学术,99,10,10,4,5,历史与人像(4)；独白下的传统(2)；要把金针度与人(2)；挑战李敖(2),妻、读、发行、序、学术、书中
李教官,见面 / 军事人物 / 称谓待考,见面,99,10,10,4,6,大学日记后期甲集(5)；一个预备军官的日记(3)；李敖语录(1)；大学日记后期乙集(1),朋友、对我说、见、大学、见面、学者、认识、政治
李文成,司法人员 / 诉讼 / 创作资料协助,司法人员,99,10,10,4,4,李敖笑傲江湖(6)；李敖书函集(2)；李敖自传与回忆续集(1)；李敖访谈录1990-2018(1),法官、推事、法院、一起、书店、记者、采访、四十八位推事
李煜瀛,政治人物 / 学术 / 历史类比引用,政治人物,99,10,10,6,6,中国近代史新论(3)；大学日记后期乙集(2)；中国现代史正论(2)；传统下的独白(1)；李敖全集(1)；我是天安门(1),像、北大、委员、结婚、博士、国民党、共产党、报导
杜致勇,亲属 / 见面,亲属,99,10,10,3,5,李敖风流自传(7)；李敖笑傲江湖(2)；我最难忘的事和人(1),将军、儿子、太太、共产党、认识、父亲、文星、警察
杨贵雄,姻亲 / 司法人员,姻亲,99,10,10,1,1,李敖秘密书房(10),太太、报纸、法官、像、检察官、老师、法务部、法院
林俊杰,编辑 / 诉讼 / 朋友,编辑,99,10,10,2,5,李敖颠倒众生(6)；李敖大哥大(4),发行、法院、市长、民进党、朋友、委员、所谓
林家祺,情治警务 / 见面 / 朋友,情治警务,99,10,10,5,5,李敖快意恩仇录(5)；李敖笑傲江湖(2)；李敖回忆录(1)；李敖议坛哀思录(1)；李敖风流自传(1),保安处、老师、到我家、弟弟、政治、公共、见、警备总部
林导播,称谓待考 / 媒体 / 公共论战,称谓待考,99,10,10,4,4,李敖对话录(4)；李敖快意恩仇录(2)；李敖风流自传(2)；千秋万岁乌鸦求是合集(2),结婚、打电话、电话、见、一起、林导播
林悦恒,媒体 / 出版 / 通信 / 创作资料协助,媒体,99,10,10,5,5,李敖书札集(6)；李敖回忆录(1)；李敖笑傲江湖(1)；挑战李敖(1)；李敖大哥大(1),老师、学生、太太、大学、香港九龙新蒲岗四美街二十三号九楼林悦恒收、写信、王晓波致林悦恒、国民党
林茂生,师生,师生,99,10,7,1,2,李敖大哥大(10),教授、大学、博士、学术、先生、爸爸、儿子、老师
林衡哲,神交引用 / 朋友 / 出版,神交引用,99,10,8,1,1,李敖Talk秀(10),文学、书里、朋友、出版、序、先生、告诉我、见
查询问,政治人物 / 监狱行政 / 同案狱友,政治人物,99,10,10,1,1,千秋万岁乌鸦求是合集(10),委员、看守所、政治、军法、书中、报导、读、总统
柯承亨,军事人物 / 政治人物 / 见面,军事人物,99,10,10,2,5,李敖议坛哀思录(8)；挑战李敖(2),部长、委员、主席、少将、像、哥哥、总干事、节目
柯赐海,诉讼 / 公共论战,诉讼,99,10,10,2,3,李敖随写录后集(8)；李敖大哥大(2),柯赐海、告发、法院、判决、像、上诉
柳直荀,姻亲,姻亲,99,10,9,3,3,李敖笑傲江湖(5)；我梦碎，所以我梦醒(3)；虽千万人，李敖往矣(2),太太、共产党、妻、研究、家里、夫人、国民党
欧士华,虚拟人物 / 小说剧本人物 / 亲属 / 历史类比引用,虚拟人物,99,10,10,1,1,中国命研究(10),儿子、古代、夫人、易卜生的群鬼、孟代牧师、阿尔文夫人、欧士华应该爱敬阿尔文先生、阿尔文一生纵淫
段名言,神交引用,神交引用,99,10,10,8,10,上下古今谈(3)；李敖全集(1)；世论新语(1)；求是新语(1)；千秋万岁乌鸦求是合集(1)；李敖书序集续集(1)；李敖情书集(1)；中国性研究(1),名言、国民党、所谓、见、恋爱、秘书、记者、监狱
汤元吉,见面 / 通信 / 创作资料协助,见面,99,10,10,2,2,早年日记(8)；李敖书翰集(2),见、读、学术、回信
洛桑平措,出版 / 政治人物 / 公共论战,出版,99,10,10,1,1,我是天安门(10),出版、关怀、记者、先生、发行、书店、读、学生
洪成完,学术 / 见面,学术,99,10,10,5,6,文化论战丹火录(5)；李敖快意恩仇录(2)；李敖全集(1)；早年日记(1)；李敖书信集(1),学生、攻击、论战、寄给、文星、学术、读、台大
潘祖荫,公职人员 / 司法人员 / 诗文出处 / 学术 / 出版 / 历史类比引用 / 神交引用,公职人员,99,10,10,4,4,中国命研究(5)；北京法源寺(2)；要把金针度与人(2)；中国性研究(1),法官、见、出版、书中、潘祖荫的《功顺堂丛书》、太监李三顺带东西出宫、慈安太后害怕
熊守晖,证人见证 / 见面,证人见证,99,10,10,5,6,早年日记(3)；李敖自传与回忆(2)；大学日记后期甲集(2)；大学日记后期乙集(2)；一个预备军官的日记(1),见、像、学生、大学
王叔岷,学术 / 公共论战,学术,99,10,10,4,5,挑战李敖(4)；教育与脸谱(2)；一个预备军官的日记(2)；李敖秘密书房(2),教授、先生、哲学、文学、台大、序、研究、中央研究院
王大姐,见面 / 称谓待考,见面,99,10,10,4,9,一个预备军官的日记(7)；大学日记后期乙集(1)；李敖五五日记(1)；李敖秘密书房(1),像、教书、见、写信、福利社、来信、太太、送我
王夫人（陈之藩事件）,情感 / 社会案件 / 创作资料协助 / 称谓待考,情感,99,10,10,1,1,李敖笑傲江湖(10),夫人、母亲、离婚、博士、像、一起、王博士的太太、电话
王委员,政治人物,政治人物,99,10,10,4,4,千秋万岁乌鸦求是合集(4)；李敖议坛哀思录(3)；李敖秘密书房(2)；李敖情书集(1),委员、部长、书中、请我、大学、北大、院长、律师
王德云,司法人员 / 诉讼 / 公共论战,司法人员,99,10,10,2,2,李敖笑傲江湖(7)；李敖回忆录(3),法官、检察官、判决、电话、上诉、公诉、诬告、书中
王柏龄,军事人物 / 公职人员 / 公共论战 / 历史类比引用,军事人物,99,10,10,5,5,中国艺术新研(4)；李敖笑傲江湖(2)；李敖大哥大(2)；千秋万岁乌鸦求是合集(1)；李敖Talk秀(1),将军、出版、见、学生、何应钦和王柏龄、王柏龄，两人被出局、像
王淦,情治警务 / 通信 / 见面 / 诗文出处 / 历史类比引用,情治警务,99,10,10,3,3,李敖秘藏日记(6)；李敖回忆录(2)；中国现代史定论(2),到我家、调查局、公共、我家来、妈妈、警察、像、同学
王申培,学术 / 情感 / 姻亲,学术,99,10,9,1,1,李敖大哥大(10),博士、情书、写信、太太、结婚、研究、中央研究院
王聪琰,公职人员 / 出版管制 / 诉讼,公职人员,99,10,10,2,2,李敖快意恩仇录(7)；李敖书笺集(3),警察、出版、发行、问我、出版品、节目、政府、所谓
王衍,历史类比引用 / 政治人物 / 神交引用,历史类比引用,99,10,10,3,3,上山·上山·爱(5)；虚拟的十七岁(4)；李敖新刊(1),儿子、朋友、情人、分手、古代、像
玫园主人,朋友 / 见面,朋友,99,10,10,4,6,一个预备军官的日记(4)；李敖风流自传(2)；传统下的独白(2)；李敖的情诗(2),写信、请我、家里、来信、像、诗
申佩芬,师生 / 同学 / 亲属 / 创作资料协助,师生,99,10,10,5,5,李敖秘密书房(3)；李敖自传与回忆(2)；李敖快意恩仇录(2)；李敖书函集(2)；中国艺术新研(1),爸爸、妈妈、儿子、老师、太太、同学、夫人、大学
白人,学术,待复核,99,10,4,8,9,阳痿美国(3)；李敖全集(1)；你是景福门(1)；上山·上山·爱(1)；李敖语录(1)；挑战李敖(1)；李敖秘密书房(1)；李敖大哥大(1),史学、爸爸、像
白添枝,政治人物 / 朋友 / 见面,政治人物,99,10,10,2,5,李敖议坛哀思录(8)；李敖风流自传(2),委员、国民党、送我、女儿、像、找他、朋友、监狱
石原,见面,见面,99,10,10,3,4,李敖大哥大(5)；李敖颠倒众生(4)；李敖秘密书房(1),见、拜访、见面、电话、请他、朋友、序、主义
秋雄,通信 / 公共论战,通信,99,10,10,5,5,李敖笑傲江湖(5)；李敖回忆录(2)；李敖风流自传(1)；教育与脸谱(1)；李敖大哥大(1),先生、请他、政府、记者、记者招待会、写信、大学、读
端木恺,律师代理 / 学术 / 公共论战,律师代理,99,10,10,10,10,李敖自传与回忆(1)；李敖回忆录(1)；求是新语(1)；早年日记(1)；李敖随写录后集(1)；李敖书信集(1)；李敖书函集(1)；挑战李敖(1),律师、大学、控告、读、推事、先生、书店、文星
经宣布,政治人物 / 见面 / 姻亲,政治人物,99,10,10,8,10,李敖笑傲江湖(3)；李敖自传与回忆续集(1)；我梦碎，所以我梦醒(1)；李敖新刊(1)；李敖访谈录1990-2018(1)；中国迷信新研(1)；挑战李敖(1)；李敖大哥大(1),国民党、见、党部、记者、太太、主席、见面、记者招待会
经营权,媒体 / 公共论战,媒体,99,10,8,2,8,李敖大哥大(6)；挑战李敖(4),国民党、电视、情人、政治、所谓、像、委员、节目
罗思琳,学术行政 / 同学 / 见面,学术行政,99,10,10,4,6,大学日记后期甲集(3)；大学日记后期乙集(3)；给马戈的五十封信(3)；一个预备军官的日记(1),总干事、见、史学、文学、借钱、序、找我、罗思琳以一〇七票
胡蝶,文艺音乐 / 诗文出处 / 公共论战 / 历史类比引用,文艺音乐,99,10,10,3,3,李敖大哥大(5)；中国现代史正论(3)；李敖Talk秀(2),认识、见、诗、胡蝶在台湾发表《胡蝶回忆录》、胡蝶这一回忆
胡适做,政治人物 / 公共论战 / 学术,政治人物,99,10,9,6,7,中国现代史正论(5)；李敖快意恩仇录(1)；李敖语录(1)；一个预备军官的日记(1)；李敖随写录前集(1)；李敖大哥大(1),研究、党部、院长、中央研究院、批评、文学、政治、太太
能说错,政治人物 / 亲属 / 神交引用,政治人物,99,10,9,8,10,李敖笑傲江湖(2)；李敖秘密书房(2)；上下古今谈(1)；李敖书札集(1)；中国性研究(1)；挑战李敖(1)；李敖颠倒众生(1)；李敖大哥大(1),政府、像、一起、律师、法院、法庭、妈妈、儿子
能超越,诉讼,诉讼,99,10,8,7,8,李敖访谈录1990-2018(3)；文化论战丹火录(2)；李敖新刊(1)；千秋万岁乌鸦求是合集(1)；李敖五五日记(1)；挑战李敖(1)；李敖大哥大(1),法院、判决、政治、文星、主义、朋友、读、诗
蒋老先,朋友,待复核,99,10,7,1,2,李敖笑傲江湖(10),见、朋友、警察、打电话、电话、教授、大学、父亲
蔡仲伯,创作资料协助 / 见面,创作资料协助,99,10,10,6,7,李敖回忆录(4)；李敖书启集(2)；千秋万岁乌鸦求是合集(1)；李敖秘藏日记(1)；李敖书序集(1)；李敖大哥大(1),访问、送我、同房、序、监狱、同案、先生、碰到
蔡孟坚,政治人物 / 学术 / 公共论战,政治人物,99,10,9,4,5,李敖新刊(7)；世论新语(1)；千秋万岁乌鸦求是合集(1)；李敖颠倒众生(1),国民党、主义、市长、特务、政府、研究、总统、见
蔡朝明,公职人员 / 情治警务 / 公共论战,公职人员,99,10,10,1,4,李敖大哥大(10),选举、立委、特务、法院、委员、像、报纸、民进党
蔡琰,诗文出处 / 文艺音乐 / 历史类比引用 / 神交引用,诗文出处,99,10,10,3,3,要把金针度与人(5)；千秋万岁乌鸦求是合集(4)；李敖札记(1),女儿、诗、历史上、文学、蔡琰嫁给卫仲道、嫁给董祀
袁耀权,同案狱友 / 军事人物 / 见面,同案狱友,99,10,10,4,6,李敖风流自传(4)；李敖自传与回忆(2)；李敖回忆录(2)；李敖快意恩仇录(2),见、同住、保安处、军法、看守所、警备总部、一起、学生
许广平,情感 / 诗文出处 / 历史类比引用 / 神交引用,情感,99,10,10,4,4,李敖访谈录1990-2018(4)；李敖秘密书房(4)；虽千万人，李敖往矣(1)；李敖Talk秀(1),许广平、学生、太太、恋爱、师生、结婚、家中、一起
许志雄,政治人物 / 学术 / 诉讼,政治人物,99,10,10,1,1,李敖议坛哀思录(10),先生、委员、法院、学生、政治、主席、所长、国民党
谢怀栻,学术 / 司法人员 / 诉讼,学术,99,10,10,1,1,李敖随写录前集(10),谢怀栻、法院、证人、判决、研究、起诉、诉状、保证金
谢文政,政治人物,政治人物,99,10,10,1,5,李敖议坛哀思录(10),委员、主席、军购、法院、大学、秘书、国民党、所谓
谢瑞智,学术 / 公共论战,学术,99,10,10,5,6,挑战李敖(4)；求是新语(3)；李敖回忆录(1)；李敖议坛哀思录(1)；李敖风流自传(1),国民党、大学、警察、请我、像、学生、研究、所长
谢瞻,学术 / 神交引用,学术,99,10,10,3,3,波波颂(4)；上山·上山·爱(3)；要把金针度与人(3),诗、朋友、见、杂志
赵普,历史类比引用 / 神交引用,历史类比引用,99,10,10,5,5,为历史拨云(5)；李敖笑傲江湖(2)；千秋万岁乌鸦求是合集(1)；李敖札记(1)；李敖大哥大(1),见、读、院长、见到、国民党、妈妈、太太、弟弟
赵鹏科,公职人员 / 出版管制 / 诉讼 / 公共论战,公职人员,99,10,10,1,3,李敖书函集(10),政府、像、见、查禁、国民党、台北市政府新闻处唐启明处长、赵鹏科长、协议书、法院
邓育昆,媒体 / 见面 / 朋友,媒体,99,10,10,5,6,李敖秘密书房(5)；李敖回忆录(2)；李敖风流自传(1)；虽千万人，李敖往矣(1)；李敖随写录前集(1),电视、节目、问我、请我、读、著作、打电话、电话
那么没,政治人物 / 公共论战,政治人物,99,10,8,4,9,李敖大哥大(5)；挑战李敖(3)；北京法源寺(1)；李敖秘密书房(1),政治、总统、像、政府、夫人、院长、法院、委员
那几天,见面 / 姻亲,见面,99,10,9,9,10,李敖自传与回忆(2)；李敖回忆录(1)；求是新语(1)；我梦碎，所以我梦醒(1)；上山·上山·爱(1)；李敖札记(1)；李敖访谈录1990-2018(1)；李敖笑傲江湖(1),见、请我、警察、大学、妻、晤、结婚、恋爱
邵尧夫,朋友 / 亲属 / 神交引用,朋友,99,10,8,2,2,李敖秘密书房(6)；李敖Talk秀(4),朋友、父亲、告诉我、所谓
邵毓麟,政治人物 / 证人见证,政治人物,99,10,10,1,1,我梦碎，所以我梦醒(10),国民党、见、拜访、所谓、见面、节目、参谋、军法
都赞成,政治人物 / 见面 / 出版,政治人物,99,10,8,9,10,李敖大哥大(2)；李敖议坛哀思录(1)；波波颂(1)；世论新语(1)；北京法源寺(1)；阳痿美国(1)；一个预备军官的日记(1)；李敖五五日记(1),总统、政府、见、序、一起、律师
闻少华,诗文出处 / 学术 / 历史类比引用,诗文出处,99,10,10,1,1,李敖书序集(10),闻少华、先生、研究、主义、出版社、出版、序、思想
阎罗王,虚拟人物 / 宗教人物 / 小说剧本人物 / 历史类比引用,虚拟人物,99,10,10,4,4,中国命研究(7)；虚拟的十七岁(1)；阳痿美国(1)；一个预备军官的日记(1),思想、所谓、一起、公共、证人、外面一个毛脸雷公、秦广王、初江王、宋帝王、忤官王、阎罗王
陆九渊,学术 / 诗文出处 / 历史类比引用 / 神交引用,学术,99,10,10,4,4,要把金针度与人(6)；读史指南(2)；千秋万岁乌鸦求是合集(1)；大学札记(1),爸爸、思想、批评、书目作者表、见、拜访、家中、哲学
陆善仪,亲属 / 同学 / 通信,亲属,99,10,10,8,8,李敖书信集(3)；李敖回忆录(1)；李敖快意恩仇录(1)；李敖风流自传(1)；千秋万岁乌鸦求是合集(1)；李敖秘藏日记(1)；李敖书函集(1)；李敖大哥大(1),台大、朋友、请我、太太、像、同班、史学、见
陆晋德,社会案件 / 被害人 / 诉讼 / 亲属,社会案件,99,10,10,3,4,李敖随写录后集(7)；挑战李敖(2)；李敖回忆录(1),判决、上诉、陆晋德的观点、朋友、父亲、法院、法官、先生
陈衡哲,诗文出处 / 学术 / 公共论战 / 历史类比引用,诗文出处,99,10,10,2,2,李敖秘密书房(9)；中国现代史正论(1),朋友、太太、妈妈、学生、妻、嫁给、杂志、同仁
陶德曼,政治人物 / 神交引用,政治人物,99,10,10,1,1,我梦碎，所以我梦醒(10),见、政府、像、接见、部长
雷朋,政治人物 / 诉讼 / 公共论战,政治人物,99,10,10,1,1,李敖随写录后集(10),雷朋、控告、政府、政治、夫人
马连良,文艺音乐,文艺音乐,99,10,10,5,6,李敖秘密书房(5)；李敖随写录前集(2)；上下古今谈(1)；李敖语录(1)；李敖访谈录1990-2018(1),见、校对、传记、文学、告诉我、电话、马连良、记者
高士奇,公职人员 / 诗文出处 / 文艺音乐 / 历史类比引用 / 神交引用,公职人员,99,10,10,3,3,中国艺术新研(7)；李敖随写录后集(2)；李敖秘密书房(1),高士奇之印、高士奇、见、见到、出版社、出版、古代、像
鲁智深,虚拟人物,虚拟人物,99,10,10,6,7,李敖语录(4)；虽千万人，李敖往矣(2)；李敖快意恩仇录(1)；李敖文存(1)；李敖文存二集(1)；波波颂(1),共产党、像、见、朋友、读、所谓、封杀
黄君璧,文艺音乐 / 公共论战,文艺音乐,99,10,10,5,5,李敖随写录前集(5)；李敖大哥大(2)；李敖风流自传(1)；一个预备军官的日记(1)；挑战李敖(1),老师、家里、评黄君璧、黄君璧死、教授、大学
黄容,司法人员 / 见面,司法人员,99,10,10,5,9,一个预备军官的日记(6)；李敖回忆录(1)；李敖风流自传(1)；李敖五五日记(1)；李敖书翰集(1),碰到、同班、见、法官、师长、见到、军法、杨桂林先生，江苏盱眙人，在最高法院与黄容共过事
黄尊秋,政治人物 / 诉讼 / 公共论战,政治人物,99,10,10,6,7,李敖笑傲江湖(3)；求是新语(2)；李敖随写录前集(2)；你是景福门(1)；李敖新刊(1)；李敖随写录后集(1),院长、法院、总统、秘书、部长、政府、参谋、委员
黄荣村,政治人物,政治人物,99,10,8,2,3,李敖大哥大(9)；李敖快意恩仇录(1),部长、委员、政府、学者、法院、民进党、国民党、政治
黄郛,政治人物 / 公职人员 / 历史类比引用,政治人物,99,10,10,3,3,中国现代史正论(7)；李敖笑傲江湖(2)；李敖全集(1),序、见、委员、黄郛的太太沈亦云《亦云回忆》、黄郛正在上海、黄郛致汪兆铭、汪兆铭致黄郛、因对方仪我、柴山晋谒黄委员长
齐宣王,政治人物 / 历史类比引用 / 神交引用,政治人物,99,10,10,7,7,独白下的传统(2)；李敖书牍集(2)；李敖笑傲江湖(2)；文化论战丹火录(1)；第73烈士(1)；李敖语录(1)；李敖札记(1),见、像、见面、研究、《战国策》记颜斶拒见齐宣王、请他、家里、政治
齐家旦,朋友 / 见面 / 婚姻相关,朋友,99,10,10,4,5,大学札记(3)；一个预备军官的日记(3)；李敖书翰集(3)；大学日记后期甲集(1),父亲、学生、大学、像、见、请我、写信、找我
东番记,学术,学术,99,9,9,1,1,千秋万岁乌鸦求是合集(9),学者、研究、学术、土地、见、告诉我
于长城,政治异议者,政治异议者,99,9,9,3,3,李敖自传与回忆(6)；李敖书翰集(2)；李敖访谈录1990-2018(1),政府、国民党、宣传、记者、总统、法庭、共产党、警总
井田升,学术 / 诗文出处 / 学术考证引用 / 历史类比引用 / 神交引用,学术,99,9,9,3,3,历史与人像(6)；李敖快意恩仇录(2)；李敖风流自传(1),研究、学者、著作、拜访、陪我、教授、见、离婚
何秀煌,朋友 / 学术 / 出版 / 公共论战,朋友,99,9,9,5,5,李敖自传与回忆续集(2)；李敖快意恩仇录(2)；李敖全集(2)；上下古今谈(2)；李敖书序集续集(1),请他、一起、见、太太、公证书、书里、离婚、朋友
傅建中,媒体 / 诗文出处 / 公共论战,媒体,99,9,9,1,1,李敖笑傲江湖(9),批评、大学、先生、像、《中国时报》驻华盛顿特派员傅建中
全部通,政治人物,待复核,99,9,5,5,8,李敖访谈录1990-2018(3)；挑战李敖(2)；李敖大哥大(2)；我最难忘的事和人(1)；李敖Talk秀(1),见、出版、将军、政府、法官、读、碰到、找我
冯若飞,出版 / 证人见证 / 神交引用,出版,99,9,9,1,2,世论新语(9),共事、公款、国民党、所谓、市长、秘书、主席
刘向,学术 / 诗文出处 / 公职人员 / 历史类比引用 / 神交引用,学术,99,9,9,2,3,读史指南(6)；要把金针度与人(3),书目作者表、刘向：《战国策》
刘多荃,军事人物 / 证人见证 / 历史类比引用,军事人物,99,9,9,1,2,中国现代史正论(9),所谓、东北军军头刘多荃、电话、见、委员、师长、司令、缪澄流、刘多荃、高崇民
刘耀祖,出版 / 公共论战,出版,99,9,7,3,6,一个预备军官的日记(7)；李敖快意恩仇录(1)；李敖风流自传(1),序、出版、对我说、家中、研究、国民党、攻击、福利社
刘裕,政治人物 / 军事人物 / 神交引用,政治人物,99,9,9,5,6,要把金针度与人(3)；波波颂(2)；读史指南(2)；李敖自传与回忆续集(1)；独白下的传统(1),妈妈、主义、王敦以武昌兵做底牌，桓温、桓玄以江陵兵做底牌，苏峻以京口兵做底牌，最后刘裕以京口兵通吃
卢仁发,司法人员 / 诉讼 / 公共论战,司法人员,99,9,9,3,4,李敖笑傲江湖(6)；李敖颠倒众生(2)；李敖Talk秀(1),检察官、起诉、法院、检察长、法务部、判决、部长、国民党
危楼,学术行政 / 神交引用,待复核,99,9,9,2,4,李敖秘密书房(8)；挑战李敖(1),研究、中央研究院、古代、公共、像
史汀生,政治人物 / 军事人物 / 历史类比引用 / 神交引用,政治人物,99,9,9,3,4,阳痿美国(6)；虽千万人，李敖往矣(2)；传统下的独白(1),委员、总统、部长、主义、封杀
叶剑英,军事人物 / 政治人物 / 公共论战 / 神交引用,军事人物,99,9,9,5,6,虽千万人，李敖往矣(3)；挑战李敖(3)；我是天安门(1)；千秋万岁乌鸦求是合集(1)；李敖颠倒众生(1),访问、委员、记者、杂志、批评、引用、像
叶芳雄,政治人物,政治人物,99,9,9,2,6,李敖议坛哀思录(8)；李敖风流自传(1),送我、立委、国民党、律师、委员
吴大澂,学术 / 诗文出处 / 公职人员 / 历史类比引用 / 神交引用,学术,99,9,9,2,3,要把金针度与人(8)；你笨蛋，你笨蛋(1),古人、将军、见、请他、读、吴大澂：《古玉图考》
吴容明,政治人物 / 公职人员 / 选举助选 / 公共论战,政治人物,99,9,9,2,2,挑战李敖(5)；李敖访谈录1990-2018(4),委员、吴容明、国民党、一起
吴锦江,同案狱友 / 政治异议者,同案狱友,99,9,9,3,3,李敖自传与回忆续集(4)；李敖回忆录(4)；李敖大哥大(1),同房、警总
周百炼,公职人员 / 亲属 / 财产债务 / 公共论战,公职人员,99,9,9,4,5,李敖秘密书房(6)；求是新语(1)；李敖笑傲江湖(1)；李敖大哥大(1),女儿、太太、院长、儿子、国民党、诗、政治、岳母
周锡玮,政治人物 / 媒体 / 公共论战,政治人物,99,9,9,2,5,李敖大哥大(7)；李敖议坛哀思录(2),立委、代理、委员、存证信、电视、见、好友、法院
哈姆雷特,虚拟人物,虚拟人物,99,9,9,6,6,虚拟的十七岁(3)；挑战李敖(2)；波波颂(1)；千秋万岁乌鸦求是合集(1)；李敖札记(1)；李敖秘密书房(1),父亲、太太、一起、对我说、国民党
哈里森·索尔兹伯里,媒体 / 出版 / 神交引用,媒体,99,9,9,2,3,我是天安门(8)；李敖秘密书房(1),编辑、总编辑、副总编辑、记者、出版社、出版、作品、采访
唐寅,文艺音乐 / 诗文出处 / 历史类比引用 / 神交引用,文艺音乐,99,9,9,4,4,千秋万岁乌鸦求是合集(4)；要把金针度与人(3)；大学札记(1)；中国艺术新研(1),见、朋友、诗、唐寅：《唐伯虎全集》
国立故,学术行政 / 政治人物,待复核,99,9,6,5,7,中国艺术新研(4)；求是新语(2)；李敖议坛哀思录(1)；李敖笑傲江湖(1)；李敖大哥大(1),委员、院长、公帑、出版社、出版、朋友、民进党
夏曾佑,学术 / 诗文出处 / 历史类比引用 / 神交引用,学术,99,9,9,3,4,李敖书序集(4)；要把金针度与人(3)；李敖访谈录1990-2018(2),见、父亲、先生、史学、夏曾佑、读、书中
孔东梅,见面 / 学术 / 公共论战,见面,99,9,9,3,4,李敖风流自传(6)；李敖访谈录1990-2018(2)；虽千万人，李敖往矣(1),研究、杂志、批评、到我家、我家来、一起、拜访、主席
孟浩然,诗文出处 / 历史类比引用 / 神交引用,诗文出处,99,9,9,5,6,读史指南(5)；李敖风流自传(1)；为自由招魂(1)；你笨蛋，你笨蛋(1)；李敖的情诗(1),诗、见、书目作者表、谢朓、庾信、李白、杜甫、孟浩然、刘长卿、韦应物、刘禹锡、李商隐、梅尧臣、苏轼、唐顺之
容闳,学术 / 政治人物 / 神交引用,学术,99,9,9,4,4,要把金针度与人(5)；中国近代史新论(2)；李敖全集(1)；文化论战丹火录(1),见、学生、政府、书里、序、文星、所谓、先生
寿保险,神交引用,待复核,99,9,5,6,6,李敖笑傲江湖(4)；李敖自传与回忆续集(1)；千秋万岁乌鸦求是合集(1)；虽千万人，李敖往矣(1)；挑战李敖——敖语录(1)；挑战李敖(1),见、儿子、女儿、妻、信托、房地、检察官、著作
封回信,通信,通信,99,9,9,7,8,李敖快意恩仇录(2)；李敖笑傲江湖(2)；李敖全集(1)；大学日记后期乙集(1)；李敖书信集(1)；李敖书翰集(1)；挑战李敖(1),回信、大学、台大、律师、寄给、院长、政府、写信
小凤仙,情感 / 神交引用,情感,99,9,9,5,6,李敖大哥大(5)；我最难忘的事和人(1)；李敖全集(1)；挑战李敖(1)；李敖秘密书房(1),说过、政治、像、见、共产党
小华,见面 / 通信 / 称谓待考,见面,99,9,9,1,4,李敖秘藏日记(9),小华来、小华来电
布雷克,诗文出处 / 历史类比引用 / 神交引用,诗文出处,99,9,9,6,8,虚拟的十七岁(3)；虽千万人，李敖往矣(2)；李敖议坛哀思录(1)；李敖文存二集(1)；上山·上山·爱(1)；李敖语录(1),诗、见、回信、哲学、像、女友、碰到
席德进,文艺音乐 / 见面 / 历史类比引用,文艺音乐,99,9,9,3,3,中国艺术新研(6)；李敖秘密书房(2)；波波颂(1),家里、像、结婚、证人、席德进（1923-1981）、在李昂家里，他当场素描胡茵梦
干政,师生 / 学术行政,师生,99,9,8,5,5,我是天安门(4)；李敖大哥大(2)；我梦碎，所以我梦醒(1)；北京法源寺(1)；读史指南(1),学生、院长、出版、读、见、大学
康水木,政治人物 / 诉讼 / 公共论战,政治人物,99,9,9,4,5,李敖书简集(3)；李敖大哥大(3)；李敖随写录前集(2)；求是新语(1),国民党、报纸、民进党、民进党昨天第五届第一次党员代表大会、康某之兄康水木、林良平票源毫无冲突、见、调查局
张丕隆,同学 / 见面,同学,99,9,9,3,3,李敖快意恩仇录(3)；李敖风流自传(3)；李敖新刊(3),儿子
张奚若,学术 / 创作资料协助 / 历史类比引用,学术,99,9,9,4,4,李敖秘密书房(5)；中国现代史正论(2)；要把金针度与人(1)；挑战李敖(1),思想、朋友、儿子、见、所谓、共产党、老师、学生
张慰慈,学术 / 诗文出处 / 神交引用,学术,99,9,9,5,6,李敖秘密书房(5)；上下古今谈(1)；李敖语录(1)；大学札记(1)；挑战李敖(1),政治、教授、朋友、大学、学生、结婚
张炳华,情治警务 / 政治人物 / 公共论战,情治警务,99,9,9,1,1,我最难忘的事和人(9),先生、代理、所谓、请我、告诉我、委员、党部、见
张福水,军校学生 / 见面,军校学生,99,9,9,2,3,一个预备军官的日记(6)；中国性研究(3),张福水、像、晚与张福水及周毅先去参观军中乐园、丁忠大惊奇
张竞生,学术 / 神交引用 / 公共论战,学术,99,9,9,8,9,李敖语录(2)；传统下的独白(1)；文化论战丹火录(1)；上下古今谈(1)；李敖新刊(1)；早年日记(1)；大学日记后期甲集(1)；一个预备军官的日记(1),博士、记者、攻击、见、见到、哲学、主义、部长
张耀华,情治警务 / 军事人物,情治警务,99,9,9,3,3,你笨蛋，你笨蛋(6)；李敖自传与回忆续集(2)；李敖回忆录(1),保安处、告诉我、院长、上校、少将、假案、政治、委员
彭绍瑾,司法人员 / 诉讼 / 社会案件,司法人员,99,9,9,2,3,世论新语(7)；李敖议坛哀思录(2),检察官、序、律师、见、电视
徐名鸿,政治人物 / 公职人员 / 被害人 / 历史类比引用,政治人物,99,9,9,1,1,中国现代史定论(9),委员、夫人、所谓、军长、共产党、思想、部长、主席
徐开尘,媒体 / 出版 / 朋友 / 见面,媒体,99,9,9,6,7,李敖快意恩仇录(2)；李敖风流自传(2)；爱情的秘密(2)；李敖回忆录(1)；虽千万人，李敖往矣(1)；李敖五五日记(1),读、像、访问、问我、受访、见、认识、古人
徐敬业（唐代）,政治异议者 / 军事人物 / 历史类比引用 / 神交引用,政治异议者,99,9,9,2,2,中国命研究(6)；要把金针度与人(3),徐敬业起兵讨武则天、代徐敬业主持宣传、徐敬业起兵失败后、宣传
徐璐,出版 / 媒体 / 通信,出版,99,9,9,5,7,李敖书信集(3)；李敖颠倒众生(2)；李敖大哥大(2)；挑战李敖(1)；李敖Talk秀(1),朋友、思想、书中、给徐璐的一封信、徐璐：、电视、诗、杂志
徐进业,财产债务 / 社会案件 / 诉讼,财产债务,99,9,9,1,1,李敖书启集(9),律师、房产、法院、先生、委员、副本收受者：水晶大厦管理委员陈秋子、徐进业、庄月鈱、赖添云、李俊科、黎兰、刘运发、蔡国盛、郑文信、徐进业先生、陈秋子女士，即为当年之放高利贷者、徐进业与朱婉坚“不动产买卖契约书”
成露茜,出版 / 学术,出版,99,9,8,1,1,李敖大哥大(9),报纸、大学、节目、爸爸、像
房玄龄,姻亲 / 神交引用 / 诗文出处,诗文出处,99,9,6,5,5,读史指南(4)；为中国思想趋向求答案(2)；教育与脸谱(1)；上山·上山·爱(1)；李敖语录(1),像、太太、书目作者表、主义
文化有,神交引用,待复核,99,9,5,6,8,文化论战丹火录(2)；李敖访谈录1990-2018(2)；挑战李敖(2)；李敖自传与回忆续集(1)；李敖书牍集(1)；李敖秘密书房(1),学者、名言、认识、研究、见、采访、电视、政治
文彦博,政治人物 / 文艺音乐 / 历史类比引用 / 神交引用,政治人物,99,9,9,6,7,李敖秘密书房(3)；北京法源寺(2)；独白下的传统(1)；李敖语录(1)；大学札记(1)；李敖对话录(1),见、说过、回信
斯宾诺莎,学术 / 神交引用,学术,99,9,9,5,7,李敖语录(4)；上山·上山·爱(2)；李敖全集(1)；大学日记后期乙集(1)；一个预备军官的日记(1),哲学、教授、大学、批评、文学、见、恋爱、思想
方文件,亲属 / 见面,亲属,99,9,8,5,8,李敖笑傲江湖(4)；千秋万岁乌鸦求是合集(2)；你笨蛋，你笨蛋(1)；李敖随写录后集(1)；李敖大哥大(1),见、判决、报导、所谓、家中、查禁、见到、情书
施大哥,军事人物 / 朋友 / 见面 / 称谓待考,军事人物,99,9,9,3,6,一个预备军官的日记(7)；我最难忘的事和人(1)；千秋万岁乌鸦求是合集(1),送我、爸爸、同学、见、来信、研究、太太、夫人
时代之,学术,待复核,99,9,6,6,7,李敖全集(2)；为自由招魂(2)；千秋万岁乌鸦求是合集(2)；传统下的独白(1)；大学日记后期乙集(1)；一个预备军官的日记(1),委员、政府、攻击、大学、见、国民党、思想、学术
时代所,神交引用,待复核,99,9,5,9,9,教育与脸谱(1)；求是新语(1)；一个预备军官的日记(1)；李敖访谈录1990-2018(1)；李敖书函集(1)；中国近代史新论(1)；中国现代史定论(1)；李敖秘密书房(1),思想、民进党、批评、大学、主义
星云法师,宗教人物 / 公共论战,宗教人物,99,9,9,3,5,李敖大哥大(6)；李敖笑傲江湖(2)；挑战李敖(1),关键在星云法师、大宝向他告解、星云大师与证严法师、政府、像
晏子,政治人物 / 诗文出处 / 历史类比引用 / 神交引用,政治人物,99,9,9,7,8,北京法源寺(2)；李敖大哥大(2)；李敖语录(1)；李敖书牍集(1)；读史指南(1)；为历史拨云(1)；李敖笑傲江湖(1),像、《左传》记晏子不死君难、褒姒的笑、管仲的智、齐桓的信、曹沫的无赖、晏蛾儿的愚忠、介子推的清高、晏子的识大体、伍子胥的鞭尸、苏秦的合纵、蔺相如的完璧归赵、古人、问我、法官、政治、思想
景延广,军事人物 / 公职人员 / 历史类比引用 / 神交引用,军事人物,99,9,9,2,2,李敖笑傲江湖(5)；挑战李敖(4),儿子、爸爸、告诉我、参谋、历史上、像
曾庆璧,监狱行政 / 司法人员 / 通信,监狱行政,99,9,9,1,1,李敖自传与回忆续集(9),监狱、典狱长、台北监狱、法院、写信、法务部、部长、见
曾毓隽,政治人物,政治人物,99,9,9,4,4,历史与人像(5)；中国近代史新论(2)；我最难忘的事和人(1)；千秋万岁乌鸦求是合集(1),政府、教授、太太、委员、回信、对我说、请他、写信
李俊毅,政治人物,政治人物,99,9,6,4,8,李敖议坛哀思录(6)；我梦碎，所以我梦醒(1)；李敖访谈录1990-2018(1)；李敖大哥大(1),委员、民进党、立委、台独、像、报导
李学长,公共论战,公共论战,99,9,7,3,5,挑战李敖(7)；波波颂(1)；李敖秘密书房(1),国民党、像、批评、朋友、电视
李念祖,学术 / 律师代理,学术,99,9,9,3,3,挑战李敖(7)；李敖议坛哀思录(1)；求是新语(1),律师、事务、请他、先生、请我、报纸、读、节目
李怡严,学术 / 朋友 / 通信,学术,99,9,9,4,4,李敖书翰集(3)；李敖文存(2)；李敖新刊(2)；早年日记(2),读、认识、老师、教授、博士、学术、来信、朋友
李方桂,学术 / 见面,学术,99,9,9,6,7,李敖风流自传(2)；李敖语录(2)；李敖情书集(2)；李敖自传与回忆(1)；李敖回忆录(1)；李敖议坛哀思录(1),见、请他、一起、老师、研究、中央研究院、主编、文星
李景生,亲属 / 称谓待考,亲属,99,9,9,2,2,李敖自传与回忆(6)；李敖快意恩仇录(3),儿子、认识、结婚、读、妻、太太、娶、同住
李焕请,见面 / 情治警务,见面,99,9,9,5,5,李敖快意恩仇录(3)；李敖风流自传(3)；李敖自传与回忆(1)；千秋万岁乌鸦求是合集(1)；李敖笑傲江湖(1),请我、国民党、见、见面、台独、问我、特务、主义
李锦丰,司法人员 / 诉讼 / 公共论战,司法人员,99,9,9,4,4,李敖快意恩仇录(4)；李敖书函集(2)；李敖笑傲江湖(2)；李敖自传与回忆续集(1),法官、法院、判决、政府、上诉、所谓、书中、四十八位推事
李鸿（新七军军长）,军事人物 / 同案狱友 / 被害人,军事人物,99,9,9,4,4,李敖书序集(6)；我最难忘的事和人(1)；李敖风流自传(1)；李敖书函集(1),李鸿、军长、师长、共产党、将军、新七军军长李鸿中将
杜甫写,神交引用,神交引用,99,9,9,5,7,李敖大哥大(4)；北京法源寺(2)；独白下的传统(1)；李敖访谈录1990-2018(1)；李敖笑傲江湖(1),诗、像、父亲、序、作品、朋友
杜重远,媒体 / 政治异议者 / 诉讼,媒体,99,9,9,2,2,虽千万人，李敖往矣(6)；李敖风流自传(3),政府、国民党、法院、节目、电视、广播
杨宝琳,政治人物 / 公共论战 / 神交引用,政治人物,99,9,9,4,5,李敖书牍集(5)；千秋万岁乌鸦求是合集(2)；李语录(1)；李敖语录(1),经费、委员、选举、嫁给、国民党、请我、爸爸、女儿
杨润普,刑求受害 / 社会案件 / 人权救援 / 历史类比引用,刑求受害,99,9,9,1,1,中国现代史正论(9),见、法官、军法、访问、记者、两益成商号的经理杨润普、唐山总商会的代表十二人、打电报给唐生智
杨登奎,媒体 / 财产债务 / 公共论战,媒体,99,9,9,1,5,挑战李敖(9),电视、请我、同学、先生、杨登奎有线电视竞标、有线电视媒体董事长移交的时候，移交给杨登奎、所谓、委员
杨西川,诉讼 / 情治警务,诉讼,99,9,9,1,1,李敖随写录前集(9),杨西川、刑求、逼供、检察官、公诉、法院
林丽玉,亲属 / 人权救援 / 公共论战,亲属,99,9,9,1,1,李敖书信集(9),林丽玉、看守所、法院、会面、妻、打电话、电话、监狱
林庆隆,司法人员 / 见面,司法人员,99,9,9,1,2,李敖议坛哀思录(9),委员、先生、主席、总统、院长、政府、健康检查、告诉我
林顶立,情治警务 / 政治人物 / 媒体 / 出版 / 历史类比引用,情治警务,99,9,9,3,3,李敖笑傲江湖(6)；李敖书序集(2)；李敖大哥大(1),市长、县长、同仁、见、主编、总统、党部、主义
柳亚子,学术 / 出版 / 神交引用,学术,99,9,9,5,5,李敖笑傲江湖(4)；李敖书翰集(2)；波波颂(1)；李敖新刊(1)；中国近代史新论(1),诗、见、请他、国民党、主义、女儿、政府、寄给
柴米油,亲属,待复核,99,9,5,5,9,李敖秘密书房(4)；李敖语录(2)；传统下的独白(1)；上下古今谈(1)；一个预备军官的日记(1),妈妈、诗、学者、部长、认识、爸爸
桓谭,神交引用,神交引用,99,9,9,3,3,要把金针度与人(6)；读史指南(2)；我最难忘的事和人(1),父亲、思想、序、将军、书目作者表、政治、家里
梁松雄,司法人员 / 诉讼,司法人员,99,9,9,1,1,李敖快意恩仇录(9),法官、判决、家中、法院、家里、电视、出版、上诉
梁章钜,学术 / 诗文出处 / 学术考证引用 / 历史类比引用 / 神交引用,学术,99,9,9,5,5,读史指南(5)；文化论战丹火录(1)；为中国思想趋向求答案(1)；你笨蛋，你笨蛋(1)；虽千万人，李敖往矣(1),见、序、读、历史上、像、政府、梁章钜根据雍正的诏谕
梁鼎芬,学术 / 师生 / 历史类比引用 / 神交引用,学术,99,9,9,2,2,李敖书序集(7)；上山·上山·爱(2),梁鼎芬、诗、朋友、家里、请他
武杰,军校学生 / 见面 / 称谓待考,军校学生,99,9,9,1,4,一个预备军官的日记(9),武杰
武炳炎,政治人物 / 社会案件 / 公共论战,政治人物,99,9,9,1,3,世论新语(9),国民党、主席、立委、民进党、报导、存款
段距离,见面,见面,99,9,7,8,9,李敖秘密书房(2)；李敖文存(1)；波波颂(1)；教育与脸谱(1)；北京法源寺(1)；李敖访谈录1990-2018(1)；为历史拨云(1)；挑战李敖(1),见、学术、著作、一起、夫人、总统、作品、政治
永瑆,公职人员 / 文艺音乐 / 历史类比引用 / 神交引用,公职人员,99,9,9,2,2,中国艺术新研(8)；要把金针度与人(1),学者、见、弟弟、儿子、古人、成亲王（1752-1823）、杨翰《息柯杂著》、名字是永瑆
江亢虎,见面 / 党务宣传,见面,99,9,7,5,6,李敖回忆录(3)；李敖风流自传(2)；李敖全集(2)；我最难忘的事和人(1)；传统下的独白(1),见、碰到、台大、文学、政府、宣传、老师、国民党
江百禄,军事人物 / 见面,军事人物,99,9,9,3,3,中国性研究(6)；李敖大哥大(2)；第73烈士(1),团长江百禄、上校、师长、连长张桐凤
汤因比,学术 / 神交引用,学术,99,9,9,3,4,李敖文存(5)；李敖议坛哀思录(3)；李敖风流自传(1),史学、论文、委员
沙弄祖,神交引用 / 公共论战,待复核,99,9,9,1,1,李敖大哥大(9),古代、国民党、台独、政治、像
海伦凯勒,诗文出处 / 人权救援 / 历史类比引用 / 神交引用,诗文出处,99,9,9,3,3,李敖报刊集(6)；李敖Talk秀(2)；坐牢家爸爸给女儿的八十封信(1),海伦凯勒、好友、美国的海伦凯勒
王亦令,媒体 / 出版,待复核,99,9,6,2,2,李敖笑傲江湖(7)；李敖大哥大(2),记者、古代、报纸、台大、哲学
王国璎,学术 / 通信 / 公共论战,学术,99,9,9,5,5,李敖秘密书房(3)；李敖书启集(2)；李敖大哥大(2)；李敖快意恩仇录(1)；李敖风流自传(1),教授、大学、文学、请我、台大、太太、读、回信
王墨林,政治人物 / 同学 / 朋友 / 见面,政治人物,99,9,9,5,5,李敖自传与回忆(5)；李敖回忆录(1)；李敖风流自传(1)；你笨蛋，你笨蛋(1)；一个预备军官的日记(1),先生、爸爸、委员、朋友、妻、娶、妈妈、太太
王学超,政治人物 / 见面,政治人物,99,9,8,2,4,世论新语(6)；李敖风流自传(3),委员、法院、立委、见、出版、报导、读、国民党
王新命,学术 / 公共论战 / 历史类比引用,学术,99,9,9,5,5,上下古今谈(3)；为中国思想趋向求答案(2)；中国近代史新论(2)；文化论战丹火录(1)；李敖秘藏日记(1),教授、国民党、批评、这十教授是：王新命、何炳松、武堉干、孙寒冰、黄文山、陶希圣、章益、陈高佣、樊仲云、萨孟武
王新德,同学 / 朋友,同学,99,9,9,6,7,我最难忘的事和人(2)；李敖风流自传(2)；李敖笑傲江湖(2)；李敖回忆录(1)；李敖快意恩仇录(1)；李敖书序集(1),同班、老师、台大、同学、像、文星、告诉我、判决
王津平,学术 / 人权救援 / 公共论战,学术,99,9,9,1,5,李敖大哥大(9),教授、主席、国民党、朋友、所谓、像
王珣,文艺音乐 / 诗文出处 / 历史类比引用 / 神交引用,文艺音乐,99,9,9,4,5,中国艺术新研(4)；虽千万人，李敖往矣(2)；李敖大哥大(2)；李敖颠倒众生(1),见、共产党、儿子、像
甄珍,媒体 / 文艺音乐 / 见面,媒体,99,9,9,8,8,李敖秘密书房(2)；李敖自传与回忆续集(1)；李敖快意恩仇录(1)；千秋万岁乌鸦求是合集(1)；李敖五五日记(1)；李敖书启集(1)；李敖笑傲江湖(1)；挑战李敖(1),妹妹、问我、见、诬告、刘家昌的太太甄珍、见面、朋友、太太
田祥鸿,政治人物 / 同案狱友,政治人物,99,9,7,1,1,千秋万岁乌鸦求是合集(9),委员、军法、书中、将军
申诉,见面 / 出版,见面,99,9,8,6,7,李敖秘密书房(4)；李敖议坛哀思录(1)；李敖随写录后集(1)；李敖书信集(1)；挑战李敖(1)；李敖大哥大(1),国民党、报纸、立委、公共、起诉、见、法庭、政府
相关人,政治人物 / 媒体,政治人物,99,9,8,5,9,挑战李敖(3)；李敖秘密书房(2)；李敖大哥大(2)；李敖议坛哀思录(1)；中国迷信新研(1),电视、政府、政治、记者、儿子、报纸、总统、像
相出来,政治人物,待复核,99,9,7,5,8,李敖大哥大(5)；李敖访谈录1990-2018(1)；读史指南(1)；挑战李敖(1)；李敖秘密书房(1),结婚、研究、总统、读、像、封杀、报纸、政府
祝泰,见面 / 姻亲,待复核,99,9,6,4,8,一个预备军官的日记(4)；大学日记后期乙集(3)；大学日记后期甲集(1)；李敖秘密书房(1),见、请我、诗、太太、结婚、夫人、序、一起
简瑞甫,朋友 / 财产债务,朋友,99,9,9,5,6,李敖大哥大(3)；李敖风流自传(2)；挑战李敖(2)；李敖回忆录(1)；李敖颠倒众生(1),朋友、先生、请他、法院、记者、读、发行、好友
罗振玉,学术 / 学术考证引用 / 朋友 / 历史类比引用 / 神交引用,学术,99,9,9,5,5,中国近代史新论(4)；李敖秘密书房(2)；虽千万人，李敖往矣(1)；中国命研究(1)；中国艺术新研(1),好友、王君与罗叔蕴（按即罗振玉）为考古好友、曹汝霖在这里又犯了大错。王国维是民国十六年、见、古代
翁祖焯,情治警务 / 诉讼 / 公共论战,情治警务,99,9,9,1,1,李敖大哥大(9),调查局、儿子、一起、办案人员、法务部、部长、犯罪调查科长翁祖焯、犯罪侦防科长陈长武及调查员石肇基、翁祖焯、石兆基等人
胡蓉裳,通信 / 情感 / 朋友,通信,99,9,9,2,6,给马戈的五十封信(7)；一个预备军官的日记(2),见、写信、政治、请他、结婚、胡蓉裳地址、论文、胡蓉裳处我早就说你可写信给她
胡适没,师生,师生,99,9,9,8,9,李敖大哥大(2)；李敖自传与回忆(1)；李敖自传与回忆续集(1)；李敖回忆录(1)；李敖风流自传(1)；李敖笑傲江湖(1)；挑战李敖(1)；李敖秘密书房(1),老师、爸爸、学生、北大、研究、见、文星、台大
胡适还,师生 / 亲属,师生,99,9,8,5,7,李敖秘密书房(4)；李敖大哥大(2)；李敖自传与回忆(1)；李敖访谈录1990-2018(1)；李敖书启集(1),老师、学生、研究、中央研究院、电视、认识、爸爸、碰到
苏哈托,军事人物 / 政治人物 / 公职人员 / 历史类比引用,军事人物,99,9,9,4,4,李敖笑傲江湖(3)；阳痿美国(2)；李敖秘密书房(2)；李敖颠倒众生(2),将军、委员、政府、部长、现在的苏哈托、那时候是在野的，要推翻苏卡诺、警察、还钱
莱布尼兹,学术 / 神交引用,学术,99,9,9,5,5,李敖大哥大(3)；为中国思想趋向求答案(2)；上山·上山·爱(2)；李敖全集(1)；历史与人像(1),哲学、主义、见、政治、文学、说过、研究
葛县长,政治人物 / 诉讼,政治人物,99,9,9,1,1,李敖自传与回忆(9),县长、认识、一起、证人
葛浩坡,司法人员 / 诉讼 / 公共论战,司法人员,99,9,9,4,4,李敖快意恩仇录(4)；李敖书函集(2)；李敖笑傲江湖(2)；李敖自传与回忆续集(1),法官、法院、判决、政府、推事、上诉、所谓、书中
董卓,神交引用 / 政治人物 / 军事人物,神交引用,99,9,9,5,5,千秋万岁乌鸦求是合集(3)；上下古今谈(2)；要把金针度与人(2)；爱情的秘密(1)；李敖颠倒众生(1),见、儿子、思想、诗、文学
蒋友仁,宗教人物 / 文艺音乐 / 科学家 / 历史类比引用 / 神交引用,宗教人物,99,9,9,1,1,中国近代史新论(9),见、伯诺（敖按：即蒋友仁）、命郎世宁与伯诺共作一洋馆设计图
蓝文祥,司法人员,司法人员,99,9,7,2,2,李敖大哥大(7)；李敖秘密书房(2),法官、法院、判决、财产、告诉我
蔡廷锴,军事人物 / 政治人物 / 诗文出处 / 公共论战 / 历史类比引用,军事人物,99,9,9,1,1,中国现代史定论(9),所谓、政府、主席、认识、见、党部、研究、像
蔡式渊,政治人物 / 政治异议者 / 公共论战,政治人物,99,9,9,4,4,你是景福门(4)；李敖随写录后集(2)；李敖颠倒众生(2)；李敖书函集(1),民进党、政治、国民党、主席、法院、特务、所谓、立委
蔡金铿,政治异议者 / 人权救援 / 同案狱友,政治异议者,99,9,9,3,3,你笨蛋，你笨蛋(6)；李敖书简集(2)；李敖自传与回忆续集(1),政治、监狱、来信、判决、政府、军法、看守所、教授
袁涣,公职人员 / 文艺音乐 / 历史类比引用 / 神交引用,公职人员,99,9,9,1,2,中国艺术新研(9),袁侍御亨伯家所见、欧阳玄跋文中所称的“袁侍御亨伯”、袁涣字亨伯、孔克坚）及中丞袁涣
许子将,历史类比引用 / 诗文出处 / 神交引用,历史类比引用,99,9,9,2,2,李敖书序集(6)；李敖书序集续集(3),许子将
许翼云,科学家 / 公职人员 / 公共论战,科学家,99,9,9,4,7,挑战李敖(4)；李敖笑傲江湖(2)；李敖大哥大(2)；李敖秘密书房(1),委员、像、国民党、院长、批评、研究、中央研究院、哥哥
许金德,政治人物 / 媒体 / 公共论战,政治人物,99,9,9,1,1,为自由招魂(9),国民党、发行、所谓、秘书、编辑、总编辑
谷凤岐,司法人员 / 诉讼 / 创作资料协助,司法人员,99,9,9,2,3,李敖笑傲江湖(7)；李敖大哥大(2),大学、法官、教授、写信、法院、警备总部、庭长、回信
赖浩敏,律师代理,律师代理,99,9,7,2,4,李敖颠倒众生(5)；李敖大哥大(4),律师、委员、事务、研究、中央研究院、所谓、选举
郑所南,学术 / 出版 / 神交引用,学术,99,9,9,4,5,千秋万岁乌鸦求是合集(6)；波波颂(1)；要把金针度与人(1)；挑战李敖(1),序、所谓、像
郑文杰,情治警务 / 见面,情治警务,99,9,9,4,4,早年日记(4)；李敖回忆录(2)；李敖风流自传(2)；李敖议坛哀思录(1),查禁、请他、序、委员、警察、电话、警总、推事
郑玄,诗文出处,诗文出处,99,9,6,2,2,读史指南(8)；我梦碎，所以我梦醒(1),书目作者表、古人、诗
郑贞铭,学术 / 诗文出处 / 公共论战,学术,99,9,9,5,5,李敖颠倒众生(3)；李敖书牍集(2)；李敖大哥大(2)；千秋万岁乌鸦求是合集(1)；李敖书启集(1),国民党、教授、编辑、发行、总编辑、杂志、郑贞铭教授在《言论自由的潮流》、好友
郭坚,军事人物 / 政治人物 / 江湖人物 / 历史类比引用 / 神交引用,军事人物,99,9,9,2,2,中国命研究(8)；李敖笑傲江湖(1),郭坚是陕西蒲城人、郭坚，字方刚、坚与澄城耿直、郭坚助陈树藩驱走陆建章、杨虎城受创、于右任先生回陕任靖国军总司令、据蔡屏藩《陕西革命先烈事略》
郭柏成,司法人员 / 诉讼 / 公共论战,司法人员,99,9,9,4,4,李敖快意恩仇录(4)；李敖书函集(2)；李敖笑傲江湖(2)；李敖自传与回忆续集(1),法官、法院、判决、政府、推事、诗、上诉、所谓
金亚平,监所医疗 / 监狱行政,监所医疗,99,9,9,4,4,李敖情书集(3)；李敖书简集(3)；李敖自传与回忆续集(2)；李敖回忆录(1),课长、卫生课、看守所、秘书、金亚平、金课长、管理员、健康检查
金波尔,公职人员 / 创作资料协助 / 历史类比引用,公职人员,99,9,9,1,1,李敖笑傲江湖(9),朋友、主义、海军部次长金波尔
锡福,创作资料协助 / 见面 / 称谓待考,创作资料协助,99,9,9,1,2,李敖秘藏日记(9),锡福来、南榕、锡福、导群、锡福、锡福、文茜、锡福代去
陆妹,出版,待复核,99,9,5,2,5,李敖大哥大(6)；李敖秘密书房(3),出版社、出版、读、政府、民进党、像、报纸
陆方面,见面 / 政治人物,见面,99,9,9,6,7,我梦碎，所以我梦醒(2)；李敖笑傲江湖(2)；李敖大哥大(2)；我最难忘的事和人(1)；求是新语(1)；李敖对话录(1),总统、见、共产党、夫人、电话、将军、研究、母亲
陆费逵,出版 / 诗文出处 / 历史类比引用,出版,99,9,9,3,3,读史指南(6)；中国现代史定论(2)；中国近代史新论(1),书中、陆费逵在中华版《古今图书集成》、本院、儿子、出版、政府、005/陆费逵等/辞海附录《中国历代大事年表》
陈世熙,出版 / 媒体 / 同学,出版,99,9,9,5,7,李敖风流自传(3)；李敖回忆录(2)；李敖全集(2)；李敖自传与回忆续集(1)；大学日记后期甲集(1),杂志、台大、学生、写稿、同班、朋友、研究、思想
陈博志,司法人员 / 诉讼 / 创作资料协助,司法人员,99,9,9,2,2,李敖笑傲江湖(8)；李敖大哥大(1),法官、法院、出版、批评、判决、三个法官是李文成、陈重瑜跟陈博志、教书、问我
陈大庆,军事人物 / 政治人物 / 公共论战,军事人物,99,9,9,7,8,李敖书笺集(3)；李敖议坛哀思录(1)；李敖风流自传(1)；为自由招魂(1)；李敖新刊(1)；千秋万岁乌鸦求是合集(1)；李敖笑傲江湖(1),司令、出版品、出版、查禁、拜访、碰到、警总、警备总部
陈小鲁,朋友 / 公共论战,朋友,99,9,9,3,3,李敖回忆录(4)；文化论战丹火录(3)；为中国思想趋向求答案(2),见、文星、主编、写信、论战、批评、杂志、法庭
陈必照,学术行政 / 见面 / 政治人物,学术行政,99,9,9,5,6,李敖秘密书房(5)；一个预备军官的日记(1)；李敖颠倒众生(1)；李敖Talk秀(1)；李敖大哥大(1),委员、一起、研究、中央研究院、院长、部长、同在、所谓
陈毅,军事人物 / 政治人物 / 历史类比引用,军事人物,99,9,9,6,6,李敖随写录前集(4)；李敖文存(1)；千秋万岁乌鸦求是合集(1)；李敖书序集(1)；李敖笑傲江湖(1)；李敖大哥大(1),结婚、文学、女儿、部长、共产党、宣传、父亲、主席
陈满贤,司法人员 / 诉讼,司法人员,99,9,9,1,1,李敖快意恩仇录(9),法官、判决、家里、家中、电视、出版、法院、上诉
陈瑞洲,出版,待复核,99,9,5,4,8,李敖风流自传(3)；一个预备军官的日记(3)；李敖快意恩仇录(2)；李敖回忆录(1),序、老师、学生、同班、爸爸、民进党、电话、读
陈瑞甫,司法人员 / 诉讼,司法人员,99,9,9,1,1,李敖快意恩仇录(9),法官、判决、家里、家中、财产、电视、出版、法院
陈金德,政治人物 / 公职人员 / 公共论战,政治人物,99,9,9,4,6,李敖议坛哀思录(4)；李敖对话录(2)；中国现代史正论(2)；李敖大哥大(1),国民党、陈金德、蔡介雄、陈金德两位议员指出
韩世忠,神交引用 / 军事人物,神交引用,99,9,9,5,5,中国近代史新论(3)；李敖议坛哀思录(2)；挑战李敖(2)；独白下的传统(1)；北京法源寺(1),将军、见、写信、司令、说过、夫人、朋友、古代
顾祖禹,学术 / 诗文出处 / 历史类比引用 / 神交引用,学术,99,9,9,2,4,要把金针度与人(6)；中国命研究(3),读、父亲、儿子、史学、顾祖禹：《读史方舆纪要》、见、顾祖禹、黄仪亦引参《一统志》事
顾贞观,神交引用 / 诗文出处,诗文出处,99,9,5,7,7,我是天安门(2)；读史指南(2)；李敖自传与回忆(1)；李敖回忆录(1)；李敖快意恩仇录(1)；千秋万岁乌鸦求是合集(1)；李敖笑傲江湖(1),像、序、书目作者表、朋友
马可仕,姻亲 / 政治人物,待复核,99,9,6,6,6,李敖笑傲江湖(3)；阳痿美国(2)；李敖自传与回忆(1)；李敖回忆录(1)；李敖相关(1)；李敖对话录(1),总统、太太、夫人、像、政府、记者、出版
高华德,政治人物 / 公共论战 / 历史类比引用 / 神交引用,政治人物,99,9,9,6,6,李敖书简集(4)；李敖议坛哀思录(1)；为自由招魂(1)；千秋万岁乌鸦求是合集(1)；李敖书札集(1)；李敖秘密书房(1),国民党、杂志、见、总统、政府、军购、报人、著作
高希均,学术 / 媒体 / 公共论战,学术,99,9,9,5,5,李敖笑傲江湖(3)；千秋万岁乌鸦求是合集(2)；李敖书函集(2)；李敖风流自传(1)；世论新语(1),老师、节目、教授、引用、杂志、国民党、像、总统
黄志平,出版 / 创作资料协助,出版,99,9,9,2,2,李敖访谈录1990-2018(7)；李敖随写录前集(2),出版、编辑、见、出版社、朋友、大学、先生、黄志平先生
黄玉明,朋友 / 见面 / 通信,朋友,99,9,9,1,2,李敖五五日记(9),儿子、黄玉明来、朋友、电话、广播、黄玉明来社、与黄玉明电、回黄玉明电
黄秀得,司法人员 / 诉讼,司法人员,99,9,9,3,4,千秋万岁乌鸦求是合集(4)；李敖新刊(3)；李敖快意恩仇录(2),推事、判决、上诉、出版、法院、控告、政府、见
黄维,军事人物 / 政治人物 / 诗文出处 / 公共论战 / 历史类比引用,军事人物,99,9,9,4,4,中国现代史定论(6)；李敖自传与回忆(1)；李敖自传与回忆续集(1)；李敖回忆录(1),爸爸、国民党、司令、记者、所谓、黄维是江西贵溪人、记者寇维勇北平21日电、第十二兵团司令官黄维、副司令官胡琏、吴绍周
丁远超,媒体 / 公共论战,媒体,99,8,8,4,5,挑战李敖(3)；虽千万人，李敖往矣(2)；李敖访谈录1990-2018(2)；李敖秘密书房(1),批评、见、所谓、夫人、文学、国民党、记者
万斯同,学术 / 诗文出处 / 历史类比引用 / 神交引用,学术,99,8,8,4,5,要把金针度与人(3)；世论新语(2)；读史指南(2)；中国命研究(1),见、见到、家中、书目作者表、万斯同引参《明史》馆事
东人,师生,师生,99,8,7,7,8,李敖笑傲江湖(2)；李敖自传与回忆(1)；李敖回忆录(1)；李敖风流自传(1)；你笨蛋，你笨蛋(1)；李敖新刊(1)；李敖大哥大(1),共产党、老师、男友、所谓、委员、朋友、出版、像
代战公主,虚拟人物 / 神交引用,虚拟人物,99,8,8,3,3,上下古今谈(6)；李敖全集(1)；李敖语录(1),见、教授、女儿、思想、主义、太太、妻
任劳任,姻亲,待复核,99,8,5,8,8,李敖自传与回忆(1)；我梦碎，所以我梦醒(1)；李敖五五日记(1)；李敖书笺集(1)；李敖书函集(1)；李敖书启集(1)；为历史拨云(1)；挑战李敖(1),太太、见、节目、像、教授、朋友
任管理,看守戒护 / 政治人物,看守戒护,99,8,8,5,6,李敖自传与回忆续集(3)；李敖书启集(2)；我最难忘的事和人(1)；李敖情书集(1)；李敖书函集(1),管理员、主任管理员、秘书、课长、课员、委员、思想、所长
任选举,政治人物,政治人物,99,8,8,2,2,李敖大哥大(5)；李敖笑傲江湖(3),总统、选举、宣传、记者、国民党
俞棘,媒体 / 出版 / 公共论战,媒体,99,8,8,4,4,为自由招魂(4)；李敖书启集(2)；李敖文存二集(1)；李敖访谈录1990-2018(1),认识、编辑、总编辑、读、朋友、见、作品、先生
傅学中,财产债务 / 诉讼,财产债务,99,8,8,1,1,李敖随写录后集(8),傅学中、判决、法院、上诉
傅文政,政治人物 / 公职人员 / 公共论战 / 选举助选,政治人物,99,8,8,3,4,李敖对话录(4)；李敖随写录前集(2)；李敖书信集(2),傅文政、民进党昨天第五届第一次党员代表大会、选举、委员、林清松、简锦益、黄玉娇、傅文政
党所谓,公共论战 / 学术 / 政治人物,公共论战,99,8,8,6,8,李敖秘密书房(2)；李敖颠倒众生(2)；李敖对话录(1)；李敖书信集(1)；李敖笑傲江湖(1)；挑战李敖(1),所谓、国民党、共产党、研究、总统、民进党、认识、朋友
全部用,媒体,媒体,99,8,7,6,7,李敖笑傲江湖(2)；李敖大哥大(2)；李敖自传与回忆续集(1)；千秋万岁乌鸦求是合集(1)；中国近代史新论(1)；李敖秘密书房(1),见、记者、记者招待会、监狱、法院、判决、上诉、母亲
公孙弘,公职人员 / 历史类比引用 / 神交引用,公职人员,99,8,8,4,4,李敖书序集(5)；波波颂(1)；李敖语录(1)；李敖对话录(1),公孙弘、像
冈田朝太郎,司法人员 / 学术 / 历史类比引用,司法人员,99,8,8,1,1,中国近代史新论(8),博士、据董康《中国历届修订法律之大略》、教授、聘日本民法大家岩谷博士、刑法大家冈田博士、群推冈田博士朝太郎为巨擘、志田即志田钾太郎、松冈即松冈义正、尚书廷杰本墨守旧律者
刘必跟,诉讼 / 证人见证,诉讼,99,8,8,2,2,李敖快意恩仇录(4)；千秋万岁乌鸦求是合集(4),法官、认识、问我、办案人员、警总
刘瑞甫,军校学生 / 见面,军校学生,99,8,8,1,2,一个预备军官的日记(8),刘瑞甫、主义
刘知几,神交引用 / 诗文出处,诗文出处,99,8,5,3,4,要把金针度与人(5)；读史指南(2)；李敖自传与回忆续集(1),文学、学生、研究、诗、书目作者表、批评
刘达祥,军事人物 / 证人见证,军事人物,99,8,8,1,1,李敖随写录后集(8),刘达祥、打电话、电话、政战
刘长卿,诗文出处 / 历史类比引用 / 神交引用,诗文出处,99,8,8,5,6,读史指南(4)；为中国思想趋向求答案(1)；李敖的情诗(1)；李敖语录(1)；虽千万人，李敖往矣(1),妻、诗、书目作者表、谢朓、庾信、李白、杜甫、孟浩然、刘长卿、韦应物、刘禹锡、李商隐、梅尧臣、苏轼、唐顺之
刘阔才,政治人物 / 公共论战,政治人物,99,8,8,3,4,千秋万岁乌鸦求是合集(6)；你是景福门(1)；李敖随写录后集(1),院长、法院、见、总统、国民党、秘书、代理、部长
别人帮,政治人物,待复核,99,8,4,6,8,李敖笑傲江湖(2)；李敖秘密书房(2)；传统下的独白(1)；李敖语录(1)；虽千万人，李敖往矣(1)；挑战李敖(1),像、情书、朋友、主席、民进党、记者、总统、政治
包袱丢,亲属 / 政治人物,亲属,99,8,6,5,7,李敖秘密书房(3)；李敖大哥大(2)；千秋万岁乌鸦求是合集(1)；第73烈士(1)；李敖语录(1),妈妈、见、见面、认识、像、爸爸、文学、碰到
史留名,媒体,待复核,99,8,6,6,7,李敖颠倒众生(2)；李敖大哥大(2)；李敖回忆录(1)；李敖风流自传(1)；中国艺术新研(1)；李敖Talk秀(1),电视、像、来信、立委、见、杂志、国民党、历史上
叶新云,师生 / 证人见证 / 创作资料协助,师生,99,8,8,1,1,李敖书札集(8),太太、叶新云、林正弘、王中一、黄三、叶新云、林正弘、王小明、叶新云、林正弘、韦政通
叶赛莺,司法人员 / 见面,司法人员,99,8,8,1,1,李敖议坛哀思录(8),女士、委员、法官、主席、总统、院长、研究、所谓
司法体,司法人员,司法人员,99,8,6,5,7,李敖秘密书房(3)；挑战李敖(2)；李敖回忆录(1)；李敖快意恩仇录(1)；李敖书札集(1),法官、法院、政治、出版、所谓、法庭、判决、序
吕马童,朋友 / 见面,朋友,99,8,7,2,2,李敖语录(4)；李敖笑傲江湖(4),朋友、见、将军
吴哲朗,通信 / 政治异议者 / 同案狱友 / 创作资料协助,通信,99,8,8,3,3,李敖书牍集(6)；千秋万岁乌鸦求是合集(1)；李敖语录(1),记者、政治、写信、朋友、读、支票、吴哲朗致李敖、李敖答吴哲朗
吴子衔,邻居 / 社会案件,邻居,99,8,8,2,2,李敖书函集(4)；李敖书启集(4),委员、见、总干事、先生、由林文海、张善惠、邹光中、李润海、李大千、林凤梧、许国城、李庆云、吴子衔、陈捷圻各位先生通过、C座之四楼（许金川）、十一楼（吴子衔）、十二楼（李丽卿）、十四楼（林世鹏）、选举、辛永秀、11C吴子衔
吴幼林,亲属 / 出版 / 创作资料协助 / 历史类比引用,亲属,99,8,8,1,1,中国现代史定论(8),见、儿子、书中、节目、儿子吴幼林、吴幼良、吴幼林写的一篇跋
吴祺芳,公职人员 / 财产债务 / 公款经费 / 公共论战,公职人员,99,8,8,2,2,李敖新刊(5)；李敖书信集(3),秘书、记者、民进党、吴副秘书长祺芳、吴祺芳“住入并看管”
周守男,司法人员 / 见面,司法人员,99,8,8,3,4,李敖书信集(4)；李敖书简集(2)；李敖书札集(2),先生、法官、见、政府、批评、法院
周才蔚,通信 / 见面,通信,99,8,8,4,4,李敖随写录后集(4)；李敖风流自传(2)；李敖回忆录(1)；一个预备军官的日记(1),问我、周才蔚来电
周春堤,亲属,亲属,99,8,7,5,5,李敖Talk秀(3)；李敖笑傲江湖(2)；李敖回忆录(1)；李敖风流自传(1)；一个预备军官的日记(1),父亲、大学、同学、同班、朋友、像、告诉我、部长
和度量,见面 / 公共论战,见面,99,8,8,7,7,李敖回忆录(2)；李敖风流自传(1)；世论新语(1)；李敖语录(1)；李敖情书集(1)；李敖书启集(1)；李敖颠倒众生(1),请我、大学、攻击、教书、比喻、总统、主席、读
哈台,文艺音乐 / 历史类比引用 / 神交引用,文艺音乐,99,8,8,2,2,李敖访谈录1990-2018(6)；李敖书笺集(2),哈台、劳莱与哈台、劳莱哈台演电影、劳莱问哈台
唐绍仪,政治人物 / 公职人员 / 历史类比引用 / 神交引用,政治人物,99,8,8,6,6,教育与脸谱(2)；中国近代史新论(2)；历史与人像(1)；要把金针度与人(1)；李敖秘密书房(1)；李敖颠倒众生(1),见、女儿、夫人、电报、学生、部长、迎袁世凯南下人物为教育总长蔡元培为欢迎专使、外交次长魏宸组、海军顾问刘冠雄、参谋次长钮永建、法制局局长宋教仁、陆军部军需局长曾昭文、步兵第三十一团团长黄恺元、湖北外交司长王正廷、前议和参赞汪兆铭等人、国民党
国特手,政治人物 / 公共论战,待复核,99,8,8,1,1,李敖大哥大(8),国民党、委员、民进党、特务、像
夏志清,学术 / 诗文出处 / 公共论战,学术,99,8,8,2,2,李敖秘藏日记(7)；李敖秘密书房(1),对我说、台大、读、文学、管理员、儿子、交往、研究
夏菁,情感 / 朋友 / 见面 / 称谓待考 / 诗文出处 / 文艺音乐 / 出版,情感,99,8,8,6,7,文化论战丹火录(2)；李敖情书集(2)；李敖快意恩仇录(1)；李敖的情诗(1)；一个预备军官的日记(1)；李敖报刊集(1),诗、文星、请我、夫人、作品、学者、先生、见
夏铸九,见面 / 师生,见面,99,8,8,3,5,李敖大哥大(4)；李敖议坛哀思录(2)；李敖风流自传(2),找我、教授、爸爸、朋友、广播、电话、学者、思想
姚渔湘,学术 / 见面,学术,99,8,8,6,6,李敖快意恩仇录(2)；大学札记(2)；李敖自传与回忆(1)；李敖回忆录(1)；大学日记后期甲集(1)；一个预备军官的日记(1),老师、法官、先生、见、师生、大学
孙安平,亲属 / 诉讼 / 创作资料协助 / 公共论战,亲属,99,8,8,1,2,李敖笑傲江湖(8),总统、法院、将军、书里、序、先生、委员、孙立人将军的公子孙安平先生
孙星衍,学术 / 诗文出处 / 学术考证引用 / 历史类比引用 / 神交引用,学术,99,8,8,4,4,读史指南(4)；中国性研究(2)；我梦碎，所以我梦醒(1)；要把金针度与人(1),书目作者表、博士、古人、诗、俞正燮（1775-1840）
孙春华,出版 / 见面,出版,99,8,8,4,4,挑战李敖(4)；李敖笑傲江湖(2)；李敖秘藏日记(1)；李敖大哥大(1),朋友、导演、夫人、离婚、太太、认识、碰到、印务
宋濂,诗文出处 / 神交引用,诗文出处,99,8,6,4,4,读史指南(4)；要把金针度与人(2)；中国性研究(1)；中国艺术新研(1),书目作者表、历史上、家里、学者、像、见
宋还吾,师生,师生,99,8,5,1,1,千秋万岁乌鸦求是合集(8),学生、政府、北大、国民党、思想、编辑
宗仰,宗教人物 / 学术行政 / 资金支持 / 历史类比引用,宗教人物,99,8,8,1,1,中国近代史新论(8),像、经费、选举、夫人、宗仰卒当选为会长、吴稚晖欲透过乌目山僧、哈同罗迦陵方面，捐助巨款、哈同和他夫人罗迦陵女士搞钱
宣传委,党务宣传 / 政治人物,党务宣传,99,8,8,4,4,中国现代史定论(3)；挑战李敖(2)；李敖大哥大(2)；李敖笑傲江湖(1),宣传、选举、委员、国民党、总统、记者
家变成,亲属,亲属,99,8,7,7,8,李敖大哥大(2)；红色11(1)；虚拟的十七岁(1)；李敖语录(1)；要把金针度与人(1)；挑战李敖(1)；李敖秘密书房(1),国民党、像、家里、共产党、管理员、哲学、史学、政治
家尊敬,公共论战 / 师生,公共论战,99,8,7,3,4,李敖笑傲江湖(5)；李敖大哥大(2)；李敖秘密书房(1),政治、大学、国民党、像、老师、教授、同学、所谓
小姨（王尚义亲属）,亲属 / 通信 / 称谓待考,亲属,99,8,8,1,2,李敖书信集(8),亲爱的小姨、我怎样给王尚义擦屁股
小马,见面 / 出版 / 创作资料协助 / 称谓待考,见面,99,8,8,1,4,李敖秘藏日记(8),小苏、小马、午小马来、小马及其女友、小马自香港归、荣文、小马、小吴、小马、小马送书
崔述,学术 / 诗文出处 / 历史类比引用 / 神交引用,学术,99,8,8,4,6,要把金针度与人(5)；李敖对话录(1)；历史与人像(1)；中国近代史新论(1),见、著作、北大、见面、学生、出版、学者、博士
巫咸,医疗照护 / 宗教人物 / 历史类比引用 / 神交引用,医疗照护,99,8,8,4,5,中国迷信新研(3)；传统下的独白(2)；李敖语录(2)；要把金针度与人(1),所谓、古代、见、书中、巫咸初作医
帅岳峰,江湖人物 / 情治警务 / 社会案件,江湖人物,99,8,8,1,1,千秋万岁乌鸦求是合集(8),见、朋友、见面、政治、思想
师李复,律师代理 / 师生 / 司法人员,律师代理,99,8,8,3,4,李敖笑傲江湖(4)；李敖秘密书房(2)；李敖颠倒众生(2),律师、法庭、老师、学生、法官、辩护、国民党、家里
干涉司,司法人员 / 政治人物,司法人员,99,8,8,5,8,世论新语(2)；李敖笑傲江湖(2)；李敖大哥大(2)；千秋万岁乌鸦求是合集(1)；挑战李敖(1),法官、总统、检察官、国民党、主义、所谓、同学、同班
庄喆,朋友 / 见面,朋友,99,8,8,6,7,大学日记后期甲集(3)；李敖自传与回忆(1)；李敖快意恩仇录(1)；早年日记(1)；大学日记后期乙集(1)；给马戈的五十封信(1),爸爸、妈妈、儿子、老师、太太、学生、同学、碰到
应变,公共论战 / 见面,公共论战,99,8,7,7,8,李敖秘密书房(2)；李敖快意恩仇录(1)；红色11(1)；虽千万人，李敖往矣(1)；李敖札记(1)；李敖随写录前集(1)；中国现代史定论(1),见、读、告诉我、记者、采访、电视、广播、检察官
康德黎,学术 / 医疗照护 / 神交引用,学术,99,8,8,2,2,李敖全集(7)；李敖秘密书房(1),夫人、总统、文学、老师、写信、学者、政治
康白,政治异议者 / 人权救援 / 诗文出处 / 通信,政治异议者,99,8,8,3,3,李敖书笺集(6)；李敖自传与回忆续集(1)；李敖书信集(1),请我、打电话、电话、所谓、国民党、写稿、康白《返回大陆的自白》、代向康白致意
张人权,亲属,亲属,99,8,8,6,6,李敖自传与回忆(2)；李敖风流自传(2)；李敖回忆录(1)；中国性研究(1)；李敖秘密书房(1)；李敖大哥大(1),家里、妈妈、弟弟、结婚、思想、太太、访问、总统
张博雅,政治人物 / 公职人员 / 选举助选 / 公共论战,政治人物,99,8,8,7,8,挑战李敖(2)；世论新语(1)；求是新语(1)；李敖秘藏日记(1)；李敖对话录(1)；李敖秘密书房(1)；李敖大哥大(1),国民党、像、委员、市长、弟弟、律师、将军、主义
张厉生,政治人物 / 公职人员 / 选举助选 / 历史类比引用,政治人物,99,8,8,2,2,中国现代史定论(6)；李敖书笺集(2),秘书、我和陈立夫、张厉生等同志、谷外，还有俞济时、林蔚、蒋经国、张厉生、委员、部长、选举、政府、张厉生同志兼任
张大春,出版 / 媒体 / 公共论战,出版,99,8,8,4,5,李敖大哥大(5)；李敖风流自传(1)；你笨蛋，你笨蛋(1)；李敖秘密书房(1),像、研究、见、太太、妹妹、节目、所谓
张廷玉,公职人员 / 学术 / 诗文出处 / 历史类比引用 / 神交引用,公职人员,99,8,8,2,3,读史指南(6)；要把金针度与人(2),读、见、书目作者表、张廷玉，一人前后竟被皇帝赏赐、女儿、审判官、张廷玉《明史-文苑传》
张忠琳,律师代理 / 诉讼 / 见面,律师代理,99,8,8,6,7,李敖五五日记(2)；李敖随写录前集(2)；李敖回忆录(1)；大学日记后期甲集(1)；大学日记后期乙集(1)；一个预备军官的日记(1),碰到、请我、结婚、见、教书、书店、报纸、律师
张敞,政治人物 / 神交引用,政治人物,99,8,8,2,2,李敖全集(4)；李敖语录(4),家里、太太
张永铭,情治警务 / 司法人员 / 朋友 / 人权救援,情治警务,99,8,8,2,2,我最难忘的事和人(7)；李敖五五日记(1),司令、家里、请他、军法、见、请我、找他
张灵甫,军事人物 / 政治人物 / 历史类比引用 / 公共论战 / 神交引用,军事人物,99,8,8,2,3,虽千万人，李敖往矣(4)；李敖随写录后集(4),国民党、宣传、将军、共产党、书里、见、师长、总统
张立豫,学术 / 朋友,学术,99,8,8,5,7,李敖回忆录(2)；李敖风流自传(2)；李敖书翰集(2)；你笨蛋，你笨蛋(1)；早年日记(1),哥哥、学者、嫁给、大学、台大、论文、读、同学
张诚,亲属 / 历史类比引用 / 神交引用,亲属,99,8,8,2,4,中国近代史新论(7)；中国迷信新研(1),做译员的且是外国教士张诚和徐日昇、据钱良择《出塞纪略》、翻译官传教士张诚、晤、一、张诚（Joan Franciscus Gebillon）、张诚说，康熙帝曾有明令、知府张佑之孙女张诚之女家贫无男子
张镜湖,学术行政 / 诉讼,学术行政,99,8,8,4,5,李敖新刊(3)；挑战李敖(3)；李敖书启集(1)；李敖笑傲江湖(1),大学、法官、先生、读、教授、委员、打电话、电话
强者比,司法人员 / 党务宣传,待复核,99,8,8,1,1,李敖大哥大(8),节目、法官、宣传、总统、像
彭婉如,被害人 / 人权救援 / 社会案件 / 公共论战,被害人,99,8,8,2,2,挑战李敖(5)；李敖秘密书房(3),政治、像、民进党、请我、一起、选举、国民党、认识
戴震,学术 / 诗文出处 / 历史类比引用 / 神交引用,学术,99,8,8,4,4,读史指南(3)；要把金针度与人(3)；为历史拨云(1)；中国近代史新论(1),书目作者表、学生、老师、戴震：《戴氏遗书》、学术
房子卖,财产债务,财产债务,99,8,6,8,8,李敖自传与回忆(1)；李敖自传与回忆续集(1)；李敖书笺集(1)；李敖笑傲江湖(1)；挑战李敖(1)；李敖秘密书房(1)；李敖颠倒众生(1)；李敖大哥大(1),一起、爸爸、国民党、欠债、公证书、法官、杂志、土地
文武百,公共论战,公共论战,99,8,7,7,7,李敖大哥大(2)；李敖新刊(1)；李敖秘藏日记(1)；为历史拨云(1)；中国命研究(1)；中国现代史定论(1)；挑战李敖(1),政治、所谓、见、见到、政府、诗、大学、院长
施令,政治人物,政治人物,99,8,7,7,8,北京法源寺(2)；红色11(1)；李敖语录(1)；李敖随写录前集(1)；李敖书启集(1)；李敖颠倒众生(1)；李敖大哥大(1),见、委员、像、家里、接见、政府、国民党、所谓
施复华,媒体 / 出版 / 创作资料协助 / 编辑,媒体,99,8,8,3,4,李敖报刊集(4)；李敖五五日记(3)；李敖随写录前集(1),碰到、施复华、女儿、见、主义、先生、施复华先生主持业务
曾哲明,学术,学术,99,8,6,1,1,李敖大哥大(8),学者、像、学生、教授、大学、台独、政治、立委
月老,虚拟人物 / 宗教人物 / 情感 / 历史类比引用 / 神交引用,虚拟人物,99,8,8,5,7,一个预备军官的日记(4)；传统下的独白(1)；李敖的情诗(1)；李敖语录(1)；大学日记后期乙集(1),诗、见、离婚
朱班长,军事人物 / 见面 / 称谓待考,军事人物,99,8,8,1,2,一个预备军官的日记(8),朱班长
李志鹏,政治人物 / 公共论战,政治人物,99,8,8,5,5,李敖书简集(3)；李敖书信集(2)；我最难忘的事和人(1)；李敖快意恩仇录(1)；李敖书启集(1),法院、委员、国民党、立委、监狱、游荣茂、李志鹏等国民党议员
李承泌,医疗照护 / 朋友 / 通信,医疗照护,99,8,8,6,7,李敖风流自传(2)；李敖书翰集(2)；李敖回忆录(1)；李敖快意恩仇录(1)；李敖全集(1)；千秋万岁乌鸦求是合集(1),对我说、认识、弟弟、出版社、出版、李承泌医师
李显龙,诉讼,待复核,99,8,5,3,4,李敖访谈录1990-2018(5)；李敖议坛哀思录(2)；你笨蛋，你笨蛋(1),法院、政治、政府、致函、节目、导演、见、访问
李校长,见面 / 学术 / 师生,见面,99,8,7,3,3,李敖自传与回忆(6)；李敖秘密书房(1)；李敖大哥大(1),见、读、北大、同学、同班、师母、师长、国民党
李瓶儿,虚拟人物 / 小说剧本人物 / 历史类比引用,虚拟人物,99,8,8,3,3,中国性研究(4)；李敖快意恩仇录(2)；李敖书信集(2),见、书中、文学、李瓶儿私语翡翠轩、为李瓶儿故意使这促却来
李盛山,社会案件 / 亲属 / 医疗照护 / 被害人 / 历史类比引用 / 神交引用,社会案件,99,8,8,1,2,中国迷信新研(8),妈妈、政府、思想、李盛山，福建罗源人、巡抚常赉疏请旌
杨宗儒,律师代理,律师代理,99,8,7,4,6,李敖议坛哀思录(5)；李敖风流自传(1)；你笨蛋，你笨蛋(1)；虽千万人，李敖往矣(1),律师、代理、告发、见、诉状、封杀、军购、出版
杨宪宏,媒体 / 朋友 / 创作资料协助 / 公共论战,媒体,99,8,8,2,3,挑战李敖(5)；李敖大哥大(3),朋友、先生、像、环球电视台董事长吴子嘉、总经理杨宪宏、思想、环球的总经理，我的好朋友杨宪宏、访问
杨悟空,律师代理 / 政治人物,律师代理,99,8,7,1,1,李敖大哥大(8),国民党、见、见证、党部、总统、问我、委员、读
杨朴,诗文出处 / 历史类比引用 / 神交引用,诗文出处,99,8,8,2,2,李敖书牍集(5)；上山·上山·爱(3),诗、朋友、见、妻、读、隐士杨朴被征召时，对宋真宗背的老妻送别诗、陆游跋说“四婆”就是杨朴的老婆
杨树人,学术 / 出版 / 公共论战 / 诗文出处,学术,99,8,8,6,6,教育与脸谱(2)；李敖报刊集(2)；李敖自传与回忆续集(1)；李敖快意恩仇录(1)；李敖文存(1)；文化论战丹火录(1),院长、读、总干事、代理、法院、先生、告诉我、朋友
杨英龙,同案狱友 / 刑求受害,同案狱友,99,8,8,3,3,李敖书简集(5)；李敖自传与回忆续集(2)；李敖书信集(1),绑担架、检察官、像、管理员、像李文荣、古永城、杨英龙、黄金重等等、有徐开喜、黄祥华、谭坤泉等证词在卷
杨衒之,诗文出处 / 历史类比引用 / 神交引用,诗文出处,99,8,8,4,4,要把金针度与人(4)；李敖书序集(2)；千秋万岁乌鸦求是合集(1)；读史指南(1),见、杨衒之、书目作者表
杭世骏,学术 / 神交引用,学术,99,8,8,2,2,为自由招魂(7)；中国艺术新研(1),学者、大学、著作、诗
松冈洋右,政治人物 / 神交引用,政治人物,99,8,8,2,3,我梦碎，所以我梦醒(4)；中国近代史新论(4),博士、见、接见、国民党、访问、政府、课长
林山田,司法人员 / 学术 / 创作资料协助,司法人员,99,8,8,5,6,李敖笑傲江湖(4)；李敖回忆录(1)；你是景福门(1)；李敖书函集(1)；李敖大哥大(1),像、大学、学生、授课、院长、法官、院内、选举
林良平,政治人物 / 选举助选 / 公共论战,政治人物,99,8,8,1,1,李敖书简集(8),国民党、交往、景美区林良平有意以党外身份参与竞选、陈必强、黄义清之上、林良平票源毫无冲突
林黛,媒体 / 神交引用,媒体,99,8,8,5,5,李敖全集(3)；李敖语录(2)；一个预备军官的日记(1)；李敖书翰集(1)；李敖笑傲江湖(1),编辑、文星、报导、报纸、杂志、委员、像、导演
查证据,刑求受害 / 诉讼,刑求受害,99,8,8,7,8,千秋万岁乌鸦求是合集(2)；上下古今谈(1)；阳痿美国(1)；李敖书札集(1)；中国命研究(1)；中国现代史定论(1)；李敖颠倒众生(1),法院、刑求、逼供、上诉、总统、土地、事务、序
桂伯高,军校学生 / 见面,军校学生,99,8,8,1,4,一个预备军官的日记(8),桂伯高、离婚、请他、送我、所谓
梁仰芝,司法人员 / 师生 / 诉讼 / 公共论战,司法人员,99,8,8,4,5,李敖笑傲江湖(5)；我最难忘的事和人(1)；大学日记后期甲集(1)；李敖秘藏日记(1),法官、老师、法院、像、见、见到、学生、研究
梅贻琦,学术行政 / 学术 / 公共论战 / 神交引用,学术行政,99,8,8,6,6,李敖全集(2)；教育与脸谱(2)；李敖自传与回忆(1)；早年日记(1)；李敖书翰集(1)；李敖笑傲江湖(1),朋友、部长、攻击、见、院长、读、杂志、文星
楼兆元,情治警务 / 同案狱友 / 朋友,情治警务,99,8,8,1,1,我最难忘的事和人(8),牢房、见、一起、朋友、委员、军长、像、关怀
武忠森,律师代理 / 见面,律师代理,99,8,8,6,6,李敖五五日记(2)；李敖书翰集(2)；李敖回忆录(1)；李敖快意恩仇录(1)；李敖风流自传(1)；你是景福门(1),律师、调查局、少将、共产党、像、报导、节目、法官
毛泽覃,亲属 / 政治人物 / 神交引用,亲属,99,8,8,4,4,挑战李敖(3)；我是天安门(2)；李敖笑傲江湖(2)；李敖大哥大(1),弟弟、国民党、妹妹、太太、共产党、母亲、女儿、妻
江良规,朋友,待复核,99,8,5,2,3,千秋万岁乌鸦求是合集(7)；波波颂(1),博士、见、见到、对我说、教授、大学、节目
汤耀明,神交引用,待复核,99,8,8,1,1,李敖大哥大(8),思想、朋友、广播、部长
洪兰友,诗文出处 / 党务宣传 / 政治人物 / 历史类比引用 / 公共论战,诗文出处,99,8,8,2,2,李敖书笺集(7)；我梦碎，所以我梦醒(1),诗、国民党、党务、夫人、洪兰友、张道藩、胡健中三人、洪兰友、胡健中二人，并无张道藩
温忠翰,公职人员 / 学术行政 / 创作资料协助 / 历史类比引用 / 神交引用,公职人员,99,8,8,1,2,中国迷信新研(8),学政温忠翰疏闻、吕斅孚，湖南永定人
熊廷武,同学 / 朋友 / 见面,同学,99,8,8,5,6,李敖风流自传(3)；李敖快意恩仇录(2)；李敖回忆录(1)；千秋万岁乌鸦求是合集(1)；虽千万人，李敖往矣(1),见、见面、同班、交情、同学、电视
爱德华·肯尼迪,政治人物 / 选举助选 / 公共论战,政治人物,99,8,8,1,1,李敖书简集(8),访问、委员、国民党、批评、立委、问我、见、报人
王人达,师生 / 神交引用,待复核,99,8,6,5,8,李敖大哥大(3)；李敖秘密书房(2)；李敖议坛哀思录(1)；虚拟的十七岁(1)；挑战李敖(1),先生、父亲、朋友、像、法院、老师、学生、国民党
王佐,军事人物 / 见面,军事人物,99,8,8,3,4,一个预备军官的日记(6)；李敖快意恩仇录(1)；教育与脸谱(1),王佐、秘书
王先谦,神交引用 / 诗文出处,诗文出处,99,8,4,4,5,读史指南(5)；李敖文存(1)；我梦碎，所以我梦醒(1)；李敖新刊(1),书目作者表、思想、主义、诗
王敦,政治人物 / 军事人物 / 神交引用,政治人物,99,8,8,5,5,独白下的传统(2)；你是景福门(2)；读史指南(2)；李敖的情诗(1)；李敖秘密书房(1),像、哥哥、家里、历史上、弟弟、政府、王敦以武昌兵做底牌，桓温、桓玄以江陵兵做底牌，苏峻以京口兵做底牌，最后刘裕以京口兵通吃、儿子
王文振,同学 / 公共论战,同学,99,8,8,6,6,我最难忘的事和人(3)；李敖自传与回忆(1)；李敖回忆录(1)；李敖风流自传(1)；你笨蛋，你笨蛋(1)；李敖书牍集(1),同学、老师、见、见到、学生、研究、院长、法院
王正廷,政治人物 / 公职人员 / 历史类比引用,政治人物,99,8,8,7,7,中国近代史新论(2)；李敖自传与回忆(1)；波波颂(1)；千秋万岁乌鸦求是合集(1)；李敖札记(1)；李敖书序集(1)；中国现代史正论(1),部长、学生、大学、国民党、像、参谋、迎袁世凯南下人物为教育总长蔡元培为欢迎专使、外交次长魏宸组、海军顾问刘冠雄、参谋次长钮永建、法制局局长宋教仁、陆军部军需局长曾昭文、步兵第三十一团团长黄恺元、湖北外交司长王正廷、前议和参赞汪兆铭等人
王维刚,见面 / 朋友,见面,99,8,8,4,4,李敖五五日记(5)；李敖回忆录(1)；李敖议坛哀思录(1)；挑战李敖(1),访问、电话、同学、法院、与王维刚、孔繁铎午饭、教授、朋友、跟我说
王自义,出版 / 创作资料协助 / 诉讼,出版,99,8,8,4,4,李敖书启集(4)；李敖书函集(2)；李敖回忆录(1)；李敖风流自传(1),发行、出版社、出版、弟弟、嫁给、结婚、政府、检察官
玛丽·安唐妮,政治人物 / 历史类比引用 / 神交引用,政治人物,99,8,8,6,6,上山·上山·爱(2)；李敖笑傲江湖(2)；李敖自传与回忆(1)；李敖快意恩仇录(1)；波波颂(1)；坐牢家爸爸给女儿的八十封信(1),像、法国的皇后玛丽安东尼
田医师,称谓待考 / 公共论战,称谓待考,99,8,8,1,1,李敖对话录(8),田医师、国民党、送我
石田公二,社会案件 / 诉讼 / 历史类比引用,社会案件,99,8,8,1,1,李敖书牍集(8),判决、检察官、法院、政府、同案、日本人石田公二
程天放,政治人物 / 学术行政 / 公共论战 / 历史类比引用,政治人物,99,8,8,5,5,李敖大哥大(3)；中国近代史新论(2)；我梦碎，所以我梦醒(1)；千秋万岁乌鸦求是合集(1)；一个预备军官的日记(1),部长、大学、教授、国民党、政府、教书、学术、台大
程沧波,政治人物,政治人物,99,8,6,4,4,千秋万岁乌鸦求是合集(5)；我梦碎，所以我梦醒(1)；李敖五五日记(1)；李敖笑傲江湖(1),政府、法院、政治、立委、委员、宣传、秘书、见
竺可桢,师生,师生,99,8,6,3,3,千秋万岁乌鸦求是合集(6)；李敖议坛哀思录(1)；李敖风流自传(1),国民党、学生、大学、见、博士、妹妹、太太、娶
索摩查,政治人物 / 公共论战,政治人物,99,8,8,2,2,挑战李敖(6)；波波颂(2),总统、像
约伯,宗教人物 / 历史类比引用 / 神交引用,宗教人物,99,8,8,5,6,第73烈士(3)；红色11(2)；我最难忘的事和人(1)；李敖回忆录(1)；你笨蛋，你笨蛋(1),读、诗、所谓、脚镣、手铐、像
经调查,政治人物,政治人物,99,8,8,5,7,挑战李敖(3)；李敖大哥大(2)；李敖自传与回忆续集(1)；李敖书函集(1)；李敖秘密书房(1),委员、见、财产、学生、像、儿子、检察官、总统
罗张,情治警务 / 公职人员 / 出版管制 / 公共论战,情治警务,99,8,8,2,2,李敖书函集(7)；李敖笑傲江湖(1),警政署长罗张、回信、警总、调查局、法务部、政战、上校、少将
罗警员,情治警务 / 称谓待考 / 见面,情治警务,99,8,8,4,5,李敖自传与回忆(2)；李敖回忆录(2)；李敖快意恩仇录(2)；李敖笑傲江湖(2),警察、导演、告诉我、见、警总、跟我说、警备总部
苏俊模,同案狱友 / 社会案件,同案狱友,99,8,8,2,2,千秋万岁乌鸦求是合集(6)；中国性研究(2),警察、像、打电话、电话、看守所、苏俊模等一帮人
苏峻,政治人物 / 军事人物 / 历史类比引用 / 神交引用,政治人物,99,8,8,4,4,千秋万岁乌鸦求是合集(2)；李语录(2)；李敖书信集(2)；读史指南(2),王敦以武昌兵做底牌，桓温、桓玄以江陵兵做底牌，苏峻以京口兵做底牌，最后刘裕以京口兵通吃
苏慕萨,政治人物,政治人物,99,8,8,1,3,阳痿美国(8),总统、主义、儿子
苏曼殊,出版 / 宗教人物 / 政治异议者 / 历史类比引用 / 神交引用,出版,99,8,8,7,7,要把金针度与人(2)；李敖全集(1)；第73烈士(1)；一个预备军官的日记(1)；李敖札记(1)；李敖访谈录1990-2018(1)；中国性研究(1),诗、所谓、文学、作品、见、晤
苏雪林,神交引用,待复核,99,8,5,6,6,李敖文存二集(2)；要把金针度与人(2)；李敖快意恩仇录(1)；求是新语(1)；李敖语录(1)；李敖笑傲江湖(1),引用、文星、国民党、太太、文学、所谓
萨达特,政治人物 / 神交引用,政治人物,99,8,8,3,3,李敖回忆录(3)；李敖全集(3)；求是新语(2),总统、立委、民进党
蒋仲苓,军事人物 / 政治人物,军事人物,99,8,8,5,8,挑战李敖(4)；李敖议坛哀思录(1)；李敖随写录前集(1)；李敖随写录后集(1)；李敖书启集(1),部长、秘书、总统、军长、参谋、共产党、见、见到
蔡启芳,政治人物 / 公共论战,政治人物,99,8,8,2,6,李敖议坛哀思录(7)；李敖大哥大(1),民进党、委员、同事、立委、序、受访、报导、主席
蔡志煌,媒体,媒体,99,8,8,4,6,李敖议坛哀思录(3)；李敖风流自传(2)；虽千万人，李敖往矣(2)；大学日记后期甲集(1),见、总统、警察、所谓、父亲、电视
蔡清遊,司法人员 / 诉讼 / 创作资料协助,司法人员,99,8,8,2,3,李敖笑傲江湖(5)；李敖议坛哀思录(3),法官、先生、大学、院长、委员、写信、教授、庭长
蔡辰洲,政治人物 / 财产债务,政治人物,99,8,6,4,5,李敖秘藏日记(4)；千秋万岁乌鸦求是合集(2)；李敖语录(1)；李敖笑傲江湖(1),国民党、委员、立委、支票、律师、法院、见、一起
虞君质,亲属,亲属,99,8,6,4,4,千秋万岁乌鸦求是合集(3)；大学日记后期乙集(3)；一个预备军官的日记(1)；李敖书翰集(1),朋友、女儿、先生、教书、文学、夫人、批评
虞步云,军校学生 / 见面,军校学生,99,8,8,1,1,一个预备军官的日记(8),虞步云、见、来信
袁贻瑾,学术行政 / 通信 / 公款经费 / 公共论战,学术行政,99,8,8,3,3,传统下的再白(4)；波波颂(2)；李敖笑傲江湖(2),总干事、研究、中央研究院、晤、写信、回扣、所谓、本院
詹姆士,学术 / 科学家 / 历史类比引用 / 神交引用,学术,99,8,8,7,7,李敖笑傲江湖(2)；传统下的独白(1)；李敖文存(1)；红色11(1)；阳痿美国(1)；虽千万人，李敖往矣(1)；一个预备军官的日记(1),结婚、哲学、共产党、心理学家詹姆士
许慎,神交引用 / 诗文出处,神交引用,99,8,7,4,5,中国性研究(3)；读史指南(2)；要把金针度与人(2)；李敖笑傲江湖(1),文学、书目作者表、读、学者、书里
贾思勰,科学家 / 学术 / 诗文出处 / 历史类比引用 / 神交引用,科学家,99,8,8,2,2,要把金针度与人(6)；读史指南(2),著作、书目作者表、访问、贾思勰：《齐民要术》
赖中尾,主剧情人物 / 小说剧本人物 / 老兵士官 / 军事人物,主剧情人物,99,8,8,1,1,第73烈士(8),巴掌、妈妈、将军、像
赖智信,医疗照护 / 见面,医疗照护,99,8,8,3,4,李敖五五日记(5)；李敖随写录前集(2)；李敖回忆录(1),读、朋友、史学、电话、赖智信医师、女儿、见、赖智信在三总实习
赵中令,文艺音乐 / 财产债务 / 见面,文艺音乐,99,8,8,3,3,李敖随写录后集(6)；李敖风流自传(1)；求是新语(1),赵中令、碰到、对我说、老师、像、先生
赵明诚,学术 / 诗文出处 / 历史类比引用 / 神交引用 / 婚姻相关,学术,99,8,8,4,4,历史与人像(4)；要把金针度与人(2)；李敖语录(1)；中国艺术新研(1),离婚、判决、批评、妻、一起、嫁给、研究、文学
那基本,见面,见面,99,8,6,6,8,挑战李敖(2)；李敖秘密书房(2)；独白下的传统(1)；文化论战丹火录(1)；上山·上山·爱(1)；李敖语录(1),见、历史上、像、院长、总统、记者、研究
那种自,公共论战,待复核,99,8,4,6,8,李敖秘密书房(3)；李敖全集(1)；上山·上山·爱(1)；李敖语录(1)；一个预备军官的日记(1)；李敖书启集(1),政治、见、北大
那问题,亲属 / 政治人物,亲属,99,8,6,3,7,李敖秘密书房(4)；挑战李敖(3)；第73烈士(1),像、妈妈、将军、总统、共产党、财产、保证金、选举
邱建全,社会案件 / 创作资料协助,社会案件,99,8,8,1,1,李敖随写录前集(8),邱建全、儿子、太太、母亲、认识、父亲、房产、法院
邱彰掉,政治人物,待复核,99,8,8,1,1,李敖大哥大(8),委员、民进党、国民党、特务、像
邱进益,宗教人物 / 证人见证 / 历史类比引用,宗教人物,99,8,8,4,5,李敖随写录后集(3)；中国现代史正论(2)；挑战李敖(2)；李敖随写录前集(1),总统、秘书、主编、委员、院长、法院、军长、参谋
邴原,学术 / 神交引用,学术,99,8,8,1,2,独白下的传统(8),女儿、结婚、爸爸、离婚、儿子、妈妈
邵华,政治人物 / 公共论战 / 创作资料协助 / 历史类比引用,政治人物,99,8,8,4,4,早年日记(2)；李敖书信集(2)；李敖书牍集(2)；中国现代史正论(2),选举、书店、文星、编辑、发行、总编辑、打电话、电话
邹坚,政治人物 / 公共论战,政治人物,99,8,8,4,4,你是景福门(3)；波波颂(2)；李敖札记(2)；李敖颠倒众生(1),记者、国民党、晤、访问、主义、说过、报导、对我说
郁刘琦,证人见证 / 亲属 / 诉讼 / 创作资料协助,证人见证,99,8,8,2,2,李敖书笺集(6)；李敖笑傲江湖(2),大学、教授、编辑、总编辑、证人、我妻刘琦负责看的、见、发行
郑丁旺,政治异议者 / 同案狱友 / 公共论战,政治异议者,99,8,8,2,2,挑战李敖(7)；李敖书启集(1),匪谍郑丁旺、警备总部
郑为元,军事人物 / 政治人物 / 公共论战,军事人物,99,8,8,6,6,第73烈士(2)；李敖语录(2)；你是景福门(1)；李敖新刊(1)；千秋万岁乌鸦求是合集(1)；李敖大哥大(1),委员、将军、部长、政府、院长、法务部、秘书、法院
郑竹梅,亲属 / 选举助选 / 创作资料协助,亲属,99,8,8,5,7,李敖书函集(2)；李敖秘密书房(2)；李敖大哥大(2)；李敖五五日记(1)；李敖随写录后集(1),女儿、台独、国民党、访问、立委、竹梅及伯父母均请问好、杂志、像
郑胜助,律师代理 / 诉讼 / 见面,律师代理,99,8,8,6,6,李敖札记(2)；挑战李敖(2)；李敖自传与回忆续集(1)；世论新语(1)；李敖秘密书房(1)；李敖大哥大(1),律师、像、访问、碰到、问我、见、郑胜助律师、朋友
郑自才,政治异议者 / 政治人物 / 选举助选 / 同案狱友,政治异议者,99,8,8,1,1,李敖随写录后集(8),太太、郑自才、寄给
郑芝龙,军事人物 / 政治人物 / 历史类比引用 / 神交引用,军事人物,99,8,8,5,5,李敖秘密书房(3)；中国迷信新研(2)；上下古今谈(1)；李敖语录(1)；李敖大哥大(1),爸爸、政府、父亲、历史上、妈妈、所谓、郑芝龙、郑成功变成敌人
郑金玲,政治人物,政治人物,99,8,8,2,5,李敖议坛哀思录(7)；我梦碎，所以我梦醒(1),委员、总统、法院、本院、起诉、民进党、国民党、夫人
郭为藩,学术行政 / 学术 / 公职人员 / 公共论战,学术行政,99,8,8,2,3,李敖随写录后集(4)；李敖笑傲江湖(4),部长、电视、委员、读、郭为藩抄袭、记者
金岳霖,学术 / 神交引用,学术,99,8,8,4,4,李敖Talk秀(3)；文化论战丹火录(2)；千秋万岁乌鸦求是合集(2)；李敖书信集(1),教授、来信、论战、国民党、见、见到、序、儿子
金问题,政治人物,政治人物,99,8,5,3,8,挑战李敖(5)；李敖随写录前集(2)；李敖大哥大(1),国民党、政府、法官、选举、党部、民进党、记者、政治
阴人,见面,待复核,99,8,4,6,7,要把金针度与人(2)；李敖笑傲江湖(2)；李敖快意恩仇录(1)；中国性研究(1)；中国迷信新研(1)；中国艺术新研(1),古人、见、教书、大学、思想、认识、古代、像
陆寒波,亲属 / 姻亲 / 历史类比引用,亲属,99,8,8,3,3,李敖书序集(4)；李敖自传与回忆续集(2)；李敖风流自传(2),文星、夫人、国民党、太太、陆寒波、主编、杂志、请我
陆德明,诗文出处 / 神交引用,诗文出处,99,8,5,3,3,读史指南(6)；中国性研究(1)；中国命研究(1),书目作者表、读
陈三立,学术 / 诗文出处 / 神交引用,学术,99,8,8,6,6,李敖随写录后集(2)；中国艺术新研(2)；北京法源寺(1)；第73烈士(1)；要把金针度与人(1)；中国近代史新论(1),儿子、国民党、思想、陈三立、女儿、太太、政治
陈圆圆,历史类比引用 / 情感 / 神交引用,历史类比引用,99,8,8,6,6,李敖自传与回忆(2)；北京法源寺(2)；传统下的独白(1)；上下古今谈(1)；李敖语录(1)；李敖秘密书房(1),同学、父亲、情人、将军、小姐、家里
陈学圣,政治人物,政治人物,99,8,8,4,4,李敖随写录前集(3)；李敖议坛哀思录(2)；挑战李敖(2)；李敖访谈录1990-2018(1),台大、秘书、选举、国民党、所长、报纸、电视、见
陈左弧,同案狱友 / 政治异议者 / 通信 / 创作资料协助,同案狱友,99,8,8,5,5,李敖秘密书房(3)；李敖书函集(2)；李敖自传与回忆续集(1)；李敖回忆录(1)；李敖风流自传(1),参谋、像、朋友、国民党、政治、大学、电话、同在
陈平说,学术行政 / 监狱行政,学术行政,99,8,7,4,5,挑战李敖(4)；李敖秘密书房(2)；虽千万人，李敖往矣(1)；李敖笑傲江湖(1),问我、院长、部长、司法行政部、法务部
陈怀琪,诗文出处 / 诉讼 / 出版管制 / 历史类比引用,诗文出处,99,8,8,1,1,李敖书函集(8),法院、所谓、发行、编辑部、编辑、读、见、像
陈撷芬,媒体 / 出版 / 政治异议者 / 亲属 / 资金支持 / 历史类比引用,媒体,99,8,8,1,1,中国近代史新论(8),女儿、报纸、一起、嫁给、其女公子撷芬，亦另创《女学报》、陈撷芬后来嫁给杨俊、章士钊《〈苏报〉案始末记叙》
陈济棠,军事人物 / 政治人物 / 历史类比引用,军事人物,99,8,8,6,7,我梦碎，所以我梦醒(2)；中国现代史正论(2)；虽千万人，李敖往矣(1)；中国现代史定论(1)；李敖笑傲江湖(1)；李敖大哥大(1),总统、读、像、见、国民党、书中、诗、土地
陈清宝,政治人物 / 公共论战,政治人物,99,8,8,2,3,李敖颠倒众生(6)；李敖大哥大(2),院长、参谋、国民党、政府、委员、立委、攻击、陈清宝说的话
陈炳基,见面 / 媒体,见面,99,8,7,1,1,李敖秘密书房(8),访问、报导、见、记者、问我、共产党、先生、见面
陈琏先,师生 / 通信 / 亲属,师生,99,8,6,2,2,李敖自传与回忆(4)；李敖快意恩仇录(4),同学、老师、学生、打电话、电话、女儿、父亲
陈瑞珠,亲属 / 财产债务 / 社会案件,亲属,99,8,8,1,2,李敖秘密书房(8),女儿、嫁给、儿子、小女儿陈瑞珠、大女儿陈育惠，小女儿陈瑞珠
陈癸淼,政治人物 / 朋友,政治人物,99,8,6,4,6,李敖笑傲江湖(5)；李敖访谈录1990-2018(1)；李敖书启集(1)；李敖秘密书房(1),像、国民党、立委、交情、家里、共产党、跟我说、委员
陈进财,亲属 / 财产债务 / 公共论战,亲属,99,8,8,1,1,挑战李敖(8),夫人、弟弟、支票、先生、见、发行、像、电话
陈述意,司法人员,司法人员,99,8,8,2,2,李敖大哥大(7)；挑战李敖(1),见、法官、法院、法庭、律师、妈妈
陈郁秀,政治人物 / 亲属 / 姻亲,政治人物,99,8,8,2,2,李敖大哥大(7)；李敖秘密书房(1),委员、告诉我、老师、学生、一起、哥哥、民进党、爸爸
陈重瑜,司法人员 / 诉讼 / 公共论战,司法人员,99,8,8,1,1,李敖笑傲江湖(8),法官、出版、书里、法院、批评、判决、三个法官是李文成、陈重瑜跟陈博志
颜之推,学术 / 诗文出处 / 历史类比引用 / 神交引用,学术,99,8,8,3,3,要把金针度与人(4)；读史指南(2)；中国迷信新研(2),书目作者表、见、文学、颜之推是北齐人
马汉茂,学术 / 创作资料协助 / 见面 / 出版,学术,99,8,8,1,2,李敖书翰集(8),马汉茂、Helmut Martin、汉茂、天琪：、研究、博士、论文、大学、给曹毓煜的信
马浩,见面 / 情感,见面,99,8,8,5,6,给马戈的五十封信(3)；一个预备军官的日记(2)；早年日记(1)；大学日记后期甲集(1)；大学日记后期乙集(1),请他、见、陪我、朋友、读、像、女友、三爷庄喆及其女友马浩
高宗武,公职人员 / 诗文出处 / 创作资料协助 / 证人见证 / 历史类比引用,公职人员,99,8,8,1,1,中国现代史正论(8),见、委员、国民党、部长、致电、高宗武④、余翔麟，参加员是殷同、李择一、高宗武有一密电致朱家骅、时〔殷〕桐声在旁亦变色
高忠信,选举助选 / 政治人物 / 创作资料协助,选举助选,99,8,8,3,4,李敖书笺集(6)；李敖书信集(1)；李敖笑傲江湖(1),编辑、总编辑、代理、帮高忠信助选、发行、推事、判决、帮助高忠信助选
高时运,同案狱友 / 政治人物,同案狱友,99,8,8,2,2,李敖自传与回忆(4)；李敖快意恩仇录(4),读、像、大学、朋友、采访、学生
魏龙豪,媒体 / 文艺音乐 / 神交引用,媒体,99,8,8,3,4,李敖秘密书房(6)；中国迷信新研(1)；李敖大哥大(1),像、同学、妈妈、回信、土地、先生
鲍文樾,军事人物 / 同案狱友 / 见面,军事人物,99,8,8,1,1,我最难忘的事和人(8),牢房、先生、见、报纸、共产党、见面、参谋、找他
鸠摩罗什,宗教人物 / 诗文出处 / 历史类比引用,宗教人物,99,8,8,1,1,李敖笑傲江湖(8),鸠摩罗什、统治者姚兴
麻辣,诉讼 / 司法人员 / 学术,诉讼,99,8,8,3,3,李敖大哥大(6)；李敖议坛哀思录(1)；李敖风流自传(1),法院、法官、大学、文学、判决
黄复生,政治异议者 / 同案狱友 / 历史类比引用,政治异议者,99,8,8,1,1,中国近代史新论(8),同住、妻、警察、学生、汪未婚妻陈璧君与黄复生、黄复生，在口供中明说、许世英硬说当时汪案是他审的、文中仲和就是章宗祥
黄尔璇,政治人物 / 党务宣传,政治人物,99,8,8,3,3,你是景福门(5)；李敖随写录前集(2)；求是新语(1),民进党、立委、记者、所谓、像、国民党、民进党昨天第五届第一次党员代表大会
黄文雄,师生 / 朋友,师生,99,8,7,4,4,李敖秘密书房(3)；你笨蛋，你笨蛋(2)；李敖颠倒众生(2)；李敖随写录后集(1),教授、先生、朋友、民进党、秘书、发行、寄给、太太
黄楷元,见面 / 公共论战,见面,99,8,8,1,1,李敖Talk秀(8),一起、学生、大学、结婚、朋友、我左边的是艾力克斯，范蜜儿、黄楷元
黄锡昌,同学 / 见面,同学,99,8,8,6,8,大学日记后期乙集(3)；李敖自传与回忆(1)；我最难忘的事和人(1)；李敖回忆录(1)；早年日记(1)；一个预备军官的日记(1),朋友、诗、书店、文星、见、告诉我
丁颖,出版 / 创作资料协助,出版,99,7,7,5,5,李敖回忆录(2)；李敖风流自传(2)；李敖快意恩仇录(1)；千秋万岁乌鸦求是合集(1)；李敖书札集(1),探监、写信、见、家里、老师、学生、诗、蓝灯出版社发行人丁颖先生
严师母,亲属 / 政治异议者 / 资金支持 / 见面,亲属,99,7,7,1,1,李敖对话录(7),严师母
严方,亲属,亲属,99,7,7,4,6,李敖自传与回忆(2)；李敖回忆录(2)；李敖风流自传(2)；你笨蛋，你笨蛋(1),师母、儿子、女儿、请我
乔龄,出版 / 公共论战,出版,99,7,7,4,5,教育与脸谱(3)；李敖文存二集(2)；李敖秘藏日记(1)；李敖情书集(1),引用、大学、太太
于学生,师生,师生,99,7,7,5,5,教育与脸谱(3)；我是天安门(1)；李敖访谈录1990-2018(1)；李敖秘密书房(1)；李敖大哥大(1),学生、学术、教授、大学、北大、政府
亚嘉曼农,虚拟人物 / 历史类比引用 / 神交引用,虚拟人物,99,7,7,1,1,爱情的秘密(7),妻、读、诗
从书本,神交引用,神交引用,99,7,5,5,7,李敖对话录(2)；李敖访谈录1990-2018(2)；李敖风流自传(1)；你是景福门(1)；挑战李敖(1),读、书里、电视、杂志、学生
从连战,公共论战 / 神交引用,公共论战,99,7,6,4,7,李敖笑傲江湖(2)；李敖秘密书房(2)；李敖大哥大(2)；我梦碎，所以我梦醒(1),国民党、民进党、共产党、所谓、老师、总统、读
任东北,政治人物,政治人物,99,7,7,5,5,李敖自传与回忆(2)；李敖快意恩仇录(2)；李敖回忆录(1)；李敖风流自传(1)；李敖书启集(1),主席、司令、委员、国民党、见、政府、政治、少将
任建园,同学 / 朋友 / 见面,同学,99,7,7,5,5,李敖书牍集(2)；李敖书启集(2)；李敖回忆录(1)；李敖风流自传(1)；李敖五五日记(1),同学、杂志、碰到、在路上碰到任建园，他说张光锦、委员
何国庆,政治人物 / 亲属,待复核,99,7,5,4,4,李敖大哥大(4)；李敖回忆录(1)；李敖议坛哀思录(1)；李敖风流自传(1),见、立委、政府、国民党、民进党、朋友、爸爸、儿子
何振亚,出版 / 通信 / 创作资料协助 / 朋友,出版,99,7,7,2,3,李敖书信集(6)；李敖书牍集(1),国民党、振亚兄：、振亚老哥、振亚大哥、友联出版社社长、见、老师、朋友
何龙,通信 / 政治人物,通信,99,7,7,3,4,李敖风流自传(3)；李敖快意恩仇录(2)；波波颂(2),请我、见、政府、国民党
余玠,军事人物 / 政治人物 / 历史类比引用 / 神交引用,军事人物,99,7,7,1,1,历史与人像(7),选举、诗、先生、余玠人格品质的分析、余玠是湖北蕲春人
余范英,诉讼 / 通信,诉讼,99,7,6,3,3,李敖快意恩仇录(4)；李敖书信集(2)；李敖大哥大(1),法院、打电话、电话、出版、记者、报导、发行、杂志
傅在峰,通信 / 医疗照护 / 创作资料协助 / 见面,通信,99,7,7,2,2,李敖书函集(5)；李敖五五日记(2),电话、写信、发行、杂志、寄傅在峰、在峰：、陈静芳、廖美翔在车站接我、谢谢廖美翔、陈静芳和刘瑞琳老师
元好问,学术 / 诗文出处 / 学术考证引用 / 历史类比引用 / 神交引用,学术,99,7,7,5,5,给马戈的五十封信(2)；读史指南(2)；李敖自传与回忆(1)；波波颂(1)；李敖大哥大(1),诗、学术、著作、见、研究、博士、论文、思想
党章,政治人物 / 公共论战,待复核,99,7,4,3,4,李敖秘密书房(5)；千秋万岁乌鸦求是合集(1)；中国现代史正论(1),主席、国民党、民进党、党部、主义、像、选举
凤翰,见面 / 朋友,见面,99,7,7,4,5,大学日记后期乙集(3)；大学日记后期甲集(2)；大学札记(1)；早年日记(1),见、朋友、回信、读、台大、文学、学生、教书
刁德善,同案狱友 / 政治异议者,同案狱友,99,7,7,4,5,李敖快意恩仇录(3)；李敖回忆录(2)；李敖自传与回忆续集(1)；李敖大哥大(1),警总、同案、读、见、发行、台大、法官、法院
刘世超,公共论战,公共论战,99,7,7,4,5,教育与脸谱(4)；李敖自传与回忆(1)；李敖回忆录(1)；传统下的再白(1),研究、大学、批评、先生、老师、序、中央研究院、所长
刘济民,媒体 / 出版,媒体,99,7,7,4,5,李敖文存二集(4)；为自由招魂(1)；李敖书翰集(1)；李敖书札集(1),杂志、文星、见、大学、台大、攻击
刘源俊,学术行政 / 学术 / 公共论战,学术行政,99,7,7,1,2,挑战李敖(7),哲学、学生、大学、东吴大学校长刘源俊、校长刘源俊那里抗议、研究
刘焕荣,社会案件,社会案件,99,7,7,4,4,挑战李敖(4)；我最难忘的事和人(1)；虽千万人，李敖往矣(1)；李敖Talk秀(1),监狱、看守所、台北监狱、台北看守所、院长、民进党、像、管理员
刘禹锡,诗文出处 / 文艺音乐 / 历史类比引用 / 神交引用,诗文出处,99,7,7,4,5,读史指南(4)；一个预备军官的日记(1)；李敖报刊集(1)；挑战李敖(1),诗、书目作者表、谢朓、庾信、李白、杜甫、孟浩然、刘长卿、韦应物、刘禹锡、李商隐、梅尧臣、苏轼、唐顺之
刘贡父,诗文出处 / 历史类比引用 / 神交引用,诗文出处,99,7,7,3,3,李敖访谈录1990-2018(4)；挑战李敖(2)；李敖笑傲江湖(1),朋友、儿子、古人、刘贡父
利自己,政治人物,政治人物,99,7,6,6,6,求是新语(2)；李敖议坛哀思录(1)；世论新语(1)；你笨蛋，你笨蛋(1)；我梦碎，所以我梦醒(1)；挑战李敖(1),民进党、国民党、研究、事务、选举、共产党、立委、像
别四十,见面 / 政治人物,见面,99,7,6,5,6,李敖随写录前集(3)；李敖自传与回忆(1)；李敖快意恩仇录(1)；李敖风流自传(1)；第73烈士(1),见、送我、委员、政治、像、儿子、妻、结婚
别报导,媒体,媒体,99,7,7,5,7,千秋万岁乌鸦求是合集(2)；挑战李敖(2)；我梦碎，所以我梦醒(1)；李敖对话录(1)；李敖秘密书房(1),报导、控告、所谓、院长、法院、国民党、电视、夫人
加富尔,政治人物 / 历史类比引用 / 神交引用,政治人物,99,7,7,1,2,大学札记(7),加富尔
卜道明,学术行政 / 公职人员,学术行政,99,7,7,4,4,李敖对话录(3)；李敖笑傲江湖(2)；李敖快意恩仇录(1)；我梦碎，所以我梦醒(1),请我、市长、卜道明、研究、电视、所长、共产党、院长
台独人,刑求人员 / 公共论战,刑求人员,99,7,7,7,7,李敖自传与回忆续集(1)；李敖回忆录(1)；李敖风流自传(1)；李敖访谈录1990-2018(1)；挑战李敖(1)；李敖秘密书房(1)；李敖大哥大(1),台独、政治、见、警总、总统、委员、像
台电公,媒体,媒体,99,7,5,2,2,李敖大哥大(6)；我最难忘的事和人(1),报导、电视、告诉我、所谓、女儿、家中、妻、委员
史辞典,编辑 / 出版,编辑,99,7,7,2,2,李敖笑傲江湖(4)；中国艺术新研(3),出版、主编、所谓、中将、司令、国民党、判决、军法
史非非,朋友 / 创作资料协助,朋友,99,7,7,4,4,挑战李敖(4)；李敖对话录(1)；李敖书札集(1)；李敖秘密书房(1),家里、像、关怀、结婚、认识、朋友
司法审,亲属 / 同案狱友,亲属,99,7,5,2,2,李敖秘密书房(6)；世论新语(1),爸爸、像、杂志、军法、国民党、见、律师
吕清贵,邻居 / 财产债务 / 创作资料协助,邻居,99,7,7,1,3,李敖书启集(7),委员、一起、总干事、管理员、吕清贵主任委员、存款、所谓
吴克仁,军事人物 / 被害人 / 历史类比引用,军事人物,99,7,7,1,2,中国现代史正论(7),院长、军长、像、委员、像吴克仁那样的军头、吴克仁任六十七军军长、于学忠、万福麟、刘多荃、缪澄流、吴克仁、董英斌
吴庆宜,见面 / 朋友,见面,99,7,7,4,6,大学日记后期乙集(3)；大学日记后期甲集(2)；一个预备军官的日记(1)；李敖随写录前集(1),碰到、论文、主义、朋友、打电话、电话、请我、送我
吴德耀,学术 / 见面,学术,99,7,7,3,3,李敖大哥大(3)；李敖笑傲江湖(2)；李敖颠倒众生(2),大学、法院、见、像、一起
吴敦,江湖人物 / 社会案件 / 诉讼 / 情治警务,江湖人物,99,7,7,4,4,李敖书笺集(4)；李敖自传与回忆续集(1)；一个预备军官的日记(1)；李敖秘藏日记(1),吴敦的《我狙杀叛逆刘宜良（江南）经过》、与董桂森的密件对照、吴敦在3月20日庭上、老兄替吴敦辩护
吴樾,政治异议者 / 烈士殉难 / 被害人 / 历史类比引用 / 神交引用,政治异议者,99,7,7,1,2,中国近代史新论(7),序、读、同在、生了吴樾、居正、林长民、谭延闿、刺五大臣的是与曹汝霖同年生的吴樾、载泽、绍英都受了伤，伍廷芳耳朵也受了伤、由于在“桐城会馆”捕到吴樾同党汪炘
吴素勤,司法人员,司法人员,99,7,7,1,2,李敖大哥大(7),法官、民进党、像、告诉我、总统
吴纯,司法人员 / 诉讼 / 创作资料协助,司法人员,99,7,7,5,5,李敖书函集(2)；李敖笑傲江湖(2)；李敖自传与回忆续集(1)；李敖快意恩仇录(1)；李敖风流自传(1),法官、推事、诗、警总、法院、军法、国民党、四十八位推事
周书楷,政治人物 / 公职人员 / 公共论战,政治人物,99,7,7,5,5,李敖颠倒众生(3)；虽千万人，李敖往矣(1)；李敖随写录后集(1)；李敖书序集(1)；李敖大哥大(1),部长、国民党、所谓、同学、母亲、姐姐、太太、先生
周作民,政治人物,政治人物,99,7,5,3,3,世论新语(5)；李敖自传与回忆续集(1)；我梦碎，所以我梦醒(1),部长、好友、课长
周弃子,财产债务 / 诗文出处 / 学术 / 公共论战,财产债务,99,7,7,3,3,李敖书简集(3)；李敖新刊(2)；李敖报刊集(2),见、借钱、研究、文学、先生、周弃子先生
周永嘉,创作资料协助 / 财产债务 / 见面,创作资料协助,99,7,7,3,3,李敖快意恩仇录(3)；李敖书笺集(3)；李敖秘藏日记(1),债务、像、见、国民党、周永嘉之部分
周璞,军事人物 / 诗文出处 / 证人见证 / 历史类比引用,军事人物,99,7,7,1,1,中国现代史定论(7),特务、师长、邓图南臂助、抵达秦皇岛六十师陈膺华部、王家窝棚张德云家、译电组蒋组长又被俘、六十五团特务排之许中士
和发展,神交引用 / 见面,神交引用,99,7,5,6,7,李敖随写录后集(2)；李敖风流自传(1)；为中国思想趋向求答案(1)；我是天安门(1)；千秋万岁乌鸦求是合集(1)；李敖访谈录1990-2018(1),认识、教授、研究、秘书、特务、政治、思想、主义
和老师,师生,师生,99,7,7,4,5,李敖语录(3)；李敖文存(2)；李敖访谈录1990-2018(1)；挑战李敖(1),老师、学生、同学、见、父亲、国民党
唐棣,党务宣传 / 公共论战 / 神交引用,党务宣传,99,7,7,4,4,为自由招魂(3)；挑战李敖(2)；我最难忘的事和人(1)；你是景福门(1),党部、国民党、司令、先生、警备总部、宣传、秘书、部长
娄振岳,情治警务 / 见面,情治警务,99,7,7,3,3,早年日记(5)；李敖回忆录(1)；李敖风流自传(1),电话、警总、警察、见、书店、推事、律师
宋江,虚拟人物,虚拟人物,99,7,7,4,4,独白下的传统(3)；中国近代史新论(2)；要把金针度与人(1)；中国命研究(1),像
宋蔼龄,亲属 / 姻亲,亲属,99,7,7,2,4,李敖笑傲江湖(6)；李敖大哥大(1),女儿、嫁给、朋友、儿子、姐姐、太太、爸爸、见
宣布参,政治人物,政治人物,99,7,6,4,7,李敖访谈录1990-2018(3)；李敖大哥大(2)；世论新语(1)；挑战李敖(1),立委、总统、民进党、秘书、批评、见、委员、选举
宣布戒,政治人物,政治人物,99,7,4,4,5,挑战李敖(4)；世论新语(1)；中国现代史正论(1)；李敖大哥大(1),总统、委员、警察、政治、国民党
家支持,媒体,待复核,99,7,5,5,7,李敖秘密书房(3)；北京法源寺(1)；李敖书序集(1)；挑战李敖(1)；李敖大哥大(1),朋友、见、法院、电视、总统、国民党、像、记者
家胡适,师生 / 朋友,师生,99,7,7,6,7,李敖笑傲江湖(2)；李敖风流自传(1)；李敖全集(1)；上山·上山·爱(1)；中国迷信新研(1)；李敖大哥大(1),思想、研究、学生、台大、先生、朋友、告诉我、国民党
小不点（李敖Talk秀）,见面 / 公共论战 / 称谓待考,见面,99,7,7,1,1,李敖Talk秀(7),小不点：
尾生,历史类比引用 / 情感 / 神交引用,历史类比引用,99,7,7,4,5,李敖语录(3)；上山·上山·爱(2)；传统下的独白(1)；李敖秘密书房(1),恋爱、情人、朋友、古人、见、像
崔永生,军事人物,军事人物,99,7,7,2,3,李敖议坛哀思录(4)；李敖风流自传(3),少将、部长、将军、国民党、委员、军购
巫彭,医疗照护 / 宗教人物 / 历史类比引用 / 神交引用,医疗照护,99,7,7,4,5,中国迷信新研(3)；李敖语录(2)；传统下的独白(1)；要把金针度与人(1),所谓、古代、见、书中、巫彭作医
席报告,政治人物,政治人物,99,7,6,6,7,李敖议坛哀思录(2)；李敖全集(1)；为历史拨云(1)；李敖笑傲江湖(1)；挑战李敖(1)；李敖秘密书房(1),委员、主席、部长、立委、司令、参谋、序、见
常能干,政治人物 / 见面,待复核,99,7,4,5,7,李敖笑傲江湖(2)；李敖秘密书房(2)；红色11(1)；李敖颠倒众生(1)；李敖大哥大(1),部长、朋友、主席、国民党、访问、见、警察
广告人,政治人物 / 神交引用,政治人物,99,7,7,1,1,李敖秘密书房(7),总统、像、爸爸、文星、研究、选举、主义
广告登,通信,通信,99,7,6,5,7,李敖笑傲江湖(2)；李敖大哥大(2)；千秋万岁乌鸦求是合集(1)；挑战李敖(1)；李敖秘密书房(1),研究、国民党、写信、文学、母亲、见、特支费、政府
广西人,军事人物,军事人物,99,7,5,5,5,李敖笑傲江湖(3)；李敖五五日记(1)；李敖书序集(1)；中国现代史正论(1)；李敖颠倒众生(1),军长、将军、发行、出版社、出版、像
庄万寿,学术 / 见面 / 公共论战,学术,99,7,7,2,3,挑战李敖(6)；李敖秘密书房(1),教授、朋友、大学、报纸、警察、一起、见、先生
庄秋桃,司法人员 / 诉讼 / 公共论战,司法人员,99,7,7,1,1,李敖笑傲江湖(7),法官、政府、碰到、报纸、判决、见、批评、法官就碰到了这个黄清江、王锦村、庄秋桃
庄铭耀,军事人物 / 公职人员 / 公共论战,军事人物,99,7,7,2,2,李敖颠倒众生(5)；挑战李敖(2),司令、节目、公诉、海军总司令叫做庄铭耀、见、见到、先生
应该接,公共论战,公共论战,99,7,4,6,7,虚拟的十七岁(2)；李敖自传与回忆续集(1)；文化论战丹火录(1)；李敖新刊(1)；李敖对话录(1)；李敖笑傲江湖(1),国民党、批评、律师
庾信,诗文出处 / 文艺音乐 / 历史类比引用 / 神交引用,诗文出处,99,7,7,4,5,读史指南(4)；我最难忘的事和人(1)；独白下的传统(1)；为自由招魂(1),序、将军、儿子、文学、文星、书目作者表、诗、谢朓、庾信、李白、杜甫、孟浩然、刘长卿、韦应物、刘禹锡、李商隐、梅尧臣、苏轼、唐顺之
开云,军校学生 / 见面 / 称谓待考,军校学生,99,7,7,1,2,一个预备军官的日记(7),开云
弗吉尼亚·伍尔夫,诗文出处 / 文艺音乐 / 历史类比引用 / 神交引用,诗文出处,99,7,7,3,3,李敖书序集续集(4)；虚拟的十七岁(2)；一个预备军官的日记(1),文学、夫人、伍尔夫、Virginia Woolf
张任飞,财产债务,财产债务,99,7,7,3,3,李敖书信集(3)；李敖自传与回忆续集(2)；李敖书启集(2),协议书、委员、产权、总统、编辑、主编、出版、总干事
张吕辉,通信 / 创作资料协助,通信,99,7,7,1,1,李敖书函集(7),朋友、读、三点不露轮到李登辉了、张吕辉致李敖、我的儿子——张誉曦、吕辉先生：
张善惠,邻居 / 社会案件,邻居,99,7,7,5,6,李敖书函集(2)；挑战李敖(2)；李敖回忆录(1)；李敖快意恩仇录(1)；李敖随写录后集(1),太太、碰到、院长、情治、共产党、委员、由林文海、张善惠、邹光中、李润海、李大千、林凤梧、许国城、李庆云、吴子衔、陈捷圻各位先生通过、朋友
张川田,媒体,待复核,99,7,5,3,4,李敖颠倒众生(3)；李敖大哥大(3)；李敖议坛哀思录(1),民进党、委员、院长、电视、主席、国民党、节目
张牙医（五五日记）,医疗照护 / 见面 / 称谓待考,医疗照护,99,7,7,2,4,李敖五五日记(4)；挑战李敖(3),太太、午请牙医夫妇、兆扬夫妇、一起、像、朱校长、五姨、叶建丽夫妇、兆扬夫妇、张牙医夫妇、小屯
张菱舲,出版 / 朋友 / 见面,出版,99,7,7,5,6,李敖书翰集(3)；李敖快意恩仇录(1)；李敖风流自传(1)；李敖文存二集(1)；早年日记(1),学生、读、朋友、到我家、好友、文星、拜访、同学
张隆延,诗文出处 / 出版 / 文艺音乐,诗文出处,99,7,7,6,6,李敖书翰集(2)；教育与脸谱(1)；你笨蛋，你笨蛋(1)；千秋万岁乌鸦求是合集(1)；李敖随写录后集(1)；李敖秘密书房(1),诗、先生、送我、学生、对我说、文星、张隆延先生已答应替我们写
张默生,诗文出处 / 出版 / 朋友 / 历史类比引用,诗文出处,99,7,7,2,2,李敖书序集(5)；千秋万岁乌鸦求是合集(2),张默生、学生、分手、出版、国民党
徐佳士,师生 / 学术,师生,99,7,6,3,5,李敖大哥大(5)；求是新语(1)；李敖笑傲江湖(1),教授、学术、总统、委员、节目、像、学者、大学
徐荫轩,公职人员 / 学术 / 历史类比引用 / 神交引用,公职人员,99,7,7,2,3,中国迷信新研(6)；中国性研究(1),见、徐荫轩相国传见翰林，黄石荪往、盖闻豫瞎子言，樊教主割教妇阴
徐钟珮,出版 / 见面,出版,99,7,7,7,7,李敖自传与回忆(1)；李敖回忆录(1)；李敖快意恩仇录(1)；李敖风流自传(1)；李敖新刊(1)；千秋万岁乌鸦求是合集(1)；李敖笑傲江湖(1),见、大学、一起、太太、家里、写信、书中、学生
怀民,通信 / 公共论战,通信,99,7,7,5,6,李敖秘密书房(3)；李敖快意恩仇录(1)；李敖风流自传(1)；教育与脸谱(1)；李敖大哥大(1),学生、文星、读、父亲、夫人、写信、研究、委员
慈安太后,政治人物 / 历史类比引用 / 神交引用,政治人物,99,7,7,2,2,中国命研究(4)；中国迷信新研(3),联合慈安太后和恭亲王、杀了肃顺、太监李三顺带东西出宫、慈安太后害怕、在西太后还是懿贵妃的时候，慈安太后已经是皇后、清文宗咸丰生前，曾给了慈安太后一个密诏、西太后说：“太后病了
房东,亲属,待复核,99,7,5,4,5,李敖自传与回忆(3)；李敖大哥大(2)；你笨蛋，你笨蛋(1)；李敖秘藏日记(1),写信、朋友、告诉我、总统、碰到、警察、爸爸、书记官
敬新磨,媒体 / 神交引用,媒体,99,7,7,3,3,李敖文存二集(4)；李敖大哥大(2)；为自由招魂(1),朋友、县长
文化宣,政治人物 / 党务宣传,政治人物,99,7,7,4,4,李敖颠倒众生(4)；李敖回忆录(1)；中国迷信新研(1)；李敖笑傲江湖(1),宣传、委员、主席、部长、书店、文星、法院、国民党
施得旺,社会案件 / 公共论战,社会案件,99,7,7,1,1,为历史拨云(7),情书、台大、曾光秀先生、委员、情人、书中、镇民施得旺
时有很,见面 / 政治人物,见面,99,7,6,6,7,李敖大哥大(2)；李敖回忆录(1)；李敖风流自传(1)；李敖笑傲江湖(1)；挑战李敖(1)；李敖秘密书房(1),朋友、认识、碰到、写信、大学、部长、像、总统
时来,见面,见面,99,7,7,6,7,一个预备军官的日记(2)；早年日记(1)；大学日记后期乙集(1)；李敖书简集(1)；李敖秘密书房(1)；李敖大哥大(1),出版、杂志、朋友、访问、写信、读、太太、见
明天要,见面,待复核,99,7,4,5,6,一个预备军官的日记(2)；李敖秘密书房(2)；红色11(1)；大学日记后期乙集(1)；挑战李敖(1),像、见、请我、一起、选举、朋友、教授
暴民政,公共论战,公共论战,99,7,7,6,6,虽千万人，李敖往矣(2)；求是新语(1)；我梦碎，所以我梦醒(1)；李敖访谈录1990-2018(1)；李敖Talk秀(1)；李敖大哥大(1),政治、选举、告诉我、台独、法务部、总统、部长、民进党
曲颖生,师生 / 姻亲,师生,99,7,6,5,5,早年日记(2)；大学日记后期甲集(2)；李敖快意恩仇录(1)；大学日记后期乙集(1)；一个预备军官的日记(1),老师、见、先生、请我、大学、离婚、夫人
札奇斯钦,学术 / 出版 / 神交引用,学术,99,7,7,3,3,李敖自传与回忆(5)；为中国思想趋向求答案(1)；历史与人像(1),老师、先生、研究、北大、主席、学生、教授、委员
朱由全,军校学生 / 见面,军校学生,99,7,7,1,3,一个预备军官的日记(7),来信、太太、国民党、读、参谋
李传理,出版 / 创作资料协助,出版,99,7,7,3,3,李敖自传与回忆续集(4)；要把金针度与人(2)；李敖新刊(1),电话、结证、证人、找我、打电话、出版社、出版、本院
李塨,学术 / 神交引用,学术,99,7,7,6,6,要把金针度与人(2)；李敖风流自传(1)；独白下的传统(1)；你笨蛋，你笨蛋(1)；李敖对话录(1)；挑战李敖(1),学者、朋友、思想、引用、研究、学术、父亲、学生
李守孔,学术 / 诗文出处 / 历史类比引用,学术,99,7,7,4,4,中国现代史定论(3)；李敖笑傲江湖(2)；大学日记后期乙集(1)；一个预备军官的日记(1),见、序、书记官、法院、出版社、出版、著作、018/李守孔/中国最近四十年史
李崑材,同案狱友 / 创作资料协助 / 公共论战,同案狱友,99,7,7,1,1,李敖颠倒众生(7),李崑材主任、访问、受访
李广,军事人物 / 历史类比引用 / 神交引用,军事人物,99,7,7,5,6,一个预备军官的日记(2)；李敖书牍集(2)；李敖议坛哀思录(1)；大学日记后期乙集(1)；中国性研究(1),将军、研究、学者、父亲、主义、同学、妻
李德和,亲属 / 政治人物,亲属,99,7,7,1,1,我最难忘的事和人(7),家里、哥哥、委员、找我
李德林,姻亲,姻亲,99,7,7,1,1,李敖自传与回忆(7),太太、大学、爸爸、妹妹、儿子、嫁给、一起、国民党
李承晚,政治人物 / 公共论战 / 神交引用,政治人物,99,7,7,4,6,李敖大哥大(3)；一个预备军官的日记(2)；世论新语(1)；早年日记(1),总统、选举、妻
李模,学术行政 / 政治人物 / 公共论战,学术行政,99,7,7,2,2,李敖全集(6)；李敖议坛哀思录(1),记者、学生、见、部长、读、同仁、主席、委员
李洁明,政治人物 / 通信,政治人物,99,7,6,3,3,阳痿美国(5)；求是新语(1)；李敖随写录前集(1),政府、电报、见、总统、部长、特务、朋友、哥哥
李璎,亲属 / 财产债务 / 社会案件 / 通信,亲属,99,7,7,6,6,李敖书笺集(2)；李敖回忆录(1)；李敖风流自传(1)；李敖相关(1)；李敖书启集(1)；李敖大哥大(1),弟弟、台大、嫁给、结婚、李璎女士、台湾中小企业银行板桥分行抵押借款、产权、法官
李膺,政治人物 / 学术 / 政治异议者 / 历史类比引用 / 神交引用,政治人物,99,7,7,4,4,为历史拨云(4)；李敖书信集(1)；要把金针度与人(1)；中国命研究(1),见、思想、清流人士李膺、李元礼风格秀整、《世说新语》作者刘义庆
李邕,公职人员 / 诗文出处 / 文艺音乐 / 历史类比引用 / 神交引用,公职人员,99,7,7,1,3,中国艺术新研(7),见、唐李邕善书、古人、李北海云
杨宪村,政治人物 / 公共论战 / 出版,政治人物,99,7,7,4,5,李敖议坛哀思录(3)；李敖大哥大(2)；李敖快意恩仇录(1)；李敖Talk秀(1),民进党、国民党、先生、序、总统、封杀、朋友、访问
杨廷筠,宗教人物 / 学术 / 创作资料协助 / 历史类比引用 / 神交引用,宗教人物,99,7,7,1,2,中国近代史新论(7),太太、见、书里、先生、显宦如徐光启、李之藻、杨廷筠、神父郭仰凤通过受洗、杨廷筠也是因为有姨太太
杨拯民,通信 / 亲属 / 创作资料协助 / 历史类比引用,通信,99,7,7,1,1,中国现代史正论(7),将军、父亲、电报、记者、先生
杨祖燕,同学 / 见面,同学,99,7,7,6,6,大学日记后期甲集(2)；李敖自传与回忆(1)；我最难忘的事和人(1)；李敖回忆录(1)；大学日记后期乙集(1)；一个预备军官的日记(1),大学、碰到、写信、朋友、研究、论文、夫人
杨秉钺,司法人员 / 诉讼 / 公共论战 / 创作资料协助,司法人员,99,7,7,5,5,李敖书信集(2)；李敖书函集(2)；李敖自传与回忆续集(1)；李敖快意恩仇录(1)；李敖书札集(1),法官、诗、法院、判决、上诉、马元枢、刘煥宇、杨秉钺、孙森焱、陈计男法官、四十八位推事
杨维桢,诗文出处 / 学术 / 历史类比引用 / 神交引用,诗文出处,99,7,7,1,1,读史指南(7),书目作者表、元：杨维桢（廉夫）
杨荣,司法人员 / 诉讼 / 公共论战 / 创作资料协助,司法人员,99,7,7,5,5,李敖书信集(2)；李敖书函集(2)；李敖自传与回忆续集(1)；李敖文存(1)；李敖书札集(1),法官、钟惠臣、杨荣、陈石狮法官、四十八位推事
林登森,诉讼 / 情治警务,诉讼,99,7,7,1,1,李敖随写录前集(7),林登森、法院、请他、法官
林蔚,军事人物 / 公职人员 / 政治人物 / 历史类比引用,军事人物,99,7,7,3,3,李敖书笺集(4)；李敖书牍集(2)；我梦碎，所以我梦醒(1),部长、参谋、主席、政府、国民党、秘书、蔚文是林蔚的字、谷外，还有俞济时、林蔚、蒋经国、张厉生
林见中,同案狱友 / 证人见证 / 刑求受害 / 创作资料协助,同案狱友,99,7,7,1,1,李敖书牍集(7),见、一起、调查局、检察官、书记官、像、在押的另案被告林见中、当林见中跟我一起“放风”
林长民,政治人物 / 学术 / 公职人员 / 历史类比引用,政治人物,99,7,7,2,2,李敖秘密书房(4)；中国近代史新论(3),情书、像、父亲、读、同在、生了吴樾、居正、林长民、谭延闿、外交汪大燮，财政梁启超，陆军王士珍，海军刘冠雄，教育张一麐，农商张国淦，司法林长民、爸爸
查某,亲属,待复核,99,7,5,4,6,一个预备军官的日记(2)；中国性研究(2)；李敖大哥大(2)；李敖秘密书房(1),政府、父亲、县长、告诉我、母亲、委员、像
树生,军校学生 / 见面 / 称谓待考,军校学生,99,7,7,1,2,一个预备军官的日记(7),树生
桓温,政治人物 / 军事人物 / 神交引用,政治人物,99,7,7,6,6,读史指南(2)；传统下的独白(1)；波波颂(1)；上下古今谈(1)；李敖新刊(1)；挑战李敖(1),太太、见、妹妹、夫人、娶、法院、控告、像
梁寒操,政治人物 / 公职人员 / 诗文出处 / 历史类比引用,政治人物,99,7,7,3,3,李敖笑傲江湖(4)；李敖书笺集(2)；李敖书启集(1),认识、将军、像、助理、秘书、委员、主义、梁寒操（均默）先生
梅长龄,媒体 / 党务宣传 / 公共论战,媒体,99,7,7,4,4,李敖笑傲江湖(3)；李敖秘密书房(2)；李敖快意恩仇录(1)；李敖语录(1),国民党、打电话、电话、导演、派中影的梅长龄到香港
欧洲有,亲属,待复核,99,7,5,5,7,挑战李敖(2)；李敖大哥大(2)；李敖快意恩仇录(1)；要把金针度与人(1)；李敖秘密书房(1),思想、主义、家里、朋友、政治、像
段所谓,编辑,编辑,99,7,7,2,3,千秋万岁乌鸦求是合集(5)；李敖新刊(2),发行、出版、所谓、上诉、政治
段玉裁,诗文出处,诗文出处,99,7,5,5,6,读史指南(2)；要把金针度与人(2)；我梦碎，所以我梦醒(1)；早年日记(1)；中国性研究(1),古人、诗、学生、书目作者表、研究、见
殷同,公职人员 / 诗文出处 / 历史类比引用,公职人员,99,7,7,1,1,中国现代史正论(7),国民党、北宁铁路管理局局长殷同、据殷同《故都新忆》、高宗武④、余翔麟，参加员是殷同、李择一、时〔殷〕桐声在旁亦变色
毛松枫,同案狱友 / 被害人 / 医疗照护 / 人权救援,同案狱友,99,7,7,2,2,李敖自传与回忆续集(5)；李敖书简集(2),检察官、看守所、舍房、健康检查、病房、死了毛松枫，今年1月14日死了张权，19日死了林志新
汪家声,司法人员 / 诉讼,司法人员,99,7,7,3,4,李敖笑傲江湖(5)；李敖快意恩仇录(1)；李敖风流自传(1),法官、法院、警总、军法、警备总部、国民党、老师、像
沈宗琳,编辑,待复核,99,7,5,2,2,李敖书信集(4)；千秋万岁乌鸦求是合集(3),编辑、总编辑、总统、委员、国民党、政治、朋友、主编
沈沉,出版,出版,99,7,7,5,7,千秋万岁乌鸦求是合集(3)；李敖回忆录(1)；李敖风流自传(1)；李敖全集(1)；李敖新刊(1),文星、大学、文学、爸爸、秘书、总统、读
沈野,媒体 / 财产债务 / 创作资料协助 / 公共论战,媒体,99,7,7,2,3,李敖笑傲江湖(6)；李敖颠倒众生(1),报导、杂志、访问、像、独家报导的社长叫沈野、教授、台大、委员
温锦丰,看守戒护 / 监狱行政 / 诉讼 / 财产债务,看守戒护,99,7,7,2,2,李敖情书集(5)；李敖自传与回忆续集(2),管理员、辩护人、公设辩护人、辩护、岗哨、监狱、警察、临时管理员
熊钰铮,同案狱友 / 财产债务 / 诉讼,同案狱友,99,7,7,2,2,李敖情书集(6)；李敖自传与回忆续集(1),起诉、熊钰铮、请他、管理员、岗哨、辩护人、公设辩护人、辩护
牛牢,历史类比引用 / 神交引用,历史类比引用,99,7,7,1,2,虽千万人，李敖往矣(7),朋友、学生、一起、读
牛魔王,虚拟人物 / 小说剧本人物 / 称谓待考 / 出版,虚拟人物,99,7,7,4,4,李敖秘藏日记(3)；李敖相关(2)；早年日记(1)；李敖书翰集(1),出版、政府、发行、代理、教授、爸爸、出版社、院长
王实味,出版 / 政治异议者 / 神交引用,出版,99,7,7,2,2,求是新语(6)；李敖访谈录1990-2018(1),共产党、妻、冤案、见、主席、部长
王康陆,政治人物 / 政治异议者 / 人权救援 / 诉讼,政治人物,99,7,7,2,2,李敖随写录后集(6)；李敖随写录前集(1),王康陆、台独、儿子、看守所、所长、秘书、读、民进党
王武,军事人物,军事人物,99,7,7,5,5,我梦碎，所以我梦醒(3)；我最难忘的事和人(1)；上下古今谈(1)；李敖语录(1)；李敖五五日记(1),记者、上校、秘书、部长、党部、中将、参谋、朋友
王浩,学术 / 神交引用,学术,99,7,7,5,5,李敖文存(3)；李敖风流自传(1)；李敖全集(1)；千秋万岁乌鸦求是合集(1)；李敖秘密书房(1),见、同学、学者、学术、哲学、家中、像、刑求
王瑶,司法人员 / 诉讼 / 公共论战,司法人员,99,7,7,3,4,李敖笑傲江湖(4)；千秋万岁乌鸦求是合集(2)；李敖回忆录(1),法官、判决、法院、上诉、警察、书里、还有这个王瑶、老师
王甲乙,司法人员 / 诉讼 / 公共论战,司法人员,99,7,7,2,3,李敖笑傲江湖(6)；红色11(1),法官、法院、像、武汉大旅社的命案、院长、检察长、政治、最高法院刚刚下来的院长王甲乙
王纪五,学术 / 诉讼,学术,99,7,7,5,5,李敖五五日记(2)；李敖随写录前集(2)；中国性研究(1)；李敖笑傲江湖(1)；李敖颠倒众生(1),碰到、儿子、报纸、律师、张忠琳代王纪五出庭、姻亲、女儿、研究
王船山,诗文出处 / 学术 / 历史类比引用 / 神交引用,诗文出处,99,7,7,5,6,千秋万岁乌鸦求是合集(2)；李敖书牍集(2)；李敖自传与回忆续集(1)；李敖回忆录(1)；要把金针度与人(1),学者、学生、大学、太太、研究、诗、政府、国民党
王菲,文艺音乐 / 媒体 / 见面,文艺音乐,99,7,7,4,6,李敖笑傲江湖(2)；李敖秘密书房(2)；李敖Talk秀(2)；李敖回忆录(1),朋友、到我家、见、将军、家里、我家来、政治、文学
王蒲臣,情治警务 / 军事人物 / 朋友 / 证人见证,情治警务,99,7,7,2,2,我最难忘的事和人(4)；李敖笑傲江湖(3),请我、委员、将军、研究、像、叫王蒲臣将军
王铁汉,军事人物,军事人物,99,7,7,5,5,李敖颠倒众生(3)；早年日记(1)；一个预备军官的日记(1)；李敖札记(1)；李敖书启集(1),主席、将军、太太、委员、北大、问我、碰到、研究
王锦村,司法人员 / 诉讼 / 公共论战,司法人员,99,7,7,1,1,李敖笑傲江湖(7),法官、政府、报纸、碰到、判决、批评、法官就碰到了这个黄清江、王锦村、庄秋桃
申告,见面,见面,99,7,7,5,6,李敖秘密书房(3)；独白下的传统(1)；你是景福门(1)；你笨蛋，你笨蛋(1)；李敖大哥大(1),法庭、像、碰到、告发、法官、控告、法院、警察
白万祥,军事人物 / 通信,军事人物,99,7,6,4,5,李敖大哥大(4)；李敖回忆录(1)；李敖风流自传(1)；李敖书启集(1),国民党、将军、请我、情治、中将、写信、打电话、电话
白看,财产债务 / 公共论战,财产债务,99,7,7,1,1,李敖大哥大(7),财产、国民党、像、选举、电视
皮肉生,神交引用,神交引用,99,7,6,4,4,李敖对话录(3)；李敖全集(2)；李敖文存(1)；一个预备军官的日记(1),所谓、一起、像、政治、杂志、参谋、报导
石坚,政治人物 / 政治异议者 / 人权救援 / 刑求受害 / 公共论战,政治人物,99,7,7,5,5,李敖书简集(3)；李敖快意恩仇录(1)；千秋万岁乌鸦求是合集(1)；李敖笑傲江湖(1)；挑战李敖(1),委员、石坚乡长、请我、对我说、见、石坚夫人、一起、爸爸
石文杰,师生,师生,99,7,7,3,4,李敖回忆录(3)；李敖风流自传(2)；李敖新刊(2),见、送我、老师、节目、电视、同学
石油公,出版,待复核,99,7,4,4,5,挑战李敖(3)；李敖大哥大(2)；阳痿美国(1)；李敖书简集(1),报纸、财产、政府、法院、部长
石缦仪,诗文出处 / 历史类比引用 / 神交引用,诗文出处,99,7,7,3,6,大学日记后期乙集(4)；大学日记后期甲集(2)；李敖报刊集(1),研究、文星、碰到、妈妈、诗、写信、报导、政治
科拉松·阿基诺,政治人物 / 公共论战,政治人物,99,7,7,2,3,世论新语(6)；挑战李敖(1),总统、记者、控告、夫人、政府、选举、政治、像
秦孝公,政治人物 / 历史类比引用 / 神交引用,政治人物,99,7,7,3,3,要把金针度与人(4)；读史指南(2)；李敖秘密书房(1),见、见到、贾谊《过秦论》说、告诉我
程东白,师生,师生,99,7,7,5,6,一个预备军官的日记(3)；李敖自传与回忆(1)；李敖回忆录(1)；李敖风流自传(1)；早年日记(1),老师、大学、父亲、主义
程有美,朋友 / 通信 / 见面,朋友,99,7,7,3,4,大学日记后期乙集(4)；一个预备军官的日记(2)；大学日记后期甲集(1),一起、诗、找我、黄、王、程、写信、思想、来信、学生
程烈,政治人物 / 公职人员 / 军事人物 / 创作资料协助,政治人物,99,7,7,6,6,李敖书启集(2)；李敖回忆录(1)；李敖风流自传(1)；大学札记(1)；李敖笑傲江湖(1)；李敖Talk秀(1),学生、师生、爸爸、委员、国民党、妈妈、政府、程烈
穆闽珠,学术 / 公共论战,学术,99,7,7,5,6,李敖议坛哀思录(3)；求是新语(1)；虽千万人，李敖往矣(1)；李敖书启集(1)；挑战李敖(1),法院、委员、院长、国民党、碰到、立委、法官、见
空军总,政治人物 / 军事人物,政治人物,99,7,6,5,7,李敖随写录后集(2)；李敖大哥大(2)；李敖议坛哀思录(1)；你笨蛋，你笨蛋(1)；李敖笑傲江湖(1),部长、司令、见、委员、政战、土地、主义、太太
章筠倩,亲属 / 婚姻相关,亲属,99,7,7,1,1,李敖随写录前集(7),任显群夫人、女儿、太太、结婚、夫人、女士
童轩荪,通信 / 出版 / 创作资料协助,通信,99,7,7,3,4,要把金针度与人(4)；千秋万岁乌鸦求是合集(2)；李敖杂文集(1),读、女儿、传记、文学、选举、童轩荪信上说、居浩然自波士顿西来、大学
笛卡儿,学术 / 科学家 / 历史类比引用 / 神交引用,学术,99,7,7,5,6,虚拟的十七岁(2)；虽千万人，李敖往矣(2)；李敖回忆录(1)；上山·上山·爱(1)；李敖书札集(1),思想、诗、选举、哲学、民进党、名言、国民党、大学
索菲亚罗兰,文艺音乐 / 媒体 / 历史类比引用 / 神交引用,文艺音乐,99,7,7,2,2,李敖书札集(6)；李敖情书集(1),索菲亚罗兰
约翰·马歇尔,司法人员 / 政治人物 / 历史类比引用 / 神交引用,司法人员,99,7,7,4,5,阳痿美国(4)；李敖议坛哀思录(1)；虚拟的十七岁(1)；李敖秘密书房(1),法官、法院、政府、判决、院长、土地、主义、像
经发表,出版,出版,99,7,7,6,7,挑战李敖(2)；教育与脸谱(1)；北京法源寺(1)；李敖报刊集(1)；李敖秘密书房(1)；李敖大哥大(1),杂志、授课、同学、研究、台大、宣传、读、告诉我
经执行,司法人员,司法人员,99,7,6,5,6,千秋万岁乌鸦求是合集(3)；李敖自传与回忆(1)；你笨蛋，你笨蛋(1)；李敖新刊(1)；李敖秘密书房(1),检察官、上校、结证、监狱、立委、国民党、政治、杂志
罗明坚,宗教人物 / 诗文出处 / 历史类比引用 / 神交引用,宗教人物,99,7,7,1,1,中国近代史新论(7),见、罗明鉴（敖按：罗明鉴当作罗明坚、意大利人罗明坚
罗永黎,监狱行政 / 见面,监狱行政,99,7,7,3,4,李敖风流自传(3)；李敖回忆录(2)；千秋万岁乌鸦求是合集(2),所长、保安处、看守所、见、见到、台独、到我家、我家来
胡仔,诗文出处 / 学术考证引用 / 历史类比引用 / 神交引用,诗文出处,99,7,7,3,4,历史与人像(3)；读史指南(2)；中国性研究(2),离婚、判决、书目作者表、妻、胡仔《苕溪渔隐丛话》
胡宗南,军事人物 / 姻亲,军事人物,99,7,7,4,5,我最难忘的事和人(2)；李敖笑傲江湖(2)；李敖大哥大(2)；李敖随写录前集(1),国民党、太太、研究、师长、司令、军长、参谋、请他
能停止,公共论战,公共论战,99,7,6,5,7,李敖议坛哀思录(2)；世论新语(2)；虽千万人，李敖往矣(1)；李敖对话录(1)；挑战李敖(1),国民党、民进党、院长、共产党、委员、政治
能力所,公共论战,公共论战,99,7,5,7,7,李敖全集(1)；文化论战丹火录(1)；为中国思想趋向求答案(1)；为自由招魂(1)；一个预备军官的日记(1)；李敖对话录(1)；挑战李敖(1),思想、批评、所长、出版、政府、宣传、总统、市长
能放弃,政治人物,政治人物,99,7,6,6,6,中国现代史正论(2)；你是景福门(1)；北京法源寺(1)；李敖笑傲江湖(1)；李敖秘密书房(1)；李敖颠倒众生(1),委员、总统、教授、台大、立委、台独、政府、见
艾儒略,宗教人物 / 诗文出处 / 历史类比引用 / 神交引用,宗教人物,99,7,7,1,2,中国近代史新论(7),拜访、序、意大利人艾儒略在《大西利先生行迹》、遂与同会庞顺阳以礼部文引、艾儒略《职方外纪》一书的序文、哲学
艾奇逊,政治人物 / 历史类比引用 / 神交引用,政治人物,99,7,7,4,6,为自由招魂(2)；阳痿美国(2)；虽千万人，李敖往矣(2)；李敖颠倒众生(1),总统、共产党、说过
苏宗显,出版 / 证人见证 / 诉讼,出版,99,7,7,4,4,李敖自传与回忆续集(4)；李敖回忆录(1)；李敖风流自传(1)；李敖新刊(1),出版、打电话、电话、结证、出版社、请我、找我、见
苏淑娟,亲属 / 通信 / 公共论战,亲属,99,7,7,1,1,李敖书信集(7),苏秋镇之女、来信、回“苏秋镇之女”的一封信、苏淑娟来信
苏联签,政治人物,政治人物,99,7,7,4,7,李敖大哥大(4)；李敖笑傲江湖(1)；挑战李敖(1)；李敖秘密书房(1),国民党、政府、所谓、总统、委员、部长、像、节目
范源廉,政治人物 / 学术行政 / 公职人员 / 历史类比引用,政治人物,99,7,7,2,2,历史与人像(4)；中国近代史新论(3),出版、序、读、文学、像、见、其实是汤化龙，职位本是范源廉
荷西,神交引用,神交引用,99,7,7,6,7,李敖风流自传(2)；波波颂(1)；千秋万岁乌鸦求是合集(1)；李敖语录(1)；李敖笑傲江湖(1)；李敖秘密书房(1),国民党、老师、编辑、总编辑、总统、委员、政治、情人
莫辛,出版 / 公共论战,出版,99,7,7,2,2,文化论战丹火录(6)；李敖全集(1),政治、文星、批评、出版、论战、先生
莫里哀,诗文出处 / 历史类比引用 / 神交引用,诗文出处,99,7,7,3,3,上山·上山·爱(3)；李敖秘密书房(3)；坐牢家爸爸给女儿的八十封信(1),见、出版、Molière and Shaw、著作、书里、出版社、女士
萧铮,政治人物 / 公共论战,政治人物,99,7,7,4,4,你是景福门(2)；李敖新刊(2)；千秋万岁乌鸦求是合集(2)；一个预备军官的日记(1),土地、教授、见、认识、委员
葛树楷,社会案件 / 证人见证,社会案件,99,7,7,1,1,中国性研究(7),管理员、管理员葛树楷、见、妻、葛树楷之妻郭碧玉
董英斌,军事人物 / 证人见证 / 历史类比引用,军事人物,99,7,7,1,2,中国现代史正论(7),参谋、军长、思想、司令、董英斌代表王以哲军长主持、于学忠、万福麟、刘多荃、缪澄流、吴克仁、董英斌、见、广播
蒋孝刚,亲属 / 财产债务 / 公共论战,亲属,99,7,7,2,3,李敖笑傲江湖(4)；挑战李敖(3),儿子、政府、法院、土地、序、最后戏法变到蒋孝刚
蒋家语,通信 / 证人见证,通信,99,7,7,3,3,李敖书笺集(3)；李敖自传与回忆续集(2)；挑战李敖(2),警总、政战、律师、请蒋家语转交骆学良先生、古代
蒲鲁东,学术 / 政治异议者 / 神交引用,学术,99,7,7,3,4,虽千万人，李敖往矣(4)；红色11(2)；李敖全集(1),共产党、财产、主义、书里、哲学、文学、碰到、女儿
蓝波,虚拟人物 / 媒体 / 神交引用,虚拟人物,99,7,7,4,4,虚拟的十七岁(4)；你笨蛋，你笨蛋(1)；阳痿美国(1)；挑战李敖(1),像、杂志、报纸、电视、广播、宣传、主义、上校
褒姒,历史类比引用 / 情感 / 神交引用,历史类比引用,99,7,7,5,6,李敖语录(2)；读史指南(2)；传统下的独白(1)；北京法源寺(1)；要把金针度与人(1),古人、太太、像、褒姒的笑、管仲的智、齐桓的信、曹沫的无赖、晏蛾儿的愚忠、介子推的清高、晏子的识大体、伍子胥的鞭尸、苏秦的合纵、蔺相如的完璧归赵
詹宏志,出版 / 媒体 / 创作资料协助,出版,99,7,7,5,5,要把金针度与人(2)；李敖笑傲江湖(2)；千秋万岁乌鸦求是合集(1)；李敖随写录后集(1)；李敖秘密书房(1),支票、读、见、教授、大学、林明德（辅仁大学中文系教授）、詹宏志、李传理、朋友、先生
许散愁,学术 / 历史类比引用 / 神交引用,学术,99,7,7,3,3,李敖书札集(4)；李敖Talk秀(2)；虽千万人，李敖往矣(1),见、娶、政治、许散愁曰
谢士明,医疗照护 / 朋友 / 学术行政 / 见面,医疗照护,99,7,7,2,4,李敖访谈录1990-2018(5)；李敖大哥大(2),院长、朋友、像、谢士明、找我、谢士明谢院长、古人、律师
谷凤翔,政治人物 / 见面,政治人物,99,7,7,4,4,李敖快意恩仇录(3)；红色11(2)；我最难忘的事和人(1)；李敖风流自传(1),秘书、法院、党部、总统、见、国民党、访问、家里
贾充,历史类比引用 / 政治人物 / 神交引用,历史类比引用,99,7,7,3,3,中国性研究(5)；传统下的独白(1)；李敖语录(1),见、告诉我、女儿、书里、妻、夫人、陈顾远记录、娶
贾公彦,诗文出处 / 学术 / 历史类比引用 / 神交引用,诗文出处,99,7,7,3,3,读史指南(4)；为历史拨云(2)；历史与人像(1),书目作者表、妻、离婚、诗、贾公彦疏
路国华,政治人物 / 公职人员 / 公共论战,政治人物,99,7,7,2,4,李敖书函集(6)；李敖书启集(1),东北籍国代路国华
达芬奇,文艺音乐 / 科学家 / 历史类比引用 / 神交引用,文艺音乐,99,7,7,3,3,虚拟的十七岁(3)；李敖情书集(2)；坐牢家爸爸给女儿的八十封信(2),妈妈、像、父亲、主义、达文西、爸爸、结婚、律师
邓肯,文艺音乐 / 诗文出处 / 历史类比引用 / 神交引用,文艺音乐,99,7,7,4,4,李敖报刊集(3)；上下古今谈(2)；李敖风流自传(1)；李敖语录(1),夫人、史学、传记、批评、离婚、财产、编辑、诗
邢森洲,情治警务 / 见面,情治警务,99,7,7,1,1,我最难忘的事和人(7),认识、太太、娶、离婚、见、见面、将军、书中
那人家,见面,见面,99,7,6,4,7,李敖秘密书房(3)；李敖笑傲江湖(2)；李敖颠倒众生(1)；李敖大哥大(1),像、司令、告诉我、晤、一起、学生
那种像,神交引用,神交引用,99,7,7,3,7,李敖秘密书房(4)；李敖大哥大(2)；李敖颠倒众生(1),像、老师、研究、家里
邱垂亮,学术 / 选举助选,学术,99,7,7,6,6,李敖随写录前集(2)；李敖杂文集(1)；李敖书笺集(1)；中国性研究(1)；李敖颠倒众生(1)；李敖大哥大(1),教授、主义、像、邱垂亮、弟弟、证人、政治、读
邱彰说,媒体,媒体,99,7,5,2,3,李敖大哥大(6)；李敖秘密书房(1),法院、记者、节目、民进党、政治、像、所谓
邱永汉,师生,师生,99,7,7,4,4,你笨蛋，你笨蛋(3)；李敖五五日记(2)；李敖议坛哀思录(1)；李敖对话录(1),台独、委员、政府、政治、教授、代理、报导、总统
邵冰如,媒体,媒体,99,7,7,2,2,李敖颠倒众生(5)；李敖访谈录1990-2018(2),小姐、报导、记者、我家来、邵冰如、找我、总统、选举
邵宇,文艺音乐 / 公职人员 / 历史类比引用,文艺音乐,99,7,7,1,1,中国艺术新研(7),邵宇、出版社、出版、作品
邹鲁,诗文出处 / 政治人物 / 历史类比引用,诗文出处,99,7,7,2,2,中国现代史定论(5)；中国现代史正论(2),委员、据邹鲁《回顾录》、主义、国民党、007/邹鲁/中国国民党史略（三十四年）、009/邹鲁/回顾录（三十五年）
郑余镇,政治人物 / 政治异议者 / 选举助选 / 公共论战 / 见面,政治人物,99,7,7,6,6,李敖秘藏日记(2)；你是景福门(1)；李敖语录(1)；李敖书简集(1)；李敖书札集(1)；李敖大哥大(1),法院、主席、立委、民进党、郑余镇、记者、委员、许荣淑和郑余镇
郭学周,刑求人员,刑求人员,99,7,7,2,2,李敖笑傲江湖(5)；李敖快意恩仇录(2),保安处、见、警备总部、少将、政府、警总、情治、打电话
郭璞,学术 / 宗教人物 / 诗文出处 / 历史类比引用 / 神交引用,学术,99,7,7,3,3,读史指南(4)；中国迷信新研(2)；要把金针度与人(1),书目作者表、见、郭璞“尝为人葬”
郭紫峻,情治警务 / 政治人物,情治警务,99,7,7,4,5,我最难忘的事和人(3)；李敖风流自传(2)；李敖自传与回忆(1)；李敖回忆录(1),特务、国民党、爸爸、委员
都能做,神交引用,神交引用,99,7,6,6,6,李敖全集(2)；李敖杂文集(1)；北京法源寺(1)；李敖随写录后集(1)；中国性研究(1)；李敖大哥大(1),像、诗、父亲、访问、夫人、学者、法院、说过
都要受,司法人员 / 政治人物,司法人员,99,7,6,6,7,千秋万岁乌鸦求是合集(2)；我最难忘的事和人(1)；传统下的独白(1)；为中国思想趋向求答案(1)；李敖语录(1)；挑战李敖(1),大学、法官、律师、读、法院、总统、见、法庭
都配合,公共论战 / 司法人员,公共论战,99,7,6,5,7,李敖议坛哀思录(2)；李敖笑傲江湖(2)；李敖风流自传(1)；虚拟的十七岁(1)；挑战李敖(1),民进党、政治、太太、法院、检察官、起诉、法官、国民党
释昭慧,宗教人物 / 诗文出处 / 通信 / 诉讼 / 公共论战,宗教人物,99,7,7,2,3,李敖书函集(6)；李敖书启集(1),昭慧女史：、打官司的讨论、李敖致释昭慧、报社吕小姐转告、致释昭慧
金兰大厦欠缴邻居（李敖书函集）,邻居 / 社会案件 / 财产债务 / 称谓待考,邻居,99,7,7,1,1,李敖书函集(7),不识大体的部分邻居、C座之四楼（许金川）、十一楼（吴子衔）、十二楼（李丽卿）、十四楼（林世鹏）、D座之一楼（107山西面食馆）、三楼（程灝）、十三楼（人在南部）、十四楼（岳翼民）、F座之五楼（洪允典）
金戴熹,同学 / 通信 / 出版,同学,99,7,7,2,2,李敖书翰集(6)；早年日记(1),学生、朋友、警察、思想、同学、复金戴熹论留学生立场、戴熹兄：、杨敏京还未来同我碰头
阎振兴,学术行政 / 学术,学术行政,99,7,7,7,7,李敖文存二集(1)；李敖语录(1)；一个预备军官的日记(1)；李敖札记(1)；李敖书札集(1)；李敖书启集(1)；挑战李敖(1),台大、学生、问我、警总、大学、保释、校长、报导
阮成章,亲属 / 刑求人员,亲属,99,7,7,2,2,李敖快意恩仇录(5)；李敖秘密书房(2),调查局、爸爸、中将、参谋、问我、少将
陆专家,亲属 / 师生,待复核,99,7,4,3,4,李敖访谈录1990-2018(4)；李敖大哥大(2)；世论新语(1),家里、教授、哲学
陆正,被害人 / 社会案件,被害人,99,7,7,1,1,李敖随写录后集(7),陆正
陈华洲,学术 / 社会案件 / 刑求受害,学术,99,7,7,3,4,红色11(5)；李敖全集(1)；教育与脸谱(1),教授、台大、大学、刑求、调查局、证人、法官、研究
陈嘉宏,媒体,媒体,99,7,7,3,3,李敖颠倒众生(4)；李敖访谈录1990-2018(2)；李敖秘密书房(1),记者、总统、报导、陈嘉宏台北报导、台独、访问、选举、所谓
陈培基,司法人员 / 诉讼 / 创作资料协助,司法人员,99,7,7,4,4,李敖书笺集(3)；李敖书函集(2)；李敖自传与回忆续集(1)；李敖回忆录(1),诗、判决、推事、法官、权状、检察官、上诉、第二审推事陈培基、张济团、谢家鹤
陈士宽,同学,同学,99,7,7,5,5,李敖自传与回忆(2)；李敖书牍集(2)；我最难忘的事和人(1)；李敖回忆录(1)；早年日记(1),老师、父亲、拳头、同学、学生、国民党、请我、见
陈庚金,政治人物 / 党务宣传 / 公共论战,政治人物,99,7,7,2,5,挑战李敖(5)；李敖秘密书房(2),国民党、党部、委员、院长、民进党、哲学、像、总统
陈振孙,学术 / 诗文出处 / 历史类比引用 / 神交引用,学术,99,7,7,3,5,历史与人像(3)；要把金针度与人(3)；中国艺术新研(1),思想、见、引用、历史上、政治、陈振孙说、出版社、出版
陈清波,军事人物 / 刑求人员,军事人物,99,7,7,1,1,波波颂(7),警总、见、杂志、读、出版、将军、先生、父亲
陈纪滢,出版 / 媒体 / 公共论战,出版,99,7,7,3,3,为自由招魂(3)；为历史拨云(3)；李敖书启集(1),中将、作品、认识、见、访问、记者、报导、接见
陈翰珍,政治人物 / 党务宣传 / 公职人员 / 公共论战,政治人物,99,7,7,2,2,李敖随写录后集(6)；求是新语(1),一起、委员、总统、书店、党部、党务、见、政治
陈芝麻,政治人物,政治人物,99,7,7,1,1,李敖大哥大(7),总统、一起、刑警、所谓
雍正,政治人物 / 公职人员 / 历史类比引用 / 神交引用,政治人物,99,7,7,3,4,读史指南(3)；中国近代史新论(3)；挑战李敖(1),俄国使臣萨瓦、见、研究、康、雍、乾三期、雍正五年，俄罗斯遣其官生鲁克佛多、德宣宛、喀喇、希木
韩复榘,军事人物 / 政治人物 / 历史类比引用,军事人物,99,7,7,6,6,李敖书序集(2)；李敖文存(1)；千秋万岁乌鸦求是合集(1)；中国现代史正论(1)；中国现代史定论(1)；李敖笑傲江湖(1),国民党、韩复榘、南方的李白、北方的韩宋、大学、政府、司令、旅长、参谋
项迺光,感化人员 / 情治警务 / 朋友 / 见面,感化人员,99,7,7,5,7,李敖自传与回忆(2)；我最难忘的事和人(2)；李敖回忆录(1)；李敖风流自传(1)；千秋万岁乌鸦求是合集(1),国民党、学者、所谓、弟弟、朋友
马哥做,政治人物 / 监狱行政,政治人物,99,7,6,4,6,李敖大哥大(4)；挑战李敖(1)；李敖秘密书房(1)；李敖Talk秀(1),法务部、部长、法院、市长、见、国民党、像、监狱
马忠良,媒体 / 通信,媒体,99,7,7,3,3,李敖五五日记(3)；上下古今谈(2)；李敖语录(2),编辑、记者、马忠良
马树礼,政治人物 / 党务宣传 / 公共论战,政治人物,99,7,7,5,5,李敖书牍集(3)；李敖语录(1)；李敖札记(1)；李敖书启集(1)；中国性研究(1),姻亲、秘书、国民党、研究、政府、党务、见、马树礼所说的“面对新的一年
高位阶,学术行政,学术行政,99,7,7,3,4,李敖颠倒众生(4)；李敖议坛哀思录(2)；李敖大哥大(1),院长、研究、中央研究院、学术、委员、思想、政治、部长
高教司,学术 / 监狱行政,学术,99,7,6,4,5,李敖笑傲江湖(4)；李敖快意恩仇录(1)；李敖风流自传(1)；教育与脸谱(1),大学、秘书、见、教授、委员
高诱,诗文出处 / 学术 / 历史类比引用 / 神交引用,诗文出处,99,7,7,3,4,要把金针度与人(4)；为历史拨云(2)；读史指南(1),见、高诱所说的“兵法五千言”、书目作者表
黄以周,学术 / 神交引用,学术,99,7,7,4,4,为历史拨云(4)；波波颂(1)；文化论战丹火录(1)；一个预备军官的日记(1),先生、所谓、见、读、古人、说过、学生、朋友
黄可嘉,财产债务 / 创作资料协助 / 公共论战,财产债务,99,7,7,1,1,李敖笑傲江湖(7),像、报导、调查局、黄可嘉，他根本不是军统的人、独家报导的社长叫沈野
黄宗宏,编辑 / 姻亲 / 司法人员,编辑,99,7,7,2,3,李敖秘密书房(4)；挑战李敖(3),法官、仓储、太太、委员、报纸
黄斌老,诗文出处 / 历史类比引用 / 神交引用,诗文出处,99,7,7,1,2,中国艺术新研(7),诗、见、一起、秘书、古人、名言
黄欣欣,律师代理 / 诉讼 / 公共论战,律师代理,99,7,7,1,1,挑战李敖(7),律师、事务、请我、报纸、读、节目、电视、总统
黄正,被害人 / 社会案件 / 同案狱友 / 证人见证 / 诗文出处,被害人,99,7,7,2,2,李敖书序集(6)；我最难忘的事和人(1),黄正、学生、姐姐、妹妹、大学、秘书、警备总部
黄炎培,政治人物 / 诗文出处 / 历史类比引用 / 神交引用,政治人物,99,7,7,3,3,李敖札记(4)；李敖Talk秀(2)；李敖书序集(1),委员、共产党、主义、黄炎培记蒋介石暗杀事、老革命党黄炎培、院长、宣传、一起
黄秋雄,资金支持 / 创作资料协助 / 朋友,资金支持,99,7,7,3,3,李敖笑傲江湖(5)；李敖回忆录(1)；李敖风流自传(1),政府、记者、记者招待会、朋友、先生
黄老生,公职人员 / 出版管制 / 公共论战,公职人员,99,7,7,2,3,李敖书牍集(4)；挑战李敖(3),市长、法院、发行、记者、杂志、封杀、写信、新闻处处长黄老生决行
黄雪邨,媒体 / 出版 / 创作资料协助 / 公共论战,媒体,99,7,7,5,5,为自由招魂(2)；李敖书翰集(2)；李敖快意恩仇录(1)；李敖风流自传(1)；李敖书信集(1),编辑、朋友、父亲、母亲、夫人、文星、总编辑、请他
黎则奋,媒体 / 见面,媒体,99,7,7,5,6,波波颂(3)；李敖快意恩仇录(1)；李敖风流自传(1)；李敖对话录(1)；李敖书牍集(1),访问、问我、思想、编辑、国民党、请你代我谢谢则奋兄
齐铁生,朋友 / 见面,朋友,99,7,7,2,2,早年日记(5)；挑战李敖(2),家中、读、发行、文星、政府、先生、夫人
万静波,媒体 / 见面,媒体,99,6,6,1,2,李敖访谈录1990-2018(6),记者、万静波、本刊记者——万静波、记者：万静波、张欢
东北行,军事人物,军事人物,99,6,6,5,6,李敖大哥大(2)；李敖自传与回忆(1)；李敖回忆录(1)；李敖快意恩仇录(1)；李敖书信集(1),国民党、政治、中将、司令、将军、爸爸
东流,见面,待复核,99,6,3,5,5,李敖秘密书房(2)；我最难忘的事和人(1)；李敖语录(1)；虽千万人，李敖往矣(1)；李敖札记(1),见、主义、朋友
丽塔·海华丝,媒体 / 文艺音乐 / 情感 / 神交引用,媒体,99,6,6,1,1,李敖札记(6),丽塔海华丝
于宣传,党务宣传,党务宣传,99,6,6,4,6,北京法源寺(2)；李敖大哥大(2)；虽千万人，李敖往矣(1)；李敖书笺集(1),宣传、师生、灌水、杂志、部长、选举、国民党、民进党
于志哲,学术行政,学术行政,99,6,5,1,1,李敖大哥大(6),院长、像、台大、律师
于文到,编辑 / 财产债务,编辑,99,6,6,4,4,李敖新刊(2)；李敖大哥大(2)；李敖书札集(1)；李敖书笺集(1),杂志、检察官、告发、发行、土地、电视、广播
任何机,司法人员 / 公共论战,司法人员,99,6,6,5,6,千秋万岁乌鸦求是合集(2)；文化论战丹火录(1)；李敖新刊(1)；李敖情书集(1)；挑战李敖(1),政治、所谓、发行、出版、法官、思想、主义、推事
任瑰,政治人物 / 历史类比引用 / 神交引用,政治人物,99,6,6,3,3,李敖Talk秀(4)；李敖访谈录1990-2018(1)；李敖大哥大(1),太太、唐朝有一个有名的大臣叫做任瑰、任瑰的夫人、任夫人说不可以、家里
伍佰,文艺音乐 / 媒体 / 神交引用,文艺音乐,99,6,6,3,3,李敖Talk秀(4)；李敖笑傲江湖(1)；挑战李敖(1),总统、金城武、伍佰、伍佰？那康康
何因,财产债务 / 诉讼 / 证人见证,财产债务,99,6,6,3,3,李敖书简集(4)；李敖相关(1)；独白下的传统(1),代书何因、研究、土地、证人即代书何因证明属实
何惠鉴,学术 / 诗文出处 / 创作资料协助 / 文艺音乐 / 历史类比引用,学术,99,6,6,1,1,中国艺术新研(6),何惠鉴、学者
何花落,见面,待复核,99,6,5,2,2,李敖颠倒众生(5)；上山·上山·爱(1),像、认识、交情、民进党
俞雨娣,学术 / 公共论战 / 历史类比引用,学术,99,6,6,5,5,中国艺术新研(2)；李敖自传与回忆(1)；李敖回忆录(1)；李敖快意恩仇录(1)；李敖风流自传(1),请我、同房、太太、台大、像、杂志、蔡学海、俞雨娣、甘怀真、胡菱兰、何永成、刘家驹、蔡玫芬、翁同文、陈清香九位
俞鸿钧,政治人物 / 公共论战 / 神交引用,政治人物,99,6,6,4,5,世论新语(2)；为自由招魂(2)；上下古今谈(1)；早年日记(1),秘书、警察、市长、国民党、主席、记者、民进党、经费
倪嗣冲,军事人物 / 政治人物 / 公共论战 / 神交引用,军事人物,99,6,6,3,3,历史与人像(4)；为中国思想趋向求答案(1)；我是天安门(1),父亲、教授、将军
傅申,学术 / 诗文出处 / 创作资料协助 / 历史类比引用,学术,99,6,6,2,3,中国艺术新研(4)；李敖书启集(2),学者、傅申，在其巨著、告诉我、家里、请傅申饱饱眼福
公冶长,神交引用,神交引用,99,6,6,5,5,李敖秘密书房(2)；独白下的传统(1)；上下古今谈(1)；虽千万人，李敖往矣(1)；中国性研究(1),像、女儿、古代、爸爸、儿子、太太、妻、嫁给
公孙龙,学术 / 诗文出处 / 历史类比引用 / 神交引用,学术,99,6,6,1,1,要把金针度与人(6),学生、思想、古人、公孙龙有不可思议的相似、公孙龙的出色
公开质,政治人物,政治人物,99,6,6,4,5,李敖笑傲江湖(3)；李敖书笺集(1)；李敖书函集(1)；李敖秘密书房(1),法院、部长、立委、市长、国民党、法官、查禁、儿子
公开骂,师生,师生,99,6,5,6,6,李敖议坛哀思录(1)；教育与脸谱(1)；大学日记后期乙集(1)；李敖书信集(1)；李敖书札集(1)；挑战李敖(1),国民党、学生、大学、像、部长、法院、总统、委员
公文程,见面 / 出版,见面,99,6,5,2,3,李敖颠倒众生(5)；挑战李敖(1),序、见、律师、告诉我
养人才,政治人物,政治人物,99,6,5,5,5,挑战李敖(2)；李敖杂文集(1)；要把金针度与人(1)；中国近代史新论(1)；李敖颠倒众生(1),总统、像、民进党、见、研究、儿子、说过、大学
刘博昆,通信 / 诗文出处 / 媒体 / 公共论战,通信,99,6,6,3,3,李敖书翰集(4)；千秋万岁乌鸦求是合集(1)；大学日记后期乙集(1),见、杂志、见到、回刘博昆的信、博昆叔：、曹圣芬他们对付你
刘敞,学术 / 政治人物 / 神交引用,学术,99,6,6,4,4,给马戈的五十封信(2)；历史与人像(2)；独白下的传统(1)；中国艺术新研(1),诗、刘敞《今是集、妻、见、作品
刘树铮,政治人物 / 公职人员 / 通信 / 公共论战,政治人物,99,6,6,2,3,李敖秘藏日记(3)；李敖书笺集(3),律师、债权、党部、国民党、碰到、给刘树铮的信、树铮老弟乡兄议员阁下
刘焕宇,司法人员 / 诉讼 / 创作资料协助,司法人员,99,6,6,5,5,李敖书函集(2)；李敖自传与回忆续集(1)；李敖快意恩仇录(1)；千秋万岁乌鸦求是合集(1)；李敖书札集(1),法官、法院、判决、上诉、序、推事、四十八位推事
刘秉义,军事人物 / 历史类比引用,军事人物,99,6,6,1,1,李敖书序集(6),军长、刘秉义、见、认识、司令
利类思,宗教人物 / 历史类比引用 / 神交引用,宗教人物,99,6,6,1,1,中国近代史新论(6),古人、控告、由利类思、安文思主持，用李祖白的名义、利类思——意大利人、杨光先正式向礼部呈上
别人讲,政治人物,政治人物,99,6,4,4,6,李敖秘密书房(3)；李敖议坛哀思录(1)；李语录(1)；一个预备军官的日记(1),部长、主义、来信、主席
别解释,神交引用,神交引用,99,6,6,5,6,李敖笑傲江湖(2)；上山·上山·爱(1)；阳痿美国(1)；李敖秘密书房(1)；李敖大哥大(1),见、诗、像、太太、大学、发行、出版、杂志
包崇珉,邻居 / 社会案件 / 公共论战,邻居,99,6,6,1,2,李敖书函集(6),委员、先生、电话、从小事看认真、诗
包括政,公共论战,公共论战,99,6,6,5,6,李敖大哥大(2)；传统下的独白(1)；教育与脸谱(1)；挑战李敖(1)；李敖秘密书房(1),政治、政府、院长、总统、碰到、像、委员
北魏庄帝,政治人物 / 被害人 / 历史类比引用 / 神交引用,政治人物,99,6,6,1,1,中国迷信新研(6),《魏书·尔朱荣传》记载那个漂亮的尔朱荣奉立皇帝的故事、天光乃见庄帝，具论荣心、北魏庄帝二十一岁当了皇帝、时幽州人刘灵助善卜占、后来尔朱荣被庄帝给杀了
匡章,历史类比引用 / 神交引用,历史类比引用,99,6,6,3,3,李敖对话录(4)；李敖风流自传(1)；李敖语录(1),匡章、像
华西街,财产债务,财产债务,99,6,5,3,4,李敖秘密书房(4)；李敖书札集(1)；中国性研究(1),土地、见、教授、法官、总统
卓浩然,邻居 / 财产债务 / 创作资料协助,邻居,99,6,6,1,3,李敖书启集(6),管理员、委员、所谓、文书会计是卓浩然、母亲
单亦诚,见面,见面,99,6,6,2,2,李敖颠倒众生(3)；李敖Talk秀(3),认识、同在、像、先生、告诉我、见、见面、回扣
卢太夫人,亲属 / 历史类比引用,亲属,99,6,6,2,2,李敖笑傲江湖(5)；第73烈士(1),妈妈、夫人、儿子、市长、结婚、太太、卢太夫人，孙中山的原配夫人
卫立煌,军事人物 / 政治人物 / 公共论战 / 历史类比引用,军事人物,99,6,6,1,1,中国现代史定论(6),总统、司令、晤、见、卫立煌，与长春守军郑洞国部
古尔塞勒,政治人物 / 军事人物 / 历史类比引用 / 神交引用,政治人物,99,6,6,1,1,李敖报刊集(6),古尔塞勒、总统、将军、批评、思想
台四十,出版 / 见面,出版,99,6,6,5,6,李敖风流自传(2)；李敖回忆录(1)；李敖快意恩仇录(1)；李敖相关(1)；千秋万岁乌鸦求是合集(1),出版、出版社、认识、同学、朋友
叶百修,司法人员 / 诉讼 / 公共论战 / 创作资料协助,司法人员,99,6,6,4,4,李敖书信集(2)；李敖书函集(2)；李敖自传与回忆续集(1)；李敖书札集(1),法官、叶百修法官、四十八位推事
叶适,学术 / 诗文出处 / 政治人物 / 历史类比引用 / 神交引用,学术,99,6,6,3,3,要把金针度与人(3)；读史指南(2)；历史与人像(1),见、书目作者表、叶适：《水心集》
向胡适,出版,待复核,99,6,4,6,6,李敖自传与回忆(1)；李敖回忆录(1)；李敖风流自传(1)；文化论战丹火录(1)；一个预备军官的日记(1)；李敖笑傲江湖(1),杂志、读、学者、写信、助理、委员、先生
吕孟卿,社会案件 / 亲属 / 医疗照护 / 历史类比引用 / 神交引用,社会案件,99,6,6,1,2,中国迷信新研(6),吕斅孚，湖南永定人、父孟卿，贫，以客授自给
吕思勉,学术 / 神交引用,学术,99,6,6,6,6,李敖自传与回忆续集(1)；我最难忘的事和人(1)；李敖回忆录(1)；李敖风流自传(1)；李敖语录(1)；李敖书启集(1),老师、学生、史学、文星、研究、思想、先生
吕祖谦,诗文出处,诗文出处,99,6,4,2,3,读史指南(5)；要把金针度与人(1),书目作者表、《唐柳芳氏族论》《东莱博议》《凌迪知万姓统谱》、顾炎武、请他、爸爸
吴代景,创作资料协助 / 见面 / 公共论战,创作资料协助,99,6,6,1,1,挑战李敖(6),夫人、朋友、先生、法院、总统、书里
吴树民,媒体 / 出版 / 通信 / 公共论战,媒体,99,6,6,2,2,李敖书函集(4)；李敖随写录后集(2),发行、吴树民、报导、先生、吴树民请注意、《自立早报》发行人吴树民先生
吴生林,媒体 / 见面,媒体,99,6,6,1,2,李敖访谈录1990-2018(6),记者、记者 吴生林、学生、记者吴生林、史学
吴虞,学术 / 神交引用,学术,99,6,6,6,6,李敖快意恩仇录(1)；独白下的传统(1)；为中国思想趋向求答案(1)；千秋万岁乌鸦求是合集(1)；李敖语录(1)；要把金针度与人(1),国民党、像、见、古代、思想、读、文学
周固猷,诗文出处 / 亲属 / 人权救援 / 证人见证,诗文出处,99,6,6,1,1,李敖书序集(6),周固猷、军法、晤、大学、所谓、特务、司令、找他
周国琼,亲属 / 财产债务 / 社会案件,亲属,99,6,6,1,1,李敖随写录前集(6),儿子、周国琼、妻、太太、结婚、家中
周宏涛,政治人物 / 公职人员 / 历史类比引用,政治人物,99,6,6,3,3,李敖书牍集(4)；李敖风流自传(1)；李敖书启集(1),太太、委员、像、告诉我、党部、国民党、总统、周宏涛（今行政院政务委员）的侄子
周慧瑛,公共论战 / 政治人物,公共论战,99,6,6,3,3,李敖大哥大(3)；李敖五五日记(2)；求是新语(1),主席、台独、民进党、政治、见、台大、老师、报导
周懋泰,文艺音乐 / 历史类比引用,文艺音乐,99,6,6,1,1,中国艺术新研(6),周懋泰
周至柔,军事人物 / 政治人物 / 公共论战,军事人物,99,6,6,5,5,为自由招魂(2)；我梦碎，所以我梦醒(1)；李敖书序集(1)；李敖情书集(1)；李敖颠倒众生(1),作品、主义、见、发行、秘书、主席、政府、上校
周道济,感化人员,感化人员,99,6,6,5,6,李敖自传与回忆(2)；我最难忘的事和人(1)；李敖回忆录(1)；李敖风流自传(1)；千秋万岁乌鸦求是合集(1),国民党、学者、所谓、弟弟
唐太宗,政治人物 / 军事人物 / 历史类比引用 / 神交引用,政治人物,99,6,6,2,2,李敖颠倒众生(3)；李敖Talk秀(3),侯君集后来造反、唐太宗打天下、唐朝的太宗、唐朝有一个有名的大臣叫做任瑰、任瑰的夫人、任夫人说不可以
唐生智,军事人物 / 政治人物 / 公职人员 / 历史类比引用,军事人物,99,6,6,3,3,我梦碎，所以我梦醒(3)；中国现代史正论(2)；为历史拨云(1),见、老师、电报、打电报给唐生智
国元首,政治人物,政治人物,99,6,6,5,6,李敖笑傲江湖(2)；世论新语(1)；我梦碎，所以我梦醒(1)；李敖报刊集(1)；挑战李敖(1),总统、政府、像、家里、读、朋友
姚思廉,学术 / 神交引用,学术,99,6,6,3,3,读史指南(4)；传统下的独白(1)；李敖语录(1),同学、书目作者表
孙国栋,媒体 / 公共论战,媒体,99,6,5,1,1,李敖笑傲江湖(6),访问、记者、书里、共产党、攻击
孟真先,神交引用 / 学术,神交引用,99,6,6,4,4,我梦碎，所以我梦醒(3)；李敖报刊集(1)；李敖书翰集(1)；挑战李敖(1),读、大学、见、古代、诗、学者、来信
安文思,宗教人物 / 历史类比引用 / 神交引用,宗教人物,99,6,6,1,1,中国近代史新论(6),古人、控告、由利类思、安文思主持，用李祖白的名义、安文思——葡萄牙人、杨光先正式向礼部呈上
宋元,媒体,媒体,99,6,6,1,2,李敖访谈录1990-2018(6),记者、采访、记者宋元、文学、政府、国民党、特约撰稿╱宋元
宗喀巴,宗教人物 / 历史类比引用,宗教人物,99,6,6,2,2,李敖笑傲江湖(4)；我是天安门(2),妈妈、晤、宗喀巴所创的格鲁派
宣布出,出版,出版,99,6,4,6,6,李敖回忆录(1)；李敖风流自传(1)；千秋万岁乌鸦求是合集(1)；李敖语录(1)；李敖颠倒众生(1)；李敖大哥大(1),研究、出版、文星、查禁、博士、中央研究院、院长、总统
家当然,亲属,亲属,99,6,5,4,6,挑战李敖(3)；虽千万人，李敖往矣(1)；李敖颠倒众生(1)；李敖大哥大(1),发行、妈妈、政治、哲学、像、同学、证人、法院
家柏杨,政治人物,政治人物,99,6,6,4,5,李敖笑傲江湖(2)；李敖大哥大(2)；李敖书启集(1)；挑战李敖(1),像、总统、所谓、研究、监狱、报纸、国民党
容并包,师生,师生,99,6,5,3,3,李敖笑傲江湖(4)；李敖语录(1)；挑战李敖(1),大学、教授、民进党、学术、所谓、像、见、文学
封秘件,亲属,亲属,99,6,4,4,4,李敖自传与回忆(2)；李敖自传与回忆续集(2)；李敖回忆录(1)；你笨蛋，你笨蛋(1),爸爸、国民党、特务、主席、院长、军购
小充员,军校学生 / 见面 / 称谓待考,军校学生,99,6,6,1,4,一个预备军官的日记(6),小充员
尹女士,姻亲 / 称谓待考,姻亲,99,6,6,1,1,李敖自传与回忆(6),爸爸、妈妈、结婚、离婚、姐姐、碰到
居龙藏,师生 / 学术,师生,99,6,6,3,3,李敖快意恩仇录(2)；千秋万岁乌鸦求是合集(2)；李敖秘密书房(2),学者、教授、古代、像、研究
屠炳春,感化人员,感化人员,99,6,6,5,6,李敖自传与回忆(2)；我最难忘的事和人(1)；李敖回忆录(1)；李敖风流自传(1)；千秋万岁乌鸦求是合集(1),国民党、学者、所谓、弟弟
崔蓉芝,亲属 / 见面 / 人权救援 / 公共论战,亲属,99,6,6,3,3,挑战李敖(3)；李敖快意恩仇录(2)；求是新语(1),夫人、写信、研究、嫁给、像、在座的崔蓉芝、相信陆铿一样
巫金声,媒体,媒体,99,6,5,1,1,李敖秘密书房(6),先生、访问、记者、认识、找他、打电话、电话、家里
巴斯噶,学术 / 宗教人物 / 神交引用,学术,99,6,6,4,4,上山·上山·爱(2)；李敖语录(2)；李敖风流自传(1)；李敖文存(1),认识、名言、政府、哲学
师出面,律师代理 / 姻亲,律师代理,99,6,6,4,4,李敖笑傲江湖(3)；世论新语(1)；李敖书函集(1)；挑战李敖(1),律师、离婚、法院、夫人、诗、母亲
师症,师生,师生,99,6,6,3,3,李敖大哥大(4)；千秋万岁乌鸦求是合集(1)；虚拟的十七岁(1),老师、学术、台大、家里、一起、节目
常常来,见面,见面,99,6,5,5,6,李敖颠倒众生(2)；李敖笑傲江湖(1)；挑战李敖(1)；李敖秘密书房(1)；李敖大哥大(1),总统、认识、律师、法院、将军、请我、教授、爸爸
常糟糕,政治人物 / 学术,政治人物,99,6,5,4,6,挑战李敖(2)；李敖秘密书房(2)；李敖笑傲江湖(1)；李敖大哥大(1),像、国民党、民进党、立委、批评、总统、政治、台大
平面媒,媒体,媒体,99,6,5,5,5,李敖颠倒众生(2)；虽千万人，李敖往矣(1)；李敖笑傲江湖(1)；挑战李敖(1)；李敖秘密书房(1),像、总统、电视、访问、记者、公共、报纸、广播
庄襄王,亲属,亲属,99,6,4,2,2,李敖笑傲江湖(5)；要把金针度与人(1),妈妈、儿子、请他、父亲、爸爸
康同利,军校学生 / 见面,军校学生,99,6,6,1,2,一个预备军官的日记(6),康同利、朋友
张一麐,政治人物 / 学术 / 公职人员 / 历史类比引用,政治人物,99,6,6,2,2,中国近代史新论(5)；历史与人像(1),像、代理、总统、外交汪大燮，财政梁启超，陆军王士珍，海军刘冠雄，教育张一麐，农商张国淦，司法林长民、张一麐是民国第五、六任内阁
张九龄,诗文出处 / 政治人物 / 历史类比引用 / 神交引用,诗文出处,99,6,6,2,2,读史指南(4)；为自由招魂(2),读、诗、书目作者表、唐：张九龄（子寿）/曲江集
张己任,文艺音乐 / 学术 / 公共论战 / 神交引用,文艺音乐,99,6,6,1,1,为自由招魂(6),作品、学生、先生、访问、大学、政治、教授、见
张文件,司法人员,司法人员,99,6,6,3,4,李敖秘密书房(3)；李敖报刊集(2)；李敖大哥大(1),文星、法官、主席、国民党、共产党、宣传、学生、父亲
张旭华,师生,师生,99,6,6,1,3,李敖大哥大(6),教授、电视、警察、节目、国民党、找我、儿子、朋友
张曼,见面,见面,99,6,4,1,5,一个预备军官的日记(6),碰到、访问、写信、读、思想
张机,医疗照护 / 神交引用,医疗照护,99,6,6,3,3,读史指南(4)；传统下的独白(1)；挑战李敖(1),书目作者表、历史上、爸爸
张树忠,看守戒护 / 财产债务 / 诉讼,看守戒护,99,6,6,2,2,李敖自传与回忆续集(3)；李敖情书集(3),岗哨、管理员、临时管理员、请他、同事、看守所、警察、同事张树忠
张群同,师生,师生,99,6,6,3,6,李敖大哥大(4)；李敖笑傲江湖(1)；李敖Talk秀(1),学生、同班、宣传、总统、院长、将军、同学
张莘夫,朋友,朋友,99,6,6,4,4,李敖自传与回忆(2)；李敖快意恩仇录(2)；大学日记后期甲集(1)；一个预备军官的日记(1),爸爸、主席、委员、朋友、国民党、共产党、太太、学生
张衡,科学家 / 诗文出处 / 文艺音乐 / 历史类比引用 / 神交引用,科学家,99,6,6,1,2,要把金针度与人(6),见、文学、张衡：《张河间集》、谓崔瑗曰
张迺良,司法人员,司法人员,99,6,6,3,4,世论新语(4)；你笨蛋，你笨蛋(1)；李敖秘藏日记(1),律师、法官、军法、老师、部长、诗、证人、诬告
张雅琴,见面,见面,99,6,4,4,4,李敖秘密书房(3)；李敖风流自传(1)；李敖颠倒众生(1)；李敖大哥大(1),父亲、访问、告诉我、问我、读、像、一起
彭泽湘,政治人物 / 左派转向 / 公共论战 / 历史类比引用,政治人物,99,6,6,1,1,中国现代史定论(6),妻、土地、夫人、军长、共产党、思想、晤、有章伯钧、徐名鸿、彭泽湘等旧共产党员
徐德余,公职人员 / 社会案件 / 公共论战,公职人员,99,6,6,1,1,李敖书笺集(6),报导、徐局长的长官、工务局局长徐德余、建管处处长林宗敏
徐杏林,军事人物 / 公职人员 / 历史类比引用 / 神交引用,军事人物,99,6,6,1,2,中国迷信新研(6),见、代理、徐杏林时以全省营务处代理提督、遣部将马总兵雄飞带兵平之
徐柏园,政治人物 / 公职人员 / 财产债务 / 历史类比引用,政治人物,99,6,6,5,5,李敖书序集(2)；李敖自传与回忆续集(1)；李敖风流自传(1)；为自由招魂(1)；早年日记(1),主编、文星、夫人、国民党、请我、太太、杂志、院长
志田钾太郎,司法人员 / 学术 / 历史类比引用,司法人员,99,6,6,1,1,中国近代史新论(6),博士、据董康《中国历届修订法律之大略》、志田即志田钾太郎、松冈即松冈义正
成希特,学术行政,学术行政,99,6,5,4,4,李敖访谈录1990-2018(3)；千秋万岁乌鸦求是合集(1)；挑战李敖(1)；李敖秘密书房(1),国民党、民进党、像、院长、法院、立委、朋友、所谓
拿破仑三世,政治人物 / 神交引用,政治人物,99,6,6,5,5,李敖全集(2)；千秋万岁乌鸦求是合集(1)；李敖札记(1)；李敖秘密书房(1)；李敖大哥大(1),学生、主义、文学、名言、比喻、总统
斯坦顿,军事人物 / 历史类比引用 / 神交引用,军事人物,99,6,6,3,3,波波颂(2)；你是景福门(2)；阳痿美国(2),上校、将军、参谋
方前正,诗文出处 / 媒体 / 诉讼 / 公共论战,诗文出处,99,6,6,1,1,李敖书笺集(6),投稿、读、读者方前正投稿、杂志、编辑、总编辑、立委
方芳芳,媒体 / 见面,媒体,99,6,6,2,3,李敖五五日记(5)；李敖书启集(1),读、诗、赵宁、方芳芳、方芳芳问到赵宁、一起、电视、委员
曹友萍,公职人员 / 社会案件 / 公共论战,公职人员,99,6,6,1,2,李敖书启集(6),市长、副本受文者：台北市工务局长曹友萍、见
曹处长,刑求人员 / 见面,刑求人员,99,6,6,3,4,李敖笑傲江湖(4)；李敖回忆录(1)；李敖新刊(1),警备总部、找我、警总、所谓、发行、查禁、见、见面
曹秀清,亲属 / 历史类比引用,亲属,99,6,6,2,4,李敖笑傲江湖(4)；李敖风流自传(2),见、太太、将军、共产党、夫人、国民党、母亲、儿子
曹锟,政治人物,政治人物,99,6,5,6,6,李敖快意恩仇录(1)；世论新语(1)；我梦碎，所以我梦醒(1)；历史与人像(1)；李敖Talk秀(1)；李敖大哥大(1),总统、国民党
曾宝荪,宗教人物 / 神交引用,宗教人物,99,6,6,3,4,波波颂(3)；李敖书序集(2)；传统下的再白(1),国民党、委员、母亲
曾纪泽,政治人物 / 学术 / 神交引用,政治人物,99,6,6,6,6,李敖快意恩仇录(1)；李敖风流自传(1)；独白下的传统(1)；李敖文存(1)；李敖全集(1)；要把金针度与人(1),儿子、女儿、电报、碰到、像、见
曾经请,政治人物 / 见面,政治人物,99,6,6,5,6,李敖秘密书房(2)；李敖议坛哀思录(1)；世论新语(1)；挑战李敖(1)；李敖颠倒众生(1),院长、委员、部长、朋友、军购、政府、请我、请他
曾长云,军事人物 / 同案狱友 / 被害人 / 创作资料协助,军事人物,99,6,6,2,2,李敖书函集(5)；李敖风流自传(1),军长、师长、刑求、女儿、太太、上校、中将、三十八师一一三团团长曾长云
朱士烈,政治人物 / 司法人员 / 公共论战,政治人物,99,6,6,3,3,求是新语(4)；李敖随写录前集(1)；李敖随写录后集(1),秘书、主席、法院、院长、总统、军长、参谋、报导
朱开云,军校学生 / 见面,军校学生,99,6,6,1,1,一个预备军官的日记(6),朱开云、碰到、请他
朱萍生,军校学生 / 见面,军校学生,99,6,6,1,2,一个预备军官的日记(6),朱萍生、读、手铐
李云汉,诗文出处 / 历史类比引用,诗文出处,99,6,6,2,3,中国现代史正论(4)；李敖笑傲江湖(2),国民党、教授、李云汉在《从容共到清党》、编辑、研究、大学、中央研究院、委员
李嘉诚,出版,出版,99,6,5,4,4,李敖访谈录1990-2018(2)；李敖秘密书房(2)；我梦碎，所以我梦醒(1)；挑战李敖(1),出版、像、报纸、妻、节目、编辑、市长
李宗侗,见面,见面,99,6,4,6,6,李敖快意恩仇录(1)；李敖风流自传(1)；李敖全集(1)；千秋万岁乌鸦求是合集(1)；一个预备军官的日记(1)；李敖对话录(1),老师、古代、见、碰到、请我、送我、文星、台大
李廉,媒体 / 出版 / 公共论战,媒体,99,6,6,3,3,为自由招魂(4)；早年日记(1)；李敖书信集(1),编辑、总编辑、请他、广播、出版、委员、交情、协议书
李建湖,见面 / 情感,见面,99,6,6,2,3,大学日记后期甲集(4)；给马戈的五十封信(2),李建湖、见、见到、读、李建湖今早盯着
李斯,政治人物 / 师生 / 历史类比引用 / 神交引用,政治人物,99,6,6,3,4,要把金针度与人(3)；李敖秘藏日记(2)；挑战李敖(1),学生、警总、大学、荀况有两个有名的学生——韩非和李斯、李斯说韩非不是古人、序
李方晨,学术 / 诗文出处 / 历史类比引用,学术,99,6,6,2,2,中国现代史定论(4)；波波颂(2),教授、国民党、总统、传记、021/李方晨/俄帝侵华史、024/李方晨/中国近代革命史
李明瑾,情感 / 通信 / 见面,情感,99,6,6,3,3,李敖回忆录(2)；李敖风流自传(2)；李敖书翰集(2),认识、朋友、大学、节目、电视、致李明瑾
李普曼,媒体 / 诗文出处 / 历史类比引用 / 神交引用,媒体,99,6,6,4,4,李敖报刊集(2)；李敖书牍集(2)；虽千万人，李敖往矣(1)；李敖笑傲江湖(1),总统、家里、读、拜访、古人、美国约翰逊以总统身份驱车拜访大儒李普曼、见、老师
李根源,政治人物 / 军事人物 / 学术 / 历史类比引用 / 神交引用,政治人物,99,6,6,3,3,世论新语(2)；要把金针度与人(2)；中国近代史新论(2),发行、杂志、读、来信、借钱、市长、与李根源、金松岑等组织国学会、写信
李湘芬,师生,师生,99,6,6,3,3,李敖快意恩仇录(2)；李敖风流自传(2)；早年日记(2),学生、老师、像、将军
李炫德,司法人员 / 诉讼 / 公共论战,司法人员,99,6,6,1,1,李敖笑傲江湖(6),法官、政府、报纸、判决、起诉、地院的法官叫李炫德
李焕说,见面,见面,99,6,4,4,5,世论新语(2)；李敖大哥大(2)；李敖快意恩仇录(1)；李敖风流自传(1),见、见到、部长、记者、院长、县长
李知高,社会案件 / 亲属,社会案件,99,6,6,1,1,中国性研究(6),父亲、女儿、弟弟、妹妹、一起、男友、结婚、本案女主角李金莲
李贺,诗文出处 / 文艺音乐 / 历史类比引用 / 神交引用,诗文出处,99,6,6,3,3,要把金针度与人(3)；读史指南(2)；独白下的传统(1),诗、见、爸爸、书目作者表、见到、李贺：《李长吉歌诗》
杜预,神交引用 / 军事人物,神交引用,99,6,6,5,5,读史指南(2)；我最难忘的事和人(1)；千秋万岁乌鸦求是合集(1)；历史与人像(1)；要把金针度与人(1),见、序、将军、娶、书目作者表、诗
杨世清,军校学生 / 见面,军校学生,99,6,6,1,2,一个预备军官的日记(6),杨世清、见、攻击、主义
杨开煌,学术 / 公共论战,学术,99,6,6,2,2,挑战李敖(5)；李敖颠倒众生(1),教授、政府、国民党、共产党、论文、像、教授叫做这个叫杨开煌、委员
杨洁篪,政治人物 / 出版 / 公共论战,政治人物,99,6,6,3,5,虽千万人，李敖往矣(3)；我梦碎，所以我梦醒(2)；李敖风流自传(1),出版、部长、出版社、查禁、见
杨美玉,社会案件 / 证人见证,社会案件,99,6,6,1,1,中国性研究(6),妓女杨美玉、管理员、见
杨肇嘉,政治人物,政治人物,99,6,6,3,4,李敖大哥大(3)；为自由招魂(2)；你是景福门(1),国民党、总统、市长、政府、警察、恋爱、爱上、作品
杨雪峰,见面 / 诉讼,见面,99,6,6,2,2,求是新语(4)；李敖快意恩仇录(2),法院、立委、见、请我、调查局、特务、民进党、委员
林宗勋,通信 / 创作资料协助 / 称谓待考,通信,99,6,6,1,1,李敖书翰集(6),像、写信、来信、文星、读、回宗勋、林宗勋来信
林氏（华容割股）,社会案件 / 亲属 / 医疗照护 / 被害人 / 历史类比引用 / 神交引用,社会案件,99,6,6,1,2,中国迷信新研(6),岳州府志》/林氏/华容人/母/母病、华容人/母/母病见邻女林氏尝刲股愈母
林添福,亲属 / 学术行政 / 财产债务,亲属,99,6,6,1,1,李敖书序集(6),林添福、像、儿子
林茂雄,司法人员 / 诉讼 / 出版 / 公共论战,司法人员,99,6,6,2,2,李敖书笺集(4)；李敖自传与回忆续集(2),杂志、文星、记者、推事、法院、采访、判决、法院推事林茂雄
林衡道,学术 / 历史类比引用,学术,99,6,6,3,4,李敖大哥大(3)；李敖自传与回忆(2)；李敖随写录前集(1),师母、告诉我、哥哥、儿子、女儿、台独、妻、大舅子
林锡湖,司法人员 / 诉讼 / 公共论战,司法人员,99,6,6,2,3,李敖笑傲江湖(4)；求是新语(2),法务部、法官、像、记者、一起、电视、判决、林锡瑚，现在法务部的次长
林锦昌,媒体 / 公职人员 / 创作资料协助 / 公共论战,媒体,99,6,6,1,1,挑战李敖(6),妻、岳父、岳母、序、女儿、记者、报导、政府
查权,司法人员 / 诉讼,司法人员,99,6,6,3,3,世论新语(3)；李敖大哥大(2)；李敖秘密书房(1),检察官、序、法院、委员、像
查理斯,见面,见面,99,6,5,2,2,李敖大哥大(5)；一个预备军官的日记(1),到我家、我家来、写信、政治、找他、儿子、家里
查看,见面,见面,99,6,4,3,6,李敖大哥大(4)；李敖议坛哀思录(1)；求是新语(1),部长、见、发行、国民党、一起、告诉我、总统
查良鉴,亲属,亲属,99,6,6,2,3,李敖秘密书房(5)；挑战李敖(1),司法行政部、部长、国民党、弟弟、像、财产、共产党、大学
梁敬錞,诗文出处 / 学术 / 历史类比引用,诗文出处,99,6,6,4,4,千秋万岁乌鸦求是合集(2)；中国现代史正论(2)；我梦碎，所以我梦醒(1)；李敖大哥大(1),国民党、发行、查禁、学生、梁敬錞在《九一八事变史述》、研究
梅乐斯,军事人物 / 诗文出处 / 历史类比引用 / 神交引用,军事人物,99,6,6,1,1,李敖书序集(6),MILTON E. MILES、MARY MILES、梅乐斯
梅维恒,学术 / 通信 / 学术考证引用 / 创作资料协助,学术,99,6,6,1,1,李敖书函集(6),寄给、比较“鸡巴学”答美国佬、梅维恒（美国佬）致李敖、维恒先生：
欧阳无畏,宗教人物 / 学术 / 创作资料协助,宗教人物,99,6,6,1,1,李敖随写录前集(6),欧阳无畏、读、欧阳鸷（无畏）
毕丽娜,亲属,亲属,99,6,6,5,5,求是新语(2)；李敖议坛哀思录(1)；千秋万岁乌鸦求是合集(1)；李敖札记(1)；李敖Talk秀(1),妈妈、朋友、同学、见、见到、交往、记者、国民党
毛四,司法人员,司法人员,99,6,6,2,2,李敖自传与回忆续集(4)；李敖回忆录(2),法院、特务、警察、国民党、管理员、所长、副所长、秘书
毛岸青,亲属 / 公共论战 / 神交引用,亲属,99,6,6,4,4,我是天安门(2)；挑战李敖(2)；李敖快意恩仇录(1)；李敖笑傲江湖(1),太太、国民党、儿子、弟弟、主席、妹妹、同学、女儿
江淹,诗文出处 / 政治人物 / 历史类比引用 / 神交引用,诗文出处,99,6,6,3,3,要把金针度与人(3)；读史指南(2)；李敖颠倒众生(1),家里、书目作者表、江淹：《江文通集》、古代、哲学
江雁容,虚拟人物 / 小说剧本人物,虚拟人物,99,6,6,3,4,李敖语录(3)；李敖书翰集(2)；李敖秘密书房(1),读、像、妈妈、文学、夫人、诗、母亲、《窗外》女主人“江雁容”
汤如炎,学术行政,学术行政,99,6,4,2,2,李敖议坛哀思录(3)；李敖Talk秀(3),院长、法院、委员、国民党、先生
汪声和,被害人 / 社会案件 / 同案狱友,被害人,99,6,6,1,1,李敖书序集(6),汪声和、政治、书中
汪文溥,政治异议者 / 公职人员 / 创作资料协助 / 历史类比引用,政治异议者,99,6,6,1,1,中国近代史新论(6),诗、偶识新军协统刘玉堂、使其图湘中发难事，会文溥以事被逮、文溥说湘都督焦达峰，遣玉堂率兵援鄂、与文溥共参湘桂援鄂联军事，以司令沈秉堃无远志
沈德四,社会案件 / 亲属 / 医疗照护 / 历史类比引用 / 神交引用,社会案件,99,6,6,1,2,中国迷信新研(6),沈德四，直隶华亭人、姚金玉、昌平王德儿亦以刲肝愈母疾、政府
沈德潜,学术 / 诗文出处 / 神交引用,学术,99,6,6,2,2,读史指南(4)；李敖随写录后集(2),书目作者表、诗、沈德潜
沈括,科学家 / 学术 / 诗文出处 / 公职人员 / 历史类比引用 / 神交引用,科学家,99,6,6,2,2,要把金针度与人(4)；历史与人像(2),古人、见、夫人、妻、编校、沈括：《梦溪笔谈》、沈括在政治上支持王安石
沈素芬,财产债务 / 诉讼 / 财产信托 / 证人见证,财产债务,99,6,6,1,1,李敖书简集(6),推事、父亲、支票、证人、沈素芬提出名下
沈约,神交引用 / 诗文出处,神交引用,99,6,5,4,5,读史指南(2)；要把金针度与人(2)；独白下的传统(1)；李敖语录(1),古代、书目作者表、见、见到、作品、读
海涅,诗文出处 / 历史类比引用 / 神交引用,诗文出处,99,6,6,3,3,红色11(3)；李敖书笺集(2)；波波颂(1),诗、见、朋友、海涅（Heinrick Heine）
游荣茂,政治人物 / 公职人员 / 公共论战 / 历史类比引用,政治人物,99,6,6,4,4,李敖书简集(3)；我最难忘的事和人(1)；李敖快意恩仇录(1)；中国现代史正论(1),法院、立委、国民党、委员、杂志、看守所、游荣茂、李志鹏等国民党议员、本院游委员荣茂
潘君密,创作资料协助 / 出版 / 朋友,创作资料协助,99,6,6,4,5,李敖回忆录(2)；李敖风流自传(2)；李敖快意恩仇录(1)；北京法源寺(1),调查局、研究、看守所、军法、采访、电视、证人、电话
焕文,出版 / 见面 / 称谓待考,出版,99,6,6,1,1,早年日记(6),焕文
熊三拔,宗教人物 / 科学家 / 历史类比引用 / 神交引用,宗教人物,99,6,6,1,2,中国近代史新论(6),五官正周子愚言大西洋归化人庞迪我、熊三拔、礼部侍郎翁正春等、住在北京的庞迪我（Jakob de Pantoja）和熊三拔
王宝先,学术 / 见面 / 医疗照护,学术,99,6,6,4,5,一个预备军官的日记(3)；大学日记后期甲集(1)；大学日记后期乙集(1)；李敖秘密书房(1),见、妈妈、论文、先生、来信、送我、主义、夫人
王庆琳,学术行政 / 学术 / 出版管制 / 公共论战 / 历史类比引用,学术行政,99,6,6,2,2,中国艺术新研(5)；李敖回忆录(1),出版、著作、研究、专函王庆琳主任、王主任收信后跟我说、只王庆琳一人赞成删除
王引之,学术 / 诗文出处,学术,99,6,4,4,4,我梦碎，所以我梦醒(2)；读史指南(2)；要把金针度与人(1)；中国近代史新论(1),大学、诗、书目作者表、研究、学术、读
王志刚,党务宣传,党务宣传,99,6,6,3,4,李敖大哥大(4)；李敖笑傲江湖(1)；挑战李敖(1),国民党、像、宣传、部长、一起
王志强,财产债务 / 创作资料协助 / 公共论战,财产债务,99,6,6,1,1,挑战李敖(6),经费、所谓、选举、王志强和陈碧云的账户、总统
王念孙,学术 / 诗文出处,诗文出处,99,6,4,5,5,读史指南(2)；我梦碎，所以我梦醒(1)；早年日记(1)；要把金针度与人(1)；中国近代史新论(1),学生、书目作者表、研究、学术、读
王护士,监所医疗 / 称谓待考,监所医疗,99,6,6,3,3,李敖自传与回忆续集(2)；李敖回忆录(2)；李敖情书集(2),课长、卫生课、王护士
王排长,军事人物 / 见面 / 称谓待考,军事人物,99,6,6,3,4,一个预备军官的日记(4)；李敖快意恩仇录(1)；李敖风流自传(1),送我、王排长
王文发,监狱行政 / 看守戒护 / 证人见证 / 诉讼,监狱行政,99,6,6,2,2,李敖自传与回忆续集(3)；李敖情书集(3),管理员、课长、戒护课长、戒护、见、主任管理员、公诉、所长
王新衡,情治警务 / 朋友 / 见面 / 历史类比引用,情治警务,99,6,6,4,4,我最难忘的事和人(2)；中国现代史正论(2)；李敖笑傲江湖(1)；李敖颠倒众生(1),交往、特务、诗、夫人、将军、参谋、像、认识
王曼施,情感 / 见面 / 同学,情感,99,6,6,2,4,大学日记后期乙集(4)；早年日记(2),诗、女儿、来信、结婚、见、见到、一起、黄、王、程
王永城,出版 / 财产债务 / 公共论战,出版,99,6,6,1,1,李敖笑傲江湖(6),出版社、出版、财产、法院、见、见证、杂志、律师
王洸,感化人员,感化人员,99,6,6,5,6,李敖自传与回忆(2)；我最难忘的事和人(1)；李敖回忆录(1)；李敖风流自传(1)；千秋万岁乌鸦求是合集(1),国民党、学者、所谓、弟弟
王福霖,师生,师生,99,6,6,6,6,李敖自传与回忆续集(1)；李敖回忆录(1)；李敖风流自传(1)；你笨蛋，你笨蛋(1)；李敖新刊(1)；李敖大哥大(1),老师、学生、家里
王符,学术 / 诗文出处 / 政治异议者 / 历史类比引用 / 神交引用,学术,99,6,6,3,3,要把金针度与人(3)；读史指南(2)；千秋万岁乌鸦求是合集(1),太太、见、思想、著作、书目作者表、王符：《潜夫论》
王翼樟,朋友 / 医疗照护 / 被害人 / 创作资料协助,朋友,99,6,6,3,3,李敖书函集(3)；千秋万岁乌鸦求是合集(2)；李敖随写录后集(1),记者、好友、太太、国民党、王翼樟（小痴）、王太太宣中仪女士
王聪松,政治人物 / 诉讼 / 公共论战,政治人物,99,6,6,3,3,求是新语(3)；千秋万岁乌鸦求是合集(2)；你是景福门(1),民进党、法院、国民党、古人、立委、共产党
王迎先,被害人 / 人权救援 / 公共论战,被害人,99,6,6,4,4,李敖语录(2)；李敖书简集(2)；第73烈士(1)；李敖对话录(1),关怀、妈妈、刑求、灌水、法院、政府、警察、政治
王阿毛（江绍原小品例名）,虚拟人物 / 历史类比引用,虚拟人物,99,6,6,1,1,为历史拨云(6),老师、雷打王阿毛、宣传、打倒阿毛、阿发黄病打死
玛士撒拉,宗教人物 / 历史类比引用 / 神交引用,宗教人物,99,6,6,5,5,坐牢家爸爸给女儿的八十封信(2)；波波颂(1)；我梦碎，所以我梦醒(1)；虚拟的十七岁(1)；虽千万人，李敖往矣(1),国民党、像、共产党、写信、传说中大寿星玛士撒拉
田长霖,师生 / 媒体,师生,99,6,6,2,3,李敖五五日记(5)；李敖快意恩仇录(1),教授、大学、记者、论文、主席、读
白瑞德,虚拟人物 / 情感 / 神交引用,虚拟人物,99,6,6,4,4,上山·上山·爱(3)；一个预备军官的日记(1)；李敖情书集(1)；李敖秘密书房(1),情人、会面、文星、像
皇甫谧,医疗照护 / 学术 / 神交引用,医疗照护,99,6,6,4,5,千秋万岁乌鸦求是合集(2)；读史指南(2)；传统下的独白(1)；李敖全集(1),总统、历史上、见、书目作者表
石守谦,学术 / 创作资料协助 / 见面 / 历史类比引用,学术,99,6,6,2,3,李敖书启集(4)；中国艺术新研(2),论文、来我家、交情、学生、学者、学术、致石守谦的一封信、到我家
祝庭生,同学 / 见面,同学,99,6,6,5,6,大学日记后期甲集(2)；李敖自传与回忆(1)；我最难忘的事和人(1)；李敖回忆录(1)；大学日记后期乙集(1),同班、朋友、见、请他
秦翰才,诗文出处 / 学术 / 历史类比引用,诗文出处,99,6,6,1,1,李敖书序集(6),先生、秦翰才、见、著作、访问、出版
秦观,公共论战 / 诗文出处,公共论战,99,6,5,4,5,历史与人像(2)；读史指南(2)；李敖语录(1)；要把金针度与人(1),批评、夫人、书目作者表
程潜,军事人物 / 政治人物 / 选举助选 / 公共论战 / 历史类比引用,军事人物,99,6,6,3,4,李敖大哥大(3)；李敖书序集(2)；中国现代史定论(1),国民党、儿子、书中、程逆潜、孙科、于右任、李宗仁和程潜、像、总统
空壳子,编辑,编辑,99,6,4,3,4,挑战李敖(4)；北京法源寺(1)；李敖大哥大(1),仓储、电视、总统、委员
章伯钧,政治人物 / 政治异议者 / 公共论战 / 历史类比引用,政治人物,99,6,6,1,1,中国现代史定论(6),妻、土地、夫人、军长、共产党、思想、报导、有章伯钧、徐名鸿、彭泽湘等旧共产党员
红娘,虚拟人物 / 小说剧本人物 / 历史类比引用 / 神交引用,虚拟人物,99,6,6,3,4,虽千万人，李敖往矣(3)；李敖秘密书房(2)；一个预备军官的日记(1),太太、妻、离婚、政治、古人、见、见面、晤
罗一宇,司法人员 / 诉讼 / 创作资料协助,司法人员,99,6,6,4,5,李敖自传与回忆续集(2)；李敖书函集(2)；李敖快意恩仇录(1)；千秋万岁乌鸦求是合集(1),法院、判决、诗、推事、序、上诉、法官、四十八位推事
罗所长,监狱行政 / 称谓待考,监狱行政,99,6,6,3,3,你笨蛋，你笨蛋(4)；李敖风流自传(1)；虽千万人，李敖往矣(1),所长、看守所、保安处、警备总部、国民党、起诉、政治、老师
罗福全,编辑,编辑,99,6,4,3,3,李敖大哥大(4)；李敖回忆录(1)；李敖风流自传(1),编辑、发行、总编辑、委员、国民党、报导、到我家、家里
罗隆基,公共论战 / 出版,公共论战,99,6,6,5,5,李敖快意恩仇录(2)；李敖自传与回忆(1)；我梦碎，所以我梦醒(1)；李敖新刊(1)；大学日记后期乙集(1),国民党、读、书店、出版、杂志、思想、教书
翁七七,社会案件 / 婚姻相关 / 诉讼 / 历史类比引用 / 神交引用,社会案件,99,6,6,1,1,历史与人像(6),妻、娶、见、吴千二将阿吴卖与翁七七为媳妇
翁文灏,政治人物 / 公职人员 / 学术 / 历史类比引用,政治人物,99,6,6,5,5,世论新语(2)；李敖全集(1)；我梦碎，所以我梦醒(1)；李敖书信集(1)；中国现代史定论(1),发行、委员、著作、书中、院长、法院、总统、政府
聂开国,司法人员 / 军事人物 / 诉讼,司法人员,99,6,6,5,5,李敖随写录前集(2)；李敖自传与回忆续集(1)；李敖回忆录(1)；李敖风流自传(1)；李敖新刊(1),审判长、审判官、检察官、上诉、判决、警备总部、军法、律师
聂荣臻,出版,待复核,99,6,4,2,2,世论新语(4)；李敖笑傲江湖(2),报纸、将军、由聂荣臻将军主导
胡传厚,媒体,媒体,99,6,6,4,4,李敖自传与回忆(3)；李敖回忆录(1)；李敖风流自传(1)；李敖书信集(1),父亲、国民党、思想、学生、朋友、儿子、编辑、主编
胡安国,学术 / 政治异议者 / 历史类比引用 / 神交引用,学术,99,6,6,2,2,为历史拨云(3)；要把金针度与人(3),儿子、主义、学生、政治、爸爸、写信、胡安国的儿子胡宏
胡宏,学术 / 政治异议者 / 历史类比引用 / 神交引用,学术,99,6,6,2,2,要把金针度与人(4)；为历史拨云(2),学生、儿子、所谓、政治、胡安国的儿子胡宏、写信骂秦桧、并上书宋高宗、见、主义
艾博特,媒体 / 出版 / 诗文出处 / 历史类比引用 / 神交引用,媒体,99,6,6,2,2,李敖报刊集(4)；千秋万岁乌鸦求是合集(2),父亲、哲学、编辑、总编辑、艾博特、杂志
苏世芳,通信 / 创作资料协助 / 见面,通信,99,6,6,3,3,李敖随写录前集(4)；李敖回忆录(1)；李敖风流自传(1),苏世芳、政府、国民党
苏建和,被害人 / 诉讼 / 人权救援 / 公共论战,被害人,99,6,6,3,3,李敖笑傲江湖(4)；李敖回忆录(1)；李敖秘密书房(1),辩护、审判长、检察官、庭长、法院、上诉、律师、教授
苏治灏,亲属 / 政治异议者 / 创作资料协助,亲属,99,6,6,3,5,千秋万岁乌鸦求是合集(3)；李敖书牍集(2)；李敖秘藏日记(1),东启先生、治洋、治灝同此、见、证人、警察、一起
范争波,媒体 / 出版 / 公共论战,媒体,99,6,6,2,2,为自由招魂(5)；李敖自传与回忆(1),编辑、总编辑、副总编辑、国民党、院长、报人、同事、编辑部
莫远离,朋友 / 师生,朋友,99,6,6,1,1,一个预备军官的日记(6),朋友、学生、作品、诗、像
董玉京,医疗照护 / 学术 / 通信 / 创作资料协助,医疗照护,99,6,6,3,3,李敖书函集(3)；李敖快意恩仇录(2)；李敖随写录前集(1),见、请他、儿子、花老犹见燕归迟、玉京医师国手吾兄
蒋光鼐,军事人物 / 政治人物 / 公共论战 / 历史类比引用,军事人物,99,6,6,1,1,中国现代史定论(6),认识、政府、所谓、总统、委员、李济深、陈铭枢、蒋光鼐、蔡廷楷、012/倚马/蒋光鼐向人民捐献
蒋女士,情感 / 财产债务,情感,99,6,6,1,1,李敖自传与回忆续集(6),支票、妻、存款、文星、太太
蔡煌琅,媒体 / 见面,媒体,99,6,6,1,2,李敖大哥大(6),民进党、报导、立委、一起、委员、朋友、蔡委员蔡煌琅
裴老太太,婚姻相关 / 邻居 / 称谓待考 / 见面,婚姻相关,99,6,6,1,1,我最难忘的事和人(6),太太、将军
许世贤,政治人物 / 公职人员 / 公共论战,政治人物,99,6,6,1,2,李敖对话录(6),许世贤、女儿、秘书、国民党
许之,见面,见面,99,6,5,4,6,一个预备军官的日记(3)；李敖自传与回忆续集(1)；千秋万岁乌鸦求是合集(1)；中国迷信新研(1),见、一起、母亲、弟弟、请我、见到、打电话、电话
许孝炎,诗文出处 / 学术 / 出版 / 公共论战,诗文出处,99,6,6,3,4,李敖书信集(3)；李敖报刊集(2)；早年日记(1),书店、文星、选举、学者、学术、政治、先生、许孝炎先生
诸君,师生,师生,99,6,6,4,5,李敖全集(2)；一个预备军官的日记(2)；虽千万人，李敖往矣(1)；李敖笑傲江湖(1),学生、大学、台大、读、序、电视
谢生富,政治人物 / 公共论战 / 见面,政治人物,99,6,6,3,4,千秋万岁乌鸦求是合集(3)；李敖札记(2)；李敖书启集(1),委员、刑求、法院、调查局、谢生富委员
谢稚柳,学术 / 神交引用,学术,99,6,6,4,6,李敖访谈录1990-2018(3)；李敖风流自传(1)；李敖秘密书房(1)；李敖大哥大(1),教授、研究、主编、大学、所长、朋友
谢锦春,社会案件 / 被害人,社会案件,99,6,6,1,1,为历史拨云(6),苗栗镇民谢潘桂兰母女、亡夫谢锦春、杀死少妇刘春枝、刘金水是被谢某所驾
谭延闿,政治人物 / 公职人员 / 历史类比引用,政治人物,99,6,6,4,4,中国近代史新论(2)；中国现代史正论(2)；我是天安门(1)；一个预备军官的日记(1),司令、思想、所谓、见、序、同在、生了吴樾、居正、林长民、谭延闿、委员
费孝通,学术 / 政治人物 / 公共论战,学术,99,6,6,1,1,我是天安门(6),主席、共产党、政治、先生、主义
贺元诚,社会案件 / 诉讼,社会案件,99,6,6,1,1,李敖随写录前集(6),访问、认识、女友、受访、贺元诚
贾贵诚,军校学生 / 见面,军校学生,99,6,6,1,2,一个预备军官的日记(6),贾贵诚、朋友
赖东明,媒体 / 见面,媒体,99,6,6,2,2,李敖秘密书房(4)；李敖秘藏日记(2),同学、学生、赖东明
赵国,姻亲 / 军事人物,姻亲,99,6,5,5,5,北京法源寺(2)；要把金针度与人(1)；中国命研究(1)；李敖颠倒众生(1)；李敖大哥大(1),太太、将军、一起、朋友、思想
越走越,亲属,亲属,99,6,5,4,6,虽千万人，李敖往矣(2)；挑战李敖(2)；千秋万岁乌鸦求是合集(1)；李敖大哥大(1),电视、告诉我、父亲、法院、立委、主席、政府、主义
辛苦经,编辑,编辑,99,6,5,5,6,求是新语(2)；李敖全集(1)；阳痿美国(1)；李敖笑傲江湖(1)；李敖大哥大(1),出版品、出版、朋友、报纸、国民党、民进党、财产、法庭
边草,师生,师生,99,6,6,2,3,李敖Talk秀(4)；李敖大哥大(2),老师、所谓、师生、导演、像、总统
邓仲芝,司法人员 / 创作资料协助 / 证人见证,司法人员,99,6,6,1,1,中国现代史正论(6),见、院长、法院、见面、批评、军法、邓仲芝（哲熙）院长、邓哲熙见宋
邓泽如,政治人物 / 历史类比引用,政治人物,99,6,6,4,6,李敖新刊(2)；千秋万岁乌鸦求是合集(2)；中国现代史正论(1)；李敖大哥大(1),国民党、见、主义、读、主席、委员、先生、写信
那么请,公共论战,公共论战,99,6,5,2,6,李敖大哥大(5)；李敖对话录(1),像、封杀、文学、学生、嫁给、台独、秘书
那次演,学术 / 亲属,待复核,99,6,4,4,5,李敖访谈录1990-2018(3)；阳痿美国(1)；大学札记(1)；一个预备军官的日记(1),北大、父亲、博士、说过、读
邱彰做,公共论战,公共论战,99,6,6,1,2,李敖大哥大(6),民进党、政治、法院、节目、律师、委员、记者
邱明星,证人见证 / 创作资料协助 / 社会案件 / 公共论战,证人见证,99,6,6,1,1,李敖颠倒众生(6),电话、打电话、尹清枫的驾驶
邱有珍,政治人物 / 公共论战,政治人物,99,6,6,1,1,文化论战丹火录(6),委员、法院、论战、本院、见、论文、先生、出版
邱清泉,军事人物 / 被害人 / 历史类比引用,军事人物,99,6,6,2,4,中国现代史定论(5)；李敖笑傲江湖(1),司令、国民党、李弥、邱清泉、熊笑三等、像
邱连辉,政治人物 / 公共论战,政治人物,99,6,6,4,5,你是景福门(2)；李敖札记(2)；李敖对话录(1)；李敖颠倒众生(1),国民党、委员、政府、党部、民进党、县长、选举、立委
邵元冲,政治人物 / 诗文出处 / 历史类比引用,政治人物,99,6,6,5,5,中国现代史正论(2)；李敖快意恩仇录(1)；李敖风流自传(1)；千秋万岁乌鸦求是合集(1)；中国艺术新研(1),警察、司令、参谋、交情、国民党、出席西山会议的，有我和林先生（森）、居正、覃振、石青阳、石瑛、戴传贤、沈定一、邵元冲、叶楚伧先生、共产党
邵康节,学术 / 历史类比引用 / 神交引用,学术,99,6,6,4,4,读史指南(2)；中国命研究(2)；李敖语录(1)；大学札记(1),见、夫人、大学、如邵康节所说、爸爸
邵显章,同学 / 创作资料协助 / 见面,同学,99,6,6,5,5,李敖书序集(2)；李敖自传与回忆续集(1)；李敖回忆录(1)；李敖风流自传(1)；一个预备军官的日记(1),台大、文学、爸爸、见、认识、结婚、邵显章
邹美仪,媒体 / 文艺音乐 / 社会案件 / 创作资料协助 / 公共论战,媒体,99,6,6,3,4,挑战李敖(4)；求是新语(1)；李敖书启集(1),报导、节目、小姐、总干事、杂志、国民党、有一位有名的演艺界人士叫做邹美仪、碰到
邹龙承,出版 / 媒体 / 诉讼,出版,99,6,6,1,1,求是新语(6),报导、检察官
郑其正,社会案件 / 诉讼,社会案件,99,6,6,1,1,李敖文存二集(6),法院、法庭、法官、朋友、女友、像
郑家玉,财产债务 / 社会案件 / 创作资料协助,财产债务,99,6,6,1,1,李敖书启集(6),法官、债务、太太、妻、房地、委员、国民党、住入郑家玉一家
郭启元,通信 / 创作资料协助,通信,99,6,6,1,1,李敖书函集(6),讨论《北京法源寺》、郭启元致李敖、启元先生：
都证实,见面,见面,99,6,5,5,5,李敖秘密书房(2)；上下古今谈(1)；千秋万岁乌鸦求是合集(1)；挑战李敖(1)；李敖大哥大(1),见、院长、总统、朋友、碰到、历史上、教授
都说得,神交引用,神交引用,99,6,6,6,6,李敖议坛哀思录(1)；爱情的秘密(1)；李敖书序集(1)；李敖访谈录1990-2018(1)；李敖书笺集(1)；李敖大哥大(1),政治、说过、作品、诗、像、序、学者、主义
钟惠臣,司法人员 / 诉讼 / 公共论战 / 创作资料协助,司法人员,99,6,6,4,4,李敖书信集(2)；李敖书函集(2)；李敖自传与回忆续集(1)；李敖书札集(1),法官、钟惠臣、杨荣、陈石狮法官、四十八位推事
钟毓田,同案狱友 / 军事人物 / 见面 / 历史类比引用,同案狱友,99,6,6,3,3,李敖书笺集(3)；李敖五五日记(2)；一个预备军官的日记(1),监狱、碰到、碰到钟毓田、见、见面、新店监狱看钟毓田
钱国维,亲属 / 社会案件 / 公共论战,亲属,99,6,6,1,2,李敖书札集(6),国民党、孙儿国维、孙女美端、写信、钱代表的爱子
钱太太,婚姻相关 / 见面,婚姻相关,99,6,6,2,3,李敖大哥大(4)；我最难忘的事和人(2),太太、见、政府、女儿
钱穆住,政治人物 / 财产债务,政治人物,99,6,6,2,3,李敖大哥大(5)；世论新语(1),政府、财产、读、夫人、大学、总统、国民党、文学
闻评议,政治人物,政治人物,99,6,6,4,5,李敖五五日记(2)；李敖颠倒众生(2)；挑战李敖(1)；李敖大哥大(1),秘书、委员、政府、政治、上诉、节目、所谓、法院
阙壮士,监所医疗 / 同案狱友 / 人权救援 / 公共论战,监所医疗,99,6,6,4,4,李敖书信集(2)；李敖书简集(2)；李敖自传与回忆续集(1)；李敖情书集(1),健康检查、看守所、政治、所谓、警察、药剂生阙壮士、管理员、药剂生阙壮士和医务行政管理员尤大时负责
阿贞（李敖情书集）,情感 / 通信 / 见面 / 称谓待考,情感,99,6,6,1,1,李敖情书集(6),给阿贞、亲爱的阿贞、阿贞：
阿里斯太狄斯,政治人物 / 历史类比引用 / 神交引用,政治人物,99,6,6,1,1,李敖Talk秀(6),阿里斯太狄斯
阿里汗,情感 / 媒体 / 历史类比引用,情感,99,6,6,1,1,李敖札记(6),阿里汗、儿子、离婚
陆宗舆,公职人员 / 政治人物 / 公共论战 / 历史类比引用,公职人员,99,6,6,3,3,历史与人像(3)；中国近代史新论(2)；千秋万岁乌鸦求是合集(1),政府、曹汝霖、章宗祥、陆宗舆、见、文学、公然说“袁世凯曹汝霖陆宗舆诸人都是爱国者”
陈俊生,政治人物 / 公职人员 / 媒体,政治人物,99,6,6,1,1,李敖随写录前集(6),陈俊生、记者
陈大代,政治人物 / 亲属 / 选举助选,政治人物,99,6,6,3,3,李敖随写录后集(4)；李敖议坛哀思录(1)；挑战李敖(1),国民党、弟弟、电视、陈大代、妹妹、见、像、朋友
陈康,学术 / 公共论战,学术,99,6,6,3,4,教育与脸谱(2)；文化论战丹火录(2)；为中国思想趋向求答案(2),先生、哲学、文学、共产党、思想、教授、史学、台大
陈建中,媒体 / 公共论战,媒体,99,6,6,6,6,李敖回忆录(1)；李敖快意恩仇录(1)；李敖风流自传(1)；李敖全集(1)；为自由招魂(1)；李敖书启集(1),国民党、书店、文星、读、老师、广播、所谓
陈建忠,亲属 / 财产债务 / 社会案件,亲属,99,6,6,2,3,李敖秘密书房(5)；挑战李敖(1),儿子、女儿、朋友、姻亲、总统、检察官、法院、大公子叫陈建忠，二公子陈延忠，三公子叫陈清忠
陈怡均,亲属 / 财产债务 / 社会案件,亲属,99,6,6,1,2,李敖秘密书房(6),女儿、太太、院长、儿子、岳母、父亲、秘书、陈怡君是陈清忠的女儿
陈文芬,媒体,媒体,99,6,6,3,3,李敖笑傲江湖(3)；李敖访谈录1990-2018(2)；李敖相关(1),报导、记者、出版、杂志、作品、陈文芬／台北报导、朋友
陈方,文艺音乐 / 公职人员 / 历史类比引用,文艺音乐,99,6,6,2,2,中国艺术新研(5)；我梦碎，所以我梦醒(1),秘书、主席、政府、陈方（1897-1962）、张大千称赞他画竹、陈方（1897-1962）字芷町
陈洁如,见面,见面,99,6,5,3,3,李敖随写录后集(3)；李敖笑傲江湖(2)；挑战李敖(1),见、出版、书中、夫人、传记、读、文学、父亲
陈石狮,司法人员 / 诉讼 / 公共论战 / 创作资料协助,司法人员,99,6,6,4,4,李敖书信集(2)；李敖书函集(2)；李敖自传与回忆续集(1)；李敖书札集(1),法官、钟惠臣、杨荣、陈石狮法官、四十八位推事
陈立峰,出版,出版,99,6,6,2,3,李敖回忆录(4)；李敖自传与回忆(2),主编、文星、写信、认识、太太、找我、送我、投稿
陈计男,司法人员 / 诉讼 / 公共论战 / 创作资料协助,司法人员,99,6,6,4,4,李敖书信集(2)；李敖书函集(2)；李敖自传与回忆续集(1)；李敖书札集(1),法官、马元枢、刘煥宇、杨秉钺、孙森焱、陈计男法官、四十八位推事
陶涤亚,感化人员,感化人员,99,6,6,5,6,李敖自传与回忆(2)；我最难忘的事和人(1)；李敖回忆录(1)；李敖风流自传(1)；千秋万岁乌鸦求是合集(1),国民党、同学、学者、所谓
雷学明,军事人物 / 诉讼 / 亲属,军事人物,99,6,6,2,4,李敖大哥大(4)；李敖议坛哀思录(2),父亲、检察官、爸爸、中将、军购、起诉、司令、参谋
韦贽唐,政治人物 / 财产债务 / 政治异议者 / 同案狱友,政治人物,99,6,6,2,2,李敖随写录前集(5)；李敖书序集(1),政府、主席、调查局、警总、检察官、判决、起诉、左舜生、张发奎、韦贽唐
马元枢,司法人员 / 诉讼 / 公共论战 / 创作资料协助,司法人员,99,6,6,4,4,李敖书信集(2)；李敖书函集(2)；李敖自传与回忆续集(1)；李敖书札集(1),诗、法官、马元枢、刘煥宇、杨秉钺、孙森焱、陈计男法官、四十八位推事
马可波罗,诗文出处 / 历史类比引用 / 神交引用,诗文出处,99,6,6,3,3,坐牢家爸爸给女儿的八十封信(3)；李敖秘密书房(2)；独白下的传统(1),书里、同房、有一个人叫马可波罗、见、传记
马哥能,政治人物,政治人物,99,6,5,4,4,李敖大哥大(3)；挑战李敖(1)；李敖秘密书房(1)；李敖颠倒众生(1),总统、朋友、市长、选举、国民党、民进党、政治
马法五,军事人物,军事人物,99,6,6,1,1,我最难忘的事和人(6),司令、将军、认识、家里、警察、军法、电话、朋友
马端临,学术 / 神交引用,学术,99,6,6,4,5,历史与人像(3)；传统下的独白(1)；千秋万岁乌鸦求是合集(1)；大学日记后期甲集(1),弟弟、文星、马端临《文献通考》、吴荣先《吾学录初编》、见、说过
马纪壮,政治人物 / 公共论战,政治人物,99,6,6,5,5,求是新语(2)；波波颂(1)；你是景福门(1)；一个预备军官的日记(1)；李敖书启集(1),院长、秘书、法院、总统、主席、国民党、记者、将军
骊山老母,虚拟人物 / 宗教人物 / 神交引用,虚拟人物,99,6,6,2,2,中国命研究(5)；北京法源寺(1),金刀圣母、梨山老母、像、见、刘以桐《都门闻见录》
高力士,政治人物 / 历史类比引用 / 神交引用,政治人物,99,6,6,5,5,读史指南(2)；李敖文存二集(1)；李敖书翰集(1)；李敖秘密书房(1)；李敖大哥大(1),女儿、文星、读、诗、“高力士”并不姓“高”而姓“冯”、问我、想象力
魏以之,情治警务 / 公共论战,情治警务,99,6,6,5,5,李敖书简集(2)；李敖自传与回忆(1)；李敖自传与回忆续集(1)；你是景福门(1)；李敖新刊(1),警总、保安处、哥哥、见、调查局、碰到、告诉我、判决
魏文帝,诗文出处 / 政治人物 / 历史类比引用 / 神交引用,诗文出处,99,6,6,4,5,独白下的传统(2)；挑战李敖(2)；李敖的情诗(1)；历史与人像(1),论文、总统、儿子、爸爸、哥哥、家里、妻、娶
鲁实先,学术 / 神交引用,学术,99,6,6,3,3,教育与脸谱(4)；大学札记(1)；李敖秘密书房(1),学术、读、所长、晤、先生、对我说、教授、研究
鲁迅可,见面,见面,99,6,5,3,4,李敖秘密书房(3)；李敖大哥大(2)；李敖访谈录1990-2018(1),陪他、一起、弟弟、学生、古人、同学
黄勤益,军事人物 / 亲属,军事人物,99,6,6,1,1,李敖随写录前集(6),黄勤益、读、同学
黄建青,司法人员 / 诉讼 / 公共论战,司法人员,99,6,6,1,1,挑战李敖(6),法官、判决、国民党、法院、母亲、债权、辩护、碰到
黄纯辉,军校学生 / 见面,军校学生,99,6,6,1,2,一个预备军官的日记(6),黄纯辉、著作
黄维国,亲属 / 军事人物 / 政治人物,亲属,99,6,6,1,1,李敖书序集(6),黄维国、书中、政治、学生、同学、大学、主席
龙头级,政治人物,政治人物,99,6,6,4,6,李敖大哥大(3)；阳痿美国(1)；挑战李敖(1)；李敖颠倒众生(1),主席、市长、认识、朋友、杂志、写稿、哥哥、国民党
CY（李敖书翰集）,通信 / 公共论战 / 称谓待考,通信,99,5,5,1,2,李敖书翰集(5),CY：、姓宋的回来、CY托我带来一封信、回CY的信
东京去,神交引用,神交引用,99,5,5,4,4,李敖秘密书房(2)；李敖笑傲江湖(1)；挑战李敖(1)；李敖大哥大(1),像、将军、总统、一起、律师
于办理,财产债务,财产债务,99,5,5,4,5,李敖大哥大(2)；李敖自传与回忆续集(1)；李敖书信集(1)；李敖书笺集(1),见、财产、司法行政部、判决、检察官、法院、弟弟、女友
于选举,政治人物,政治人物,99,5,5,4,5,李敖秘密书房(2)；传统下的独白(1)；千秋万岁乌鸦求是合集(1)；挑战李敖(1),选举、委员、支票、国民党
亚当斯,政治人物,政治人物,99,5,5,3,3,李敖笑傲江湖(3)；李敖议坛哀思录(1)；李敖大哥大(1),总统、朋友、政治、夫人、像
任逸翔,出版 / 财产债务 / 见面,出版,99,5,5,1,1,李敖五五日记(5),见、午与任逸翔、伍、周吃饭、与任、伍、周约明午见
何同纹,见面,见面,99,5,5,4,5,李敖五五日记(2)；李敖回忆录(1)；李敖风流自传(1)；大学日记后期乙集(1),同学、同班、朋友、学生、碰到、教书、律师
何妈妈,社会案件 / 称谓待考 / 公共论战,社会案件,99,5,5,2,2,李敖书翰集(4)；李敖语录(1),妈妈、像、何妈妈
何炳松,学术 / 诗文出处 / 公共论战 / 历史类比引用,学术,99,5,5,4,4,中国近代史新论(2)；李敖快意恩仇录(1)；文化论战丹火录(1)；为中国思想趋向求答案(1),教授、见、这十教授是：王新命、何炳松、武堉干、孙寒冰、黄文山、陶希圣、章益、陈高佣、樊仲云、萨孟武
倪元璐,学术 / 政治人物 / 神交引用,学术,99,5,5,1,1,世论新语(5),名言
倪瓒,诗文出处 / 文艺音乐 / 历史类比引用 / 神交引用,诗文出处,99,5,5,2,2,读史指南(4)；中国艺术新研(1),书目作者表、元：倪瓒//倪云林先生诗集、诗
傅学鹏,政治人物 / 党务宣传 / 公共论战,政治人物,99,5,5,1,1,挑战李敖(5),国民党、报纸、国民党要去开除傅学鹏党籍
党太尉,军事人物,军事人物,99,5,5,4,4,李敖笑傲江湖(2)；李敖回忆录(1)；李敖风流自传(1)；千秋万岁乌鸦求是合集(1),将军
公然支,政治人物,政治人物,99,5,5,4,5,李敖大哥大(2)；李敖议坛哀思录(1)；挑战李敖(1)；李敖秘密书房(1),总统、主席、法院、立委、军购、所谓、序、委员
冒襄,诗文出处 / 文艺音乐 / 情感 / 历史类比引用 / 神交引用,诗文出处,99,5,5,1,1,中国艺术新研(5),《冒巢民董小宛夫妇合璧卷真迹神品》、冒襄，字辟疆，别号巢民、冒辟疆生在1611年、冒辟疆《亡妾董小宛哀辞序》
冯起炎,社会案件 / 政治异议者 / 历史类比引用 / 神交引用,社会案件,99,5,5,1,1,为历史拨云(5),诗、见、情治、作品、娶
冯顺弟,亲属 / 社会案件 / 医疗照护 / 被害人 / 历史类比引用 / 神交引用,亲属,99,5,5,1,1,中国迷信新研(5),弟弟、思想、妈妈、见、《胡适文存》卷四《先母行述》/冯顺弟、绩溪冯氏（冯顺弟，胡适的妈妈）
凌鸿勋,学术行政,学术行政,99,5,5,3,3,求是新语(3)；李敖议坛哀思录(1)；李敖风流自传(1),研究、中央研究院、政府、大学、请我、学生、访问、记者
刘勰,学术 / 诗文出处 / 宗教人物 / 历史类比引用 / 神交引用,学术,99,5,5,2,2,要把金针度与人(3)；读史指南(2),娶、书目作者表、见、刘勰：《文心雕龙》
刘半农,学术 / 诗文出处 / 历史类比引用 / 神交引用,学术,99,5,5,4,4,李敖秘密书房(2)；李敖自传与回忆(1)；历史与人像(1)；为历史拨云(1),大学、市长、国民党、诗、教授
刘峙,军事人物 / 政治人物 / 诗文出处 / 公共论战 / 历史类比引用,军事人物,99,5,5,2,3,中国现代史定论(4)；李敖书笺集(1),委员、司令、国民党、战役的空头指挥者刘峙上将、蒋介石派出刘峙做总司令、刘峙说，他在徐州吃紧时、总司令刘峙还
刘师培,学术 / 神交引用,学术,99,5,5,2,3,要把金针度与人(4)；李敖全集(1),认识、古人、读
刘恕,政治人物 / 诗文出处,政治人物,99,5,4,4,4,读史指南(2)；李敖全集(1)；千秋万岁乌鸦求是合集(1)；要把金针度与人(1),总统、书目作者表、见
刘金水,被害人 / 社会案件,被害人,99,5,5,1,1,为历史拨云(5),上诉、法院、判决、刘妇的前夫刘金水、刘金水是被谢某所驾
勾结起,见面,见面,99,5,5,5,5,我最难忘的事和人(1)；李敖回忆录(1)；李敖议坛哀思录(1)；李敖笑傲江湖(1)；李敖秘密书房(1),国民党、政治、一起、太太、所长、情治、民进党
包括总,政治人物,政治人物,99,5,5,3,5,李敖大哥大(3)；李敖笑傲江湖(1)；李敖颠倒众生(1),总统、朋友、电视、中将、司令、情治、法院、委员
北投分局局长,小说剧本人物 / 情治警务 / 证人见证,小说剧本人物,99,5,5,1,1,虚拟的十七岁(5),病房、问我、院长、警察、序、认识
卢森堡,政治人物 / 政治异议者 / 历史类比引用 / 神交引用,政治人物,99,5,5,2,2,李敖书牍集(4)；挑战李敖(1),考茨基、墨尔林、朴列哈诺夫、卢森堡、思想、主义、告诉我、见、记者
卢照邻,学术 / 诗文出处,学术,99,5,4,4,4,读史指南(2)；李敖快意恩仇录(1)；上山·上山·爱(1)；李敖随写录后集(1),史学、读、诗、国民党、书目作者表
台联立,政治人物,政治人物,99,5,5,3,5,李敖议坛哀思录(2)；李敖大哥大(2)；我梦碎，所以我梦醒(1),立委、委员、法院、总统、民进党、主席、部长、司令
叶建丽,媒体 / 出版 / 见面,媒体,99,5,5,2,2,求是新语(3)；李敖五五日记(2),发行、出版、一起、电话、像、朱校长、五姨、叶建丽夫妇、兆扬夫妇、张牙医夫妇、小屯
吉拉斯,公共论战 / 出版,公共论战,99,5,4,4,4,中国性研究(2)；为自由招魂(1)；李敖秘藏日记(1)；李敖秘密书房(1),出版、共产党、政治、民进党
向独裁,政治人物,政治人物,99,5,5,4,5,李敖大哥大(2)；我梦碎，所以我梦醒(1)；李敖笑傲江湖(1)；李敖秘密书房(1),总统、所谓、主义、学者、老师、政治、主席
吕传胜,律师代理,律师代理,99,5,4,3,4,李敖秘密书房(3)；李敖快意恩仇录(1)；挑战李敖(1),哥哥、律师、辩护、像、刑求、逼供、法庭、妹妹
吕俊甫,师生,师生,99,5,5,1,2,李敖笑傲江湖(5),教授、像、研究、博士、大学、政治、写信、读
吴千二,社会案件 / 婚姻相关 / 诉讼 / 历史类比引用 / 神交引用,社会案件,99,5,5,1,1,历史与人像(5),妻、娶、吴千乙兄弟与之折合、吴千二将阿吴卖与翁七七为媳妇
吴国栋,公职人员 / 政治人物 / 公共论战,公职人员,99,5,5,3,3,求是新语(2)；为历史拨云(2)；波波颂(1),县长、打电话、电话、大学、院长、出版、杂志、记者
和柏杨,公共论战,公共论战,99,5,4,4,4,李敖快意恩仇录(2)；世论新语(1)；李敖对话录(1)；李敖颠倒众生(1),记者、国民党、所谓、妻、写信
唐文标,学术 / 诗文出处 / 政治异议者 / 朋友,学术,99,5,5,4,4,李敖书序集续集(2)；李敖秘藏日记(1)；李敖书信集(1)；李敖秘密书房(1),见、朋友、唐文标、打电话、电话、说过
唐锦蔩,司法人员 / 诉讼 / 同案狱友,司法人员,99,5,5,1,1,中国命研究(5),检察官、调查局、刑求、看守所、唐锦蔩检察官来过一次、调查局的王琪
国什么,诉讼,诉讼,99,5,4,4,5,李敖笑傲江湖(2)；阳痿美国(1)；李敖秘密书房(1)；李敖颠倒众生(1),总统、法庭、研究、博士、大学、中央研究院、所谓、像
国家干,政治人物,政治人物,99,5,4,5,5,我是天安门(1)；你是景福门(1)；阳痿美国(1)；挑战李敖(1)；李敖秘密书房(1),学生、妈妈、见、国民党、主义、总统、市长
国家考,公共论战,公共论战,99,5,5,3,4,教育与脸谱(2)；李敖书牍集(2)；李敖秘密书房(1),像、国民党、教授、学术、政府、律师、主席、政治
国际协,政治人物,政治人物,99,5,4,4,5,李敖大哥大(2)；为自由招魂(1)；我梦碎，所以我梦醒(1)；阳痿美国(1),政府、文学、主席、国民党、古人、告诉我
塞万提斯,出版 / 神交引用,出版,99,5,5,4,4,波波颂(2)；文化论战丹火录(1)；一个预备军官的日记(1)；李敖大哥大(1),政府、像、作品、序、读、学生、文学
夏德仪,见面,见面,99,5,3,5,5,李敖快意恩仇录(1)；李敖风流自传(1)；早年日记(1)；大学日记后期甲集(1)；大学日记后期乙集(1),对我说、碰到、写信、老师、请我、送我、文星、见
夏桀,历史类比引用 / 政治人物 / 神交引用,历史类比引用,99,5,5,4,4,李敖笑傲江湖(2)；独白下的传统(1)；虽千万人，李敖往矣(1)；中国性研究(1),历史上、共产党、封杀、像、夏桀是以“荧惑女宠”妺喜亡了国、古代
姚勇来,媒体 / 同案狱友 / 政治异议者 / 被害人,媒体,99,5,5,2,2,红色11(3)；李敖书牍集(2),刑求、律师、辩护、杂志、同案、特务、国民党、编辑
姚苌,政治人物 / 军事人物 / 历史类比引用 / 神交引用,政治人物,99,5,5,1,1,为历史拨云(5),〔姚〕苌疾病、与苌将姚崇争麦、苌遣其将姚熙隆、姚苌善用兵、雷恶地说
姜达绪,监狱行政 / 司法人员,监狱行政,99,5,5,1,1,我最难忘的事和人(5),所长、朋友、看守所、军法、县长、像、警察、请我
孙子跟,学术,学术,99,5,4,3,3,李敖大哥大(3)；挑战李敖(1)；李敖秘密书房(1),学术、爸爸、儿子、老师、研究、论文、教授、大学
孙泰元,见面 / 公共论战,见面,99,5,5,1,3,挑战李敖(5),助理、小姐、见、见面、报纸、爸爸、拜访、到我家
宁俊兴,军事人物 / 情治警务 / 出版管制 / 公共论战,军事人物,99,5,5,3,4,李敖秘藏日记(2)；李敖书札集(2)；李敖书笺集(1),财产、警总、史学、中将、宁俊兴、宁俊兴中将和他手下的李国瑾中校、宁俊兴中将和组长李国瑾中校、警总总司令陈大庆上将、政治部主任宁俊兴中将和他手下的李国瑾中校
安全考,政治人物,政治人物,99,5,5,3,4,李敖大哥大(3)；李敖风流自传(1)；千秋万岁乌鸦求是合集(1),警察、总统、儿子、朋友
安街,亲属,亲属,99,5,4,5,5,李敖自传与回忆(1)；李敖回忆录(1)；李敖风流自传(1)；我是天安门(1)；李敖情书集(1),爸爸、结婚
宋国业,司法人员,司法人员,99,5,4,1,1,李敖大哥大(5),检察官、找我、碰到、法院、告发、问我
宋贵人,政治人物 / 被害人 / 亲属 / 历史类比引用 / 神交引用,政治人物,99,5,5,1,2,中国迷信新研(5),与母比阳主谋陷宋氏、清河孝王庆，母宋贵人、母亲
宗荣禄,情治警务 / 诗文出处 / 历史类比引用,情治警务,99,5,5,5,5,李敖快意恩仇录(1)；千秋万岁乌鸦求是合集(1)；红色11(1)；李敖书信集(1)；李敖书牍集(1),一起、国民党、教授、院长、朋友、父亲、共产党、国特宗荣禄回忆录中说
宣中仪,亲属 / 医疗照护 / 创作资料协助,亲属,99,5,5,4,4,李敖书函集(2)；李敖回忆录(1)；李敖五五日记(1)；李敖随写录前集(1),好友、太太、女士、王太太宣中仪女士
宣布取,诉讼 / 师生,诉讼,99,5,5,4,4,李敖大哥大(2)；上山·上山·爱(1)；阳痿美国(1)；李敖随写录前集(1),见、教授、大学、朋友、所谓、像、法庭、判决
家挨户,师生,师生,99,5,4,3,5,李敖大哥大(3)；李敖随写录前集(1)；李敖秘密书房(1),拜访、总统、教授、家里、陪他、所谓、像
小吴,见面 / 称谓待考,见面,99,5,5,1,1,李敖秘藏日记(5),小吴午饭、小吴、小马、史通、小吴、虚一、小吴
尔朱荣,军事人物 / 政治人物 / 宗教人物 / 历史类比引用 / 神交引用,军事人物,99,5,5,1,1,中国迷信新研(5),《魏书·尔朱荣传》记载那个漂亮的尔朱荣奉立皇帝的故事、天光乃见庄帝，具论荣心、北魏庄帝二十一岁当了皇帝、时幽州人刘灵助善卜占、后来尔朱荣被庄帝给杀了
居觉生,见面,见面,99,5,5,1,2,千秋万岁乌鸦求是合集(5),先生、见、共产党、诗、总统、选举、院长、法院
屠寄,学术 / 诗文出处 / 学术考证引用 / 历史类比引用 / 神交引用,学术,99,5,5,3,3,读史指南(3)；李敖自传与回忆续集(1)；李敖书信集(1),大学、管理员、课员、元史专家屠寄、元史专家屠寄感到元朝历史太窄了
崔浩,政治人物 / 学术 / 神交引用,政治人物,99,5,5,5,5,传统下的独白(1)；独白下的传统(1)；大学日记后期甲集(1)；历史与人像(1)；为历史拨云(1),所谓、见、序、老师
左思,神交引用 / 学术,神交引用,99,5,5,5,5,独白下的传统(1)；李敖文存二集(1)；文化论战丹火录(1)；上下古今谈(1)；千秋万岁乌鸦求是合集(1),儿子、市长、书里、历史上、攻击、古人、诗、情书
师代表,律师代理,律师代理,99,5,5,4,4,中国近代史新论(2)；世论新语(1)；挑战李敖(1)；李敖颠倒众生(1),律师、所谓、政府、写信、像、事务、节目、电视
师陈水,律师代理,律师代理,99,5,5,3,4,李敖大哥大(3)；我梦碎，所以我梦醒(1)；李敖秘密书房(1),律师、像、见、国民党、民进党
干事长,政治人物,政治人物,99,5,5,5,5,我最难忘的事和人(1)；李敖回忆录(1)；我梦碎，所以我梦醒(1)；李敖秘密书房(1)；李敖大哥大(1),委员、市长、军法、县长、政治、电视、主义、报纸
干校教,师生,师生,99,5,5,5,5,李敖快意恩仇录(1)；波波颂(1)；千秋万岁乌鸦求是合集(1)；中国现代史定论(1)；李敖大哥大(1),教授、国民党、学生、警总、警备总部、政治、共产党、见
张世佑,公职人员 / 政治人物 / 公共论战,公职人员,99,5,5,1,1,为历史拨云(5),序、秘书、县长、民进党、读、县府主任秘书张世佑、代表民进党县长周清玉主持
张子扬,政治人物 / 证人见证,政治人物,99,5,5,2,2,我最难忘的事和人(4)；李敖书启集(1),委员、党部、同学
张富美,情感 / 政治人物,情感,99,5,4,2,2,李敖大哥大(3)；李敖颠倒众生(2),委员、朋友、好友、男友、立委、民进党
张振国,军事人物,军事人物,99,5,5,1,1,李敖颠倒众生(5),将军、国民党、读、委员、爸爸
张玉芳,司法人员 / 军事人物 / 诉讼,司法人员,99,5,5,4,4,李敖随写录前集(2)；李敖回忆录(1)；李敖风流自传(1)；李敖新刊(1),审判官、检察官、上诉、审判长、判决、军法、复判、法官
张继正,宗教人物 / 证人见证 / 历史类比引用,宗教人物,99,5,5,4,4,中国现代史正论(2)；李敖语录(1)；李敖书启集(1)；中国性研究(1),姻亲、总统、张学良、李国鼎、张继正、邱进益等四对教友夫妇
张铭传,同案狱友 / 政治异议者 / 人权救援 / 被害人,同案狱友,99,5,5,1,1,李敖书信集(5),来信、国民党、法院、像、营救张铭传后援会、张铭传卷
张默君,政治人物 / 见面 / 公共论战,政治人物,99,5,5,4,4,中国近代史新论(2)；传统下的再白(1)；教育与脸谱(1)；李敖语录(1),委员、女士、序、党政军人士莫德惠、严家淦、黄国书、谢冠生、何应钦、唐纵、陶希圣、黄杰、倪文亚、谷正纲、程天放、黄季陆、谢然之、张默君、罗列、石觉、钱思亮、刘季洪等五百余人参加观礼
张齐斌,监狱行政 / 公职人员 / 司法人员,监狱行政,99,5,5,2,2,李敖书简集(3)；李敖自传与回忆续集(2),法务部、监狱、太太、所长、法院、委员、电话、杂役
徐伟森,朋友 / 见面,朋友,99,5,5,2,2,李敖自传与回忆(3)；李敖快意恩仇录(2),爸爸、妈妈、见、朋友、太太
徐傅霖,政治人物 / 公职人员 / 选举助选 / 公共论战 / 历史类比引用,政治人物,99,5,5,1,1,中国现代史定论(5),县长、国民党、委员、政府、见、序、当选的是国民党员黄梦周，而不是徐傅霖、后来总算用劝让办法任黄梦周为和平县长
徐永昌,军事人物 / 司法人员 / 政治人物 / 历史类比引用,军事人物,99,5,5,3,3,我梦碎，所以我梦醒(2)；中国现代史定论(2)；李敖书牍集(1),见、中将、序、审判长、军法、将军、上将徐永昌
徐道宁,朋友 / 通信 / 见面,朋友,99,5,5,2,2,早年日记(3)；李敖书翰集(2),晤、碰到、同学、教授、爸爸、文星、寄王企祥徐露徐道宁李怡严论《科学怪人》与卖书、企祥和他的露、道宁、怡严各位
徐邦达,学术 / 诗文出处 / 创作资料协助 / 文艺音乐 / 历史类比引用 / 神交引用,学术,99,5,5,3,4,中国艺术新研(2)；李敖大哥大(2)；李敖风流自传(1),教授、研究、大学、见、作品、所谓、徐邦达与杨仁恺、朋友
怀疑到,见面,见面,99,5,5,4,4,李敖文存二集(2)；教育与脸谱(1)；一个预备军官的日记(1)；李敖秘密书房(1),报纸、见、学生、像
戈培尔,亲属,亲属,99,5,4,4,4,李敖笑傲江湖(2)；李敖秘藏日记(1)；挑战李敖(1)；李敖大哥大(1),部长、宣传、儿子、太太、像、博士
戈正铭,师生,师生,99,5,5,1,2,李敖笑傲江湖(5),教授、大学、节目、太太、像、写信、报人、诗
成专家,师生,师生,99,5,4,5,5,第73烈士(1)；虽千万人，李敖往矣(1)；李敖笑傲江湖(1)；李敖颠倒众生(1)；李敖大哥大(1),研究、教授、像、见、老师
成照片,政治人物,政治人物,99,5,5,4,5,李敖大哥大(2)；李敖全集(1)；李敖笑傲江湖(1)；挑战李敖(1),总统、见、同学、文星、文学、报纸、像、问我
戴维斯,军事人物 / 政治人物 / 亲属 / 历史类比引用 / 神交引用,军事人物,99,5,5,3,4,阳痿美国(3)；你笨蛋，你笨蛋(1)；李敖大哥大(1),将军、主席、见、老师
文件到,刑求人员,刑求人员,99,5,5,4,5,李敖大哥大(2)；李敖快意恩仇录(1)；李敖笑傲江湖(1)；李敖秘密书房(1),保安处、司令、家里、警备总部、见、研究、本院、像
方奂均,被害人 / 亲属 / 人权救援 / 社会案件,被害人,99,5,5,1,1,李敖书札集(5),奂均姐姐
时行政,学术行政,学术行政,99,5,5,3,5,李敖大哥大(3)；李敖全集(1)；李敖随写录后集(1),院长、法院、请他、经费、立委、出版、作品、研究
时解释,朋友,朋友,99,5,4,4,4,李语录(2)；教育与脸谱(1)；李敖语录(1)；挑战李敖(1),朋友、学术、选举、著作
易培基,学术行政 / 公职人员 / 创作资料协助 / 历史类比引用,学术行政,99,5,5,4,4,中国近代史新论(2)；我是天安门(1)；李敖秘藏日记(1)；中国艺术新研(1),国民党、共产党、台大、文学、院长、读、后来易培基担任故宫博物院长时
曹丕,政治人物 / 历史类比引用,政治人物,99,5,5,2,3,李敖笑傲江湖(3)；独白下的传统(2),儿子、爸爸、哥哥、家里、曹丕，他做了皇帝
曹宏武,朋友 / 见面 / 通信 / 创作资料协助,朋友,99,5,5,2,4,给马戈的五十封信(4)；大学日记后期甲集(1),代问宏武及显昌好、一起、曹宏武一起上车、宏武为我将此题译成德文
曾光秀,社会案件 / 公职人员 / 财产债务,社会案件,99,5,5,1,1,为历史拨云(5),曾光秀先生、情人、先生、政府、土地
曾虚白,媒体 / 出版 / 创作资料协助 / 公共论战,媒体,99,5,5,3,3,李敖书翰集(3)；李敖自传与回忆(1)；中国近代史新论(1),报导、国民党、致曾虚白、尊大人所遗译著之业、记者
权范围,政治人物,政治人物,99,5,5,4,4,千秋万岁乌鸦求是合集(2)；李敖情书集(1)；中国迷信新研(1)；李敖颠倒众生(1),儿子、主席、委员、部长、院长、政府、债权、事务
李严秀,政治人物,政治人物,99,5,5,2,2,李敖随写录后集(4)；李敖秘密书房(1),政府、妻、经费、学者、学术、论文、大学、将军
李代总,律师代理,律师代理,99,5,5,1,2,李敖笑傲江湖(5),总统、报纸、代理、宣传、历史上、见
李公权,政治人物 / 公共论战 / 党务宣传 / 历史类比引用,政治人物,99,5,5,2,2,中国现代史正论(4)；上下古今谈(1),委员、谢学贤、李公权等人、跟我说、法院、先生
李可染,文艺音乐 / 学术 / 公职人员 / 历史类比引用 / 神交引用,文艺音乐,99,5,5,2,2,中国艺术新研(4)；李敖秘密书房(1),作品、李可染（1907-1989）、拜齐白石、黄宾虹为师、党部、像
李思浩,政治人物 / 公职人员 / 历史类比引用,政治人物,99,5,5,1,1,中国近代史新论(5),见、政府、警察、政治、计有徐树铮、段芝贵、曾毓隽、朱深、梁鸿志、姚震、姚国桢、李思浩、王郅隆、丁士源等十人、当时入日本兵营的，只有九人，因为李思浩单独逃到华俄道胜银行
李戡去,学术 / 亲属,学术,99,5,5,2,5,李敖访谈录1990-2018(4)；虽千万人，李敖往矣(1),大学、北大、父亲、研究、中央研究院、报导、读、儿子
李文外婆（坐牢家爸爸）,亲属 / 创作资料协助 / 称谓待考,亲属,99,5,5,1,3,坐牢家爸爸给女儿的八十封信(5),母亲、爸爸、外公外婆家一次、妈妈、警备总部、台北外婆家
李杰（小杰四弟）,亲属 / 通信 / 创作资料协助 / 称谓待考,亲属,99,5,5,1,1,李敖书函集(5),复李杰四弟、小杰四弟：、徐小姐转来你2月6日在德国写来的信
李秀芬,证人见证 / 财产债务 / 诉讼,证人见证,99,5,5,1,1,李敖随写录后集(5),李秀芬、证人、秘书、调查局、律师、辩护
李金莲,被害人 / 社会案件 / 情感,被害人,99,5,5,2,2,中国性研究(4)；李敖五五日记(1),电话、女儿、公共、本案女主角李金莲、她是李知高的亲生女儿
杜煊泰,情治警务 / 政治人物 / 刑求人员 / 历史类比引用,情治警务,99,5,5,4,4,中国现代史正论(2)；李敖自传与回忆(1)；波波颂(1)；千秋万岁乌鸦求是合集(1),学生、警察、国民党、杜煊泰下令开枪
杨力行,司法人员 / 诉讼,司法人员,99,5,5,3,3,千秋万岁乌鸦求是合集(3)；李敖新刊(1)；李敖大哥大(1),法官、法院、审判长、推事、院长、判决、宣传、上诉
杨宇霆,军事人物 / 公职人员 / 历史类比引用,军事人物,99,5,5,3,3,中国近代史新论(3)；历史与人像(1)；中国现代史正论(1),参谋、父亲、代理、司令、国民党、杨宇霆为参谋长、事后由杨邻葛告余
杨朝祥,学术行政 / 政治人物 / 公职人员 / 公共论战,学术行政,99,5,5,1,2,挑战李敖(5),部长、学生、委员、大学、立委、国民党、见
松筠,公职人员 / 政治人物 / 历史类比引用,公职人员,99,5,5,1,1,中国近代史新论(5),库伦大臣松筠、固毕纳托尔遂由额尔口、其名曰色勒裴特、固毕纳托尔唯命是从
林勤纲,司法人员 / 社会案件 / 公共论战,司法人员,99,5,5,1,1,你是景福门(5),法官、法庭、好友、律师、辩护、读
林嘉诚,政治人物,政治人物,99,5,5,3,3,挑战李敖(2)；李敖大哥大(2)；李敖秘密书房(1),总统、委员、政府、土地、见、碰到、电视、市长
林庚申,政治人物 / 公职人员 / 公共论战 / 历史类比引用,政治人物,99,5,5,2,2,中国现代史正论(4)；李敖随写录后集(1),政府、法院、立委、委员、林庚申指出
林怀民,师生,师生,99,5,4,4,5,李敖秘密书房(2)；李敖快意恩仇录(1)；李敖风流自传(1)；李敖大哥大(1),学生、文星、读、父亲、夫人、朋友、法院、主义
林纪东,司法人员,司法人员,99,5,4,4,4,你是景福门(2)；我梦碎，所以我梦醒(1)；李敖语录(1)；李敖书信集(1),学者、法官、国民党、政治
林荣宗,同案狱友 / 刑求受害 / 人权救援,同案狱友,99,5,5,2,2,李敖自传与回忆续集(3)；李敖书简集(2),管理员、课员、课长、戒护课长、戒护、凌虐、被打人犯是林荣宗
林镇驹,朋友 / 见面,朋友,99,5,5,2,4,李敖议坛哀思录(3)；李敖风流自传(2),律师、秘书、委员、同房、朋友
林院长,学术行政,学术行政,99,5,5,2,2,李敖随写录后集(4)；李敖新刊(1),院长、见、秘书、记者、研究、见到、总统、将军
柏杨跟,见面,见面,99,5,5,4,5,李敖笑傲江湖(2)；李敖快意恩仇录(1)；李敖对话录(1)；李敖大哥大(1),见、国民党、政治、主义、一起、太太、总干事、法官
查理一世,政治人物 / 历史类比引用 / 神交引用,政治人物,99,5,5,4,4,坐牢家爸爸给女儿的八十封信(2)；李敖风流自传(1)；你笨蛋，你笨蛋(1)；虚拟的十七岁(1),King Charles I
欧纳西,姻亲,姻亲,99,5,5,1,1,李敖笑傲江湖(5),一起、离婚、总统、嫁给、像
毛泽湘,亲属 / 烈士殉难 / 神交引用,亲属,99,5,5,4,4,我是天安门(2)；李敖笑傲江湖(1)；挑战李敖(1)；李敖大哥大(1),国民党、妹妹、弟弟、母亲、女儿、妻、师长、告诉我
江静玲,媒体 / 创作资料协助,媒体,99,5,5,1,1,李敖随写录后集(5),学生、大学、记者、报导、江静玲、台大、台大怪火案
汪本流,监狱行政,监狱行政,99,5,5,3,3,李敖自传与回忆续集(3)；李敖回忆录(1)；李敖风流自传(1),所长、副所长、看守所、陪他、电话、杂役、监狱
沈国钧,诗文出处 / 出版 / 公共论战,诗文出处,99,5,5,2,2,文化论战丹火录(3)；李敖报刊集(2),像、报导、沈国钧先生
洪威华,司法人员 / 诉讼 / 社会案件,司法人员,99,5,5,1,1,世论新语(5),检察官、调查局、看守所、序
洪昭男,见面,见面,99,5,4,5,5,世论新语(1)；你是景福门(1)；你笨蛋，你笨蛋(1)；李敖新刊(1)；李敖书启集(1),法院、总统、立委、国民党、台独、认识、台大、警察
洪贵参,律师代理 / 通信 / 诉讼,律师代理,99,5,5,2,2,李敖书启集(3)；李敖颠倒众生(2),律师、委员、代胡学古复洪贵参律师函
浮士德,虚拟人物,虚拟人物,99,5,5,3,3,我最难忘的事和人(3)；文化论战丹火录(1)；中国现代史定论(1),史学、法院、教授、出版、序、说过
满肚子,见面,见面,99,5,4,4,4,千秋万岁乌鸦求是合集(2)；一个预备军官的日记(1)；李敖随写录后集(1)；李敖笑傲江湖(1),朋友、见、写信、节目
熊克武,军事人物 / 政治人物 / 历史类比引用,军事人物,99,5,5,3,3,李敖文存(2)；中国现代史正论(2)；世论新语(1),教书、同学、警察、委员、共产党、先生、胡汉民先生在俄，熊克武先生在禁，李大钊、谭平山、于树德、林祖涵系共产党不许出席
熊笑三,军事人物 / 证人见证 / 历史类比引用,军事人物,99,5,5,1,1,中国现代史定论(5),司令、对我说、见、李弥、邱清泉、熊笑三等、熊笑三在搞鬼
牟力非,媒体 / 编辑 / 政治异议者 / 通信 / 公共论战,媒体,99,5,5,3,3,为自由招魂(2)；李敖书笺集(2)；李敖快意恩仇录(1),回信、国民党、政治、编辑、广播、力非先生：、我为什么支持王八蛋
王中一,师生 / 创作资料协助,师生,99,5,5,1,1,李敖书札集(5),太太、叶新云、林正弘、王中一、黄三、出款
王光临,姻亲 / 军事人物 / 公共论战,姻亲,99,5,5,3,3,李敖快意恩仇录(2)；千秋万岁乌鸦求是合集(2)；你是景福门(1),女儿、共产党、先生、爸爸、警察、弟弟、国民党、电话
王天竞,政治人物 / 诉讼 / 公共论战,政治人物,99,5,5,2,2,求是新语(4)；李敖书启集(1),国民党、立委、民进党、法院、党部、宣传、委员
王志慧,亲属 / 出版 / 财产信托 / 财产债务,亲属,99,5,5,3,3,虽千万人，李敖往矣(2)；李敖书启集(2)；我梦碎，所以我梦醒(1),太太、妻、房地、债务、法官、委员、国民党、一起
王志文,学术 / 诉讼 / 人权救援 / 创作资料协助,学术,99,5,5,2,2,李敖书牍集(3)；李敖自传与回忆续集(2),教授、研究、大学、所长、国民党、王志文教授谈话
王志维,亲属 / 出版 / 诉讼 / 创作资料协助,亲属,99,5,5,3,3,传统下的再白(2)；李敖书札集(2)；你笨蛋，你笨蛋(1),研究、中央研究院、总务主任、事务、夫人、博士、委员、著作
王校长（王尚勤父亲）,亲属 / 学术行政 / 称谓待考,亲属,99,5,5,2,2,李敖书信集(4)；挑战李敖(1),爸爸、妈妈、哥哥、弟弟、家中、王尚勤爸爸长期做小学校长、王校长拖着、结婚
王秋原,同学,同学,99,5,5,2,4,一个预备军官的日记(4)；李敖回忆录(1),同学、见、批评、诗、朋友、参谋
王立杰,司法人员 / 诉讼,司法人员,99,5,5,4,5,李敖大哥大(2)；李敖快意恩仇录(1)；李敖风流自传(1)；李敖笑傲江湖(1),法官、法院、支票、律师、上诉、判决、审判长、请他
王集丛,学术 / 公共论战,学术,99,5,5,2,2,为自由招魂(4)；文化论战丹火录(1),见、读、认识、访问、记者、报导、接见、总统
王靖雯,媒体,媒体,99,5,5,3,3,李敖笑傲江湖(3)；李敖自传与回忆(1)；李敖回忆录(1),到我家、家里、女儿、夫人、小姐、朋友、将军
甘乃光,政治人物 / 公职人员 / 历史类比引用,政治人物,99,5,5,3,3,李敖全集(2)；中国现代史正论(2)；世论新语(1),研究、批评、主义、政府、国民党、学生、恋爱、秘书
田秋堇,政治人物 / 政治异议者 / 见面,政治人物,99,5,5,3,4,李敖议坛哀思录(2)；李敖秘藏日记(2)；李敖书札集(1),太太、妈妈、女儿、民进党、法院、田秋堇
盖什么,姻亲,姻亲,99,5,4,4,5,挑战李敖(2)；李敖快意恩仇录(1)；李敖笑傲江湖(1)；李敖秘密书房(1),像、离婚、证人、见、朋友、支票、说过、主席
相差甚,军事人物,军事人物,99,5,4,4,5,李敖自传与回忆续集(2)；李敖回忆录(1)；我梦碎，所以我梦醒(1)；挑战李敖(1),将军、军长、政府、法官、法院、判决
石氏,姻亲,姻亲,99,5,5,2,2,中国迷信新研(4)；李敖秘密书房(1),妻、主席、政府
秋胡,神交引用,神交引用,99,5,5,5,5,李敖文存(1)；为中国思想趋向求答案(1)；上下古今谈(1)；李敖语录(1)；历史与人像(1),妻、论战、主义
秦广王,虚拟人物 / 宗教人物 / 小说剧本人物 / 历史类比引用,虚拟人物,99,5,5,2,2,中国命研究(4)；虚拟的十七岁(1),一起、所谓、外面一个毛脸雷公、秦广王、初江王、宋帝王、忤官王、阎罗王
秦德纯,军事人物 / 政治人物 / 诗文出处 / 证人见证 / 历史类比引用,军事人物,99,5,5,2,2,中国现代史正论(3)；李敖书牍集(2),中将、陆军中将照上将待遇：秦德纯、俞济时、传记、文学、秦德纯《冀察政委会时期的回忆》
符合现,政治人物,政治人物,99,5,5,4,5,挑战李敖(2)；上下古今谈(1)；李敖书札集(1)；李敖大哥大(1),政治、委员、记者、见、院长、总统、部长、思想
米歇尔,政治人物 / 媒体 / 公共论战,政治人物,99,5,5,3,3,虽千万人，李敖往矣(3)；阳痿美国(1)；李敖秘密书房(1),见、总统、部长
罗伯特·肯尼迪,政治人物 / 亲属 / 历史类比引用 / 神交引用,政治人物,99,5,5,2,3,阳痿美国(4)；李敖书札集(1),弟弟、总统、说过、选举、像
罗君若,通信 / 出版 / 朋友,通信,99,5,5,4,4,一个预备军官的日记(2)；李敖自传与回忆续集(1)；李敖全集(1)；你笨蛋，你笨蛋(1),杂志、寄给、大学、朋友、见、结婚、台大
罗开甲,军事人物,军事人物,99,5,5,1,1,李敖书序集(5),将军、司令、参谋、来信
罗惠芳,朋友 / 见面,朋友,99,5,5,3,4,一个预备军官的日记(3)；李敖情书集(1)；李敖秘密书房(1),朋友、妹妹、结婚、告诉我、见、报纸、历史上、娶
翁同文,学术 / 创作资料协助 / 公共论战 / 历史类比引用,学术,99,5,5,2,2,中国艺术新研(4)；李敖回忆录(1),老师、学术、论文、翁同文老师、蔡玫芬老师都发了言、蔡学海、俞雨娣、甘怀真、胡菱兰、何永成、刘家驹、蔡玫芬、翁同文、陈清香九位
胡森田,司法人员 / 诉讼,司法人员,99,5,5,3,3,千秋万岁乌鸦求是合集(3)；李敖新刊(1)；李敖大哥大(1),法官、法院、审判长、推事、院长、判决、宣传、上诉
能回答,神交引用,神交引用,99,5,4,5,5,李敖议坛哀思录(1)；为中国思想趋向求答案(1)；李敖语录(1)；李敖书简集(1)；李敖秘密书房(1),像、告诉我、主席、委员
能够拿,军事人物,军事人物,99,5,4,4,5,李敖笑傲江湖(2)；李敖议坛哀思录(1)；独白下的传统(1)；李敖秘密书房(1),将军、一起、政治、财产、公证书、国民党
能幸免,出版,出版,99,5,5,5,5,我最难忘的事和人(1)；李敖快意恩仇录(1)；你是景福门(1)；李敖书简集(1)；李敖大哥大(1),出版品、出版、书店、查禁、国民党、见、法院、教授
能改革,公共论战,公共论战,99,5,4,4,5,李敖秘密书房(2)；李敖随写录前集(1)；挑战李敖(1)；李敖大哥大(1),政治、委员、像、国民党、特务
芮逸夫,学术 / 学术行政 / 公共论战,学术,99,5,5,3,3,教育与脸谱(3)；李敖自传与回忆(1)；李敖回忆录(1),见、一起、写信、先生、台大、古人、文学、研究
苏卡诺,政治人物 / 公职人员 / 历史类比引用,政治人物,99,5,5,2,2,李敖笑傲江湖(3)；李敖秘密书房(2),女儿、总统、现在的苏哈托、那时候是在野的，要推翻苏卡诺
苏嘉全,政治人物 / 公共论战,政治人物,99,5,5,2,2,你是景福门(3)；李敖随写录前集(2),党部、民进党、民进党昨天第五届第一次党员代表大会
苏炳仁,刑求人员 / 见面,刑求人员,99,5,5,1,1,李敖书牍集(5),见、调查局、一起、法庭、检察官、被“惠安案”火星喷到的难友苏炳仁
苏茂秋,司法人员 / 诉讼 / 公共论战,司法人员,99,5,5,2,3,李敖笑傲江湖(3)；李敖快意恩仇录(2),法官、法院、判决、上诉、母亲、五个法官范秉阁、苏茂秋、李琼荫、张福安、吴启宾
荫如,朋友 / 见面 / 称谓待考,朋友,99,5,5,1,1,早年日记(5),荫如
董康,司法人员 / 诗文出处 / 学术考证引用 / 历史类比引用,司法人员,99,5,5,2,2,中国近代史新论(4)；大学日记后期甲集(1),据董康《中国历届修订法律之大略》、见、文学、所谓
董祀,婚姻相关 / 政治人物 / 历史类比引用 / 神交引用,婚姻相关,99,5,5,2,2,要把金针度与人(3)；千秋万岁乌鸦求是合集(2),朋友、女儿、嫁给、见、嫁给董祀
蒋永敬,学术 / 诗文出处 / 历史类比引用,学术,99,5,5,2,2,中国现代史定论(3)；李敖笑傲江湖(2),教授、共产党、032/蒋永敬/胡汉民先生年谱稿、研究、大学、中央研究院、所长、政治
蔡介雄,政治人物 / 公职人员 / 公共论战,政治人物,99,5,5,2,2,中国现代史正论(3)；李敖对话录(2),国民党、蔡介雄、政府、蔡介雄、陈金德两位议员指出
蔡玫芬,学术 / 创作资料协助 / 见面 / 历史类比引用,学术,99,5,5,2,2,中国艺术新研(4)；李敖回忆录(1),老师、学术、论文、翁同文老师、蔡玫芬老师都发了言、蔡学海、俞雨娣、甘怀真、胡菱兰、何永成、刘家驹、蔡玫芬、翁同文、陈清香九位
蔡齐鹏,公职人员 / 选举助选 / 公共论战,公职人员,99,5,5,1,2,挑战李敖(5),委员、先生、国民党、民进党、总干事、像、公款
解释比,师生,师生,99,5,5,3,4,李敖笑傲江湖(3)；虚拟的十七岁(1)；挑战李敖(1),像、教授、大学、诗、国民党
许地山,学术 / 诗文出处 / 文艺音乐 / 历史类比引用 / 神交引用,学术,99,5,5,1,1,中国艺术新研(5),父亲、见、北大、许地山是博学的台湾人、许地山有一篇生前没刊出的残稿
许增男,司法人员 / 诉讼,司法人员,99,5,5,3,3,千秋万岁乌鸦求是合集(3)；李敖新刊(1)；李敖大哥大(1),法官、法院、审判长、推事、院长、判决、宣传、上诉
许文志,看守戒护 / 刑求人员 / 诉讼,看守戒护,99,5,5,2,3,李敖自传与回忆续集(3)；李敖秘密书房(2),朋友、女友、国民党、认识、电话、看守所、台北看守所、管理员
许文章,司法人员 / 诉讼 / 公共论战,司法人员,99,5,5,2,3,李敖大哥大(3)；李敖颠倒众生(2),法官、审判长、判决、审判长法官许文章、萧仰归、郑小康、民进党、法院、书里
许自诚,邻居 / 财产债务 / 创作资料协助,邻居,99,5,5,1,3,李敖书启集(5),委员、见、先生、首任主任委员许自诚、所谓
谢世闻,同学 / 诗文出处 / 司法人员 / 公共论战,同学,99,5,5,3,3,李敖书序集(3)；李敖自传与回忆续集(1)；李敖回忆录(1),学生、同学、投稿、台大、见、谢世闻、陋闻
谢碧莉,司法人员 / 诉讼,司法人员,99,5,5,3,3,李敖笑傲江湖(3)；李敖快意恩仇录(1)；李敖风流自传(1),法官、法院、上诉、判决、律师
谭坤泉,看守戒护 / 证人见证 / 刑求受害,看守戒护,99,5,5,2,2,李敖自传与回忆续集(3)；李敖书简集(2),管理员、绑担架、见、检察官、戒护、像、有徐开喜、黄祥华、谭坤泉等证词在卷
谷莺,情感 / 通信 / 见面,情感,99,5,5,2,2,李敖情书集(4)；李敖语录(1),给谷莺、亲爱的谷莺
贾景德,政治人物 / 公职人员 / 选举助选 / 历史类比引用,政治人物,99,5,5,4,4,中国现代史定论(2)；李敖风流自传(1)；教育与脸谱(1)；李敖书翰集(1),见、诗、书店、文星、书中、院长、法官、法院
赵守博,政治人物 / 公共论战,政治人物,99,5,5,5,5,世论新语(1)；你是景福门(1)；李敖书启集(1)；挑战李敖(1)；李敖大哥大(1),委员、主席、部长、国民党、秘书、共产党
赵盾,政治人物 / 历史类比引用 / 神交引用,政治人物,99,5,5,2,3,李敖颠倒众生(4)；教育与脸谱(1),赵盾弑其君、师生、读、诗、这凶手赵川
赵自齐,政治人物 / 公共论战 / 见面,政治人物,99,5,5,3,3,李敖札记(3)；千秋万岁乌鸦求是合集(1)；李敖书启集(1),委员、秘书、法院、立委、党部、院长、主席、报导
连战到,学术行政,学术行政,99,5,5,3,5,李敖大哥大(3)；李敖议坛哀思录(1)；李敖访谈录1990-2018(1),院长、像、政府、国民党、见、台大、教授、访问
邓铿,军事人物 / 政治人物 / 被害人 / 历史类比引用,军事人物,99,5,5,2,2,李敖笑傲江湖(3)；李敖大哥大(2),所谓、父亲、中将、书里、将军、经费、师长、参谋
邢仁辅,军事人物 / 左派转向 / 公共论战 / 历史类比引用,军事人物,99,5,5,1,1,李敖笑傲江湖(5),见、朋友、师长、共产党、见面、就是邢仁辅，有一个姓邢的、他是马陆群的
那丈夫,姻亲,姻亲,99,5,5,1,4,李敖大哥大(5),太太、妻、嫁给、家里
那所谓,见面 / 神交引用,见面,99,5,5,4,4,李敖大哥大(2)；虚拟的十七岁(1)；中国现代史定论(1)；挑战李敖(1),所谓、总统、见、见到、政府、攻击、政治、读
那样讲,公共论战,公共论战,99,5,4,2,5,李敖秘密书房(4)；挑战李敖(1),像、国民党、学生、教授、大学、哲学、问我、妈妈
邵铭煌,创作资料协助 / 学术行政 / 历史类比引用,创作资料协助,99,5,5,5,5,李敖议坛哀思录(1)；李敖风流自传(1)；你笨蛋，你笨蛋(1)；第73烈士(1)；李敖大哥大(1),脚镣、法院、经费、政府、国民党
郑学通,司法人员,司法人员,99,5,5,2,2,李敖快意恩仇录(3)；李敖风流自传(2),法官、法院、律师、杂志、文星、封杀、国民党
郑忠仁,司法人员 / 诉讼 / 出版管制 / 公共论战,司法人员,99,5,5,2,3,李敖书函集(3)；李敖书启集(2),检察官、出版社、出版、序、报纸、检察官郑忠仁侦办、发行、法院
郑汉龙,司法人员 / 诉讼 / 创作资料协助,司法人员,99,5,5,3,4,李敖自传与回忆续集(2)；李敖书函集(2)；李敖书启集(1),诗、推事、判决、上诉、诬告、四十八位推事、法官、法院
郑泰铭,学术 / 神交引用,学术,99,5,5,1,1,李敖笑傲江湖(5),研究、大学、台大、先生、像、文学
都写好,政治人物,政治人物,99,5,5,4,5,李敖秘密书房(2)；李敖议坛哀思录(1)；挑战李敖(1)；李敖大哥大(1),委员、律师、法院、部长、财产、报纸、找我、序
重光葵,政治人物 / 公职人员 / 历史类比引用,政治人物,99,5,5,3,4,李敖新刊(2)；虽千万人，李敖往矣(2)；中国现代史定论(1),序、见、学者、广田外相、重光次官、桑岛亚细亚局长
金刀圣母,虚拟人物 / 宗教人物 / 神交引用,虚拟人物,99,5,5,1,1,中国命研究(5),金刀圣母、梨山老母、见、刘以桐《都门闻见录》
金通彪,邻居 / 社会案件 / 创作资料协助,邻居,99,5,5,1,2,李敖书函集(5),委员、先生、从小事看认真、支票、诗
钱翊平,媒体 / 出版 / 创作资料协助 / 诉讼,媒体,99,5,5,3,3,李敖回忆录(2)；李敖书函集(2)；李敖书简集(1),找他、秘书、债权、杂志、《音乐与音响》杂志社社长 钱翊平
阎孟华,政治人物 / 亲属,政治人物,99,5,5,5,5,李敖回忆录(1)；李敖风流自传(1)；你笨蛋，你笨蛋(1)；千秋万岁乌鸦求是合集(1)；李敖笑傲江湖(1),立委、父亲、儿子、委员、院长、哥哥
阮雅歌,见面,见面,99,5,5,2,2,李敖快意恩仇录(3)；李敖五五日记(2),爸爸、碰到、将军、调查局、中将、请我、问我、对我说
阿尔文先生,虚拟人物 / 小说剧本人物 / 亲属 / 历史类比引用,虚拟人物,99,5,5,1,1,中国命研究(5),易卜生的群鬼、孟代牧师、阿尔文夫人、欧士华应该爱敬阿尔文先生、阿尔文一生纵淫
阿尔文夫人,虚拟人物 / 小说剧本人物 / 亲属 / 历史类比引用,虚拟人物,99,5,5,1,1,中国命研究(5),易卜生的群鬼、孟代牧师、阿尔文夫人、欧士华应该爱敬阿尔文先生、阿尔文一生纵淫
陀思妥耶夫斯基,神交引用,神交引用,99,5,5,4,4,李敖访谈录1990-2018(2)；一个预备军官的日记(1)；李敖秘密书房(1)；李敖大哥大(1),见、书中、文学、书里、像、读
陈之迈,诗文出处 / 学术 / 历史类比引用,诗文出处,99,5,5,3,3,中国现代史正论(2)；挑战李敖(2)；传统下的再白(1),朋友、国民党、见、来信、序、传记、文学、陈之迈《纪念适之先生》
陈公博,政治人物 / 公共论战 / 历史类比引用,政治人物,99,5,5,3,4,我梦碎，所以我梦醒(2)；中国现代史正论(2)；李敖全集(1),政府、共产党、主义、一起、主席、委员、朱培德、陈树人、甘乃光、周恩来、岳森、吴铁城、陈孚木、李福林、陈公博等九人组织廖案检察委员会
陈哲男,政治人物 / 监狱行政,政治人物,99,5,4,3,3,李敖颠倒众生(3)；李敖书启集(1)；李敖笑傲江湖(1),总统、秘书、委员、民进党、政府
陈宗,社会案件 / 亲属 / 医疗照护 / 被害人 / 历史类比引用 / 神交引用,社会案件,99,5,5,2,2,中国迷信新研(3)；中国命研究(2),将军、陈宗，永嘉人、郡守陆德舆云
陈希文,公职人员 / 出版管制 / 历史类比引用,公职人员,99,5,5,1,1,中国现代史正论(5),警察、攻击、见、朋友、先生、陈希文局长，派警驻在独立评论社、警察局长是陈希文先生、宋明轩先生下令北平市警察局陈希文局长
陈斯禄,邻居 / 社会案件 / 公共论战,邻居,99,5,5,2,2,李敖书函集(4)；李敖书启集(1),委员、先生、主任委员陈斯禄先生主持、由林文海、张善惠、邹光中、李润海、李大千、林凤梧、许国城、李庆云、吴子衔、陈捷圻各位先生通过
陈明忠,公共论战 / 媒体,公共论战,99,5,5,2,2,李敖大哥大(4)；李敖五五日记(1),访问、受访、国民党、政治、主义
陈河东,财产债务 / 创作资料协助 / 公共论战,财产债务,99,5,5,1,1,挑战李敖(5),支票、选举、还了陈河东、国民党、经费
陈秋子,财产债务 / 社会案件 / 诉讼,财产债务,99,5,5,1,1,李敖书启集(5),律师、委员、房产、法院、女士、副本收受者：水晶大厦管理委员陈秋子、徐进业、庄月鈱、赖添云、李俊科、黎兰、刘运发、蔡国盛、郑文信、徐进业先生、陈秋子女士，即为当年之放高利贷者
陈维纶,军事人物 / 诗文出处 / 出版 / 历史类比引用,军事人物,99,5,5,4,4,中国现代史定论(2)；我最难忘的事和人(1)；一个预备军官的日记(1)；李敖书序集(1),将军、书中、委员、博士、谢冰莹、黄振华、陈维纶
陈鸣人,军事人物 / 同案狱友,军事人物,99,5,5,3,3,李敖书序集(3)；我最难忘的事和人(1)；李敖风流自传(1),陈鸣人、牢房、军长、师长、共产党、报纸、将军
雷震同,监狱行政,监狱行政,99,5,4,5,5,李敖自传与回忆续集(1)；李敖回忆录(1)；李敖快意恩仇录(1)；李敖风流自传(1)；李敖大哥大(1),监狱、政治、夫人、报纸
霍四究,文艺音乐 / 历史类比引用 / 神交引用,文艺音乐,99,5,5,2,2,读史指南(3)；波波颂(2),序、电视、霍四究说“三分”、孟元老《东京梦华录》里
项建议,监狱行政,监狱行政,99,5,5,3,3,李敖笑傲江湖(3)；求是新语(1)；李敖随写录后集(1),秘书、同事、总统、国民党、思想、见、研究、读
顾左右,学术,学术,99,5,5,3,5,千秋万岁乌鸦求是合集(3)；文化论战丹火录(1)；挑战李敖(1),研究、像、中央研究院、国民党、法务部、法院、法庭、记者
顾茅芦,见面,见面,99,5,5,2,2,李敖笑傲江湖(4)；世论新语(1),拜访、找他、总统、主席、国民党
顾问陈,政治人物,政治人物,99,5,5,4,5,李敖大哥大(2)；你是景福门(1)；李敖随写录后集(1)；李敖书启集(1),民进党、论战、部长、律师、诬告、编辑、发行、总编辑
预约买书读者（李敖书翰集）,出版 / 财产债务 / 通信 / 称谓待考,出版,99,5,5,1,1,李敖书翰集(5),1966年向李敖预约买书的读者、预约买书的读者、这些读者都吃了倒账
马真吾,政治人物 / 见面 / 亲属,政治人物,99,5,5,2,3,大学日记后期乙集(3)；一个预备军官的日记(2),父亲、先生、见、见面、夫人
高名凯,学术 / 神交引用,学术,99,5,5,2,4,千秋万岁乌鸦求是合集(4)；李敖新刊(1),教授、著作、出版
高旭,学术 / 出版 / 神交引用,学术,99,5,5,2,2,李敖书翰集(3)；波波颂(2),诗、见、所谓
高育仁,政治人物 / 公职人员 / 公共论战 / 选举助选,政治人物,99,5,5,3,3,李敖对话录(2)；李敖书简集(2)；李敖大哥大(1),国民党、委员、高育仁、高育仁、纪政、沈君山他们三人能去
高阳,诗文出处 / 出版 / 公共论战 / 见面,诗文出处,99,5,5,5,5,李敖快意恩仇录(1)；李敖随写录后集(1)；李敖书牍集(1)；李敖笑傲江湖(1)；李敖秘密书房(1),史学、读、《高阳出击》书中、高阳就替他写个稿子、批评、作品、像
魏大喨,司法人员 / 诉讼 / 公共论战,司法人员,99,5,5,2,2,李敖书函集(3)；李敖五五日记(2),法官、出版社、爸爸、儿子、出版、地院法官魏大喨、法院、判决
魏群芳,见面,见面,99,5,5,2,2,李敖风流自传(4)；李敖大哥大(1),大学、见、访问、陪我、学生
黄三,创作资料协助 / 出版 / 朋友,创作资料协助,99,5,5,2,2,李敖书序集(4)；李敖札记(1),黄三、会云、黄三、继梅、以棋、绪华、Leslie
黄侃,学术 / 诗文出处 / 师生 / 历史类比引用 / 神交引用,学术,99,5,5,4,4,要把金针度与人(2)；教育与脸谱(1)；一个预备军官的日记(1)；中国近代史新论(1),学生、发行、读、教授、妻、大学、台大、文学
黄国书,政治人物 / 公职人员 / 公共论战 / 历史类比引用,政治人物,99,5,5,3,3,中国近代史新论(2)；挑战李敖(2)；李敖大哥大(1),委员、将军、先生、像、党政军人士莫德惠、严家淦、黄国书、谢冠生、何应钦、唐纵、陶希圣、黄杰、倪文亚、谷正纲、程天放、黄季陆、谢然之、张默君、罗列、石觉、钱思亮、刘季洪等五百余人参加观礼、朋友、总统、院长
黄昭明,情治警务 / 政治人物 / 选举助选 / 历史类比引用,情治警务,99,5,5,2,2,李敖笑傲江湖(3)；中国艺术新研(2),市长、县长、老师、黄昭明助教、选举、竞选高雄市长的也是这个军统局的人，黄昭明
黄昭星,政治人物 / 选举助选,政治人物,99,5,5,2,2,李敖随写录前集(4)；求是新语(1),民进党、见、委员、黄昭星、法院、立委、国民党、宣传
黄清江,司法人员 / 诉讼 / 公共论战,司法人员,99,5,5,1,1,李敖笑傲江湖(5),法官、政府、报纸、碰到、判决、法官就碰到了这个黄清江、王锦村、庄秋桃
黄石荪,学术 / 创作资料协助 / 历史类比引用 / 神交引用,学术,99,5,5,2,3,中国迷信新研(4)；中国性研究(1),见、徐荫轩相国传见翰林，黄石荪往
黄铭强,看守戒护 / 刑求人员,看守戒护,99,5,5,2,2,李敖书简集(3)；李敖自传与回忆续集(2),课员、舍房、课长、戒护课长、管理员、戒护、课员黄铭强引起的
黎昌意,媒体,媒体,99,5,4,3,3,早年日记(3)；李敖回忆录(1)；李敖风流自传(1),节目、碰到、来信、台大
丁鼎丞,政治人物 / 公职人员 / 党务宣传,政治人物,99,4,4,3,3,李敖对话录(2)；李敖快意恩仇录(1)；李敖风流自传(1),市长、国民党、共产党、同学、父亲、台大、请我、见
万兆芝,师生,师生,99,4,4,3,3,李敖自传与回忆(2)；李敖回忆录(1)；李敖风流自传(1),国民党、教授、北大、大学、代理、秘书
严正,亲属,亲属,99,4,4,4,4,李敖自传与回忆(1)；李敖回忆录(1)；李敖风流自传(1)；你笨蛋，你笨蛋(1),学生、师母、儿子、女儿
严正抗,政治人物,政治人物,99,4,4,4,4,我是天安门(1)；李敖语录(1)；李敖颠倒众生(1)；李敖大哥大(1),总统、国民党、政治、经费、大学、记者、政府、报导
严谅,亲属,亲属,99,4,4,4,4,李敖自传与回忆(1)；李敖回忆录(1)；李敖风流自传(1)；你笨蛋，你笨蛋(1),学生、师母、儿子、女儿、家里
于媒体,出版,出版,99,4,4,3,4,李敖秘密书房(2)；李敖访谈录1990-2018(1)；挑战李敖(1),杂志、政治、像、见、教授、朋友、报纸、电视
于斌总,学术行政,学术行政,99,4,4,2,2,李敖全集(2)；李敖书启集(2),院长、见、学术、政治、文学、大学、发行
于林正,公共论战,公共论战,99,4,4,3,4,世论新语(2)；李敖回忆录(1)；千秋万岁乌鸦求是合集(1),政治、研究、国民党、到我家、我家来
于法务,监狱行政,监狱行政,99,4,4,2,3,李敖大哥大(3)；李敖随写录后集(1),法务部、部长、检察官、司法行政部、法院、一起、委员、调查局
于衡,诗文出处 / 媒体 / 历史类比引用,诗文出处,99,4,4,2,2,李敖书笺集(2)；中国现代史正论(2),传记、主席、将军、国民党、哲学、文学、于衡《在那个风雨飘摇的时候》、访问
从天空,神交引用,神交引用,99,4,4,3,3,李敖秘密书房(2)；独白下的传统(1)；挑战李敖(1),历史上、诗、教授
从许荣,见面,见面,99,4,4,2,3,李敖大哥大(3)；李敖自传与回忆(1),民进党、委员、认识、见、法院、封杀
仲翼,文艺音乐 / 历史类比引用 / 神交引用,文艺音乐,99,4,4,1,2,中国艺术新研(4),仲翼有书名、周越、仲翼
任叔永,师生,师生,99,4,4,1,1,李敖秘密书房(4),朋友、学生、太太、妈妈、妻、嫁给、杂志、同仁
任治平,亲属 / 诗文出处,亲属,99,4,4,1,1,李敖随写录前集(4),夫人、任治平、女儿
任王昇,刑求人员,刑求人员,99,4,4,4,4,李敖回忆录(1)；李敖风流自传(1)；虽千万人，李敖往矣(1)；李敖笑傲江湖(1),政治、调查局、文星、研究、中央研究院、攻击、情治、同学
任财政,师生,师生,99,4,4,4,4,李敖自传与回忆(1)；我最难忘的事和人(1)；李敖回忆录(1)；李敖风流自传(1),学生、委员、政府、参谋、请我、部长
何洪才,情治警务 / 诉讼 / 证人见证 / 同案狱友,情治警务,99,4,4,2,2,李敖自传与回忆续集(2)；中国命研究(2),刑求、逼供、办案人员、保安处、判决、见、调查局、刑警
何要用,见面,见面,99,4,4,3,3,为自由招魂(2)；求是新语(1)；李敖情书集(1),见、总统、夫人、查禁、监狱、管理员
余井塘,政治人物 / 公职人员 / 党务宣传 / 选举助选 / 历史类比引用,政治人物,99,4,4,2,2,中国现代史定论(3)；为自由招魂(1),秘书、委员、见、选举、主席、部长、余井塘、王启江、郑彦棻
余玲雅,政治人物 / 公职人员 / 公共论战,政治人物,99,4,4,2,2,李敖随写录前集(2)；李敖对话录(2),委员、民进党昨天第五届第一次党员代表大会、国民党、余玲雅
余茂春,学术 / 诗文出处 / 公共论战,学术,99,4,4,1,1,李敖笑傲江湖(4),先生、教授、研究、论文、大学、共产党、见、像
俞作人,亲属,亲属,99,4,4,1,1,李敖笑傲江湖(4),先生、像、告诉我、朋友、哥哥、所谓、过户、特务
克利奥帕特拉,政治人物 / 情感 / 历史类比引用 / 神交引用,政治人物,99,4,4,3,3,坐牢家爸爸给女儿的八十封信(2)；传统下的再白(1)；李敖语录(1),家里、埃及女皇Cleopatra、Antony又被Cleopatra迷住
全部捐,学术,学术,99,4,4,4,4,李敖访谈录1990-2018(1)；李敖书札集(1)；李敖笑傲江湖(1)；李敖大哥大(1),大学、北大、像、学生、师母、朋友、报导、委员
内政部出版事业管理处熊处长（李敖书翰集）,公职人员 / 出版管制 / 通信 / 称谓待考,公职人员,99,4,4,1,1,李敖书翰集(4),打电话、电话、出版、杂志、书店、文星、党部、国民党
冯沅君,学术 / 诗文出处 / 历史类比引用,学术,99,4,4,3,3,中国命研究(2)；李敖自传与回忆(1)；李敖回忆录(1),老师、同学、同班、爸爸、文学、北大、有搞中国文学史的陆侃如、冯沅君
冯紫英,虚拟人物 / 小说剧本人物 / 历史类比引用,虚拟人物,99,4,4,2,2,中国性研究(2)；李敖笑傲江湖(2),女儿、见、冯紫英笑道
刘敏诚,财产债务 / 财产信托 / 证人见证,财产债务,99,4,4,1,1,李敖书简集(4),信托、中国信托投资股份有限公司：刘敏诚、王正衍
刘玉堂,军事人物 / 政治异议者 / 历史类比引用,军事人物,99,4,4,1,1,中国近代史新论(4),诗、偶识新军协统刘玉堂、使其图湘中发难事，会文溥以事被逮、文溥说湘都督焦达峰，遣玉堂率兵援鄂
刘锦安,军事人物 / 司法人员 / 同案狱友 / 公共论战,军事人物,99,4,4,1,2,李敖颠倒众生(4),军法、先生、军法局局长刘锦安、包括刘锦安，还有陈国祥、访问、受访
包容有,政治人物,政治人物,99,4,4,1,1,李敖颠倒众生(4),国民党、总统、选举、所谓
华肖忠,朋友,朋友,99,4,4,4,4,李敖回忆录(1)；李敖风流自传(1)；你是景福门(1)；早年日记(1),探监、电话、老师、国民党、共产党
南怀仁,宗教人物 / 科学家 / 历史类比引用 / 神交引用,宗教人物,99,4,4,1,2,中国近代史新论(4),旧派的历法家吴明烜、南怀仁——比利时人、杨光先正式向礼部呈上、南怀仁的介绍，迎徐日昇到北京
卢保,朋友 / 神交引用,朋友,99,4,4,4,4,李敖快意恩仇录(1)；李敖风流自传(1)；李敖新刊(1)；大学札记(1),母亲、大学、同学、台大
却又喜,师生,师生,99,4,4,4,4,李敖快意恩仇录(1)；李敖风流自传(1)；李敖新刊(1)；千秋万岁乌鸦求是合集(1),教授、研究、政治、读
史济湘,师生,师生,99,4,4,1,1,李敖大哥大(4),老师、学生、像、碰到、有时老师叫史济湘老师
史英,司法人员 / 诉讼,司法人员,99,4,4,3,3,李敖书笺集(2)；李敖自传与回忆续集(1)；挑战李敖(1),推事、判决、上诉、高院推事史英、徐承志、林式庄、指责了曾宪政、史英
叶潜昭,司法人员 / 见面,司法人员,99,4,4,2,2,李敖五五日记(3)；李敖书启集(1),碰到、法官、律师、叶潜昭、叶潜昭，他介绍黄怡腾律师
向国联,军事人物,军事人物,99,4,4,4,4,李敖自传与回忆(1)；李敖回忆录(1)；中国现代史正论(1)；李敖秘密书房(1),将军、政府、父亲、宣传、所谓
向钱穆,姻亲,姻亲,99,4,4,1,2,李敖大哥大(4),夫人、总统、大学、政府、国民党、太太
吕昇,社会案件 / 亲属 / 医疗照护 / 历史类比引用 / 神交引用,社会案件,99,4,4,1,1,中国迷信新研(4),妈妈、吕昇，莱州人、冀州南宫人王翰
吴化鹏,政治人物 / 公共论战,政治人物,99,4,4,3,3,世论新语(2)；你是景福门(1)；李敖书启集(1),委员、访问、法务部、部长
吴启宾,司法人员 / 诉讼 / 公共论战,司法人员,99,4,4,3,3,李敖笑傲江湖(2)；李敖快意恩仇录(1)；李敖秘密书房(1),法院、法官、上诉、母亲、判决、五个法官范秉阁、苏茂秋、李琼荫、张福安、吴启宾、告诉我、报纸
吴天威,学术 / 诗文出处 / 历史类比引用,学术,99,4,4,1,1,中国现代史正论(4),教授、交往、吴天威：《西安事变》、吴天威教授曾经指出
吴昆池,亲属 / 姻亲 / 财产债务 / 公共论战,亲属,99,4,4,1,1,挑战李敖(4),岳母、妈妈、岳父、太太、房地、赠与房子给陈致中的是外祖父及外祖母
吴氏（李时望妻）,社会案件 / 亲属 / 医疗照护 / 被害人 / 历史类比引用 / 神交引用,社会案件,99,4,4,1,1,中国迷信新研(4),妻、家里、乡民李时望妻家贫、州守刘骏名表其闾
周慕文,政治人物 / 公共论战 / 见面,政治人物,99,4,4,3,3,李敖札记(2)；李敖语录(1)；李敖对话录(1),立委、党部、国民党、法院、司令、委员、周慕文也接着赶到
和参议,政治人物,政治人物,99,4,4,4,4,李敖议坛哀思录(1)；阳痿美国(1)；李敖秘密书房(1)；李敖大哥大(1),总统、序、像、见、政府、一起
和报纸,出版,出版,99,4,4,3,4,李敖大哥大(2)；大学日记后期甲集(1)；为历史拨云(1),报纸、见、见面、记者、电视、部长、所谓、政府
唐守道,军事人物 / 烈士殉难,军事人物,99,4,4,1,1,李敖随写录前集(4),唐守道、同学、来信
唐生明,情治警务 / 军事人物 / 历史类比引用 / 神交引用,情治警务,99,4,4,2,2,李敖书序集(3)；李敖回忆录(1),见、儿子、政治、像、读、唐XX、唐生明
国分直一,学术 / 神交引用,学术,99,4,4,4,4,李敖快意恩仇录(1)；李敖风流自传(1)；你是景福门(1)；千秋万岁乌鸦求是合集(1),见、学者、论文、古代、古人、教授、大学、研究
国家未,媒体,媒体,99,4,4,4,4,阳痿美国(1)；李敖书牍集(1)；挑战李敖(1)；李敖秘密书房(1),发行、家里、节目、电视、广播、朋友、妻、民进党
夏皮罗,媒体 / 见面,媒体,99,4,4,3,4,李敖大哥大(2)；李敖快意恩仇录(1)；李敖Talk秀(1),记者、杂志
姚金玉,社会案件 / 亲属 / 医疗照护 / 历史类比引用 / 神交引用,社会案件,99,4,4,1,2,中国迷信新研(4),沈德四，直隶华亭人、姚金玉、昌平王德儿亦以刲肝愈母疾
威廉·谢尔曼,军事人物 / 历史类比引用 / 神交引用,军事人物,99,4,4,1,2,阳痿美国(4),总统、将军、文学、像
威廉詹姆斯,学术 / 神交引用,学术,99,4,4,3,3,大学札记(2)；李敖文存二集(1)；李敖语录(1),哲学、见
孙洵侯,出版 / 诗文出处 / 见面,出版,99,4,4,2,2,大学日记后期乙集(3)；一个预备军官的日记(1),见、大学、编辑部、编辑、文星、先生、总统
孟祥泳,财产债务 / 诉讼,财产债务,99,4,4,1,1,李敖随写录后集(4),孟祥泳、法院、告发、证人、律师
安太岁,神交引用,待复核,99,4,4,1,1,李敖大哥大(4),所谓、读
安心做,师生,师生,99,4,4,4,4,李敖自传与回忆(1)；李敖快意恩仇录(1)；千秋万岁乌鸦求是合集(1)；李敖访谈录1990-2018(1),学生、所长、市长、像、台独
宋伟霖,学术 / 历史类比引用 / 创作资料协助,学术,99,4,4,3,3,李敖书牍集(2)；李敖快意恩仇录(1)；千秋万岁乌鸦求是合集(1),国民党、一起、教授、见、朋友、父亲、宋伟霖教授
宋文明,编辑 / 出版 / 诗文出处,编辑,99,4,4,3,3,李敖书序集(2)；李敖书札集(1)；李敖书函集(1),编辑、主编、总编辑、党部、国民党、宋文明、发行、杂志
家人还,见面,见面,99,4,4,3,4,李敖访谈录1990-2018(2)；李敖秘密书房(1)；李敖大哥大(1),一起、古代、家里、律师、辩护、报纸、总统
小赫胥黎,诗文出处 / 科学家 / 历史类比引用 / 神交引用,诗文出处,99,4,4,2,2,李敖报刊集(3)；李敖情书集(1),小赫胥黎、T·赫胥黎
居然公,神交引用,神交引用,99,4,4,4,4,教育与脸谱(1)；李敖语录(1)；挑战李敖(1)；李敖颠倒众生(1),国民党、读、政治、发行、报纸、政府、总统、主席
居然去,政治人物,政治人物,99,4,4,3,4,李敖大哥大(2)；李敖议坛哀思录(1)；挑战李敖(1),市长、记者、代理、见、接见、政治、政府、朋友
巴克莱,学术 / 神交引用,学术,99,4,4,3,4,李敖议坛哀思录(2)；李敖风流自传(1)；李敖文存(1),市长、思想、法院、国民党、民进党、政治、请他、教授
帅哥（五五日记）,创作资料协助 / 财产债务 / 见面 / 称谓待考,创作资料协助,99,4,4,1,3,李敖五五日记(4),帅哥去林口、帅哥报的搬书账、嘱帅哥拍照存证、帅哥送来《顾颉刚读书笔记》
常真,社会案件 / 亲属 / 历史类比引用 / 神交引用,社会案件,99,4,4,1,1,中国迷信新研(4),政府、常真，陈州项城人、子晏割股肉以养母、次子守规徒跣
平权,神交引用,神交引用,99,4,4,3,3,李敖秘密书房(2)；李敖全集(1)；李敖大哥大(1),见、妻、国民党、老师、朋友、像、读
庄尚严,创作资料协助 / 师生 / 通信,创作资料协助,99,4,4,1,1,李敖书函集(4),学生、父亲、夫人、先生、庄尚严先生的夫人申佩芬、由庄尚严先生之介
廖天欣,出版 / 政治人物 / 见面 / 公共论战,出版,99,4,4,3,3,你是景福门(2)；李敖议坛哀思录(1)；李敖风流自传(1),见、读、立委、台独、见面、杂志、委员、先生
张兰熙,出版 / 见面,出版,99,4,4,3,4,李敖秘密书房(2)；李敖自传与回忆(1)；李敖大哥大(1),妈妈、家里、朋友、见、作品、像、认识、爸爸
张宝树,公职人员 / 政治人物 / 历史类比引用,公职人员,99,4,4,3,3,李敖Talk秀(2)；李敖快意恩仇录(1)；李敖书启集(1),秘书、党部、国民党、委员、见、跟我说、儿子、总统
张明,出版 / 见面,出版,99,4,4,4,4,李敖自传与回忆(1)；李敖回忆录(1)；挑战李敖(1)；李敖秘密书房(1),见、家里、土地、法官、检察官
张森,朋友 / 见面,朋友,99,4,4,2,3,大学日记后期甲集(3)；早年日记(1),张森、太太、朋友
张汤,亲属,亲属,99,4,4,3,3,李敖大哥大(2)；李敖情书集(1)；中国性研究(1),爸爸、家里、见、辩护
张济团,司法人员 / 诉讼,司法人员,99,4,4,2,2,李敖书笺集(3)；李敖回忆录(1),判决、推事、法官、权状、检察官、上诉、第二审推事陈培基、张济团、谢家鹤
张用寰,情治警务 / 证人见证 / 诉讼,情治警务,99,4,4,1,1,李敖随写录前集(4),张用寰、见、总统、情治、调查局、委员
张福安,司法人员 / 诉讼 / 公共论战,司法人员,99,4,4,2,3,李敖笑傲江湖(3)；李敖快意恩仇录(1),法官、法院、判决、上诉、母亲、五个法官范秉阁、苏茂秋、李琼荫、张福安、吴启宾
张誉曦,创作资料协助 / 亲属,创作资料协助,99,4,4,1,1,李敖书函集(4),朋友、儿子、三点不露轮到李登辉了、我的儿子——张誉曦
张贤东,政治人物 / 公共论战,政治人物,99,4,4,3,4,李敖语录(2)；李敖快意恩仇录(1)；求是新语(1),国民党、见、民进党、像、教授、总统、委员、部长
张贵永,师生,师生,99,4,4,4,4,李敖快意恩仇录(1)；李敖风流自传(1)；李敖新刊(1)；一个预备军官的日记(1),教授、家中、同学、文星、台大、认识、送我
张顺吉,司法人员,司法人员,99,4,4,3,3,李敖快意恩仇录(2)；李敖风流自传(1)；李敖笑傲江湖(1),法官、判决、上诉
彭允彝,学术,学术,99,4,4,3,3,李敖笑傲江湖(2)；李敖颠倒众生(1)；李敖大哥大(1),大学、部长、政府
徐公起,学术,学术,99,4,4,3,4,李敖自传与回忆(2)；李敖回忆录(1)；李敖风流自传(1),送我、支票、秘书、先生、土地
徐嗣兴,医疗照护 / 军事人物 / 姻亲 / 证人见证,医疗照护,99,4,4,1,1,李敖书序集(4),徐嗣兴、见、母亲、姐姐、儿子、总统
徐建民,情治警务 / 公职人员 / 出版管制,情治警务,99,4,4,2,2,李敖书翰集(3)；李敖自传与回忆续集(1),对我说、警总、新闻室”查书者“邓钜辉、徐建民所签名
成独裁,政治人物,政治人物,99,4,4,3,4,李敖大哥大(2)；我最难忘的事和人(1)；李敖秘密书房(1),总统、思想、朋友、学者、所谓
文课程,师生,师生,99,4,4,1,1,李敖随写录后集(4),教授、太太、保安处、警备总部、教书、对我说、大学
方治,政治人物 / 公职人员 / 诗文出处 / 历史类比引用,政治人物,99,4,4,2,2,李敖书笺集(2)；中国现代史定论(2),希孔是方治字、问我、记者、宣传、派张道藩为慰劳团团长，率副团长方治
时总统,政治人物,政治人物,99,4,4,3,4,李敖颠倒众生(2)；阳痿美国(1)；挑战李敖(1),总统、将军、政府、学生、像
时间拖,律师代理,律师代理,99,4,4,4,4,我梦碎，所以我梦醒(1)；李敖书函集(1)；挑战李敖(1)；李敖大哥大(1),律师、秘书、委员、政治、法院、起诉、写信
晏阳初,学术 / 神交引用,学术,99,4,4,3,3,李敖文存(2)；传统下的独白(1)；李敖语录(1),访问、先生、委员、见、像
曹德成,司法人员 / 诉讼,司法人员,99,4,4,4,4,李敖快意恩仇录(1)；李敖风流自传(1)；世论新语(1)；红色11(1),法官、法院
曾永霖,司法人员 / 诉讼,司法人员,99,4,4,1,1,李敖随写录后集(4),曾永霖、法官、院长、检察官、法院
朱培德,政治人物,政治人物,99,4,4,2,2,中国现代史正论(3)；李敖秘密书房(1),委员、政府、主席、朱培德、陈树人、甘乃光、周恩来、岳森、吴铁城、陈孚木、李福林、陈公博等九人组织廖案检察委员会、记者、像
朱崇实,学术行政 / 学术 / 见面,学术行政,99,4,4,2,3,李敖风流自传(3)；李敖杂文集(1),大学、校长、教授、送我、好友、院长、诗
朱延平,媒体 / 文艺音乐 / 公共论战,媒体,99,4,4,1,1,李敖随写录前集(4),见、导演、朱延平
朱煜勋,政治人物 / 历史类比引用 / 神交引用,政治人物,99,4,4,1,1,李敖书序集(4),见、拜访、书中、朱煜勋
李世君,财产债务 / 见面 / 朋友,财产债务,99,4,4,3,3,李敖情书集(2)；千秋万岁乌鸦求是合集(1)；李敖秘藏日记(1),哥哥、女儿、情人、文星、国民党、世君约、请我
李伋,学术 / 诗文出处 / 学术考证引用 / 历史类比引用 / 神交引用,学术,99,4,4,3,3,历史与人像(2)；李敖自传与回忆(1)；李敖回忆录(1),见、老师
李四端,媒体 / 公共论战,媒体,99,4,4,2,2,挑战李敖(3)；李敖秘密书房(1),同学、大学、先生、老师、眭澔平先生跟李四端先生以前是大学同学、电视、像
李士廉,亲属 / 历史类比引用 / 神交引用,亲属,99,4,4,1,1,中国迷信新研(4),妻、李士廉妻杨进女/父及翁、李士廉妹孝妇杨氏小姑朱守亭妻
李士珍,公职人员 / 情治警务 / 公共论战 / 历史类比引用,公职人员,99,4,4,1,1,李敖笑傲江湖(4),警察、交给李士珍、见
李慎言,神交引用,神交引用,99,4,4,3,3,李敖大哥大(2)；独白下的传统(1)；李敖语录(1),儿子、见、老师、批评、读、同学、诗
李星石,司法人员 / 诉讼 / 创作资料协助,司法人员,99,4,4,3,3,李敖书函集(2)；李敖自传与回忆续集(1)；世论新语(1),推事、诗、见、法院、判决、上诉、书中、四十八位推事
李班长,主剧情人物 / 小说剧本人物 / 老兵士官 / 军事人物,主剧情人物,99,4,4,1,1,第73烈士(4),将军、找他、儿子、学生、大学、共产党
李相助,司法人员 / 诉讼 / 创作资料协助,司法人员,99,4,4,3,3,李敖书函集(2)；李敖自传与回忆续集(1)；李敖笑傲江湖(1),诗、四十八位推事、警总、法官、上诉、封杀
杜马,公职人员 / 政治人物 / 财产债务 / 公共论战,公职人员,99,4,4,2,3,挑战李敖(3)；李敖大哥大(1),部长、政府、杂志、起诉
杨万乙,社会案件 / 婚姻相关 / 诉讼 / 历史类比引用 / 神交引用,社会案件,99,4,4,1,1,历史与人像(4),妻、裴千七夫妻与杨万乙
杨毓滋,政治人物 / 政治异议者 / 公共论战,政治人物,99,4,4,3,3,李敖随写录后集(2)；波波颂(1)；你是景福门(1),院长、秘书、法院、总统、主席、国民党、教书、杨毓滋
杨秀,政治人物 / 被害人 / 历史类比引用 / 神交引用,政治人物,99,4,4,1,1,中国迷信新研(4),隋文帝第二子杨广做皇太子时，陷害老四杨秀、杨素等追查时、请西岳华山慈父圣母神兵
杨筱筠,学术,学术,99,4,4,3,3,李敖大哥大(2)；李敖风流自传(1)；你笨蛋，你笨蛋(1),大学、认识、序、像、朋友、文学
杨肇南,师生 / 政治异议者,师生,99,4,4,4,4,李敖自传与回忆(1)；李敖回忆录(1)；李敖风流自传(1)；你笨蛋，你笨蛋(1),老师、男友、共产党、所谓、像
杨肖震,师生 / 政治异议者,师生,99,4,4,4,4,李敖自传与回忆(1)；李敖回忆录(1)；李敖风流自传(1)；你笨蛋，你笨蛋(1),老师、朋友、太太、嫁给、共产党
杨莲生,医疗照护 / 学术,医疗照护,99,4,4,1,1,李敖五五日记(4),教授、父亲、代理、杨莲生耳鼻喉科、杨莲生行医五十年
杨虎,军事人物 / 历史类比引用,军事人物,99,4,4,2,2,李敖书牍集(2)；李敖笑傲江湖(2),写信、出版、宣传、先生写信给杨虎辩正浏河失守责不在八十八师、司令、像、太太
松冈义正,司法人员 / 学术 / 历史类比引用,司法人员,99,4,4,1,1,中国近代史新论(4),据董康《中国历届修订法律之大略》、松冈科长义正司裁判者十五年、志田即志田钾太郎、松冈即松冈义正
林亚卿,媒体 / 出版 / 通信 / 公共论战,媒体,99,4,4,3,3,李敖书札集(2)；千秋万岁乌鸦求是合集(1)；李敖秘藏日记(1),访问、编辑、杂志、亚卿：、你和林世煜
林孟贵,政治人物 / 公共论战,政治人物,99,4,4,3,3,世论新语(2)；求是新语(1)；你是景福门(1),委员、部长、调查局、法务部、诗、像、检察官、政治
林小鱼,通信 / 朋友 / 创作资料协助,通信,99,4,4,2,2,李敖对话录(2)；李敖书笺集(2),访问、林小鱼访问、见、林小鱼
林彪,军事人物 / 政治人物 / 历史类比引用,军事人物,99,4,4,3,3,李敖随写录前集(2)；挑战李敖(1)；李敖颠倒众生(1),广播、林彪、共产党
林振国,政治人物 / 通信,政治人物,99,4,4,2,3,李敖笑傲江湖(3)；李敖快意恩仇录(1),部长、写信、国民党、委员、像
林明成,财产债务 / 财产信托 / 通信,财产债务,99,4,4,2,2,李敖书简集(2)；李敖大哥大(2),土地、中国信托公司”各董事的信、先生
林浩兴,同案狱友 / 财产债务 / 诉讼,同案狱友,99,4,4,2,2,李敖自传与回忆续集(2)；李敖情书集(2),脚镣、钉脚镣、检察官、看守所、所长、法院、同案、课员
林清松,政治人物 / 公职人员 / 公共论战 / 选举助选,政治人物,99,4,4,2,2,李敖对话录(2)；李敖书信集(2),国民党、林清松、委员、林清松、简锦益、黄玉娇、傅文政
林玉体,师生,师生,99,4,4,1,1,李敖随写录前集(4),教授、秘书、代理、县长、政府
林祖涵,政治人物 / 历史类比引用,政治人物,99,4,4,3,3,中国现代史正论(2)；我梦碎，所以我梦醒(1)；李敖大哥大(1),共产党、委员、政府、国民党、宣传、主义、胡汉民先生在俄，熊克武先生在禁，李大钊、谭平山、于树德、林祖涵系共产党不许出席
林船夫,军事人物 / 见面,军事人物,99,4,4,1,3,一个预备军官的日记(4),林船夫、来信
林锡耀,政治人物 / 创作资料协助 / 公共论战,政治人物,99,4,4,1,1,李敖笑傲江湖(4),女友、检察官、民进党、晤、电话、报纸、省议员林锡耀昨天在省议会表示
格瓦拉,政治异议者 / 军事人物 / 历史类比引用 / 神交引用,政治异议者,99,4,4,1,1,李敖书序集续集(4),格瓦拉、部长、诗、像、Che Guevara
梁巨川,学术 / 政治人物 / 神交引用,学术,99,4,4,2,2,李敖文存(3)；传统下的独白(1),父亲、主义、先生、像、读
梁溪,通信 / 朋友,通信,99,4,4,1,2,给马戈的五十封信(4),梁溪均请替我问好、张豪、梁溪均请替我问好、写信、写信给梁溪
楚崧秋,出版管制 / 党务宣传 / 媒体 / 公共论战,出版管制,99,4,4,1,1,李敖报刊集(4),楚崧秋、楚崧秋请我吃饭
欧阳杏如,亲属 / 通信 / 创作资料协助,亲属,99,4,4,3,3,李敖书笺集(2)；李敖回忆录(1)；李敖文存(1),电话、朋友、序、杏如嫂接电话
汪中磊,朋友 / 通信 / 婚姻相关,朋友,99,4,4,2,2,李敖书翰集(3)；我最难忘的事和人(1),请我、见、同学、论婚变答汪中磊、中磊兄：
沈㴶,公职人员 / 公共论战 / 诉讼 / 历史类比引用,公职人员,99,4,4,1,1,中国近代史新论(4),徐如珂、沈(氵加隺)、晏文辉、余懋孳、南京礼部侍郎沈(氵加隺)、王丰肃神甫（P. Vagnoni又名高一志）、王丰肃曾受脚心板刑
沈有鼎,师生,师生,99,4,4,2,2,李敖书信集(3)；千秋万岁乌鸦求是合集(1),教授、找他、老师、来信、国民党、先生、教书、同事
洪哲胜,政治人物,政治人物,99,4,4,2,2,李敖快意恩仇录(2)；李敖风流自传(2),主席、台独
洪炳炉,政治人物 / 党务宣传 / 公共论战,政治人物,99,4,4,1,1,李敖书札集(4),主席、党部、宣传、以洪炳炉为首
洪英花,政治人物 / 选举助选 / 公共论战,政治人物,99,4,4,1,1,李敖随写录后集(4),县长、选举、洪英花、民进党
浦薛凤,师生,师生,99,4,4,4,4,李敖全集(1)；千秋万岁乌鸦求是合集(1)；挑战李敖(1)；李敖大哥大(1),教授、台大、教书、大学、出版、学术、部长
清泉,军校学生 / 见面 / 称谓待考,军校学生,99,4,4,1,1,一个预备军官的日记(4),清泉
温世仁,朋友 / 出版 / 公共论战,朋友,99,4,4,1,1,李敖访谈录1990-2018(4),温世仁、问我、记者、先生
熊敬军,司法人员 / 诉讼 / 公共论战,司法人员,99,4,4,1,1,李敖书函集(4),法官、民进党、王振兴、熊敬军、简朝振、法院、特务
王云涛,司法人员 / 军事人物 / 诉讼,司法人员,99,4,4,4,4,李敖回忆录(1)；李敖快意恩仇录(1)；李敖风流自传(1)；李敖新刊(1),检察官、上诉、审判长、审判官、判决、法官、军法、警总
王德儿,社会案件 / 亲属 / 医疗照护 / 历史类比引用 / 神交引用,社会案件,99,4,4,1,2,中国迷信新研(4),沈德四，直隶华亭人、姚金玉、昌平王德儿亦以刲肝愈母疾
王振兴,司法人员 / 诉讼 / 公共论战,司法人员,99,4,4,1,1,李敖书函集(4),法官、民进党、王振兴、熊敬军、简朝振、法院、特务、国民党
王新政,被害人 / 诉讼 / 社会案件 / 亲属,被害人,99,4,4,1,1,李敖笑傲江湖(4),父亲、太太、书里、王明雄他的父亲王新政、媳妇，黄秋丽、六十六岁的老头子张国杰
王方,医疗照护 / 见面,医疗照护,99,4,4,1,3,李敖五五日记(4),中仪嫂、王方、女儿、读、王方送小痴病历
王明雄,亲属 / 被害人 / 诉讼 / 社会案件,亲属,99,4,4,1,1,李敖笑傲江湖(4),父亲、太太、书里、王明雄他的父亲王新政、媳妇，黄秋丽、六十六岁的老头子张国杰
王昭明,政治人物 / 公共论战,政治人物,99,4,4,3,3,世论新语(2)；你是景福门(1)；李敖书启集(1),秘书、委员、研究、院长、法院、报导、国民党、政治
王景山,诗文出处 / 历史类比引用 / 神交引用,诗文出处,99,4,4,2,2,千秋万岁乌鸦求是合集(2)；要把金针度与人(2),法官、警察、法院、判决、上诉、认识、王安石《答王景山书》
王正衍,财产债务 / 财产信托 / 证人见证,财产债务,99,4,4,1,1,李敖书简集(4),信托、中国信托投资股份有限公司：刘敏诚、王正衍
王滔夫,政治人物 / 诉讼 / 公共论战,政治人物,99,4,4,1,1,求是新语(4),国民党、法院、立委、民进党、党部
王秋华,诉讼 / 亲属,诉讼,99,4,4,3,3,李敖随写录前集(2)；李敖笑傲江湖(1)；李敖大哥大(1),儿子、女儿、研究、院长、碰到、王秋华、中央研究院、辩护
王耀武,军事人物 / 政治人物 / 历史类比引用,军事人物,99,4,4,3,3,中国现代史定论(2)；我最难忘的事和人(1)；虽千万人，李敖往矣(1),共产党、见、国民党、所谓、研究、委员、共产党还为他和溥仪、王耀武一齐开追悼会
玛莎·葛兰姆,媒体 / 神交引用,媒体,99,4,4,1,1,求是新语(4),
瑟古德·马歇尔,神交引用 / 司法人员 / 政治人物 / 公共论战,神交引用,99,4,4,4,4,李敖议坛哀思录(1)；李敖全集(1)；阳痿美国(1)；挑战李敖(1),法官、法院、认识、历史上、检察长、部长、土地、判决
甘地所,政治人物,政治人物,99,4,4,3,4,李敖对话录(2)；挑战李敖(1)；李敖秘密书房(1),政府、朋友、一起、像
田中义一,军事人物 / 政治人物 / 历史类比引用 / 神交引用,军事人物,99,4,4,1,1,为历史拨云(4),活埋田中义一
田炯锦,司法人员 / 政治人物 / 证人见证 / 公共论战,司法人员,99,4,4,3,3,文化论战丹火录(2)；为自由招魂(1)；李敖新刊(1),论战、思想、所谓、见、秘书、主席、委员、电话
白伦,媒体 / 见面,媒体,99,4,4,4,4,李敖风流自传(1)；挑战李敖(1)；李敖Talk秀(1)；李敖大哥大(1),记者、杂志、监狱、警备总部、太太
白省三,政治人物,政治人物,99,4,4,1,1,李敖大哥大(4),朋友、总统、请我、女儿、选举
石报告,亲属,亲属,99,4,4,4,4,李敖回忆录(1)；李敖风流自传(1)；李敖笑傲江湖(1)；挑战李敖(1),国民党、儿子、文星、电报、将军
福田良三,军事人物,军事人物,99,4,4,1,1,我梦碎，所以我梦醒(4),中将、司令、参谋、少将
窦皇后,政治人物 / 亲属 / 历史类比引用 / 神交引用,政治人物,99,4,4,1,2,中国迷信新研(4),与母比阳主谋陷宋氏、清河孝王庆，母宋贵人
简朝振,司法人员 / 诉讼 / 公共论战,司法人员,99,4,4,1,1,李敖书函集(4),法官、民进党、王振兴、熊敬军、简朝振、法院、法庭
简锦益,政治人物 / 公职人员 / 公共论战 / 选举助选,政治人物,99,4,4,2,2,李敖对话录(2)；李敖书信集(2),国民党、简锦益、委员、林清松、简锦益、黄玉娇、傅文政
终身做,政治人物,政治人物,99,4,3,3,3,李敖大哥大(2)；挑战李敖(1)；李敖颠倒众生(1),总统
罗志希,出版 / 政治人物,出版,99,4,4,3,3,李敖自传与回忆(2)；李敖回忆录(1)；李敖书信集(1),先生、编辑、总编辑、法院、委员、大学、出版
罗署长（警政署）,情治警务 / 公共论战 / 称谓待考,情治警务,99,4,4,4,4,为自由招魂(1)；李敖书牍集(1)；李敖笑傲江湖(1)；挑战李敖(1),调查局、法务部、警总、政战、少将、上校、见、警察
罗迦陵,资金支持 / 历史类比引用,资金支持,99,4,4,1,1,中国近代史新论(4),经费、选举、夫人、女士、哈同罗迦陵方面，捐助巨款、哈同和他夫人罗迦陵女士搞钱
翁硕柏,师生,师生,99,4,4,4,4,李敖自传与回忆(1)；李敖回忆录(1)；李敖快意恩仇录(1)；李敖风流自传(1),老师、台大
胡关宝,社会案件 / 医疗照护,社会案件,99,4,4,1,1,李敖随写录后集(4),蒙最高法院判死刑定谳、见、所长、像、胡关宝
胡琏,军事人物 / 政治人物 / 公共论战 / 历史类比引用,军事人物,99,4,4,1,1,中国现代史定论(4),军长、参谋、司令、所谓、第十二兵团司令官黄维、副司令官胡琏、吴绍周、胡琏、吴绍周各占住战车
舒适存,诗文出处 / 出版 / 历史类比引用,诗文出处,99,4,4,3,3,中国现代史定论(2)；我最难忘的事和人(1)；我梦碎，所以我梦醒(1),书中、军长、舒适存说他
苻坚,政治人物 / 军事人物 / 神交引用,政治人物,99,4,4,3,3,为历史拨云(2)；传统下的独白(1)；李敖新刊(1),夫人、见、〔姚〕苌疾病
苻登,政治人物 / 军事人物 / 历史类比引用 / 神交引用,政治人物,99,4,4,1,1,为历史拨云(4),《晋书·苻登传》、〔姚〕苌疾病、与苌将姚崇争麦、苌遣其将姚熙隆
范明,司法人员 / 同案狱友,司法人员,99,4,4,2,2,红色11(2)；李敖笑傲江湖(2),军法、法官、判决、司令、书里、控告、牢房
董光兴,公共论战 / 社会案件,公共论战,99,4,4,1,1,李敖对话录(4),见、董光兴、国民党、思想、见面、父亲、母亲、批评
蒋玉菡,虚拟人物 / 小说剧本人物 / 历史类比引用,虚拟人物,99,4,4,2,2,中国性研究(3)；虽千万人，李敖往矣(1),书中、文学、查禁、女儿、蒋玉菡情赠茜香罗、薛宝钗羞笼红麝串
蔡朝鹏,政治人物 / 党务宣传 / 选举助选,政治人物,99,4,4,1,1,李敖随写录前集(4),委员、蔡朝鹏、见、总干事、国民党、民进党
蔡诗文,司法人员 / 诉讼 / 创作资料协助,司法人员,99,4,4,3,3,李敖书函集(2)；李敖自传与回忆续集(1)；世论新语(1),推事、诗、见、法院、判决、上诉、书中、四十八位推事
蔡财源,同案狱友 / 人权救援,同案狱友,99,4,4,1,1,你笨蛋，你笨蛋(4),政治、看守所、监狱
蔡金涂,财产债务 / 财产信托 / 创作资料协助 / 公共论战,财产债务,99,4,4,2,2,李敖快意恩仇录(2)；李敖书笺集(2),债务、像、蔡金涂说
蔡锦河,司法人员 / 诉讼 / 创作资料协助,司法人员,99,4,4,3,3,李敖书函集(2)；李敖自传与回忆续集(1)；世论新语(1),推事、诗、见、法院、判决、上诉、书中、四十八位推事
蔡鸿文,媒体,媒体,99,4,4,2,2,李敖访谈录1990-2018(2)；李敖大哥大(2),院长、总统、摄影──陈明庆·蔡鸿文、访问、法院
薛宝钗,虚拟人物 / 小说剧本人物 / 历史类比引用,虚拟人物,99,4,4,2,2,中国性研究(3)；虽千万人，李敖往矣(1),书中、文学、查禁、见、女儿、蒋玉菡情赠茜香罗、薛宝钗羞笼红麝串
褚剑鸿,司法人员,司法人员,99,4,4,2,2,李敖大哥大(3)；你笨蛋，你笨蛋(1),书里、报纸、法官、检察官、院长、法院、政府、所谓
许世友,党务宣传,党务宣传,99,4,4,4,4,虽千万人，李敖往矣(1)；李敖笑傲江湖(1)；李敖Talk秀(1)；李敖大哥大(1),查禁、司令、共产党、主席、将军
许吕肖,朋友 / 证人见证 / 创作资料协助 / 历史类比引用,朋友,99,4,4,1,1,中国近代史新论(4),回信、朋友、告诉我、告诉董茂堂、许吕肖、钮惕生、公馆里帮福开森译文件
许胜发,政治人物 / 公共论战 / 见面,政治人物,99,4,4,1,1,李敖札记(4),许胜发、黄河清、院长、法院、委员、报导、国民党
许荣宗,政治人物 / 通信 / 公共论战,政治人物,99,4,4,1,1,李敖札记(4),写信、许荣宗说、省社会处长许荣宗
诺列加,政治人物 / 军事人物 / 历史类比引用 / 神交引用,政治人物,99,4,4,2,3,阳痿美国(3)；李敖议坛哀思录(1),总统、将军
谏山春树,军事人物,军事人物,99,4,4,1,1,我梦碎，所以我梦醒(4),中将、司令、参谋
谢家鹤,司法人员 / 诉讼,司法人员,99,4,4,2,2,李敖书笺集(3)；李敖回忆录(1),判决、推事、法官、权状、检察官、上诉、第二审推事陈培基、张济团、谢家鹤
谢瀛洲,学术 / 司法人员 / 神交引用,学术,99,4,4,2,2,千秋万岁乌鸦求是合集(3)；传统下的独白(1),主义、见、教授
贺衷寒,军事人物 / 政治人物 / 证人见证,军事人物,99,4,4,3,3,李敖大哥大(2)；李敖议坛哀思录(1)；我梦碎，所以我梦醒(1),部长、国民党、民进党、像、序、记者、主席、委员
赖泱桦,司法人员 / 诉讼 / 公共论战,司法人员,99,4,4,1,1,李敖笑傲江湖(4),法官、法庭、攻击、法院、像、上诉、法官他判，地方法院法官就赖泱桦
赵川,政治人物 / 历史类比引用 / 神交引用,政治人物,99,4,4,1,2,李敖颠倒众生(4),赵盾弑其君、这凶手赵川
赵耀斌,情治警务 / 政治异议者 / 同案狱友 / 证人见证,情治警务,99,4,4,2,2,李敖笑傲江湖(3)；我最难忘的事和人(1),研究、朋友、关怀、部长、像、副部长叫赵耀斌
赵铁头,称谓待考 / 公共论战,称谓待考,99,4,4,2,2,挑战李敖(3)；李敖大哥大(1),见、认识、大学、赵铁头讲、部长
迈克尔·奥克森伯格,学术 / 人权救援 / 见面 / 公共论战,学术,99,4,4,2,2,李敖书翰集(2)；李敖书笺集(2),奥克森伯格（Michael Oksenberg）、Michael Oksenberg、奥克森伯格（Michel Oksenberg）、Michel Oksenberg
连战手,政治人物,政治人物,99,4,4,3,4,李敖大哥大(2)；虽千万人，李敖往矣(1)；李敖笑傲江湖(1),送我、主席、国民党、共产党、夫人、政治、房产、像
邱和顺,社会案件 / 诉讼,社会案件,99,4,4,1,1,李敖随写录后集(4),上诉、邱和顺、母亲
邱明志,公共论战 / 社会案件,公共论战,99,4,4,1,1,李敖对话录(4),见、邱明志、国民党、思想、见面、父亲、母亲、批评
邱素莲,亲属 / 被害人 / 社会案件,亲属,99,4,4,1,1,李敖随写录后集(4),上诉、邱素莲、母亲、妻、判决
郑银添,政治人物 / 选举助选 / 公共论战,政治人物,99,4,4,1,1,李敖随写录后集(4),委员、民进党、郑银添、党部、立委、选举
郭吉仁,律师代理,律师代理,99,4,4,1,1,千秋万岁乌鸦求是合集(4),律师、请我、法院、判决、法庭
郭文华,见面,见面,99,4,4,3,4,李敖随写录前集(2)；李敖快意恩仇录(1)；李敖风流自传(1),请我、请他、像、陈彦增夫妇大陆归来、同事
郭石城,社会案件 / 情感 / 证人见证,社会案件,99,4,4,1,1,中国性研究(4),同房、男友、父亲、公共、本案女主角李金莲、男友郭石城
郭碧玉,被害人 / 社会案件 / 亲属,被害人,99,4,4,1,1,中国性研究(4),妻、管理员、见、葛树楷之妻郭碧玉、管理员之妻葛碧玉
都像李,见面,见面,99,4,4,2,4,挑战李敖(2)；李敖秘密书房(2),像、政治、见、一起、儿子、教授、主席
都吓得,见面,见面,99,4,4,4,4,李敖议坛哀思录(1)；上下古今谈(1)；挑战李敖(1)；李敖大哥大(1),部长、国民党、像、见、见到、一起、序、法官
金关丈夫,学术 / 神交引用,学术,99,4,4,4,4,李敖快意恩仇录(1)；李敖风流自传(1)；你是景福门(1)；千秋万岁乌鸦求是合集(1),见、学者、论文、古代、古人、教授、大学、研究
金泳三,政治人物 / 公职人员 / 历史类比引用 / 公共论战,政治人物,99,4,4,2,3,李敖秘藏日记(2)；挑战李敖(2),选举、政治、总统、政府、像、同学
金门防,军事人物,军事人物,99,4,3,4,4,李敖书笺集(1)；中国现代史定论(1)；李敖笑傲江湖(1)；挑战李敖(1),司令、师长、将军、像、碰到、部长、共产党
阮维周,学术行政 / 公款经费 / 公共论战,学术行政,99,4,4,3,3,传统下的再白(2)；李敖全集(1)；一个预备军官的日记(1),女儿、公账、报公账、院长、总干事、驻卫警员、教授、文学
陈保基,学术行政 / 学术 / 公共论战,学术行政,99,4,4,1,1,李敖随写录后集(4),陈保基、学生、台大怪火案
陈公度,军事人物 / 见面,军事人物,99,4,4,1,2,一个预备军官的日记(4),陈公度、副连长陈公度、写信
陈复,诗文出处 / 学术,诗文出处,99,4,4,3,3,李敖书序集续集(2)；李敖回忆录(1)；李敖书启集(1),陈复、学生
陈奎淼,政治人物 / 公共论战,政治人物,99,4,4,3,3,挑战李敖(2)；李敖秘密书房(1)；李敖大哥大(1),委员、市长、要把赵少康、陈奎淼、李胜峰、国民党
陈子和,财产债务 / 诉讼 / 证人见证,财产债务,99,4,4,3,3,李敖书启集(2)；李敖自传与回忆续集(1)；李敖书简集(1),委员、产权、协议书、债权、见、见证、先生
陈平,政治人物 / 历史类比引用 / 神交引用,政治人物,99,4,4,4,4,虽千万人，李敖往矣(1)；李敖笑傲江湖(1)；李敖Talk秀(1)；李敖大哥大(1),部长、问我、院长、法务部、情书、将军
陈建民,司法人员 / 诉讼,司法人员,99,4,4,1,1,李敖随写录后集(4),院长、法官、法院、判决、陈建民
陈彦年,通信 / 朋友 / 创作资料协助,通信,99,4,4,2,2,李敖书翰集(3)；李敖情书集(1),一起、警察、寄陈彦年夫妇论作保、彦年小两口儿
陈德征,政治人物 / 党务宣传 / 公共论战 / 诉讼 / 历史类比引用,政治人物,99,4,4,1,1,中国现代史正论(4),法院、党部、先生、上海特别市党部代表陈德征先生、陈德征先生在三全大会提出
陈福成,证人见证 / 诉讼,证人见证,99,4,4,1,1,李敖随写录后集(4),陈福成、法院、告发、调查局
陈纳德,军事人物 / 神交引用,军事人物,99,4,4,3,3,李敖自传与回忆(2)；李敖自传与回忆续集(1)；李敖回忆录(1),书中、爸爸、离婚、嫁给
陈继统,师生 / 公职人员 / 诉讼 / 公共论战,师生,99,4,4,1,1,李敖书函集(4),母亲、公帑、律师、斥台中一中校长陈继统、继统先生：、台中魏华樵律师
陈锡福,媒体 / 创作资料协助 / 公共论战,媒体,99,4,4,3,3,李敖书笺集(2)；李敖对话录(1)；李敖书信集(1),访问、儿子、锡福：、国民党、所谓、周柏伦、陈锡福最近在“新路线”上
陈阿景,亲属 / 社会案件 / 被害人,亲属,99,4,4,1,1,李敖随写录前集(4),陈阿景、父亲、母亲、弟弟、儿子、妻、党部、国民党
陈静,体育人物 / 公共论战,体育人物,99,4,4,1,1,李敖笑傲江湖(4),打电话、电话、打电话给陈静电贺、陈静从七岁开始
陈颂麒,政治异议者 / 亲属 / 诉讼 / 历史类比引用,政治异议者,99,4,4,1,1,中国近代史新论(4),财产、妻、法庭、总统、陈范号孟坡
雷伯龙,财产债务 / 诉讼,财产债务,99,4,4,1,1,李敖随写录后集(4),雷伯龙、法院、告发、证人、律师
颜明圣,政治异议者 / 同案狱友 / 诉讼,政治异议者,99,4,4,3,3,李敖书牍集(2)；李敖自传与回忆续集(1)；李敖五五日记(1),政治、上诉、国民党、所谓、事务、黄信介、张俊宏、颜明圣也一样
马雄飞,军事人物 / 历史类比引用 / 神交引用,军事人物,99,4,4,1,2,中国迷信新研(4),徐杏林时以全省营务处代理提督、遣部将马总兵雄飞带兵平之
高华柱,军事人物 / 政治人物,军事人物,99,4,4,3,3,李敖议坛哀思录(2)；我最难忘的事和人(1)；李敖快意恩仇录(1),出版、书店、主义、主席、委员、电视
高宗英,政治人物 / 党务宣传 / 选举助选,政治人物,99,4,4,1,1,李敖随写录前集(4),委员、高宗英、见、总干事、国民党、民进党
高尔特夫人,亲属 / 情感 / 历史类比引用 / 神交引用,亲属,99,4,4,1,1,阳痿美国(4),夫人
高惜冰,师生,师生,99,4,4,3,4,一个预备军官的日记(2)；李敖回忆录(1)；李敖书启集(1),师生、妈妈、市长、党部、碰到、太太、主席、老师
鹿野忠雄,学术 / 神交引用,学术,99,4,4,4,4,李敖快意恩仇录(1)；李敖风流自传(1)；你是景福门(1)；千秋万岁乌鸦求是合集(1),见、学者、论文、古代、古人、教授、大学、研究
黄德贤,司法人员 / 诉讼,司法人员,99,4,4,4,4,李敖自传与回忆续集(1)；李敖回忆录(1)；李敖风流自传(1)；李敖札记(1),推事
黄文壹,财产债务 / 社会案件 / 公共论战,财产债务,99,4,4,1,2,李敖秘密书房(4),父亲、太太、岳母、院长、儿子、女儿、秘书、陈怡均是黄文壹的太太
黄桂,社会案件 / 婚姻相关 / 诉讼 / 历史类比引用 / 神交引用,社会案件,99,4,4,1,1,历史与人像(4),教授、妻
黄鼎翎,媒体 / 通信,媒体,99,4,4,2,2,求是新语(2)；你是景福门(2),问我
齐襄公,历史类比引用 / 政治人物 / 情感 / 神交引用,历史类比引用,99,4,4,3,3,中国性研究(2)；独白下的传统(1)；李敖语录(1),妻、夫人、齐襄公乱伦
龙江百,出版,出版,99,4,4,1,1,李敖随写录前集(4),出版、见、来信
万宗池,监狱行政 / 公共论战,监狱行政,99,3,3,1,1,李敖书简集(3),见、法务部、所长、副所长、所谓、揭发黑幕以后、朱光军所长、万宗池副所长
伊梅尔,姻亲,姻亲,99,3,3,1,1,求是新语(3),夫人、家里
刘一成,媒体 / 公共论战,媒体,99,3,3,3,3,李敖快意恩仇录(1)；李敖风流自传(1)；上下古今谈(1),记者、情人、文星、先生
卫仲道,婚姻相关 / 历史类比引用 / 神交引用,婚姻相关,99,3,3,2,2,要把金针度与人(2)；千秋万岁乌鸦求是合集(1),父亲、女儿、妻、嫁给、像、蔡琰嫁给卫仲道
周克敏,姻亲,姻亲,99,3,3,3,3,李敖自传与回忆(1)；李敖回忆录(1)；李敖风流自传(1),嫁给、大学、妈妈、女儿、夫人、先生、弟弟、妻
周劢夫,学术 / 见面 / 邻居,学术,99,3,3,1,1,李敖随写录前集(3),教授、周劢夫来谈、周劢夫教授来谈
周阳山,学术 / 政治人物 / 见面,学术,99,3,3,3,3,李敖议坛哀思录(1)；挑战李敖(1)；李敖大哥大(1),主席、本院、委员、政府、先生、像
威尔斯,诗文出处 / 公共论战 / 历史类比引用 / 神交引用,诗文出处,99,3,3,3,3,李敖报刊集(1)；坐牢家爸爸给女儿的八十封信(1)；历史与人像(1),莫洛博士岛、H．G．Wells、威尔斯（H. G. Wells）
孙嘉禄,司法人员 / 诉讼,司法人员,99,3,3,3,3,李敖快意恩仇录(1)；李敖风流自传(1)；世论新语(1),法官、法院、台大
孟大强,朋友,朋友,99,3,3,3,3,我最难忘的事和人(1)；大学札记(1)；一个预备军官的日记(1),朋友、父亲、母亲、弟弟、离婚、读、诗、打电话
曹毓煜,通信 / 出版 / 创作资料协助,通信,99,3,3,1,1,李敖书翰集(3),请我、给曹毓煜的信、《丁文江的传记》
李彬如,军事人物 / 情治警务,军事人物,99,3,3,2,2,李敖回忆录(2)；李敖对话录(1),上校、刑求、保安处、检察官、参谋
李晋芳,政治人物 / 出版,政治人物,99,3,3,2,2,李敖笑傲江湖(2)；李敖回忆录(1),律师、政府、告诉我、父亲、文星、像
李维心,司法人员,司法人员,99,3,3,1,1,李敖笑傲江湖(3),法官、判决、法院、批评、报导
杨襄明,司法人员 / 诉讼,司法人员,99,3,3,3,3,李敖快意恩仇录(1)；李敖风流自传(1)；世论新语(1),法官、法院、台大
林健彦,司法人员 / 诉讼,司法人员,99,3,3,1,1,李敖笑傲江湖(3),法官、庭长、判决、政府、庭长李琼荫，陪审法官高金枝，受命法官林健彦
林登·约翰逊,政治人物 / 主剧情人物 / 小说剧本人物 / 历史类比引用,政治人物,99,3,3,3,3,阳痿美国(1)；李敖报刊集(1)；李敖书牍集(1),总统、总统约翰逊、美国约翰逊以总统身份驱车拜访大儒李普曼
欧阳勋,学术行政 / 政治人物 / 公共论战,学术行政,99,3,3,3,3,李敖文存二集(1)；波波颂(1)；你是景福门(1),院长、报人、秘书、法院、总统、主席、国民党、台大
江聪明,媒体,媒体,99,3,3,2,2,李敖大哥大(2)；李敖颠倒众生(1),记者、电视、先生、报导、节目、见、报纸、存证信
汤麟武,军事人物 / 通信 / 创作资料协助,军事人物,99,3,3,2,2,李敖书启集(2)；李敖回忆录(1),证人、寄给、读、致汤麟武
洪敬思,媒体 / 公共论战,媒体,99,3,3,3,3,李敖快意恩仇录(1)；李敖风流自传(1)；上下古今谈(1),恋爱、报导、记者、报纸、先生
潘彼得,虚拟人物 / 小说剧本人物,虚拟人物,99,3,3,1,1,坐牢家爸爸给女儿的八十封信(3),朋友、译者梁实秋
王黄双,亲属 / 被害人 / 同案狱友 / 诉讼,亲属,99,3,3,2,2,李敖书信集(2)；李敖自传与回忆续集(1),女儿、看守所、台北看守所、同居人王黄双
翟宗泉,司法人员 / 通信 / 诉讼,司法人员,99,3,3,2,2,李敖书启集(2)；李敖语录(1),检察官、国民党、古人、法官、给翟宗泉的一封信
许文葵,师生,师生,99,3,3,3,3,李敖自传与回忆(1)；我最难忘的事和人(1)；李敖回忆录(1),老师、爸爸、诗
谭卓民,师生,师生,99,3,3,3,3,李敖快意恩仇录(1)；李敖风流自传(1)；早年日记(1),老师、研究、大学、结婚、见、先生
郑欣淼,见面,见面,99,3,3,3,3,李敖风流自传(1)；你笨蛋，你笨蛋(1)；李敖访谈录1990-2018(1),院长、拜访、到我家、请他、家里、电视、总统
郑红,司法人员 / 诉讼,司法人员,99,3,3,3,3,李敖快意恩仇录(1)；李敖风流自传(1)；世论新语(1),法官、法院、台大
陈汉卿,军校学生 / 见面,军校学生,99,3,3,3,3,李敖回忆录(1)；李敖风流自传(1)；千秋万岁乌鸦求是合集(1),同学、告诉我、思想
韩延年,司法人员 / 军事人物 / 诉讼,司法人员,99,3,3,3,3,李敖回忆录(1)；李敖风流自传(1)；李敖新刊(1),检察官、上诉、审判长、审判官、判决、复判、法官、军法
顾立雄,律师代理 / 人权救援 / 见面,律师代理,99,3,3,2,2,李敖访谈录1990-2018(2)；李敖五五日记(1),律师顾立雄、中国人权协会总干事徐培资、律师、辩护、国民党、顾立雄
颜斶,历史类比引用 / 神交引用,历史类比引用,99,3,3,3,3,李敖札记(1)；李敖书牍集(1)；李敖笑傲江湖(1),见、《战国策》记颜斶拒见齐宣王、请他
马尔腾,诗文出处 / 历史类比引用 / 神交引用,诗文出处,99,3,3,2,3,大学札记(2)；李敖语录(1),打电话、电话、朋友、交往
马祖圣,学术 / 亲属 / 历史类比引用,学术,99,3,3,2,2,李敖书序集(2)；千秋万岁乌鸦求是合集(1),见、博士、马祖圣
高本汉,学术 / 神交引用,学术,99,3,3,2,2,李敖文存(2)；上山·上山·爱(1),教授、博士、大学、研究
高金枝,司法人员 / 诉讼,司法人员,99,3,3,1,1,李敖笑傲江湖(3),法官、庭长、法院、判决、政府、庭长李琼荫，陪审法官高金枝，受命法官林健彦
黄良国,司法人员 / 诉讼 / 公共论战,司法人员,99,3,3,2,2,李敖书信集(2)；李敖自传与回忆续集(1),拜访、检察官、书记官、判决、检察官陈博享、书记官黄良国
安德海,家中雇员 / 历史类比引用 / 神交引用,家中雇员,98,12,12,3,3,中国命研究(7)；北京法源寺(4)；挑战李敖(1),太监安德海、山东巡抚丁宝桢、古代
库普林,出版 / 神交引用,出版,98,11,11,6,7,为中国思想趋向求答案(3)；李敖笑傲江湖(3)；千秋万岁乌鸦求是合集(2)；李敖颠倒众生(1)；李敖Talk秀(1)；李敖大哥大(1),文学、读、思想
阿里巴巴,虚拟人物 / 小说剧本人物 / 历史类比引用,虚拟人物,98,11,11,4,8,虽千万人，李敖往矣(6)；坐牢家爸爸给女儿的八十封信(2)；李敖大哥大(2)；挑战李敖(1),书里、共产党、阿里巴巴与四十大盗
王梵志,诗文出处 / 历史类比引用 / 神交引用,诗文出处,98,10,10,2,2,李敖秘密书房(8)；李敖书笺集(2),诗、王梵志写诗、古代、像
沙尼亚,政治人物 / 神交引用,政治人物,98,9,6,2,2,求是新语(5)；李敖笑傲江湖(4),部长、历史上、政府、主义、像
陈子昂,神交引用 / 诗文出处,诗文出处,98,9,5,3,3,要把金针度与人(6)；读史指南(2)；李敖自传与回忆(1),政治、作品、像、书目作者表、诗、监狱
徐铉,文艺音乐 / 诗文出处 / 历史类比引用 / 神交引用,文艺音乐,98,8,8,4,5,中国艺术新研(4)；读史指南(2)；千秋万岁乌鸦求是合集(1)；李敖大哥大(1),书目作者表、所谓、诗、见、见面、电视
钟迎风,财产债务 / 创作资料协助 / 公共论战,财产债务,98,8,8,1,1,挑战李敖(8),先生、土地、杂志、政府、告诉我
周若木,出版 / 公共论战,出版,98,7,7,2,2,文化论战丹火录(6)；李敖全集(1),政治、文星、批评、出版、思想、先生
江云锦,同案狱友 / 军事人物 / 证人见证 / 社会案件,同案狱友,98,7,7,1,1,千秋万岁乌鸦求是合集(7),委员、将军、军法、同在、参谋
要离,历史类比引用 / 江湖人物 / 烈士殉难 / 神交引用,历史类比引用,98,7,7,7,7,李敖快意恩仇录(1)；李敖风流自传(1)；李敖语录(1)；李敖书信集(1)；挑战李敖(1)；李敖秘密书房(1)；李敖大哥大(1),部长、像、对我说、儿子
黄绍竑,政治人物 / 军事人物 / 历史类比引用,政治人物,98,7,7,4,4,世论新语(3)；李敖书序集(2)；求是新语(1)；挑战李敖(1),房产、国民党、黄绍竑
孙家鼐,政治人物 / 学术 / 神交引用,政治人物,98,6,6,5,5,中国近代史新论(2)；独白下的传统(1)；文化论战丹火录(1)；为中国思想趋向求答案(1)；为自由招魂(1),出版、历史上
李万居,政治人物 / 公共论战 / 神交引用,政治人物,98,6,6,6,6,世论新语(1)；为自由招魂(1)；我梦碎，所以我梦醒(1)；李敖语录(1)；早年日记(1)；挑战李敖(1),国民党、文学、宣传、政治、像
林翠松,社会案件 / 诉讼 / 公共论战,社会案件,98,6,6,2,3,上下古今谈(5)；李敖报刊集(1),批评、主席、像、报纸
黄琪翔,军事人物 / 政治人物 / 公共论战 / 历史类比引用,军事人物,98,6,6,2,2,中国现代史定论(5)；你是景福门(1),妻、委员、部长、政治、书中、土地、晤、黄琪翔、彭泽湘等代表
吴祖光,出版 / 公共论战 / 神交引用,出版,98,5,5,3,3,李敖秘藏日记(3)；为自由招魂(1)；李敖笑傲江湖(1),送我、出版、采访、先生、认识、见、像
曾继美,军事人物 / 见面,军事人物,98,5,5,2,2,一个预备军官的日记(4)；李敖快意恩仇录(1),曾继美、老师
檀道济,军事人物 / 政治人物 / 神交引用,军事人物,98,5,5,4,4,李敖语录(2)；李敖全集(1)；一个预备军官的日记(1)；中国命研究(1),儿子、拜访
秋瑾,政治异议者 / 烈士殉难 / 历史类比引用 / 神交引用,政治异议者,98,5,5,3,4,李敖大哥大(3)；第73烈士(1)；李敖书笺集(1),像、徐锡麟以外，像秋瑾等革命先烈、见、太太、共产党、国民党、历史上
米夫,政治人物 / 党务宣传 / 公共论战 / 历史类比引用,政治人物,98,5,5,1,2,中国现代史定论(5),土地、国民党、第三国际东方局代表米夫、政治、俄特米夫（Pavel Mif）在其《英勇奋斗十五年》
缪澄流,军事人物 / 历史类比引用,军事人物,98,5,5,1,1,中国现代史正论(5),司令、缪澄流、刘多荃、高崇民、于学忠、万福麟、刘多荃、缪澄流、吴克仁、董英斌
胡伴侣,社会案件 / 亲属 / 医疗照护 / 宗教人物 / 历史类比引用 / 神交引用,社会案件,98,5,5,2,2,中国迷信新研(4)；独白下的传统(1),爸爸、政府、胡伴侣，钧州密县人、其父实尝患心疾数月
胡正卿,军事人物 / 见面,军事人物,98,5,5,2,2,一个预备军官的日记(4)；李敖快意恩仇录(1),胡正卿、老师
葛思德,学术 / 创作资料协助 / 历史类比引用 / 神交引用,学术,98,5,5,1,1,读史指南(5),童世纲《葛思德东方书库记略》、大学、政府
高惠宇,政治人物,政治人物,98,5,4,3,4,李敖秘密书房(3)；李敖笑傲江湖(1)；李敖大哥大(1),法务部、法院、部长、民进党、委员、像、主席
何济周,政治人物 / 公共论战,政治人物,98,4,4,3,3,李敖随写录前集(2)；上下古今谈(1)；李敖语录(1),立委、国民党、委员、何济周案
刘士豪,见面,见面,98,4,4,2,2,李敖自传与回忆(3)；李敖自传与回忆续集(1),见、院内、找他、见到、见面、一起、儿子、监狱
司马谈,诗文出处 / 学术 / 历史类比引用 / 神交引用,诗文出处,98,4,4,2,2,为历史拨云(3)；独白下的传统(1),父亲、思想、诗、史学、司马迁的父亲司马谈
向原告,师生,师生,98,4,3,2,3,千秋万岁乌鸦求是合集(2)；李敖书启集(2),同学、同班、法官、律师、法院、学生、政府
周春塘,同学,同学,98,4,4,3,3,李敖秘密书房(2)；大学日记后期甲集(1)；一个预备军官的日记(1),文学、同学、大学、批评、攻击、碰到、诗
姚兴,政治人物 / 宗教人物 / 历史类比引用,政治人物,98,4,4,2,2,李敖笑傲江湖(3)；李敖秘密书房(1),统治者姚兴、妹妹
宋义,军事人物 / 历史类比引用 / 神交引用,军事人物,98,4,4,2,2,李敖对话录(3)；千秋万岁乌鸦求是合集(1),将军、国民党、主义、宋义说
张子波,见面,见面,98,4,4,2,2,千秋万岁乌鸦求是合集(3)；传统下的独白(1),见、法官、律师、委员、诗、法院
张玉华,宗教人物 / 历史类比引用,宗教人物,98,4,4,1,1,李敖随写录前集(4),像、先生、张玉华先生
张赞国,诗文出处 / 媒体 / 公共论战,诗文出处,98,4,4,1,1,为历史拨云(4),委员、民众跪地陈情，终非法治正常行为（张赞国）、民众合法陈情，不应予以阻挡（张赞国）
徐开喜,同案狱友 / 证人见证,同案狱友,98,4,4,2,2,李敖自传与回忆续集(2)；李敖书简集(2),管理员、绑担架、检察官、像、有徐开喜、黄祥华、谭坤泉等证词在卷
李三顺,家中雇员 / 历史类比引用 / 神交引用,家中雇员,98,4,4,2,2,中国命研究(3)；北京法源寺(1),妹妹、太监李三顺带东西出宫
杨氏（华容仿林氏）,社会案件 / 亲属 / 医疗照护 / 被害人 / 历史类比引用 / 神交引用,社会案件,98,4,4,1,2,中国迷信新研(4),见、华容人/母/母病见邻女林氏尝刲股愈母
杨连基,公职人员 / 政治人物 / 公共论战,公职人员,98,4,4,1,1,为历史拨云(4),序、读、前溪湖镇长杨连基
王竹卿,烈士殉难 / 政治异议者 / 历史类比引用,烈士殉难,98,4,4,1,1,李敖札记(4),请他、王竹卿、主义
胡三省,学术 / 出版 / 神交引用,学术,98,4,4,4,4,李敖回忆录(1)；李敖文存(1)；李敖书翰集(1)；要把金针度与人(1),研究、同寝、同寝室、爸爸、台大、来信、序
赵琛,诗文出处 / 司法人员 / 出版管制,诗文出处,98,4,4,3,3,李敖书函集(2)；李敖自传与回忆续集(1)；李敖回忆录(1),文星、公诉、总统、部长、国民党、像、照赵琛《刑法分则实用》
那种叫,见面,见面,98,4,4,3,4,李敖大哥大(2)；李敖笑傲江湖(1)；李敖秘密书房(1),弟弟、存款、认识、像、碰到、土地
马尔萨斯,学术 / 诗文出处 / 历史类比引用 / 神交引用,学术,98,4,4,2,2,要把金针度与人(3)；历史与人像(1),马尔萨斯的人口论、洪亮吉的人口论，与马尔萨斯
黄仲林,见面,见面,98,4,4,1,1,大学日记后期甲集(4),黄仲林、朋友、教授
亓丰瑜,诗文出处 / 创作资料协助 / 公共论战 / 见面,诗文出处,98,3,3,2,2,李敖书序集续集(2)；李敖颠倒众生(1),亓丰瑜先生、亓先生、亓丰瑜老先生
伍伯英,司法人员 / 诉讼,司法人员,98,3,3,1,1,李敖回忆录(3),法官、检察官、电话、判决、上诉、公诉、诬告
埃利斯,学术 / 诗文出处 / 历史类比引用 / 神交引用,学术,98,3,3,2,2,中国性研究(2)；历史与人像(1),埃利斯（Havelock Ellis）、霭理士（Henry Havelock Ellis）、萨特侯爵（Marquis de Sade）
徐贤乐,姻亲,姻亲,98,3,3,2,2,李敖风流自传(2)；李敖快意恩仇录(1),结婚、跟我说、思想、主义
沈嫄璋,媒体 / 同案狱友 / 政治异议者 / 被害人 / 亲属,媒体,98,3,3,2,2,李敖书牍集(2)；你笨蛋，你笨蛋(1),记者、检察官、控告、编辑、太太、报纸、《新生报》编辑主任姚勇来，姚的太太外勤记者沈嫄璋
舒密特,通信 / 神交引用,通信,98,3,3,2,3,我是天安门(2)；红色11(1),见、写信、主义
蔡秀雄,司法人员 / 诉讼,司法人员,98,3,3,1,1,李敖回忆录(3),法官、检察官、电话、判决、上诉、公诉、诬告、书中
解写出,财产债务,财产债务,98,3,3,2,2,千秋万岁乌鸦求是合集(2)；李敖语录(1),见、债务、读、爸爸、结婚
丹尼·蓬,历史类比引用 / 神交引用,历史类比引用,97,24,24,3,3,李敖自传与回忆续集(14)；红色11(5)；虚拟的十七岁(5),女儿、见、土地、父亲、娶、债务、公款、儿子
李幼冬,社会案件,社会案件,97,16,16,3,3,大学日记后期甲集(8)；为中国思想趋向求答案(6)；一个预备军官的日记(2),杂志、法官、法庭、见、读、记者、大学、所谓
杨三共,情治警务 / 证人见证 / 诉讼,情治警务,97,11,11,3,3,千秋万岁乌鸦求是合集(6)；李敖新刊(3)；李敖快意恩仇录(2),政府、结证、检察官、推事、警察、上诉、证人、起诉
张温鹰,政治人物 / 党务宣传 / 公共论战,政治人物,97,10,10,3,6,李敖秘密书房(5)；挑战李敖(4)；你是景福门(1),市长、民进党、女儿、报纸、国民党、县长
史与为,情治警务 / 政治异议者,情治警务,97,9,9,3,3,李敖自传与回忆(3)；李敖回忆录(3)；李敖风流自传(3),国民党、调查局、共产党
李文钧,亲属,亲属,97,9,9,3,3,李敖自传与回忆(7)；李敖自传与回忆续集(1)；李敖五五日记(1),姐姐、妹妹、像、女儿、同住、读、教授、儿子
索罗斯,财产债务 / 公共论战 / 神交引用,财产债务,97,9,9,2,2,挑战李敖(8)；阳痿美国(1),主义、像、政府、碰到
孙连仲,军事人物 / 政治人物 / 历史类比引用,军事人物,97,8,8,2,2,中国现代史定论(6)；李敖札记(2),孙连仲、将军、033/孙连仲/孙连仲回忆录
时候想,神交引用,待复核,97,8,4,6,8,李敖语录(2)；李敖秘密书房(2)；千秋万岁乌鸦求是合集(1)；中国命研究(1)；李敖笑傲江湖(1)；挑战李敖(1),哲学、总统、读
盗跖,神交引用,神交引用,97,8,8,3,3,你是景福门(4)；虽千万人，李敖往矣(3)；要把金针度与人(1),哥哥、弟弟、政府、宣传、思想
齐格菲尔德,媒体 / 神交引用,媒体,97,8,8,2,2,李敖文存二集(7)；李敖秘藏日记(1),父亲、大学、传记
养子乱,亲属,待复核,97,7,4,2,2,李敖大哥大(6)；挑战李敖(1),儿子、妻、民进党、父亲、母亲、告诉我、节目
吉垦（五五日记）,见面 / 通信 / 创作资料协助 / 称谓待考,见面,97,7,7,3,6,李敖五五日记(5)；李敖回忆录(1)；李敖风流自传(1),好友、见、见面、总干事、律师、政府、找我
狄德罗,神交引用,神交引用,97,7,7,5,5,千秋万岁乌鸦求是合集(2)；李敖报刊集(2)；我最难忘的事和人(1)；为中国思想趋向求答案(1)；挑战李敖(1),朋友、哲学、见、见到、政府、像
王洁中,情治警务 / 军事人物,情治警务,97,7,7,3,4,李敖笑傲江湖(5)；李敖自传与回忆续集(1)；李敖快意恩仇录(1),司令、警备总部、弟弟、刑求、逼供、假案、少将、中将
罗勃韦纳,媒体 / 神交引用,媒体,97,7,7,3,4,传统下的独白(3)；千秋万岁乌鸦求是合集(3)；早年日记(1),结婚、妹妹、离婚、说过、读
貂蝉,虚拟人物 / 小说剧本人物 / 历史类比引用,虚拟人物,97,7,7,6,6,李敖笑傲江湖(2)；上下古今谈(1)；李敖语录(1)；李敖随写录前集(1)；为历史拨云(1)；中国性研究(1),历史上、市长、诗
刘瑾,政治人物 / 机构警卫 / 历史类比引用 / 神交引用,政治人物,97,6,6,6,6,李敖自传与回忆(1)；李敖风流自传(1)；独白下的传统(1)；李敖新刊(1)；李敖访谈录1990-2018(1)；读史指南(1),部长、《法门寺》的刘瑾以前
林诺华,通信 / 政治人物,通信,97,6,6,3,3,李敖快意恩仇录(2)；李敖风流自传(2)；波波颂(2),访问、请我、国民党
蔡阳,军事人物 / 历史类比引用 / 神交引用,军事人物,97,6,6,5,5,读史指南(2)；李敖语录(1)；一个预备军官的日记(1)；要把金针度与人(1)；李敖笑傲江湖(1),关羽并没诛文丑、杀蔡阳、过五关斩六将、将军
黄富,政治异议者 / 人权救援 / 公共论战,政治异议者,97,6,6,3,4,李敖议坛哀思录(4)；李敖风流自传(1)；一个预备军官的日记(1),民进党、主席、见、找我、出版、台独、院长、写信
吴康,学术 / 公共论战 / 神交引用,学术,97,5,5,3,3,文化论战丹火录(3)；为中国思想趋向求答案(1)；一个预备军官的日记(1),论文、思想、古人、教授、大学、辩护、诗
四大天王,虚拟人物 / 宗教人物,虚拟人物,97,5,5,3,4,李敖大哥大(3)；李敖全集(1)；文化论战丹火录(1),将军、选举、电视、总统、像、主席
杨翰,出版 / 媒体 / 通信 / 朋友 / 诗文出处 / 文艺音乐 / 历史类比引用,出版,97,5,5,2,4,上下古今谈(3)；中国艺术新研(2),编辑部、编辑、朋友、古人、杨翰《息柯杂著》
童世纲,学术 / 诗文出处 / 学术考证引用,学术,97,5,5,2,2,读史指南(4)；李敖情书集(1),童世纲《葛思德东方书库记略》、政府
翁文维,情治警务 / 政治人物 / 公共论战,情治警务,97,5,5,3,3,李敖大哥大(3)；为自由招魂(1)；李敖秘密书房(1),调查局、法务部、一起、儿子、警总、政战、少将、朋友
贾教官,军事人物 / 见面 / 称谓待考,军事人物,97,5,5,2,4,一个预备军官的日记(4)；大学日记后期乙集(1),夫人、序、读、送我、研究
陈鸿渐,情治警务 / 同案狱友 / 证人见证,情治警务,97,5,5,3,3,红色11(3)；李敖自传与回忆续集(1)；李敖回忆录(1),证人、共产党、同房、警总、保安处、调查局、像
乔石,政治人物 / 公职人员 / 公共论战,政治人物,97,4,4,2,2,李敖笑傲江湖(2)；李敖Talk秀(2),共产党、认识、市长、民进党、妹妹、嫁给、国民党、乔石是陈布雷
何烈,通信 / 公共论战,通信,97,4,4,2,2,教育与脸谱(3)；为自由招魂(1),来信、文星、读、先生、北大
姚本师,学术,学术,97,4,4,2,3,一个预备军官的日记(3)；李敖自传与回忆(1),学者、写信、来信、老师、见、助理、研究
杨怡祥,医疗照护 / 见面 / 创作资料协助,医疗照护,97,4,4,1,1,李敖五五日记(4),著作、书中、碰到、父亲、中山医院杨怡祥大夫、杨怡祥专程赶来
林永生,政治异议者 / 人权救援 / 诉讼,政治异议者,97,4,4,1,1,李敖随写录后集(4),林永生、台独、政府
王士珍,军事人物 / 政治人物 / 公职人员 / 历史类比引用,军事人物,97,4,4,2,2,历史与人像(3)；中国近代史新论(1),参谋、委派段祺瑞为参谋处总办，冯国璋为教练处总办，王士珍为步兵第一协统、外交汪大燮，财政梁启超，陆军王士珍，海军刘冠雄，教育张一麐，农商张国淦，司法林长民
许龙俊,政治异议者 / 人权救援 / 诉讼,政治异议者,97,4,4,1,1,李敖随写录后集(4),许龙俊、台独、政府
连任之,学术行政,学术行政,97,4,3,4,4,李敖议坛哀思录(1)；早年日记(1)；一个预备军官的日记(1)；李敖颠倒众生(1),院长、法院、委员、主席、律师、县长
邬昆如,感化人员,感化人员,97,4,4,4,4,李敖自传与回忆(1)；李敖回忆录(1)；李敖风流自传(1)；李敖秘藏日记(1),少将、读、学术、节目、电视、国民党
邹光中,邻居 / 社会案件,邻居,97,4,4,2,2,李敖书函集(2)；李敖书启集(2),委员、由林文海、张善惠、邹光中、李润海、李大千、林凤梧、许国城、李庆云、吴子衔、陈捷圻各位先生通过、邹光中、6C吴俊贤、6D卓金
国卡特,政治人物,政治人物,97,3,3,2,3,李敖大哥大(2)；你笨蛋，你笨蛋(1),总统、一起、访问
洪玉钦,政治人物 / 公共论战,政治人物,96,10,10,5,7,李敖议坛哀思录(6)；你是景福门(1)；千秋万岁乌鸦求是合集(1)；李敖书启集(1)；李敖大哥大(1),国民党、委员、部长
蔡邕,诗文出处 / 学术 / 文艺音乐 / 历史类比引用 / 神交引用,诗文出处,96,8,8,3,3,千秋万岁乌鸦求是合集(3)；要把金针度与人(3)；读史指南(2),见、历史上、诗、书目作者表
许女士,情感,情感,96,7,7,2,3,李敖自传与回忆续集(5)；李敖快意恩仇录(2),妻、夫人、太太、读
别说明,政治人物,政治人物,96,6,3,6,6,李敖议坛哀思录(1)；李敖文存(1)；文化论战丹火录(1)；为自由招魂(1)；李敖书启集(1)；李敖笑傲江湖(1),委员、主席、参谋、总统、国民党
吴昌硕,文艺音乐 / 诗文出处 / 历史类比引用 / 神交引用,文艺音乐,96,6,6,3,3,中国艺术新研(4)；你笨蛋，你笨蛋(1)；李敖书启集(1),学生、诗、家里
李宪荣,公共论战,公共论战,96,6,4,3,5,世论新语(3)；求是新语(2)；你是景福门(1),国民党、太太、代理、主席、民进党
萧军,出版 / 公共论战 / 神交引用,出版,96,6,6,3,3,为自由招魂(3)；李敖秘藏日记(2)；李敖秘密书房(1),共产党、土地、文学、编辑、见
何祚歆,亲属,亲属,96,5,4,2,3,千秋万岁乌鸦求是合集(4)；李敖文存(1),认识、父亲、读、电话、女儿、编辑、总编辑、大学
刘守成,政治人物 / 党务宣传,政治人物,96,5,5,3,3,李敖随写录前集(3)；你是景福门(1)；李敖秘藏日记(1),主席、市长、县长、委员、民进党昨天第五届第一次党员代表大会
卫灵公,神交引用,神交引用,96,5,5,3,3,李敖Talk秀(3)；千秋万岁乌鸦求是合集(1)；为历史拨云(1),古代、学生、像、情人
吴俊升,军事人物 / 历史类比引用,军事人物,96,5,5,3,3,李敖笑傲江湖(3)；我最难忘的事和人(1)；一个预备军官的日记(1),朋友、儿子、家里、碰到
山涛,政治人物 / 学术 / 历史类比引用 / 神交引用,政治人物,96,5,5,3,3,千秋万岁乌鸦求是合集(3)；李敖语录(1)；要把金针度与人(1),政治、主义、写信、朋友、所谓
文殊菩萨,宗教人物 / 神交引用,宗教人物,96,5,5,4,4,李敖大哥大(2)；李敖文存(1)；北京法源寺(1)；李敖语录(1),老师、学生、见、见到、朋友、思想
王必成,出版 / 公共论战,出版,96,5,5,4,5,李敖秘密书房(2)；李敖新刊(1)；李敖书启集(1)；李敖大哥大(1),见、发行、出版、委员、告诉我、像
都没办,政治人物,政治人物,96,5,4,2,5,挑战李敖(3)；李敖秘密书房(2),总统、学者、教授、父亲
阿基诺,政治人物 / 政治异议者 / 被害人 / 公共论战 / 历史类比引用,政治人物,96,5,5,4,4,世论新语(2)；李敖对话录(1)；李敖书札集(1)；李敖书笺集(1),夫人、总统、政府、政治、选举、像、参谋、国民党
陈桂清,政治人物 / 公共论战 / 见面,政治人物,96,5,5,3,3,李敖札记(3)；千秋万岁乌鸦求是合集(1)；李敖书启集(1),院长、主席、委员、报导、国民党、陈桂清与赵自齐
陈绍宽,军事人物,军事人物,96,5,4,2,2,中国现代史定论(4)；我梦碎，所以我梦醒(1),序、上校、中将、见、部长、政府、朋友
龙泉寺,政治人物,待复核,96,5,3,5,5,北京法源寺(1)；虽千万人，李敖往矣(1)；李敖笑傲江湖(1)；挑战李敖(1)；李敖秘密书房(1),总统、见、教书
仁井田陞,学术 / 神交引用,学术,96,4,4,2,2,我最难忘的事和人(3)；大学日记后期甲集(1),研究、学者、著作、拜访、陪我、教授、政治、见
克拉夫,通信 / 政治人物,通信,96,4,4,3,3,波波颂(2)；李敖快意恩仇录(1)；李敖风流自传(1),访问、请我
华士恒,军事人物 / 见面 / 创作资料协助,军事人物,96,4,4,2,2,一个预备军官的日记(2)；中国性研究(2),告诉我、排长华士恒告诉我
吴家瑛,亲属 / 政治人物 / 历史类比引用,亲属,96,4,4,1,1,李敖书序集(4),政治、吴家瑛
孙寒冰,学术 / 公共论战 / 历史类比引用,学术,96,4,4,3,3,中国近代史新论(2)；文化论战丹火录(1)；为中国思想趋向求答案(1),见、教授、这十教授是：王新命、何炳松、武堉干、孙寒冰、黄文山、陶希圣、章益、陈高佣、樊仲云、萨孟武
宋项如,文艺音乐 / 媒体 / 见面,文艺音乐,96,4,4,3,3,李敖笑傲江湖(2)；李敖快意恩仇录(1)；李敖风流自传(1),教授、导演、郭韧，还有名导演宋项如
庞德,诗文出处 / 历史类比引用 / 神交引用,诗文出处,96,4,4,3,3,李敖书笺集(2)；李敖自传与回忆续集(1)；李敖对话录(1),国民党、诗、朋友、思想、文学、美国诗人庞德
张中训,学术 / 创作资料协助 / 公共论战 / 历史类比引用,学术,96,4,4,3,3,中国艺术新研(2)；李敖回忆录(1)；挑战李敖(1),蒋武雄、林慈淑、何宛倩、黄兆强、关玲玲、刘静贞、李念萱、王芝芝、廖伯源、周健、张炎宪、詹素娟、张中训十三位、校长刘源俊那里抗议
张绍文,通信 / 朋友 / 亲属,通信,96,4,4,2,2,李敖书翰集(3)；李敖书札集(1),复张绍文论讣帖改革、绍文兄：、政治
李文邦,政治异议者 / 人权救援 / 公共论战,政治异议者,96,4,4,1,1,李敖札记(4),将军、民进党、委员
武堉干,学术 / 公共论战 / 历史类比引用,学术,96,4,4,3,3,中国近代史新论(2)；文化论战丹火录(1)；为中国思想趋向求答案(1),见、教授、这十教授是：王新命、何炳松、武堉干、孙寒冰、黄文山、陶希圣、章益、陈高佣、樊仲云、萨孟武
王同荣,政治人物 / 政治异议者 / 同案狱友,政治人物,96,4,4,2,2,李敖随写录前集(3)；李敖书序集(1),出版、主席、政府、警总、张发奎、左舜生、李璜、王同荣、张君劢、国民党
石璋如,学术 / 公共论战,学术,96,4,4,2,3,教育与脸谱(3)；你笨蛋，你笨蛋(1),学者、晤、先生、夫人、博士、委员、著作、所谓
章益,学术 / 公共论战 / 历史类比引用,学术,96,4,4,3,3,中国近代史新论(2)；文化论战丹火录(1)；为中国思想趋向求答案(1),见、教授、这十教授是：王新命、何炳松、武堉干、孙寒冰、黄文山、陶希圣、章益、陈高佣、樊仲云、萨孟武
罗香林,学术 / 神交引用,学术,96,4,4,3,3,李敖全集(2)；李敖自传与回忆续集(1)；李敖回忆录(1),见、回信、大学
能够理,情治警务,情治警务,96,4,4,3,4,挑战李敖(2)；李敖笑傲江湖(1)；李敖秘密书房(1),像、警备总部、总统、政治、说过、朋友、思想、所谓
詹赐珠,创作资料协助 / 通信,创作资料协助,96,4,4,3,3,李敖五五日记(2)；李敖回忆录(1)；李敖风流自传(1),老师、存款、请詹赐珠通知胡老师
贺知章,见面,见面,96,4,4,3,3,李敖秘密书房(2)；中国性研究(1)；中国艺术新研(1),诗、见、弟弟
陈昆辉,司法人员 / 诉讼 / 创作资料协助,司法人员,96,4,4,3,3,李敖书函集(2)；李敖自传与回忆续集(1)；李敖笑傲江湖(1),四十八位推事、法官、法院
陈静芳,见面 / 创作资料协助,见面,96,4,4,1,1,李敖书函集(4),像、老师、陈静芳、廖美翔在车站接我、谢谢廖美翔、陈静芳和刘瑞琳老师
黄慧隆,出版 / 创作资料协助 / 见面,出版,96,4,4,3,3,李敖五五日记(2)；李敖回忆录(1)；李敖风流自传(1),见、碰到、书记官、赠笔给黄慧隆
黄文山,学术 / 公共论战 / 历史类比引用,学术,96,4,4,3,3,中国近代史新论(2)；文化论战丹火录(1)；为中国思想趋向求答案(1),见、教授、这十教授是：王新命、何炳松、武堉干、孙寒冰、黄文山、陶希圣、章益、陈高佣、樊仲云、萨孟武
龚鹏程,学术 / 媒体 / 公共论战,学术,96,4,4,2,2,我最难忘的事和人(2)；李敖对话录(2),老师、史学、太太、朋友、文学、龚鹏程
党敌人,姻亲,姻亲,96,3,3,3,3,我最难忘的事和人(1)；李敖书序集(1)；李敖书启集(1),见、妻、将军、共产党、著作、老师、像
别助理,师生,师生,96,3,3,3,3,李敖议坛哀思录(1)；阳痿美国(1)；李敖秘密书房(1),助理、总统
洪耀勋,学术行政 / 学术 / 证人见证,学术行政,96,3,3,3,3,李敖新刊(1)；千秋万岁乌鸦求是合集(1)；李敖书札集(1),教授、大学、哲学、见、学生、妻、委员
陈云裳,神交引用,神交引用,96,3,3,1,1,李敖风流自传(3),
陈长坤,师生 / 同案狱友 / 神交引用,师生,96,3,3,2,2,红色11(2)；李敖自传与回忆续集(1),老师、监狱、碰到、太太
黄志芳,政治人物,政治人物,96,3,3,2,3,李敖议坛哀思录(2)；虽千万人，李敖往矣(1),部长、民进党、像、政府、见
曹西平,媒体 / 文艺音乐 / 见面 / 公共论战,媒体,95,77,77,1,2,李敖Talk秀(77),像、见、朋友、大学、碰到、所谓、妻、法院
苏伟贞,诗文出处 / 文艺音乐 / 见面 / 公共论战,诗文出处,95,38,38,1,1,李敖秘密书房(38),像、研究、文学、见、攻击、政府、作品、总统
刘义钧,学术 / 创作资料协助 / 见面 / 公共论战,学术,95,37,37,1,2,李敖秘密书房(37),政治、像、总统、研究、部长、教授、选举、国民党
田丽,媒体 / 文艺音乐 / 见面,媒体,95,31,31,1,1,挑战李敖(31),朋友、节目、像、学生、一起、政治、警察、电视
张政雄,政治人物 / 见面,政治人物,95,24,24,1,1,李敖议坛哀思录(24),委员、主席、选举、说过、所谓、法院
李建中,文艺音乐 / 公职人员 / 历史类比引用 / 神交引用,文艺音乐,95,24,24,1,3,中国艺术新研(24),见、所谓、序、学术、学者、论文、批评
柳庭桂,社会案件 / 出版 / 财产债务 / 学术,社会案件,95,21,21,1,3,李敖新刊(21),女儿、认识、儿子、太太、法院、妻、见、债务
夏洛瓦,文艺音乐 / 神交引用,文艺音乐,95,18,18,1,9,虚拟的十七岁(18),像、一起、太太、到我家、家里、哲学、作品、同在
陈婉莹,媒体 / 师生,待复核,95,18,14,1,1,李敖笑傲江湖(18),教授、记者、报导、像、判决、报纸、朋友、采访
刘志成,师生 / 见面,待复核,95,17,8,1,1,李敖秘密书房(17),老师、教授、像、见、碰到、报导、哲学、女儿
许龙富,媒体 / 政治人物 / 军事人物,媒体,95,17,14,1,2,李敖大哥大(17),政府、节目、电视、像、将军、家中、共产党、先生
尤秋兴,文艺音乐 / 媒体 / 见面,文艺音乐,95,16,16,1,1,李敖Talk秀(16),朋友、警察、找他、姐姐、交往、一起、像、尤秋兴、颜志琳
曾永权,政治人物 / 见面,政治人物,95,16,16,1,6,李敖议坛哀思录(16),国民党、委员、电话、请我、序、打电话、法院、跟我说
陈璧君外婆,小说剧本人物 / 亲属,小说剧本人物,95,16,16,1,1,上山·上山·爱(16),母亲、女儿、父亲、大学、像、拜访
刘培初,情治警务 / 军事人物 / 人权救援 / 朋友,情治警务,95,15,15,1,1,我最难忘的事和人(15),秘书、总统、见、朋友、见面、陪我、请我、对我说
林益民,师生 / 学术,师生,95,14,9,1,1,李敖秘密书房(14),教授、大学、认识、朋友、批评、像、所谓、总统
钱勰,公职人员 / 诗文出处 / 文艺音乐 / 历史类比引用 / 神交引用,公职人员,95,13,13,1,2,中国艺术新研(13),见、本院、好友、诗、见到、古人、钱勰（1034-1097）
寇乃馨,亲属 / 出版 / 姻亲,待复核,95,12,8,1,1,李敖大哥大(12),女儿、节目、序、认识、朋友、结婚、问我、台大
俞大纯,亲属 / 创作资料协助 / 历史类比引用,亲属,95,11,11,1,1,中国近代史新论(11),朋友、交情、儿子、会面、见、俞明震之子俞大纯
倪艾玫,姻亲 / 亲属,姻亲,95,11,7,1,2,李敖笑傲江湖(11),太太、政治、结婚、女儿、家里、写信
台生条,政治人物,政治人物,95,11,7,1,1,李敖大哥大(11),总统、选举、政治、朋友、像
孙明明,见面 / 公共论战,见面,95,11,11,1,1,挑战李敖(11),朋友、批评、像、告诉我、律师、小姐、研究
彭作奎,政治人物 / 公职人员 / 公共论战,政治人物,95,11,11,1,3,挑战李敖(11),国民党、见、政治、法院、总统、选举、学者
徐炳强,诉讼,诉讼,95,11,11,1,3,李敖议坛哀思录(11),判决、委员、法院、序、院长、碰到、告诉我、书中
莫迪里亚尼,文艺音乐 / 情感 / 神交引用,文艺音乐,95,11,11,1,2,上山·上山·爱(11),像、见、朋友、传记、一起
萧广仁,财产债务 / 诉讼,财产债务,95,11,11,1,2,李敖自传与回忆续集(11),事务、产权、房地、过户、代理、见、电话、土地
李纯仁,亲属,亲属,95,10,10,1,1,李敖自传与回忆(10),儿子、女儿、同住、母亲、大学、妻、教授、太太
李蓝,出版 / 媒体 / 见面,出版,95,10,10,1,1,我最难忘的事和人(10),将军、见、出版、编辑、国民党、晤、像、找我
穆斯林,学术,待复核,95,10,4,3,5,你笨蛋，你笨蛋(4)；虽千万人，李敖往矣(4)；阳痿美国(2),研究、读、总统
高德明,见面,见面,95,10,7,1,3,李敖秘密书房(10),见、儿子、朋友、说过
魏慈曼,政治人物 / 科学家 / 历史类比引用 / 神交引用,政治人物,95,10,10,1,6,挑战李敖(10),总统、朋友、部长、像
黄剑虹,亲属 / 财产债务,亲属,95,10,7,1,1,李敖大哥大(10),土地、爸爸、代理、女士、写信、事务、律师、总统
杨松茂,律师代理 / 学术行政,律师代理,95,9,8,1,1,千秋万岁乌鸦求是合集(9),律师、法院、事务、太太、将军、参谋、报纸、先生
苏依仁,同案狱友 / 刑求受害,同案狱友,95,9,9,1,1,红色11(9),刑警、共产党、父亲、国民党
韩凭,历史类比引用 / 情感 / 神交引用,历史类比引用,95,9,9,1,1,上山·上山·爱(9),诗、太太、像、哲学、一起
孙庆林,社会案件 / 医疗照护 / 同案狱友,社会案件,95,8,8,1,1,红色11(8),像、儿子、总统、法官、判决、老师、同学、家里
张克东,财产债务 / 社会案件 / 公共论战,财产债务,95,8,8,1,1,李敖书笺集(8),见、政府、只因张克东无视《民法》
张宪义,出版 / 监狱行政,出版,95,8,7,1,3,李敖大哥大(8),特务、研究、报纸、所长、副所长、政府、见、碰到
李高潮,师生 / 见面 / 媒体,师生,95,8,7,1,1,李敖大哥大(8),节目、诗、见、学生、国民党、像、朋友
江氏兄,见面 / 出版,待复核,95,8,5,1,4,李敖大哥大(8),国民党、请我、报纸、一起、节目
王母娘娘,宗教人物 / 神交引用,宗教人物,95,8,8,4,4,李敖大哥大(3)；独白下的传统(2)；李敖语录(2)；一个预备军官的日记(1),太太、母亲、儿子
高承埏,公职人员 / 诗文出处 / 文艺音乐 / 历史类比引用 / 神交引用,公职人员,95,8,8,1,1,中国艺术新研(8),见、编辑、诗、读、书中、古人、传记、高承埏（1603-1648）
黄适卓,政治人物 / 通信,政治人物,95,8,8,1,5,李敖议坛哀思录(8),写信、读、爸爸、儿子、立委、法院、政治、学术
乔路易,朋友 / 军事人物 / 见面,朋友,95,7,7,1,2,李敖颠倒众生(7),朋友、上校、碰到、一起、像
唐能理,见面 / 人权救援 / 公共论战,见面,95,7,7,1,1,你笨蛋，你笨蛋(7),见、学生、国民党、朋友、政府、特务、政治
宋部长,政治人物,政治人物,95,7,7,1,1,千秋万岁乌鸦求是合集(7),部长、选举、政府、交往、序、台大、宣传、哲学
张昭鼎,学术 / 学术行政 / 创作资料协助 / 公共论战,学术,95,7,7,1,1,挑战李敖(7),研究、中央研究院、博士、老师、大学、同学、回信
施利聆,情感 / 亲属 / 创作资料协助 / 公共论战,情感,95,7,7,1,1,李敖笑傲江湖(7),妈妈、太太、嫁给、情人、共产党、儿子、访问
李承龙,诉讼,诉讼,95,7,7,1,3,李敖颠倒众生(7),告发、委员、民进党、电视、一起
王僚,历史类比引用 / 政治人物 / 神交引用,历史类比引用,95,7,7,1,1,北京法源寺(7),母亲、认识、儿子
王光国,医疗照护 / 见面 / 公共论战,医疗照护,95,7,7,1,3,李敖大哥大(7),朋友、认识、总统、说过、王光国医师、王主任、院长
纳牙阿,军事人物 / 神交引用,军事人物,95,7,7,1,1,为中国思想趋向求答案(7),见、见到、碰到、父亲、女儿、遇见、夫人
范蜜儿,见面 / 公共论战 / 称谓待考,见面,95,7,7,1,1,李敖Talk秀(7),一起、结婚、见、妻、我左边的是艾力克斯，范蜜儿、黄楷元
荣起来,神交引用,待复核,95,7,4,4,7,李敖大哥大(3)；挑战李敖(2)；李敖访谈录1990-2018(1)；李敖颠倒众生(1),主义、国民党、像、一起、共产党、所谓
黎菩萨,朋友,朋友,95,7,5,2,2,李敖笑傲江湖(5)；李敖秘密书房(2),朋友、见、总统
周翔举,朋友 / 见面,朋友,95,6,6,1,1,李敖自传与回忆(6),爸爸、见、一起、儿子、朋友、国民党
埃德加·斯诺,媒体 / 诗文出处 / 公共论战 / 历史类比引用,媒体,95,6,6,2,3,中国现代史正论(5)；我是天安门(1),见、报导、主义、埃德加·斯诺）：Random Notes、共产党、一起
姚夫人,亲属,亲属,95,6,6,1,1,李敖笑傲江湖(6),夫人、母亲、妈妈、父亲、爸爸、共产党、书里
孟尝君,政治人物 / 财产债务 / 历史类比引用 / 神交引用,政治人物,95,6,6,3,3,中国命研究(3)；李敖全集(2)；你笨蛋，你笨蛋(1),读、名言、见、债权、像
尹伶瑛,政治人物,政治人物,95,6,6,1,4,李敖议坛哀思录(6),委员、立委
徐志道,情治警务 / 监狱行政 / 人权救援,情治警务,95,6,6,1,1,我最难忘的事和人(6),见、弟弟、秘书、牢房、告诉我、总统
明智之,政治人物,待复核,95,6,3,5,5,李敖对话录(2)；千秋万岁乌鸦求是合集(1)；阳痿美国(1)；给马戈的五十封信(1)；李敖颠倒众生(1),总统、国民党、主席
欧美所,学术行政 / 监狱行政,学术行政,95,6,6,1,3,李敖秘密书房(6),事务、所长、研究、中央研究院、书里、本院、院长、秘书
王伯尼,宗教人物 / 学术 / 学术行政,宗教人物,95,6,6,1,1,李敖全集(6),文学、广播、朋友、博士、哲学、研究、告诉我、大学
苏格兰女王玛丽,政治人物 / 神交引用,政治人物,95,6,6,1,1,波波颂(6),妻、教授、嫁给
莱温斯基,历史类比引用 / 媒体 / 公共论战,历史类比引用,95,6,6,1,3,挑战李敖(6),总统、打电话、电话、杂志
裴千七,社会案件 / 婚姻相关 / 诉讼 / 历史类比引用 / 神交引用,社会案件,95,6,6,1,1,历史与人像(6),妻、裴千七夫妻与杨万乙
仰天长,学术,学术,95,5,4,3,3,李敖语录(3)；传统下的独白(1)；你笨蛋，你笨蛋(1),学术、见、诗
华滋华斯,出版 / 文艺音乐 / 神交引用,出版,95,5,5,1,2,上山·上山·爱(5),诗、哥哥、姐姐、哲学、老师、妹妹
吴德美,政治人物,政治人物,95,5,5,1,1,李敖议坛哀思录(5),攻击、立委、民进党、委员、法院、国民党、见
吴重五,社会案件 / 婚姻相关 / 诉讼 / 历史类比引用 / 神交引用,社会案件,95,5,5,1,1,历史与人像(5),妻、娶、吴重五取其女归家
常德街,学术 / 师生,学术,95,5,5,1,1,李敖秘密书房(5),台大、朋友、教授、像
张公度,情治警务 / 朋友 / 证人见证,情治警务,95,5,5,1,1,我最难忘的事和人(5),见、妻、像、秘书、共产党、弟弟、大学
张瑞珂,见面,见面,95,5,5,3,3,李敖秘密书房(3)；李敖自传与回忆(1)；李敖回忆录(1),大学、先生
张秀珍,政治人物,政治人物,95,5,5,1,2,李敖大哥大(5),民进党、政治、家里、太太、电视、法院、委员、立委
彭有源,社会案件 / 宗教人物 / 历史类比引用 / 神交引用,社会案件,95,5,5,1,1,中国迷信新研(5),妈妈、儿子、据《启桢野乘》记载，说明朝的彭有源
曹军长（李敖书笺集）,军事人物 / 历史类比引用 / 称谓待考,军事人物,95,5,5,1,1,李敖书笺集(5),军长、司令、电报、县长、警察、共产党、将军、参谋
朱星羽,政治人物 / 党务宣传,政治人物,95,5,5,3,3,李敖随写录前集(3)；求是新语(1)；李敖大哥大(1),民进党、法院、立委、宣传、民进党昨天第五届第一次党员代表大会、委员
李再成,政治人物 / 党务宣传 / 公共论战,政治人物,95,5,5,1,1,李敖书札集(5),党部、宣传、李再成并将与高雄县
杨世彭,同学 / 见面,同学,95,5,5,5,5,李敖自传与回忆(1)；我最难忘的事和人(1)；李敖回忆录(1)；大学日记后期乙集(1)；李敖五五日记(1),大学、见
甘夫人,亲属 / 历史类比引用,亲属,95,5,5,1,1,李敖笑傲江湖(5),夫人、妈妈、像、甘夫人就是阿斗的妈妈
腓力二世,政治人物 / 神交引用,政治人物,95,5,5,1,1,波波颂(5),妻、嫁给、教授
葛玛兰,学术 / 朋友,学术,95,5,5,1,1,李敖秘密书房(5),研究、学者、朋友、告诉我
袁兆真,情感 / 见面 / 通信,情感,95,5,5,2,4,大学日记后期乙集(4)；一个预备军官的日记(1),诗、像、情人、小情人、教书、来信
袁应环,财产债务 / 诉讼 / 证人见证,财产债务,95,5,5,1,1,李敖书简集(5),债权、推事、所谓、出版、见、黄盛桐、高家齐、黄觉、朱婉馨、许家骥、陈锡敏、袁应环、胡汝森
谢朓,诗文出处 / 文艺音乐 / 历史类比引用 / 神交引用,诗文出处,95,5,5,2,3,读史指南(3)；要把金针度与人(2),父亲、诗、谢朓、庾信、李白、杜甫、孟浩然、刘长卿、韦应物、刘禹锡、李商隐、梅尧臣、苏轼、唐顺之、作品、母亲
陈周淑,亲属,亲属,95,5,5,1,2,李敖秘密书房(5),女儿、太太、院长、结婚、爸爸、儿子、检察官、起诉
陈粹芬,姻亲,姻亲,95,5,4,1,1,李敖大哥大(5),夫人、太太、研究、读
从交通,政治人物,政治人物,95,4,3,1,4,李敖大哥大(4),部长、警察、政治、院长、总统、委员、民进党
公正性,司法人员,司法人员,95,4,3,3,3,李敖大哥大(2)；千秋万岁乌鸦求是合集(1)；李敖颠倒众生(1),委员、序、法官、判决、国民党、电视、广播、像
别人像,神交引用,神交引用,95,4,4,4,4,阳痿美国(1)；李敖笑傲江湖(1)；挑战李敖(1)；李敖秘密书房(1),像、律师、文学
吴王霞,亲属 / 姻亲 / 财产债务 / 公共论战,亲属,95,4,4,1,1,挑战李敖(4),岳父、岳母、妈妈、市长、赠与房子给陈致中的是外祖父及外祖母
吴碧宽,政治异议者 / 公共论战,政治异议者,95,4,4,1,2,李敖随写录后集(4),所谓、吴碧宽、见、民进党、读
吴锡泽,见面,见面,95,4,4,1,1,李敖快意恩仇录(4),电话、见、见面、晤、见到、总统、找我、请我
埃洛弗林,媒体 / 神交引用,媒体,95,4,4,3,3,一个预备军官的日记(2)；传统下的独白(1)；早年日记(1),一起、太太、娶、像、请我、福利社
张祥麟,司法人员 / 诉讼 / 创作资料协助,司法人员,95,4,4,3,3,李敖书函集(2)；李敖自传与回忆续集(1)；世论新语(1),诗、见、推事、法院、判决、上诉、书中、四十八位推事
施乃元,亲属,亲属,95,4,4,1,1,李敖大哥大(4),爸爸、父亲、儿子、封杀、委员、市长、政府、民进党
柏德诺,军事人物,军事人物,95,4,4,1,1,我梦碎，所以我梦醒(4),司令、参谋、记者、中将、像、见、晤、主席
段芝贵,军事人物 / 政治人物 / 历史类比引用,军事人物,95,4,4,2,2,历史与人像(2)；中国近代史新论(2),参谋、见、记者、警察、计有徐树铮、段芝贵、曾毓隽、朱深、梁鸿志、姚震、姚国桢、李思浩、王郅隆、丁士源等十人
王澄,学术 / 历史类比引用 / 神交引用,学术,95,4,4,2,2,为历史拨云(3)；传统下的独白(1),思想、所谓、《晋书乐广传》、王澄、胡毋辅之
胡毋辅之,学术 / 历史类比引用 / 神交引用,学术,95,4,4,2,2,为历史拨云(3)；传统下的独白(1),思想、所谓、《晋书乐广传》、王澄、胡毋辅之
贝当,政治人物 / 军事人物 / 历史类比引用 / 神交引用,政治人物,95,4,4,3,4,李敖笑傲江湖(2)；坐牢家爸爸给女儿的八十封信(1)；李敖秘密书房(1),老上司叫贝当、上校、所谓
赵保轩,学术行政 / 公款经费 / 公共论战,学术行政,95,4,4,1,1,传统下的再白(4),出款、研究、中央研究院、总务主任、事务、同仁、扣回佣、福利金
连任成,政治人物,政治人物,95,4,4,2,3,李敖大哥大(3)；挑战李敖(1),总统、台独、报纸、电话、选举、国民党、民进党
都有说,神交引用,神交引用,95,4,4,3,4,李敖大哥大(2)；北京法源寺(1)；中国性研究(1),书中、师生、总统、县长、立委、说过
钮永建,政治人物 / 公职人员 / 军事人物 / 历史类比引用,政治人物,95,4,4,3,3,中国近代史新论(2)；教育与脸谱(1)；中国现代史正论(1),参谋、迎袁世凯南下人物为教育总长蔡元培为欢迎专使、外交次长魏宸组、海军顾问刘冠雄、参谋次长钮永建、法制局局长宋教仁、陆军部军需局长曾昭文、步兵第三十一团团长黄恺元、湖北外交司长王正廷、前议和参赞汪兆铭等人
陈中海,社会案件 / 公共论战,社会案件,95,4,4,1,1,你是景福门(4),法官、法庭、政治、控告、打电话、电话、好友、民进党
颜沛芸,见面 / 公共论战,见面,95,4,4,1,1,李敖Talk秀(4),师生、老师、学生、姚黛玮、刘柏均、颜沛芸
高信郑,朋友 / 亲属 / 通信,朋友,95,4,4,3,3,李敖书札集(2)；大学日记后期甲集(1)；李敖书信集(1),教授、研究、台大、所长、见、朋友、大哥信郑是我老友
台北市新闻处第一科赵科长（李敖书牍集）,公职人员 / 出版管制 / 通信 / 称谓待考,公职人员,95,3,3,1,1,李敖书牍集(3),杂志、文星、出版、法务部、秘书、见、发行、市长
李志华（中新社记者）,媒体,媒体,95,3,3,1,1,李敖访谈录1990-2018(3),见、父亲、妹妹、记者、中新社记者 李志华 摄、李志华 摄
李震山,司法人员 / 学术 / 情治警务 / 见面,司法人员,95,3,3,1,1,李敖议坛哀思录(3),主席、委员、先生、同学、警察、院长、法官、研究
林锡尧,司法人员,司法人员,95,3,3,1,1,李敖议坛哀思录(3),法官、委员、先生、院长、主席、所谓
窦丁,媒体,媒体,95,3,3,3,3,李敖自传与回忆续集(1)；李敖风流自传(1)；教育与脸谱(1),记者、访问、政府、国民党、文星、序
纪镇南,学术,学术,95,3,3,3,3,李敖快意恩仇录(1)；早年日记(1)；李敖秘藏日记(1),碰到、台大、警总、公共、律师、法庭、警察
黄妮娜,通信,通信,95,3,3,3,3,李敖快意恩仇录(1)；李敖风流自传(1)；千秋万岁乌鸦求是合集(1),回信、见、政治
梁清标,文艺音乐 / 创作资料协助 / 历史类比引用 / 神交引用,文艺音乐,94,10,10,1,2,中国艺术新研(10),诗、见、梁清标鉴藏、妻
台联要,神交引用,待复核,94,8,6,1,5,李敖大哥大(8),民进党、所谓、家里、告诉我、国民党、总统、主席
毛惕园,情治警务 / 朋友 / 见面,情治警务,94,8,8,2,2,我最难忘的事和人(5)；千秋万岁乌鸦求是合集(3),牢房、委员、专案小组、法庭、说过
周端甫,情治警务 / 监狱行政 / 见面,情治警务,94,7,7,1,1,我最难忘的事和人(7),牢房、学生、所长、代理
安岐,诗文出处 / 文艺音乐 / 历史类比引用 / 神交引用,诗文出处,94,7,7,1,2,中国艺术新研(7),诗、安岐字仪周、号麓村、松泉老人、大学、序、出版社、出版
林燕燕,财产债务 / 邻居 / 创作资料协助,财产债务,94,7,7,1,2,李敖书启集(7),产权、林燕燕与李敖车位租约
冀元铎,情治警务 / 诉讼,情治警务,94,6,6,1,1,李敖自传与回忆(6),调查局、请他、证人、审判官、所谓、告诉我、见
司空图,诗文出处,诗文出处,94,6,3,1,1,读史指南(6),书目作者表
姚鼐,诗文出处,诗文出处,94,6,3,1,1,读史指南(6),书目作者表
强暴胁,神交引用,待复核,94,6,4,3,3,挑战李敖(3)；李敖大哥大(2)；李敖议坛哀思录(1),读、委员、立委、国民党、学生
李兆洛,诗文出处,诗文出处,94,6,3,1,1,读史指南(6),书目作者表
爱伦坡,诗文出处 / 历史类比引用 / 神交引用,诗文出处,94,6,6,6,6,李敖回忆录(1)；李敖快意恩仇录(1)；李敖风流自传(1)；波波颂(1)；李敖语录(1)；坐牢家爸爸给女儿的八十封信(1),情人、小情人、诗
邓艾,军事人物 / 政治人物 / 神交引用,军事人物,94,6,6,4,4,李敖新刊(2)；读史指南(2)；李敖语录(1)；要把金针度与人(1),诗、李商隐诗中有“或谑张飞胡，或笑邓艾吃”
邢昺,诗文出处,诗文出处,94,6,3,1,1,读史指南(6),书目作者表
吴炳钟,朋友 / 见面,朋友,94,5,5,3,3,千秋万岁乌鸦求是合集(3)；早年日记(1)；李敖情书集(1),见、回信、台大、发行、出版
妲己,历史类比引用 / 情感 / 神交引用,历史类比引用,94,5,5,4,4,中国性研究(2)；独白下的传统(1)；北京法源寺(1)；李敖语录(1),太太、像、商纣是以“荧惑女宠”妲己亡了国
妺喜,历史类比引用 / 情感 / 神交引用,历史类比引用,94,5,5,4,4,中国性研究(2)；独白下的传统(1)；北京法源寺(1)；李敖语录(1),太太、像、夏桀是以“荧惑女宠”妺喜亡了国
常合理,公款经费,公款经费,94,5,4,2,5,挑战李敖(3)；李敖大哥大(2),一起、回扣、国民党、院长、部长、朋友、民进党
张幼仪,姻亲,姻亲,94,5,3,2,2,李敖秘密书房(4)；李敖语录(1),离婚、结婚、夫人、儿子
王冰,诗文出处,诗文出处,94,5,3,1,1,读史指南(5),书目作者表
王宇（李敖书翰集）,通信 / 朋友 / 公共论战,通信,94,5,5,1,1,李敖书翰集(5),主义、寄王宇论“二巴主义”、王宇兄、老军阀
袁绍,政治人物 / 军事人物 / 历史类比引用,政治人物,94,5,5,3,5,李敖笑傲江湖(3)；为历史拨云(1)；要把金针度与人(1),书中、袁绍的儿媳妇，叫袁熙的太太、古人
韦应物,诗文出处 / 历史类比引用 / 神交引用,诗文出处,94,5,5,2,3,读史指南(4)；李敖的情诗(1),书目作者表、诗、谢朓、庾信、李白、杜甫、孟浩然、刘长卿、韦应物、刘禹锡、李商隐、梅尧臣、苏轼、唐顺之
乔一凡,政治人物 / 公共论战,政治人物,94,4,4,1,1,传统下的再白(4),女儿、法院、攻击、所谓、财产、研究、大学、中央研究院
何氏（杨毓和妻）,社会案件 / 亲属 / 医疗照护 / 被害人 / 历史类比引用 / 神交引用,社会案件,94,4,4,1,1,中国迷信新研(4),妻、大学、杨毓和妻/姑/姑病/剖胸割肝救之、《高邮州志》记何氏“剖胸割肝救之”
凯因斯,学术 / 历史类比引用 / 神交引用,学术,94,4,4,4,4,虚拟的十七岁(1)；阳痿美国(1)；虽千万人，李敖往矣(1)；李敖访谈录1990-2018(1),传记、总统、像、太太、主义
叶万六,社会案件 / 婚姻相关 / 诉讼 / 历史类比引用 / 神交引用,社会案件,94,4,4,1,1,历史与人像(4),妻、寄留叶万六家
塔虎脱,政治人物 / 神交引用,政治人物,94,4,4,3,3,李敖全集(2)；李敖议坛哀思录(1)；虚拟的十七岁(1),总统、主义、文学、院长、法院
廉颇,军事人物,军事人物,94,4,4,2,2,李敖颠倒众生(2)；李敖大哥大(2),将军、碰到、所谓
张氏（周祥妻）,社会案件 / 亲属 / 医疗照护 / 被害人 / 历史类比引用 / 神交引用,社会案件,94,4,4,1,1,中国迷信新研(4),妻、周祥妻/姑/姑病不起方士曰人肝方可疗
张水江,学术 / 创作资料协助 / 公共论战,学术,94,4,4,1,1,李敖颠倒众生(4),张水江
李晋,政治人物 / 神交引用,政治人物,94,4,4,4,4,独白下的传统(1)；李敖文存二集(1)；波波颂(1)；要把金针度与人(1),爸爸、诗、儿子、见、父亲
杨泰顺,学术 / 公共论战,学术,94,4,4,3,4,李敖五五日记(2)；李敖议坛哀思录(1)；求是新语(1),请他、政府、先生、采访、见、来信、夫人
格林斯潘,政治人物 / 财产债务 / 神交引用,政治人物,94,4,4,1,3,阳痿美国(4),主席、委员
桂永清,军事人物,军事人物,94,4,4,3,3,李敖议坛哀思录(2)；李敖自传与回忆(1)；我最难忘的事和人(1),司令、委员、部长
汪中,诗文出处,诗文出处,94,4,3,1,1,读史指南(4),书目作者表
胡云鹏,文艺音乐 / 诉讼 / 公共论战,文艺音乐,94,4,4,1,1,李敖随写录前集(4),胡云鹏
蔡墩铭,司法人员 / 学术 / 创作资料协助,司法人员,94,4,4,3,3,李敖书函集(2)；李敖回忆录(1)；李敖快意恩仇录(1),像、学生、授课、大学、院长、法官、院内、学者
郑翔麟,社会案件 / 诉讼,社会案件,94,4,4,1,1,李敖新刊(4),法院、庭长、推事、见、书记官、同案、起诉
陆徵祥,政治人物 / 公职人员 / 宗教人物 / 历史类比引用,政治人物,94,4,4,1,1,中国近代史新论(4),余与陆子兴（征祥）外长、张一麐是民国第五、六任内阁
陈昉,政治异议者 / 历史类比引用 / 神交引用,政治异议者,94,4,4,2,3,读史指南(2)；要把金针度与人(2),朋友、儿子、读、误会成“行贼伪命”的陈昉
魏泰,学术 / 出版 / 神交引用,学术,94,4,4,2,3,历史与人像(3)；波波颂(1),妻、见、娶、学生
黄明沙,宗教人物 / 创作资料协助 / 历史类比引用 / 神交引用,宗教人物,94,4,4,1,2,中国近代史新论(4),妻、神父是黄明沙、黄明沙——中国人
黄溍,诗文出处 / 学术 / 历史类比引用 / 神交引用,诗文出处,94,4,4,1,1,读史指南(4),书目作者表、元：黄溍//金华黄先生文集
Mrs. D. Ballou（李敖书翰集）,学术 / 通信 / 创作资料协助 / 称谓待考,学术,94,3,3,1,1,李敖书翰集(3),赵元任先生和女秘书的回信、Mrs. D. Ballou、出洋照相及榜名一并寄上
仲伯（五五日记）,朋友 / 见面 / 创作资料协助 / 称谓待考,朋友,94,3,3,1,2,李敖五五日记(3),午后仲伯、永丰来、请仲伯夫妇、永丰、鑫生、仲伯送NHK录带
任人选,政治人物,政治人物,94,3,3,3,3,你是景福门(1)；一个预备军官的日记(1)；挑战李敖(1),部长、民进党、政治、博士、委员
光珪（装订厂）,出版 / 创作资料协助 / 证人见证 / 称谓待考,出版,94,3,3,1,1,李敖秘藏日记(3),圣康、光珪、光珪他们
克雷松,政治人物 / 诉讼,政治人物,94,3,3,1,1,李敖随写录后集(3),克雷松
公司甲,司法人员,司法人员,94,3,3,1,1,李敖大哥大(3),法官、节目、请他、电视
六叔（李敖书函集）,亲属 / 通信 / 创作资料协助 / 称谓待考,亲属,94,3,3,1,2,李敖书函集(3),六叔及府上各位请安、六叔：、老婶及府上各位大好
六小姐（秘藏日记）,见面 / 称谓待考,见面,94,3,3,1,1,李敖秘藏日记(3),六小姐家、六小姐处
其元,朋友 / 见面 / 称谓待考,朋友,94,3,3,1,1,早年日记(3),其元
刘哲,政治人物 / 公职人员 / 选举助选 / 历史类比引用,政治人物,94,3,3,1,1,中国现代史定论(3),院长、法院、刘哲同志当选了副院长、于右任同志当选行宪监察院第一任院长，刘哲同志当选了副院长
台北自来水厂厂长（李敖书翰集）,公职人员 / 通信 / 诉讼 / 称谓待考,公职人员,94,3,3,1,1,李敖书翰集(3),台北自来水厂厂长先生、致函高玉树市长督导、致函黄信介市议员质询
台北邮政总局局长（李敖书翰集）,公职人员 / 通信 / 诉讼 / 称谓待考,公职人员,94,3,3,1,1,李敖书翰集(3),给邮政总局局长、台北邮政总局局长先生、新著四百三十四件
叶俊荣,司法人员 / 学术 / 政治人物 / 见面,司法人员,94,3,3,1,1,李敖议坛哀思录(3),法官、先生、院长、主席、委员、总统
君士坦丁大帝,政治人物 / 宗教人物 / 历史类比引用 / 神交引用,政治人物,94,3,3,1,1,李敖书牍集(3),君士坦丁大帝
周灿雄,律师代理 / 诉讼 / 人权救援 / 通信,律师代理,94,3,3,1,1,李敖书笺集(3),律师、给周灿雄的信、老兄替吴敦辩护
国昌兄（李敖书牍集）,通信 / 朋友 / 创作资料协助 / 称谓待考,通信,94,3,3,1,1,李敖书牍集(3),国昌兄：、请你代我谢谢则奋兄、照片收到，谢谢你和耀泰兄
大风,诗文出处 / 出版 / 通信 / 公共论战,诗文出处,94,3,3,1,2,李敖书序集(3),大风其人、大风出身、给大风转宋希濂
娟娟（军中乐园）,被害人 / 社会案件 / 称谓待考,被害人,94,3,3,1,1,中国性研究(3),贾燕《“军中乐园”探秘》、大特写——娟娟、娟娟小姐
孟昭常,姻亲,姻亲,94,3,3,2,2,我最难忘的事和人(2)；大学日记后期甲集(1),离婚、朋友、父亲、母亲、弟弟、读、台大、姻亲
密勒,媒体 / 出版 / 历史类比引用 / 神交引用,媒体,94,3,3,1,3,李敖报刊集(3),密勒氏评论报
尼赫鲁,政治人物 / 政治异议者 / 诗文出处 / 通信 / 历史类比引用 / 神交引用,政治人物,94,3,3,1,1,坐牢家爸爸给女儿的八十封信(3),印度革命家尼赫鲁、后来的甘地夫人、Letters from a Father to His Daughter
扬雄,诗文出处,诗文出处,94,3,3,1,1,读史指南(3),书目作者表
施信丰,亲属 / 通信 / 创作资料协助,亲属,94,3,3,1,3,李敖书函集(3),姬美好，通文、信丰好
施晓亮,媒体 / 见面,媒体,94,3,3,1,1,李敖访谈录1990-2018(3),施晓亮、爸爸、采访、先生
施通文,亲属 / 通信 / 创作资料协助,亲属,94,3,3,1,3,李敖书函集(3),姬美好，通文、信丰好
晋武帝,历史类比引用 / 政治人物 / 神交引用,历史类比引用,94,3,3,1,1,中国性研究(3),陈顾远记录、晋武帝之听贾充置左右夫人
有吉明,政治人物 / 公职人员 / 历史类比引用,政治人物,94,3,3,1,1,中国现代史定论(3),有吉公使及其他驻华官宪、驻华日使有吉及驻福州日总领事守屋、有吉言，日本对闽事
李斯（大理市警局）,情治警务 / 司法人员 / 社会案件,情治警务,94,3,3,1,1,李敖秘藏日记(3),大理市警局刑事组长李斯、李斯4月17日、李斯说
李许月娥,诉讼 / 证人见证,诉讼,94,3,3,1,1,李敖随写录后集(3),李许月娥
杨广,政治人物 / 公职人员 / 历史类比引用 / 神交引用,政治人物,94,3,3,1,1,中国迷信新研(3),隋文帝第二子杨广做皇太子时，陷害老四杨秀、杨素等追查时、请西岳华山慈父圣母神兵
林亭均,被害人 / 亲属 / 人权救援 / 社会案件,被害人,94,3,3,1,1,李敖书札集(3),亮均、亭均
林亮均,被害人 / 亲属 / 人权救援 / 社会案件,被害人,94,3,3,1,1,李敖书札集(3),亮均、亭均
林建（李敖札记）,诉讼 / 见面 / 创作资料协助 / 称谓待考,诉讼,94,3,3,1,1,李敖札记(3),林建说、林建电史通
林治平,通信,通信,94,3,3,1,1,李敖回忆录(3),先生、来信、弟弟
林老太太（李敖书札集）,被害人 / 亲属 / 人权救援 / 社会案件 / 称谓待考,被害人,94,3,3,1,1,李敖书札集(3),林老太太
桑格先生（William Sanger）,亲属 / 婚姻相关 / 历史类比引用 / 神交引用,亲属,94,3,3,1,1,历史与人像(3),桑格先生（William Sanger）、丈夫桑格先生、第一位丈夫威廉桑格
棠棠（五五日记）,亲属 / 见面 / 称谓待考,亲属,94,3,3,1,1,李敖五五日记(3),抱棠棠过马路、夜与老太、棠棠吃西餐、老太、阿芳及放全家来坐
楚深,媒体 / 公共论战 / 诗文出处,媒体,94,3,3,1,1,李敖报刊集(3),楚深
王伦（清代邪教）,政治异议者 / 宗教人物 / 社会案件 / 历史类比引用 / 神交引用,政治异议者,94,3,3,1,2,中国迷信新研(3),山东发生了王伦之乱，王伦是邪教大王、忽一老弁，急呼妓女上城
王博士（陈之藩恩人）,朋友 / 创作资料协助 / 社会案件 / 称谓待考,朋友,94,3,3,1,1,李敖笑傲江湖(3),王博士的太太、一位王博士
直不疑,历史类比引用 / 政治人物 / 神交引用,历史类比引用,94,3,3,1,1,为历史拨云(3),直不疑与隽不疑、一位是直不疑、一位是隽不疑、隽不疑名与直不疑相同
端纳,创作资料协助 / 证人见证 / 历史类比引用,创作资料协助,94,3,3,1,2,中国现代史正论(3),顾问端纳、汤国桢、王卓然、周恩来安排，由端纳、由端纳（W. H. Donald）做见证人
约翰·根室,媒体 / 诗文出处 / 历史类比引用 / 神交引用,媒体,94,3,3,1,1,李敖报刊集(3),约翰·根室
罗卓英,军事人物 / 政治人物 / 历史类比引用,军事人物,94,3,3,2,2,李敖书牍集(2)；李敖大哥大(1),中将、陆军中将加上将衔：孙震、杨森、李品仙、罗卓英、钱大钧、刘士毅、记者、主席、政府、将军
老段（软禁残记）,见面 / 通信 / 称谓待考,见面,94,3,3,1,1,李敖秘藏日记(3),老段来、老段来电
考茨基,学术 / 政治人物 / 历史类比引用 / 神交引用,学术,94,3,3,1,1,李敖书牍集(3),考茨基、墨尔林、朴列哈诺夫、卢森堡、考茨基（Karl Kautsky）
脱脱,诗文出处,诗文出处,94,3,3,1,1,读史指南(3),书目作者表
色勒裴特,公职人员 / 历史类比引用,公职人员,94,3,3,1,1,中国近代史新论(3),固毕纳托尔遂由额尔口、其名曰色勒裴特、固毕纳托尔唯命是从
艾曼纽夫人（电影角色）,虚拟人物 / 文艺音乐 / 历史类比引用,虚拟人物,94,3,3,1,1,李敖书牍集(3),夫人、演艾曼纽夫人（Emmanuelle）的Sylvia Kristel专集、艾曼纽夫人（Emmanuelle）
芸书先生（李敖书翰集）,通信 / 学术 / 称谓待考,通信,94,3,3,1,1,李敖书翰集(3),给YS论做主婚人之不当、芸书先生：、刘述先婚事
莱利维尔德,宗教人物 / 人权救援 / 诗文出处 / 神交引用,宗教人物,94,3,3,1,1,李敖书翰集(3),致李善培、Rabbi Arthur J. Lelyveld、苏俄的犹太人
萨瓦,公职人员 / 政治人物 / 历史类比引用,公职人员,94,3,3,1,1,中国近代史新论(3),俄国使臣萨瓦、据加恩的说法，萨瓦在北京
赵令畴,诗文出处 / 历史类比引用 / 神交引用,诗文出处,94,3,3,1,1,李敖书牍集(3),见、妻、读、诗、赵令畴《侯鲭录》、赵令畴《侯鲭录》和孔平仲《孔氏谈苑》
辅大女学生（李敖书函集）,通信 / 创作资料协助 / 称谓待考,通信,94,3,3,1,1,李敖书函集(3),新庄辅仁大学女生来信二封、爱男生的女生 上、一位正常女子 敬上
郭律师（五五日记）,律师代理 / 诉讼 / 见面 / 称谓待考,律师代理,94,3,3,1,2,李敖五五日记(3),郭律师饭、郭律师来、郭律师代出庭
钱大昕,诗文出处,诗文出处,94,3,3,1,1,读史指南(3),书目作者表
闵维方,学术行政 / 见面,学术行政,94,3,3,1,1,李敖访谈录1990-2018(3),闵维方、学生
阿吴（同姓婚案）,社会案件 / 婚姻相关 / 诉讼 / 历史类比引用 / 神交引用,社会案件,94,3,3,1,1,历史与人像(3),吴千乙兄弟与之折合、吴千二将阿吴卖与翁七七为媳妇、复嫁与李三九为妻
陈烨,诗文出处 / 公共论战 / 见面,诗文出处,94,3,3,1,1,李敖书序集续集(3),陈烨
隽不疑,历史类比引用 / 政治人物 / 神交引用,历史类比引用,94,3,3,1,1,为历史拨云(3),直不疑与隽不疑、一位是直不疑、一位是隽不疑、隽不疑名与直不疑相同
雅丝明汗,亲属 / 媒体,亲属,94,3,3,1,1,李敖札记(3),雅丝明汗
雷美琳,亲属 / 通信 / 创作资料协助 / 政治异议者,亲属,94,3,3,1,1,李敖书札集(3),美琳：、雷先生最多托付的女儿、给“雷震之女”的一封信
黄天迈,情治警务 / 监狱行政,情治警务,94,3,3,1,1,我最难忘的事和人(3),秘书、警察、太太、共产党
黄法官（五五日记）,司法人员 / 诉讼 / 见面 / 称谓待考,司法人员,94,3,3,1,3,李敖五五日记(3),黄法官
刘兆宏,通信,通信,94,2,2,1,1,李敖笑傲江湖(2),先生、来信、读、写信
陈松碧,证人见证 / 政治人物 / 诉讼,证人见证,93,20,20,2,2,李敖新刊(12)；千秋万岁乌鸦求是合集(8),证人、推事、上诉、诉状、结证、起诉、见、见到
隋炀帝,政治人物 / 神交引用,政治人物,93,9,9,9,9,李敖文存二集(1)；波波颂(1)；求是新语(1)；为自由招魂(1)；李敖语录(1)；一个预备军官的日记(1)；坐牢家爸爸给女儿的八十封信(1)；李敖Talk秀(1),作品、土地、古代、诗
平等权,神交引用,神交引用,93,8,5,3,3,李敖随写录后集(5)；中国性研究(2)；历史与人像(1),主义、历史上、结婚、财产
王霭芬,政治人物,政治人物,93,7,7,2,2,我最难忘的事和人(6)；李敖秘藏日记(1),市长、选举、国民党、对我说、委员、立委、党部、警察
黄百韬,军事人物 / 被害人 / 历史类比引用,军事人物,93,7,7,2,3,中国现代史定论(6)；李敖笑傲江湖(1),记者、问我、见、司令、宣传、关怀、像
乔治桑,诗文出处 / 情感 / 历史类比引用 / 神交引用,诗文出处,93,6,6,4,4,虚拟的十七岁(3)；上下古今谈(1)；李敖语录(1)；一个预备军官的日记(1),夫人、史学、传记、市长
居叔宁,亲属,亲属,93,6,6,2,3,千秋万岁乌鸦求是合集(4)；李敖书序集(2),夫人、大学
李固,政治人物 / 神交引用,政治人物,93,6,6,4,4,一个预备军官的日记(2)；中国命研究(2)；波波颂(1)；千秋万岁乌鸦求是合集(1),同学、台大、国民党、政治、司令、读、见
王士祯,诗文出处,诗文出处,93,6,3,3,3,读史指南(4)；独白下的传统(1)；千秋万岁乌鸦求是合集(1),书目作者表、诗、所谓
王建福,同案狱友,同案狱友,93,6,6,2,2,李敖自传与回忆续集(5)；李敖书信集(1),司法行政部、杂役、岗哨、看守所、台北看守所、管理员、起诉、见
王源,诗文出处 / 历史类比引用 / 神交引用,诗文出处,93,6,6,4,4,中国命研究(3)；李敖快意恩仇录(1)；李语录(1)；要把金针度与人(1),见、古人、思想、学者
王香禅,见面 / 神交引用,见面,93,6,6,1,1,李敖秘密书房(6),诗、认识、像、朋友、论文、文学
马丁·路德,宗教人物 / 神交引用 / 公共论战,宗教人物,93,6,6,6,6,李敖全集(1)；虚拟的十七岁(1)；大学日记后期乙集(1)；中国性研究(1)；李敖秘密书房(1)；李敖大哥大(1),像、大学、诗、告诉我
黄明亮,宗教人物 / 情治警务 / 财产债务 / 公共论战,宗教人物,93,6,6,1,1,李敖笑傲江湖(6),学生、报人、见、像、妙天禅师叫黄明亮
乐无穷,神交引用,神交引用,93,5,5,2,3,李敖访谈录1990-2018(4)；虚拟的十七岁(1),所谓、记者、哲学、读、认识、名言、引用、主席
乐正子春,学术 / 历史类比引用 / 神交引用,学术,93,5,5,2,2,为历史拨云(3)；李敖书札集(2),学生、老师、儿子、书里、见
史昌温,同学,同学,93,5,4,1,1,李敖大哥大(5),一起、同学、同班、读、节目、先生、老师、研究
徐宏祖,探险航行 / 诗文出处 / 历史类比引用 / 神交引用,探险航行,93,5,5,1,1,要把金针度与人(5),见、父亲、母亲、徐宏祖：《徐霞客游记》
朱全忠,军事人物 / 政治人物 / 历史类比引用 / 神交引用,军事人物,93,5,5,3,4,独白下的传统(2)；读史指南(2)；李敖语录(1),见、妈妈、家里、像、朱全忠为了抵制李克用
李焘,诗文出处 / 公职人员 / 历史类比引用 / 神交引用,诗文出处,93,5,5,3,3,历史与人像(2)；中国艺术新研(2)；为历史拨云(1),妻、娶、见、读、博士
王世祯,学术 / 神交引用,学术,93,5,5,4,4,读史指南(2)；传统下的独白(1)；为中国思想趋向求答案(1)；李敖语录(1),出版、何义门、王世祯、尤侗等都加袭用
纳什,出版 / 历史类比引用 / 神交引用,出版,93,5,5,4,4,李敖秘密书房(2)；阳痿美国(1)；爱情的秘密(1)；挑战李敖(1),政府、书中
许华英,文艺音乐 / 财产债务 / 创作资料协助 / 公共论战,文艺音乐,93,5,5,3,5,李敖大哥大(3)；李敖议坛哀思录(1)；李敖笑傲江湖(1),出版、像、见、说过、朋友、告诉我
那志良,学术 / 诗文出处 / 创作资料协助 / 历史类比引用,学术,93,5,5,3,3,中国艺术新研(3)；李敖书信集(1)；李敖秘密书房(1),杂志、那志良之统计、朋友
吴景中,情治警务 / 朋友 / 同案狱友,情治警务,93,4,4,1,1,我最难忘的事和人(4),牢房、朋友、电话、警察、关怀、一起
吴绍周,军事人物 / 政治人物 / 历史类比引用,军事人物,93,4,4,1,1,中国现代史定论(4),司令、所谓、第十二兵团司令官黄维、副司令官胡琏、吴绍周、胡琏、吴绍周各占住战车
弗瑞尼,社会案件 / 神交引用,社会案件,93,4,4,2,2,李敖文存二集(2)；李敖语录(2),律师、辩护、法庭
方声涛,政治人物 / 亲属 / 历史类比引用,政治人物,93,4,4,3,3,第73烈士(2)；世论新语(1)；李敖札记(1),攻击、代理、主席、姐姐、见、同学、国民党
时公开,刑求人员,刑求人员,93,4,3,4,4,李敖自传与回忆续集(1)；世论新语(1)；你笨蛋，你笨蛋(1)；挑战李敖(1),调查局、杂志、政治、法院、像、学术、大学、批评
李宗谔,诗文出处 / 公职人员 / 历史类比引用 / 神交引用,诗文出处,93,4,4,1,1,中国艺术新研(4),李宗谔、见
李闰,亲属 / 婚姻相关 / 历史类比引用 / 神交引用 / 主剧情人物 / 小说剧本人物,亲属,93,4,4,2,3,北京法源寺(3)；历史与人像(1),妻、夫人、对我说、诗
杨树达,学术 / 神交引用,学术,93,4,4,3,4,要把金针度与人(2)；我梦碎，所以我梦醒(1)；千秋万岁乌鸦求是合集(1),认识、大学、先生、读
益匪浅,出版,出版,93,4,3,4,4,李敖书序集(1)；李敖访谈录1990-2018(1)；李敖书启集(1)；李敖秘密书房(1),出版社、出版、读、研究、见、教授
缪荃孙,诗文出处 / 学术 / 历史类比引用 / 神交引用,诗文出处,93,4,4,3,3,读史指南(2)；历史与人像(1)；要把金针度与人(1),政治、清朝遗老缪荃孙、学者、读
罗瑞卿,军事人物 / 政治人物 / 历史类比引用 / 神交引用,军事人物,93,4,4,2,2,世论新语(2)；李敖书牍集(2),报纸、主义、所谓、罗瑞卿部下
蔡荣德,财产债务 / 社会案件 / 诉讼,财产债务,93,4,4,1,1,李敖书启集(4),土地、告发、地面层房屋所有人蔡荣德
许美月,社会案件 / 情感 / 刑求受害,社会案件,93,4,4,2,2,李敖的情诗(2)；李敖情书集(2),见、哥哥、妹妹、家中
贾燕,媒体 / 诗文出处 / 创作资料协助,媒体,93,4,4,1,1,中国性研究(4),见、国民党、贾燕《“军中乐园”探秘》、大特写——娟娟
连战请,见面 / 公共论战,见面,93,4,4,2,4,李敖大哥大(3)；我梦碎，所以我梦醒(1),国民党、请他、见、问我、主席
郑秀陶,见面 / 朋友,见面,93,4,4,3,4,大学日记后期甲集(2)；大学日记后期乙集(1)；一个预备军官的日记(1),研究、政治、朋友
钟金木,社会案件 / 同案狱友,社会案件,93,4,4,1,1,红色11(4),判决、宣传、所谓、认识、一起、警察
钱纳水,政治人物 / 通信 / 创作资料协助 / 公共论战 / 历史类比引用,政治人物,93,4,4,1,1,中国现代史定论(4),政府、国民党、主义、写信、立委、胡秋原：《自共区至长沙后与钱纳水先生书》
陈氏（赤领十五岁割肝）,社会案件 / 亲属 / 医疗照护 / 被害人 / 宗教人物 / 历史类比引用 / 神交引用,社会案件,93,4,4,1,1,中国迷信新研(4),见、家居赤领出身田家年方十五、县令傅天麒书其事勒于石
陈砺军,通信 / 公共论战,通信,93,4,4,1,1,上下古今谈(4),读、先生、见、写信、像
陈静兰,媒体 / 见面,媒体,93,4,4,3,3,李敖大哥大(2)；李敖议坛哀思录(1)；李敖风流自传(1),问我、访问、节目、女儿
魏秀珍,政治人物 / 亲属 / 公共论战,政治人物,93,4,4,2,3,世论新语(3)；求是新语(1),立委、民进党、哥哥、市长、党部、所谓、弟弟、国民党
关永圻,出版 / 创作资料协助 / 通信,出版,93,3,3,1,1,李敖书序集续集(3),出版、先生、关永圻先生、关永圻
吕德,刑求受害 / 同案狱友 / 通信 / 人权救援,刑求受害,93,3,3,2,2,李敖情书集(2)；中国命研究(1),吕德又来信、吕德式车祸、碰到、刑求、刑警、警察、政治
唐明辉,邻居 / 社会案件 / 创作资料协助,邻居,93,3,3,1,2,李敖书函集(3),从小事看认真、委员、先生
徐学海,军事人物,军事人物,93,3,3,1,1,李敖Talk秀(3),将军、认识、节目、总统、委员
明令发,政治人物,政治人物,93,3,3,2,3,千秋万岁乌鸦求是合集(2)；一个预备军官的日记(1),总统、国民党、一起、院长、主席、委员、来信、债务
林挺生,财产债务 / 财产信托 / 通信,财产债务,93,3,3,1,1,李敖书简集(3),政府、先生、中国信托公司”各董事的信、监察人王祝康先生、林挺生先生、林自西先生、何传先生、颜惠忠先生
林自西,财产债务 / 财产信托 / 通信,财产债务,93,3,3,1,1,李敖书简集(3),政府、先生、中国信托公司”各董事的信、监察人王祝康先生、林挺生先生、林自西先生、何传先生、颜惠忠先生
王德馨,学术 / 师生,学术,93,3,3,1,1,李敖随写录前集(3),见、教授、大学、思想、王德馨教授
王民,媒体 / 出版 / 公共论战 / 亲属 / 历史类比引用 / 神交引用,媒体,93,3,3,2,2,李敖书牍集(2)；中国迷信新研(1),发行、警总、调查局、报纸、记者、军法、国民党、《新生报》社长王民
王祝康,财产债务 / 财产信托 / 通信,财产债务,93,3,3,1,1,李敖书简集(3),政府、先生、中国信托公司”各董事的信、监察人王祝康先生、林挺生先生、林自西先生、何传先生、颜惠忠先生
贾排长,军事人物 / 见面 / 称谓待考,军事人物,93,3,3,1,2,一个预备军官的日记(3),贾排长、认识
郑文肃,司法人员 / 诉讼,司法人员,93,3,3,2,2,李敖书笺集(2)；李敖回忆录(1),起诉、一起、法官、判决、权状、检察官、推事、法院
郝伯村,学术行政,学术行政,93,3,3,2,2,李敖大哥大(2)；挑战李敖(1),院长、委员、部长、夫人、总统
郭正昭,出版 / 师生 / 公共论战,出版,93,3,3,2,2,李敖书笺集(2)；千秋万岁乌鸦求是合集(1),儿子、杂志、国民党、学生、编辑、发行、总编辑、台大
陈健民,司法人员 / 诉讼,司法人员,93,3,3,2,2,千秋万岁乌鸦求是合集(2)；李敖回忆录(1),法官、警察、法院、判决、上诉
陈成英,医疗照护 / 见面,医疗照护,93,3,3,1,1,李敖五五日记(3),见、陈成英医生、中山医院见陈成英医生
颜惠忠,财产债务 / 财产信托 / 通信,财产债务,93,3,3,1,1,李敖书简集(3),政府、先生、中国信托公司”各董事的信、监察人王祝康先生、林挺生先生、林自西先生、何传先生、颜惠忠先生
黄伯度,创作资料协助 / 公共论战 / 历史类比引用 / 神交引用,创作资料协助,93,3,3,2,2,历史与人像(2)；为自由招魂(1),院长、秘书、总统、部长、告诉我、对我说、父亲、先生
燕倚秋,姻亲,姻亲,93,2,2,1,1,求是新语(2),太太、见
法朗士,出版 / 神交引用,出版,92,10,10,6,7,李敖大哥大(3)；上山·上山·爱(2)；李敖秘密书房(2)；传统下的独白(1)；千秋万岁乌鸦求是合集(1)；虚拟的十七岁(1),文学、见、研究、像
王方宇,公共论战,待复核,92,8,4,2,2,李敖书信集(6)；李敖大哥大(2),出版、国民党、见、序、书中、共产党、作品
徐海,军事人物 / 社会案件 / 历史类比引用 / 神交引用,军事人物,92,7,7,4,4,世论新语(4)；爱情的秘密(1)；要把金针度与人(1)；李敖大哥大(1),报纸、研究、中央研究院、国民党、像
王德昭,学术 / 见面,学术,92,7,7,2,2,一个预备军官的日记(6)；大学日记后期乙集(1),读、碰到、见
蒋渭水,政治异议者 / 政治人物 / 公共论战 / 历史类比引用 / 神交引用,政治异议者,92,7,7,3,3,李敖语录(5)；李敖随写录前集(1)；李敖访谈录1990-2018(1),国民党、政治、告诉我、弟弟、特务
钱谦益,诗文出处,诗文出处,92,7,3,3,3,读史指南(4)；你笨蛋，你笨蛋(2)；传统下的独白(1),书目作者表、诗
丁宝桢,公职人员 / 政治人物 / 历史类比引用 / 神交引用,公职人员,92,6,6,2,2,中国命研究(5)；北京法源寺(1),太监安德海、山东巡抚丁宝桢
尹洙,公职人员 / 诗文出处 / 历史类比引用 / 神交引用,公职人员,92,6,6,2,2,中国艺术新研(4)；读史指南(2),书目作者表、尹洙，其于《书禹庙碑阴》
托斯卡尼尼,文艺音乐 / 神交引用,文艺音乐,92,6,6,3,3,上山·上山·爱(3)；挑战李敖(2)；李敖秘密书房(1),像、姐姐
李克用,军事人物 / 政治人物 / 历史类比引用 / 神交引用,军事人物,92,6,6,2,2,独白下的传统(4)；读史指南(2),妈妈、碰到、太太、朱全忠为了抵制李克用
纳塞,政治人物 / 公共论战 / 神交引用,政治人物,92,6,6,3,4,李敖全集(3)；李敖回忆录(2)；李敖语录(1),总统
连战控,公共论战 / 政治人物,公共论战,92,6,5,1,3,李敖大哥大(6),国民党、主席
那么宋,神交引用,神交引用,92,6,5,2,6,挑战李敖(3)；李敖大哥大(3),国民党、像、告诉我、先生、检察官、起诉
Martha,学术,学术,92,5,3,4,4,李敖相关(2)；求是新语(1)；阳痿美国(1)；李敖秘藏日记(1),研究、弟弟、秘书
单独关,监狱行政,监狱行政,92,5,3,2,2,千秋万岁乌鸦求是合集(3)；李敖笑傲江湖(2),看守所、委员、政治、司令
唐僖宗,政治人物 / 神交引用,政治人物,92,5,5,5,5,传统下的独白(1)；我梦碎，所以我梦醒(1)；虽千万人，李敖往矣(1)；大学日记后期甲集(1)；中国命研究(1),国民党、像
彭玉麟,军事人物 / 历史类比引用 / 神交引用,军事人物,92,5,5,4,4,虽千万人，李敖往矣(2)；千秋万岁乌鸦求是合集(1)；李敖对话录(1)；李敖书信集(1),主义、政治、说过、朋友、读
徐筑生,军事人物 / 政治人物 / 公共论战,军事人物,92,5,5,1,2,挑战李敖(5),司令、参谋、总统
曾经听,学术 / 神交引用,学术,92,5,5,2,4,挑战李敖(4)；李敖大哥大(1),研究、说过、像、政治
秦叔宝,军事人物 / 神交引用,军事人物,92,5,5,4,4,世论新语(2)；北京法源寺(1)；上山·上山·爱(1)；李敖语录(1),像
路易十五,神交引用 / 政治人物,神交引用,92,5,5,4,5,上下古今谈(2)；李敖语录(1)；一个预备军官的日记(1)；坐牢家爸爸给女儿的八十封信(1),像、夫人、政治
鲁迅所,学术,待复核,92,5,3,4,4,李敖访谈录1990-2018(2)；虽千万人，李敖往矣(1)；李敖笑傲江湖(1)；李敖秘密书房(1),大学、文学、教授、台大
丁戴维,政治人物 / 见面,政治人物,92,4,4,1,1,李敖议坛哀思录(4),总统、参谋、部长、见、见到、研究
余翔麟,公职人员 / 创作资料协助 / 历史类比引用,公职人员,92,4,4,1,1,中国现代史正论(4),国民党、谈判代表余翔麟报告、高宗武④、余翔麟，参加员是殷同、李择一
刘声木,学术 / 诗文出处 / 历史类比引用 / 神交引用,学术,92,4,4,2,2,读史指南(3)；历史与人像(1),见、读、历史上、刘声木在《苌楚斋五笔》
林志新,同案狱友 / 被害人 / 医疗照护 / 人权救援,同案狱友,92,4,4,2,2,李敖书简集(3)；李敖自传与回忆续集(1),健康检查、福利社、死了毛松枫，今年1月14日死了张权，19日死了林志新
查慎行,学术 / 出版 / 神交引用,学术,92,4,4,3,3,读史指南(2)；李敖全集(1)；中国艺术新研(1),诗、见、书目作者表、著作
梁若节,情治警务 / 军事人物 / 创作资料协助 / 证人见证,情治警务,92,4,4,2,2,李敖笑傲江湖(3)；我最难忘的事和人(1),电报、院长、像、先生、下来接飞机是什么人呢？叫梁若节
江永庆,见面,见面,92,4,4,1,3,李敖大哥大(4),弟弟、报纸、一起、先生、请我、见、认识、电视
沙僧,虚拟人物,虚拟人物,92,4,4,4,4,传统下的独白(1)；北京法源寺(1)；李敖语录(1)；李敖大哥大(1),像、历史上
潘德辉,见面 / 创作资料协助 / 公共论战,见面,92,4,4,1,1,李敖札记(4),将军、拜访、委员、民进党
翁大铭,财产债务 / 诉讼 / 公共论战,财产债务,92,4,4,2,2,李敖随写录前集(2)；李敖随写录后集(2),检察官、起诉、翁大铭集团、法院、告发
苗剑秋,军事人物 / 历史类比引用,军事人物,92,4,4,1,2,中国现代史正论(4),司令、少壮派孙铭九、应德田、苗剑秋、何镜华等、国民党、共产党
谢凤媚,通信 / 创作资料协助,通信,92,4,4,2,2,李敖书笺集(3)；李敖秘藏日记(1),朋友、国民党、复谢凤媚的信
邹武鉴,政治异议者 / 人权救援 / 诉讼,政治异议者,92,4,4,1,1,李敖随写录后集(4),邹武鉴、台独
陆判,见面,见面,92,4,3,4,4,李敖回忆录(1)；传统下的独白(1)；虚拟的十七岁(1)；一个预备军官的日记(1),见、老师、认识
陈垣,学术 / 诗文出处 / 学术考证引用 / 宗教人物 / 历史类比引用,学术,92,4,4,4,4,李敖议坛哀思录(1)；李敖风流自传(1)；李敖书翰集(1)；中国近代史新论(1),送我、陈垣在《李我存传略》
马可,文艺音乐 / 公共论战 / 神交引用,文艺音乐,92,4,4,3,3,为自由招魂(2)；李敖对话录(1)；李敖大哥大(1),见、学生、作品、政治、读
高志明,财产债务 / 创作资料协助 / 公共论战,财产债务,92,4,4,1,1,李敖颠倒众生(4),见、节目、电视、跟我说、高志明还送了一包东西给了吴子嘉
万收购,政治人物,政治人物,92,3,3,2,2,你笨蛋，你笨蛋(2)；李敖议坛哀思录(1),院长、委员、像、一起、法院、打电话、电话
刘幸义,司法人员 / 见面,司法人员,92,3,3,1,1,李敖议坛哀思录(3),先生、委员、院长、法官、主席、说过
单千龄,邻居 / 财产债务 / 创作资料协助,邻居,92,3,3,1,1,李敖书启集(3),委员、先生、首任稽核委员单千龄
向布什,政治人物,政治人物,92,3,3,1,1,李敖大哥大(3),总统、台独
吴尊贤,财产债务 / 财产信托 / 通信,财产债务,92,3,3,2,2,李敖书简集(2)；挑战李敖(1),信托、先生、中国信托公司”各董事的信、总统、像
吴春馥,出版,出版,92,3,3,1,1,千秋万岁乌鸦求是合集(3),先生、文学、序、写信、文星、研究
家期待,媒体,媒体,92,3,3,3,3,李敖五五日记(1)；挑战李敖(1)；李敖秘密书房(1),节目、学生、总统
李锡恩,学术 / 政治人物,学术,92,3,3,2,2,李敖自传与回忆(2)；李敖回忆录(1),大学、爸爸、委员、序、北大
林明德,学术 / 创作资料协助 / 出版,学术,92,3,3,2,2,要把金针度与人(2)；李敖大哥大(1),见、教授、大学、林明德（辅仁大学中文系教授）、詹宏志、李传理、接见、总统
班超,军事人物 / 政治人物 / 历史类比引用 / 神交引用,军事人物,92,3,3,3,3,独白下的传统(1)；李敖语录(1)；读史指南(1),哥哥、妹妹、班超使西域
蔡定芳,公职人员 / 社会案件 / 公共论战,公职人员,92,3,3,1,1,李敖书笺集(3),见、报导、兼代处长蔡定芳
陈追,司法人员,司法人员,92,3,3,2,2,求是新语(2)；李敖大哥大(1),记者、检察官、见、见面、台独
马夫人,通信,通信,92,3,3,2,2,李敖书信集(2)；李敖札记(1),夫人、电话、来信、病房
黄怡腾,律师代理 / 见面,律师代理,92,3,3,2,2,李敖五五日记(2)；李敖议坛哀思录(1),碰到、来信、法官、律师、叶潜昭，他介绍黄怡腾律师
黄祥华,看守戒护 / 证人见证,看守戒护,92,3,3,2,2,李敖书简集(2)；李敖自传与回忆续集(1),绑担架、检察官、管理员、像、有徐开喜、黄祥华、谭坤泉等证词在卷
仇可泯,媒体,媒体,92,2,2,1,1,李敖笑傲江湖(2),节目、共产党、诗
曲线政,媒体,媒体,92,2,2,1,1,李敖笑傲江湖(2),节目、政治
刘盛良,政治人物 / 公共论战,政治人物,91,9,9,2,5,李敖议坛哀思录(7)；世论新语(2),委员、国民党、宣传、读
颜志琳,文艺音乐 / 媒体 / 见面,文艺音乐,91,9,9,1,1,李敖Talk秀(9),朋友、碰到、交往、像、尤秋兴、颜志琳
刘克庄,诗文出处 / 历史类比引用 / 神交引用,诗文出处,91,7,7,3,3,中国艺术新研(4)；读史指南(2)；中国性研究(1),书目作者表、诗、见
宋应星,科学家 / 学术 / 诗文出处 / 历史类比引用 / 神交引用,科学家,91,7,7,2,2,要把金针度与人(6)；李敖文存(1),作品、见、序、大学、著作、宋应星：《天工开物》
李成,文艺音乐 / 历史类比引用 / 神交引用,文艺音乐,91,6,6,3,4,李敖自传与回忆续集(2)；为中国思想趋向求答案(2)；中国艺术新研(2),杂志、控告、读、来信、文星、先生
诸青来,公共论战 / 创作资料协助 / 人权救援 / 历史类比引用,公共论战,91,6,6,1,1,中国现代史正论(6),国民党、出版、诸青来的另一个问题
马兰奇,政治人物,待复核,91,6,3,4,5,挑战李敖(2)；李敖大哥大(2)；李敖颠倒众生(1)；李敖Talk秀(1),主席、说过
优孟,历史类比引用 / 文艺音乐 / 神交引用,历史类比引用,91,5,5,4,4,为自由招魂(2)；李敖的情诗(1)；虽千万人，李敖往矣(1)；一个预备军官的日记(1),见
余梧桐,师生,师生,91,5,4,1,5,一个预备军官的日记(5),学生、大学、台大、总统、见、诗
宋郊,学术 / 诗文出处 / 历史类比引用 / 神交引用,学术,91,5,5,5,5,李敖文存(1)；上山·上山·爱(1)；李敖语录(1)；历史与人像(1)；中国性研究(1),思想、诗、见、哲学
张先,学术 / 神交引用,学术,91,5,5,3,3,读史指南(3)；我最难忘的事和人(1)；传统下的独白(1),女儿、结婚、情人、恋爱、书目作者表
朱维信,军校学生 / 朋友 / 见面,军校学生,91,5,5,2,3,一个预备军官的日记(4)；大学日记后期甲集(1),碰到、朋友、见、所谓、读、诗
白绍康,同学 / 见面,同学,91,5,5,5,5,李敖自传与回忆(1)；我最难忘的事和人(1)；李敖回忆录(1)；大学日记后期甲集(1)；大学日记后期乙集(1),老师、认识
胡之伟,出版,出版,91,5,3,4,4,李敖秘藏日记(2)；李敖回忆录(1)；李敖快意恩仇录(1)；李敖风流自传(1),文星、批评、同学、台大、书中
马特拉,政治人物,政治人物,91,5,3,1,1,李敖秘密书房(5),选举
宗成铠,司法人员 / 诉讼,司法人员,91,4,4,1,1,李敖新刊(4),庭长、推事、书记官、同案
庄亨岱,师生,师生,91,4,3,3,4,李敖随写录前集(2)；李敖快意恩仇录(1)；李敖笑傲江湖(1),教授、夫人、院长、总统、打电话、电话、委员、民进党
李涛又,见面,见面,91,4,4,1,2,李敖大哥大(4),节目、请他、妈妈、一起
杜文卿,政治人物 / 党务宣传,政治人物,91,4,4,2,3,李敖议坛哀思录(2)；李敖随写录前集(2),委员、民进党昨天第五届第一次党员代表大会
林金龙,财产债务 / 诉讼 / 公共论战,财产债务,91,4,4,2,2,李敖大哥大(3)；大学日记后期甲集(1),法院、台北市议员张秋雄以及利阳公司总经理林金龙
柳小姐,虚拟人物 / 称谓待考,虚拟人物,91,4,4,2,2,李语录(3)；李敖秘藏日记(1),一起、警察
格鲁,政治人物 / 神交引用,政治人物,91,4,4,2,2,波波颂(3)；李敖情书集(1),将军、夫人
梁上栋,政治人物 / 见面,政治人物,91,4,4,2,2,我最难忘的事和人(3)；李敖书翰集(1),认识、院长、像、委员、请我、书店、文星、书中
梁惠王,政治人物 / 历史类比引用 / 神交引用,政治人物,91,4,4,2,3,中国命研究(3)；要把金针度与人(1),作品、书中、见、思想
波娃,学术 / 出版 / 情感 / 神交引用,学术,91,4,4,2,2,上山·上山·爱(2)；李敖对话录(2),学生、哲学、见、思想、情人、交往
许玉衡,朋友 / 通信 / 财产债务,朋友,91,4,4,2,3,一个预备军官的日记(2)；李敖书翰集(2),序、电话、玉衡小弟：
谭伟力,朋友 / 见面 / 婚姻相关,朋友,91,4,4,3,3,李敖书翰集(2)；李敖回忆录(1)；李敖风流自传(1),找我、爸爸、妈妈、谭伟力、袁纯、齐家旦
那种火,诉讼,诉讼,91,4,3,4,4,李敖议坛哀思录(1)；你笨蛋，你笨蛋(1)；我梦碎，所以我梦醒(1)；李敖秘密书房(1),法院、部长、研究
陈建宇,媒体,媒体,91,4,4,1,3,李敖五五日记(4),节目、记者、报导、碰到、读、编辑
黄蔴,政治人物 / 神交引用,政治人物,91,4,4,1,1,李敖文存(4),认识、记者、县长、博士、政治、访问
丁惟汾,政治人物 / 历史类比引用,政治人物,91,3,3,2,2,中国现代史正论(2)；李敖书信集(1),委员、先生、谭延闿、柏文蔚、王法勤、于右任、恩克巴图、丁惟汾先生和汪兆铭
别悲情,政治人物,政治人物,91,3,3,1,1,李敖笑傲江湖(3),总统、国民党
唐质肃,历史类比引用 / 公职人员 / 神交引用,历史类比引用,91,3,3,2,2,李敖书序集(2)；北京法源寺(1),研究、唐质肃
威廉·史密斯,政治人物 / 社会案件 / 历史类比引用 / 神交引用,政治人物,91,3,3,1,1,阳痿美国(3),起诉、部长
尤大时,监所医疗 / 监狱行政,监所医疗,91,3,3,2,2,李敖书简集(2)；李敖情书集(1),警察、管理员、健康检查、药剂生阙壮士和医务行政管理员尤大时负责
曾经去,诉讼,诉讼,91,3,3,3,3,李敖议坛哀思录(1)；李敖访谈录1990-2018(1)；挑战李敖(1),法院、判决、起诉、主席、委员、见、见到、同学
汤国桢,公职人员 / 创作资料协助 / 历史类比引用,公职人员,91,3,3,2,2,中国现代史正论(2)；李敖书启集(1),见、电话、参谋、晤、顾问端纳、汤国桢、王卓然
田士林,媒体 / 出版 / 公共论战,媒体,91,3,3,2,2,为自由招魂(2)；千秋万岁乌鸦求是合集(1),记者、广播、总统、政府、见
胡品清,学术 / 诗文出处 / 出版,学术,91,3,3,2,2,李敖报刊集(2)；李敖笑傲江湖(1),教授、作品、主义、文学、胡品清教授
陈富美,证人见证 / 亲属 / 社会案件,证人见证,91,3,3,1,1,世论新语(3),打电话、电话、部长、妻
马庆瑞,公职人员 / 政治人物 / 公共论战,公职人员,91,3,3,2,2,为历史拨云(2)；千秋万岁乌鸦求是合集(1),电话、检察官、委员、警察、序、政府、监委马庆瑞及黄光平
狄更斯,诗文出处 / 历史类比引用 / 神交引用,诗文出处,90,15,15,10,12,虚拟的十七岁(4)；中国现代史正论(2)；李敖笑傲江湖(2)；你是景福门(1)；红色11(1)；第73烈士(1)；李敖语录(1)；大学日记后期乙集(1),像、政治、文学
蔡锦隆,政治人物,政治人物,90,10,10,2,7,李敖议坛哀思录(9)；我梦碎，所以我梦醒(1),国民党、法院、立委、本院、总统、委员
忽兰,社会案件 / 神交引用,社会案件,90,8,8,1,1,为中国思想趋向求答案(8),碰到、父亲、女儿、见、见到
白石先生,宗教人物 / 神交引用,宗教人物,90,8,8,2,2,波波颂(4)；上山·上山·爱(4),思想、书里
卓长仁,诉讼,待复核,90,7,4,1,2,李敖大哥大(7),国民党、所谓、法院、民进党、冤案
徐菊生,老兵士官 / 军事人物 / 朋友 / 见面,老兵士官,90,7,7,5,7,一个预备军官的日记(3)；我最难忘的事和人(1)；李敖回忆录(1)；李敖快意恩仇录(1)；第73烈士(1),一起、认识
郭松龄,军事人物 / 政治异议者 / 历史类比引用,军事人物,90,7,7,2,2,李敖大哥大(4)；李敖笑傲江湖(3),将军
宋小濂,政治人物 / 神交引用,政治人物,90,6,6,1,1,波波颂(6),书中、告诉我、爸爸、国民党
帕里斯,虚拟人物 / 历史类比引用 / 情感 / 神交引用,虚拟人物,90,6,6,4,4,李敖文存二集(2)；挑战李敖(2)；为自由招魂(1)；爱情的秘密(1),诗
斯垂弗德,政治人物 / 历史类比引用 / 神交引用,政治人物,90,6,6,3,3,李敖风流自传(2)；你笨蛋，你笨蛋(2)；虚拟的十七岁(2),
汪辉祖,诗文出处 / 公职人员 / 学术 / 历史类比引用 / 神交引用,诗文出处,90,6,6,1,1,要把金针度与人(6),见、读、所谓、汪辉祖：《汪龙庄先生遗书》
海德格,学术 / 神交引用,学术,90,6,6,3,3,文化论战丹火录(3)；上山·上山·爱(2)；传统下的独白(1),思想、主义、所谓、哲学
王应麟,诗文出处 / 公职人员 / 历史类比引用 / 神交引用,诗文出处,90,6,6,3,4,读史指南(3)；中国现代史定论(2)；中国艺术新研(1),书目作者表、出版社、出版
陈永曙,见面 / 公共论战,见面,90,6,6,1,1,李敖Talk秀(6),师生、像、所谓、方岑、陈永曙、胡肇婷
卢泉锦,师生,师生,90,5,4,1,1,我最难忘的事和人(5),老师、朋友、像
姜诏谟,情治警务 / 朋友 / 见面,情治警务,90,5,5,3,3,我最难忘的事和人(3)；千秋万岁乌鸦求是合集(1)；李敖笑傲江湖(1),朋友、陪我、告诉我、大学、事务、律师、委员、立委
文强,情治警务 / 出版,情治警务,90,5,5,4,4,我最难忘的事和人(2)；挑战李敖(1)；李敖秘密书房(1)；李敖大哥大(1),来信、将军、文学、记者、报导、国民党、民进党
曲先生,见面 / 称谓待考,见面,90,5,5,3,4,一个预备军官的日记(3)；大学日记后期甲集(1)；大学日记后期乙集(1),学生
曹诚英,媒体,媒体,90,5,4,1,1,李敖秘密书房(5),节目、一起、朋友
柯震东,媒体 / 社会案件 / 公共论战,媒体,90,5,5,1,2,虽千万人，李敖往矣(5),市长、记者、法院、国民党
白牡丹（戏曲人物）,虚拟人物 / 神交引用,虚拟人物,90,5,5,2,2,挑战李敖(4)；上下古今谈(1),一起、太太、妻
虞愿,历史类比引用 / 宗教人物 / 政治人物 / 神交引用,历史类比引用,90,5,5,4,4,李敖大哥大(2)；北京法源寺(1)；上山·上山·爱(1)；挑战李敖(1),像
陶弘景,医疗照护 / 宗教人物 / 学术 / 神交引用,医疗照护,90,5,5,4,4,中国命研究(2)；传统下的独白(1)；读史指南(1)；中国艺术新研(1),历史上、书目作者表
韩宾礼,政治人物 / 公职人员 / 财产债务 / 公共论战 / 历史类比引用,政治人物,90,5,5,1,1,中国现代史定论(5),所谓、陈友仁及安福时代参预西原借款之韩宾礼、陈友仁韩宾礼等附日卖国之徒
严智径,媒体 / 见面,媒体,90,4,4,2,2,李敖议坛哀思录(2)；李敖风流自传(2),访问、问我、电视、节目、法院、政府
何玉芳,出版 / 见面 / 创作资料协助,出版,90,4,4,3,3,李敖秘藏日记(2)；李敖回忆录(1)；李敖风流自传(1),碰到、夫人、阿芳
刘雨卿,军事人物 / 历史类比引用,军事人物,90,4,4,2,2,李敖书牍集(2)；李敖大哥大(2),师长、王懋功、谷正伦、司可庄、王长海、史文桂、徐祖诒、陈骥、曹福林、黄永安、刘汝明、刘雨卿
吴嵩庆,公职人员 / 财产债务 / 历史类比引用,公职人员,90,4,4,2,2,李敖书牍集(3)；李敖书笺集(1),见、部长、吴嵩庆亲信詹特芳
吴怀尧,媒体 / 见面,媒体,90,4,4,1,1,李敖访谈录1990-2018(4),吴怀尧、像
吴王夫差,政治人物 / 军事人物 / 神交引用,政治人物,90,4,4,2,3,李敖新刊(2)；挑战李敖(2),委员、像、朋友
唐顺之,诗文出处 / 学术 / 历史类比引用 / 神交引用,诗文出处,90,4,4,1,2,读史指南(4),书目作者表、诗、谢朓、庾信、李白、杜甫、孟浩然、刘长卿、韦应物、刘禹锡、李商隐、梅尧臣、苏轼、唐顺之
宋钦宗,政治人物 / 历史类比引用 / 神交引用,政治人物,90,4,4,3,3,为历史拨云(2)；要把金针度与人(1)；李敖秘密书房(1),写信、主义、宋徽宗、宋钦宗
尹文子,诗文出处 / 学术 / 历史类比引用 / 神交引用,诗文出处,90,4,4,2,2,读史指南(2)；为历史拨云(2),思想、古代、所谓、尹文子说
廖明胤,同案狱友 / 刑求受害 / 人权救援,同案狱友,90,4,4,3,3,李敖书简集(2)；李敖自传与回忆续集(1)；李敖书信集(1),脚镣、名字是廖明胤、周扬传、郭进坪、苏照男、洪茂阳、刘耀雄、吴进清、萧阿成、翁正良、王玉栋、吴水德
张国淦,政治人物 / 公职人员 / 诗文出处 / 历史类比引用,政治人物,90,4,4,3,3,历史与人像(2)；早年日记(1)；中国近代史新论(1),出版、书店、秘书、读、外交汪大燮，财政梁启超，陆军王士珍，海军刘冠雄，教育张一麐，农商张国淦，司法林长民
施文仁,司法人员 / 诉讼 / 创作资料协助,司法人员,90,4,4,2,3,李敖自传与回忆续集(2)；李敖书函集(2),诗、推事、法院、判决、四十八位推事
晏蛾儿,历史类比引用 / 神交引用,历史类比引用,90,4,4,3,3,读史指南(2)；李敖语录(1)；要把金针度与人(1),古人、褒姒的笑、管仲的智、齐桓的信、曹沫的无赖、晏蛾儿的愚忠、介子推的清高、晏子的识大体、伍子胥的鞭尸、苏秦的合纵、蔺相如的完璧归赵
曹操讲,亲属,亲属,90,4,3,3,3,李敖笑傲江湖(2)；李敖秘密书房(1)；李敖大哥大(1),儿子、老师、关怀、朋友、妈妈
梅尧臣,诗文出处 / 文艺音乐 / 历史类比引用 / 神交引用,诗文出处,90,4,4,1,2,读史指南(4),书目作者表、诗、谢朓、庾信、李白、杜甫、孟浩然、刘长卿、韦应物、刘禹锡、李商隐、梅尧臣、苏轼、唐顺之
沈休文,诗文出处 / 历史类比引用 / 神交引用,诗文出处,90,4,4,3,3,李敖书翰集(2)；李敖语录(1)；李敖对话录(1),诗、沈休文的诗
王地,政治人物 / 公共论战 / 神交引用,政治人物,90,4,4,4,4,世论新语(1)；李敖语录(1)；挑战李敖(1)；李敖秘密书房(1),民进党、政治、妈妈、政府、像
王德胜,诗文出处 / 历史类比引用,诗文出处,90,4,4,2,2,中国现代史定论(3)；李敖自传与回忆续集(1),总统、020/王德胜/蒋总统年表
管事情,政治人物,政治人物,90,4,3,3,3,李敖大哥大(2)；中国现代史正论(1)；李敖秘密书房(1),委员、政治、古代、像、主义
翁方纲,学术 / 诗文出处 / 文艺音乐 / 历史类比引用 / 神交引用,学术,90,4,4,1,1,中国艺术新研(4),古人、学生、大学
蒋公铜,神交引用,神交引用,90,4,4,2,3,李敖随写录后集(3)；李敖大哥大(1),像、同房、借钱、木棍、大学、台大
蒋文浩,媒体,媒体,90,4,4,1,1,世论新语(4),主义、记者、记者招待会、报导、学生、总统、共产党
许由,公共论战,公共论战,90,4,4,2,2,为历史拨云(3)；李敖大哥大(1),政治、古人
许茂森,司法人员 / 诉讼,司法人员,90,4,4,1,1,李敖新刊(4),书记官、庭长、推事、法院、上诉
钟日成,司法人员 / 诉讼 / 创作资料协助,司法人员,90,4,4,2,3,李敖自传与回忆续集(2)；李敖书函集(2),诗、推事、法院、判决、四十八位推事
黄辉珍,编辑,编辑,90,4,4,1,1,李敖笑傲江湖(4),发行、报纸
云来访,师生,师生,90,3,3,3,3,你是景福门(1)；李敖新刊(1)；千秋万岁乌鸦求是合集(1),见、教授
党党产,财产债务,财产债务,90,3,3,2,3,李敖秘密书房(2)；李敖风流自传(1),国民党、请我、财产、总统、党部、所谓
公然如,政治人物,政治人物,90,3,3,3,3,文化论战丹火录(1)；你笨蛋，你笨蛋(1)；李敖大哥大(1),政府、法官、国民党、所谓、总统、委员
利背信,见面,见面,90,3,3,2,2,千秋万岁乌鸦求是合集(2)；李敖随写录后集(1),见、诗、法院、告发
居然通,通信,通信,90,3,3,3,3,李敖书翰集(1)；李敖颠倒众生(1)；李敖大哥大(1),打电话、电话、节目、委员、法官、所谓
柴启宸,司法人员 / 诉讼 / 通信 / 公共论战,司法人员,90,3,3,3,3,李敖书牍集(1)；李敖秘密书房(1)；李敖大哥大(1),副本收受者：台北市市长许水德先生、行政院新闻局局长张京育先生、台北地检处首席柴启宸先生、院长、法院、检察官
玛丽·安托内特,政治人物 / 神交引用,政治人物,90,3,3,3,3,李敖自传与回忆(1)；李敖快意恩仇录(1)；波波颂(1),像
萧先荫,政治人物 / 公共论战,政治人物,90,3,3,1,1,李敖新刊(3),秘书、先生、院长、法院、写信、本院、贵院、委员
袁家骝,亲属,亲属,90,3,3,3,3,李敖回忆录(1)；你笨蛋，你笨蛋(1)；李敖秘密书房(1),见、儿子、家中、学术、政治、主席、夫人
解散立,政治人物,政治人物,90,3,3,3,3,我梦碎，所以我梦醒(1)；挑战李敖(1)；李敖颠倒众生(1),法院、总统、选举、院长、委员、国民党
辛普森,姻亲,姻亲,90,3,3,3,3,李敖议坛哀思录(1)；你笨蛋，你笨蛋(1)；李敖笑傲江湖(1),妻、总统、见、夫人
连战夫,姻亲,姻亲,90,3,3,3,3,虽千万人，李敖往矣(1)；李敖笑傲江湖(1)；李敖大哥大(1),夫人、院长、妻、政府、访问、受访
郑克典,见面,见面,90,3,3,2,2,大学日记后期乙集(2)；早年日记(1),教授、政治
陈养吾,诗文出处 / 学术,诗文出处,90,3,3,3,3,李敖回忆录(1)；千秋万岁乌鸦求是合集(1)；李敖书函集(1),爸爸、杂志、研究、父亲、先生
魏光中,通信 / 见面 / 创作资料协助,通信,90,3,3,2,2,李敖秘藏日记(2)；李敖回忆录(1),证人、碰到、魏光中
黄脸婆,姻亲,姻亲,90,3,3,3,3,千秋万岁乌鸦求是合集(1)；李敖语录(1)；一个预备军官的日记(1),太太、将军、结婚、电视、儿子、娶
尤美女,律师代理,律师代理,90,2,2,2,2,李敖秘密书房(1)；李敖Talk秀(1),律师、委员
徐宗懋,媒体 / 创作资料协助 / 见面 / 诗文出处 / 历史类比引用,媒体,89,96,96,1,2,李敖秘密书房(96),像、宣传、见、政府、所谓、研究、读、主义
王九胆,主剧情人物 / 小说剧本人物 / 同案狱友 / 江湖人物,主剧情人物,89,45,45,1,2,红色11(45),见、像、学生、大学、脚镣、警察、问我、一起
王家法,主剧情人物 / 小说剧本人物 / 同案狱友 / 老兵士官,主剧情人物,89,21,21,1,2,红色11(21),碰到、上诉、学生、大学、共产党、借钱、老师、政治
作家大学生,小说剧本人物 / 出版 / 见面 / 称谓待考,小说剧本人物,89,15,15,1,1,上山·上山·爱(15),学生、大学、像、告诉我、认识、见、到我家、我家来
徐菁,小说剧本人物 / 亲属 / 社会案件,小说剧本人物,89,14,14,1,2,虚拟的十七岁(14),学生、像、见
吉普赛李玫瑰,媒体 / 神交引用,媒体,89,12,12,1,1,李敖文存二集(12),大学、父亲、母亲、记者、见、离婚、像
萧近仁,财产债务 / 诉讼,财产债务,89,10,10,1,1,李敖自传与回忆续集(10),事务、房地、代理、见、电话、土地、产权、财产
阿九,社会案件 / 神交引用,社会案件,89,10,10,1,1,独白下的传统(10),娶、读、妻
高丽人,神交引用,待复核,89,9,3,5,6,李敖颠倒众生(4)；李敖大哥大(2)；北京法源寺(1)；虽千万人，李敖往矣(1)；历史与人像(1),总统、古代、像
吴先生（聊斋人物）,虚拟人物 / 历史类比引用 / 神交引用 / 情感,虚拟人物,89,8,8,1,1,上山·上山·爱(8),哲学、像、情人、分手、碰到、朋友
程英嘉,亲属 / 创作资料协助 / 公共论战,亲属,89,8,8,1,1,李敖笑傲江湖(8),儿子、妈妈、太太、情人、嫁给
周伟龙,情治警务 / 军事人物 / 同案狱友,情治警务,89,7,7,1,1,我最难忘的事和人(7),警总、秘书、委员、警察、政治、牢房、像
姜盛三,情治警务 / 同案狱友,情治警务,89,7,7,1,1,我最难忘的事和人(7),太太、共产党、委员
爱伦·黛丽,文艺音乐 / 情感 / 历史类比引用 / 神交引用,文艺音乐,89,7,7,2,2,虚拟的十七岁(4)；上山·上山·爱(3),情人、见、见到、见面、恋爱、像
虞世南,公职人员 / 诗文出处 / 文艺音乐 / 历史类比引用 / 神交引用,公职人员,89,7,7,2,3,中国艺术新研(6)；读史指南(1),像、见、虞世南《临兰亭帖》
陈寿,诗文出处,诗文出处,89,7,3,3,3,要把金针度与人(4)；读史指南(2)；一个预备军官的日记(1),同学、父亲、书目作者表、史学、著作
唐君毅,学术 / 公共论战 / 神交引用,学术,89,6,6,4,4,文化论战丹火录(2)；为中国思想趋向求答案(2)；李敖风流自传(1)；李敖书启集(1),思想、像、古人
姚立明,学术 / 政治人物 / 公共论战,学术,89,6,6,2,3,挑战李敖(5)；李敖大哥大(1),像、国民党、批评、见、攻击
惠特曼,出版 / 神交引用,出版,89,6,6,3,3,李敖大哥大(4)；上山·上山·爱(1)；虚拟的十七岁(1),诗、像、杂志
清仁宗,政治人物 / 神交引用,政治人物,89,6,6,4,4,中国艺术新研(3)；传统下的独白(1)；要把金针度与人(1)；李敖秘密书房(1),老师、学者、大学、弟弟、儿子、古人
葛立方,诗文出处 / 历史类比引用 / 神交引用,诗文出处,89,6,6,1,1,中国艺术新研(6),见、诗、所谓、葛立方乃谓君谟书初学（周）越
陈意映,亲属 / 姻亲 / 历史类比引用,亲属,89,6,6,1,1,第73烈士(6),太太、晤、书中、妻、学生、书里、见、好友
饶辅廷,烈士殉难 / 政治异议者 / 社会案件 / 历史类比引用,烈士殉难,89,6,6,1,1,第73烈士(6),一起、儿子、太太、见
万耀煌,军事人物 / 政治人物 / 历史类比引用,军事人物,89,5,5,3,3,李敖书牍集(2)；中国现代史定论(2)；中国现代史正论(1),中将、陆军中将：陈继承、周岩、万耀煌、韩德勤、熊斌、徐庭瑶、刘膺古、王烈、方克猷、赵锡田、贺国光、姚琮
塔土夫,虚拟人物 / 宗教人物 / 神交引用,虚拟人物,89,5,5,1,1,上山·上山·爱(5),见、见到、像
康淑媛,证人见证 / 财产债务,证人见证,89,5,5,1,1,我最难忘的事和人(5),妻、像、太太、见
张伯伯,称谓待考 / 见面,称谓待考,89,5,5,1,1,李敖自传与回忆(5),读、见、师母、到我家、警察、交情
江瑞明,情治警务 / 证人见证 / 社会案件,情治警务,89,5,5,1,1,千秋万岁乌鸦求是合集(5),警察、证人、本院、电话、刑警、打电话、结证
陈继盛,学术 / 公共论战,学术,89,5,5,3,3,李敖颠倒众生(3)；我最难忘的事和人(1)；李敖笑傲江湖(1),学生、杂志、大学、台大、政治、委员、秘书
乐毅,军事人物 / 历史类比引用,军事人物,89,4,4,3,3,李敖笑傲江湖(2)；李敖文存二集(1)；中国性研究(1),见、读、诸葛亮年轻的时候自比管仲乐毅
何须,政治人物,政治人物,89,4,3,4,4,传统下的独白(1)；你笨蛋，你笨蛋(1)；千秋万岁乌鸦求是合集(1)；李敖随写录后集(1),部长、诗、国民党、名言、总统
公开用,媒体,媒体,89,4,3,3,4,李敖秘密书房(2)；挑战李敖(1)；李敖颠倒众生(1),电视、问我、节目、教授、大学
刘文正,学术 / 神交引用,学术,89,4,4,4,4,文化论战丹火录(1)；为中国思想趋向求答案(1)；千秋万岁乌鸦求是合集(1)；李敖书启集(1),历史上、老师、读、发行
吴庭艳,政治人物 / 公共论战 / 神交引用,政治人物,89,4,4,2,3,李敖大哥大(3)；世论新语(1),总统、政府
娄逞,政治人物 / 神交引用,政治人物,89,4,4,4,4,传统下的独白(1)；独白下的传统(1)；波波颂(1)；李敖语录(1),政治、认识、导演
张三爱,社会案件 / 历史类比引用 / 神交引用,社会案件,89,4,4,1,1,中国迷信新研(4),所谓、见、张三爱，江南歙县人
张文祥,社会案件 / 军事人物 / 历史类比引用,社会案件,89,4,4,2,2,第73烈士(3)；为历史拨云(1),将军
张籍,诗文出处 / 历史类比引用 / 神交引用,诗文出处,89,4,4,3,3,读史指南(2)；上山·上山·爱(1)；李敖的情诗(1),碰到、诗、书目作者表
张青,虚拟人物,虚拟人物,89,4,4,3,3,李敖秘密书房(2)；我最难忘的事和人(1)；独白下的传统(1),司令
时看,政治人物,政治人物,89,4,3,4,4,李敖快意恩仇录(1)；大学日记后期甲集(1)；中国现代史定论(1)；李敖大哥大(1),总统、主义、像、告诉我、法务部、部长
李炷烽,公共论战,公共论战,89,4,4,1,1,李敖大哥大(4),国民党、访问、委员、县长
李瞻,学术 / 公共论战,学术,89,4,4,3,3,李敖颠倒众生(2)；求是新语(1)；千秋万岁乌鸦求是合集(1),教授、台大、报导、政治、好友、出版
李霁野,学术 / 出版,学术,89,4,4,2,2,我最难忘的事和人(3)；李敖秘密书房(1),朋友、教授、台大、序、一起、书店、博士
林纾,学术 / 诗文出处 / 出版 / 历史类比引用 / 神交引用,学术,89,4,4,3,4,历史与人像(2)；千秋万岁乌鸦求是合集(1)；中国命研究(1),认识、爸爸
王胜之,学术 / 神交引用,学术,89,4,4,3,4,要把金针度与人(2)；独白下的传统(1)；上山·上山·爱(1),朋友、见
王逸,学术 / 神交引用,学术,89,4,4,3,3,读史指南(2)；传统下的独白(1)；要把金针度与人(1),书目作者表、传记、作品
璩诗方,证人见证 / 姻亲 / 财产信托 / 通信,证人见证,89,4,4,1,1,李敖自传与回忆续集(4),诗、存证信、意思表示中止、信托、信托关系、法庭
能选,政治人物,政治人物,89,4,3,3,4,挑战李敖(2)；李敖笑傲江湖(1)；李敖大哥大(1),总统、学生、教书、台大、法官、法庭、哲学、政治
那种作,神交引用,神交引用,89,4,3,4,4,一个预备军官的日记(1)；李敖秘密书房(1)；李敖Talk秀(1)；李敖大哥大(1),读、作品、碰到、序、将军
从程序,出版,出版,89,3,3,3,3,李敖议坛哀思录(1)；李敖访谈录1990-2018(1)；李敖大哥大(1),序、所谓、学生、法院、国民党、朋友、报纸、秘书
任期满,政治人物,政治人物,89,3,3,3,3,李敖议坛哀思录(1)；李敖风流自传(1)；千秋万岁乌鸦求是合集(1),市长、选举、总统
党做,见面,见面,89,3,3,2,2,李敖秘密书房(2)；挑战李敖(1),见、部长、国民党、总统、像
党县长,政治人物,政治人物,89,3,3,3,3,李敖随写录后集(1)；为历史拨云(1)；挑战李敖(1),县长、民进党、国民党、序、秘书、政府、像
别邀请,师生,师生,89,3,3,3,3,李敖自传与回忆续集(1)；你笨蛋，你笨蛋(1)；李敖笑傲江湖(1),访问、教书、大学、政府、国民党、编辑、委员、朋友
包括彭,见面,见面,89,3,3,3,3,李敖快意恩仇录(1)；你笨蛋，你笨蛋(1)；挑战李敖(1),见、会面、写信、朋友、刑求、教授、总统、民进党
司打赢,政治人物,政治人物,89,3,3,3,3,李敖访谈录1990-2018(1)；李敖情书集(1)；李敖大哥大(1),政府、像、写信、律师、辩护、读、将军
居然同,政治人物,政治人物,89,3,3,3,3,李敖自传与回忆续集(1)；我梦碎，所以我梦醒(1)；李敖大哥大(1),政府、法官、检察官
张伯敏,学术,学术,89,3,3,1,1,李敖自传与回忆(3),老师、见、史学、大学、教授、主义
张平宜,媒体,媒体,89,3,3,1,1,你笨蛋，你笨蛋(3),访问、杂志、记者、采访、见
徐启学,同案狱友 / 诉讼,同案狱友,89,3,3,2,2,李敖情书集(2)；李敖自传与回忆续集(1),法官、推事、像、庭长、徐启学
戴华,情感,情感,89,3,3,2,2,李敖颠倒众生(2)；李敖Talk秀(1),学生、恋爱、情书、写信、认识、节目
段报导,媒体,媒体,89,3,3,3,3,李敖文存二集(1)；李敖颠倒众生(1)；李敖大哥大(1),报导、儿子、民进党、法官、辩护、主席、国民党、像
祝教官,见面 / 军事人物 / 称谓待考,见面,89,3,3,1,2,大学日记后期甲集(3),同学、见、请我、朋友、哲学、读
罗友伦,军事人物 / 情治警务 / 公共论战,军事人物,89,3,3,2,2,你笨蛋，你笨蛋(2)；李敖书启集(1),报导、政战、将军、参谋、序
罗文虎,老兵士官 / 军事人物 / 见面 / 创作资料协助,老兵士官,89,3,3,2,2,中国性研究(2)；一个预备军官的日记(1),朋友、对我说、老兵罗文虎对我说
罗织别,出版,出版,89,3,3,3,3,你笨蛋，你笨蛋(1)；李敖笑傲江湖(1)；李敖大哥大(1),出版、国民党、院长、法官、书里、法务部、部长
葛义才,同学,同学,89,3,3,1,1,李敖笑傲江湖(3),法院、同学、同班、院长、法官、教授、大学、庭长
蔡佳泓,学术 / 见面 / 创作资料协助,学术,89,3,3,1,1,李敖随写录后集(3),研究、大学、台大、政治、台大与二二八、蔡佳泓
诸友人,见面,见面,89,3,3,2,3,一个预备军官的日记(2)；千秋万岁乌鸦求是合集(1),见、像、请他、中将
赵常源,情治警务 / 公职人员,情治警务,89,3,3,1,1,李敖随写录前集(3),赵常源、打电话、电话、警察、民进党
陆军二,军事人物,军事人物,89,3,3,3,3,我梦碎，所以我梦醒(1)；千秋万岁乌鸦求是合集(1)；李敖笑傲江湖(1),中将、总统、委员、军长、弟弟、政府、司令
陈毅元,政治人物,政治人物,89,3,3,2,2,李敖颠倒众生(2)；李敖笑傲江湖(1),部长、记者
陈育惠,亲属 / 财产债务 / 社会案件,亲属,89,3,3,1,2,李敖秘密书房(3),一个张陈育惠、儿子、女儿、大女儿陈育惠，小女儿陈瑞珠
陈诚有,看守戒护,看守戒护,89,3,3,3,3,李敖议坛哀思录(1)；李敖笑傲江湖(1)；李敖颠倒众生(1),国民党、脚镣、总统、政府、师长、爸爸、秘书
陈诚跟,姻亲,姻亲,89,3,3,3,3,李敖风流自传(1)；李敖书笺集(1)；挑战李敖(1),跟我说、结婚、朋友、国民党、共产党、爸爸、总统
黄梦周,政治人物 / 公职人员 / 选举助选 / 历史类比引用,政治人物,89,3,3,1,1,中国现代史定论(3),委员、县长、政府、国民党、政治、当选的是国民党员黄梦周，而不是徐傅霖、后来总算用劝让办法任黄梦周为和平县长
管资本,媒体,媒体,89,2,2,1,1,千秋万岁乌鸦求是合集(2),主义、报导、主席
李鸿钧,政治人物 / 朋友 / 见面,政治人物,88,10,10,2,7,李敖议坛哀思录(8)；李敖风流自传(2),同房、朋友、民进党
高丽,见面,待复核,88,9,3,4,6,北京法源寺(5)；李敖秘密书房(2)；中国命研究(1)；中国艺术新研(1),思想、见、陪他、将军
查理曼,政治人物 / 军事人物 / 历史类比引用 / 神交引用,政治人物,88,8,8,3,3,李敖颠倒众生(5)；李敖笑傲江湖(2)；虚拟的十七岁(1),像、古代、女儿
支持率,公共论战,待复核,88,7,3,4,6,李敖秘密书房(4)；李敖访谈录1990-2018(1)；李敖颠倒众生(1)；李敖大哥大(1),政治、共产党、像
普希金,出版 / 神交引用,出版,88,7,7,2,3,李敖大哥大(5)；虚拟的十七岁(2),诗、像、太太、告诉我
苏国安,军事人物 / 见面,军事人物,88,7,7,1,5,一个预备军官的日记(7),读、杂志、攻击、诗、见
蔡宪荣,邻居 / 社会案件,邻居,88,7,7,1,4,李敖书启集(7),蔡宪荣、13D陈树林、蔡宪荣、程灏之流
张角,宗教人物 / 军事人物 / 历史类比引用 / 神交引用,宗教人物,88,6,6,4,4,传统下的独白(2)；大学日记后期甲集(2)；要把金针度与人(1)；中国命研究(1),见、读
萧道成,军事人物 / 政治人物 / 历史类比引用 / 神交引用,军事人物,88,6,6,4,4,李敖文存(2)；读史指南(2)；你笨蛋，你笨蛋(1)；李敖大哥大(1),宋被军人萧道成所篡；齐被军人萧衍所篡；梁被军人陈霸先所篡
何排长,军事人物 / 见面 / 称谓待考,军事人物,88,5,5,1,2,一个预备军官的日记(5),攻击、见
吉章简,情治警务 / 军事人物 / 政治人物,情治警务,88,5,5,1,1,我最难忘的事和人(5),警总、军长、秘书、委员、警察、对我说
张翼,政治人物 / 神交引用,政治人物,88,5,5,1,1,教育与脸谱(5),事务、代理、碰到
张雨,诗文出处,诗文出处,88,5,3,2,2,读史指南(4)；中国艺术新研(1),书目作者表、诗
曹雪芹,诗文出处 / 历史类比引用 / 神交引用,诗文出处,88,5,5,2,2,李敖书牍集(4)；虚拟的十七岁(1),妹妹、爱上、读、曹雪芹写《红楼梦》
李仁,见面 / 朋友,见面,88,5,5,4,4,李敖五五日记(2)；李敖回忆录(1)；李敖风流自传(1)；大学日记后期甲集(1),李仁
李时珍,医疗照护 / 出版 / 神交引用,医疗照护,88,5,5,3,3,为中国思想趋向求答案(2)；红色11(2)；要把金针度与人(1),见、像、著作、见到、出版
江藩,诗文出处,诗文出处,88,5,3,2,2,读史指南(4)；我梦碎，所以我梦醒(1),书目作者表、诗
郭美贞,媒体 / 学术,媒体,88,5,5,1,1,李敖全集(5),学生、访问
傅泾波,诗文出处 / 历史类比引用 / 神交引用,诗文出处,88,4,4,1,1,李敖书序集(4),傅泾波、傅清坡
刘启瑞,情治警务 / 学术,情治警务,88,4,4,2,2,我最难忘的事和人(3)；李敖议坛哀思录(1),大学、秘书、先生、诗
刘备跟,神交引用,神交引用,88,4,4,2,4,李敖笑傲江湖(3)；李敖秘密书房(1),像、攻击、请他、主义
吴德旋,学术 / 出版 / 神交引用,学术,88,4,4,2,2,为中国思想趋向求答案(3)；中国艺术新研(1),见
周兆基,诗文出处 / 学术 / 历史类比引用 / 神交引用,诗文出处,88,4,4,1,1,读史指南(4),书目作者表、清：周兆基/佩文诗韵释要
家挖苦,见面,见面,88,4,3,3,4,李敖笑傲江湖(2)；中国命研究(1)；挑战李敖(1),见、见到、像、总统
崔鸿,诗文出处 / 学术 / 历史类比引用 / 神交引用,诗文出处,88,4,4,1,2,读史指南(4),书目作者表、崔鸿“十六国春秋”
张说,诗文出处,诗文出处,88,4,3,3,3,读史指南(2)；中国命研究(1)；李敖大哥大(1),书目作者表、序、见、节目
德礼格,文艺音乐 / 宗教人物 / 诗文出处 / 历史类比引用 / 神交引用,文艺音乐,88,4,4,1,1,中国近代史新论(4),徐日昇和德礼格、德礼格，最得康熙皇帝激赏
曾淑芳,被害人 / 社会案件,被害人,88,4,4,1,1,中国性研究(4),据黄怡《曾淑芳流下了雏妓泪》、记曾淑芳
李世雄,军事人物 / 情治警务 / 公共论战,军事人物,88,4,4,1,1,为自由招魂(4),司令、见、晤、委员、见到、碰到、查禁
李翱,诗文出处 / 学术 / 历史类比引用 / 神交引用,诗文出处,88,4,4,1,1,读史指南(4),书目作者表、唐：李翱//李文公集
杜操,文艺音乐 / 历史类比引用 / 神交引用,文艺音乐,88,4,4,1,1,中国艺术新研(4),杜操，字伯度
杨炯,学术 / 诗文出处,学术,88,4,3,3,3,读史指南(2)；李敖快意恩仇录(1)；李敖随写录后集(1),史学、读、书目作者表
汪灏,社会案件 / 亲属 / 医疗照护 / 历史类比引用 / 神交引用,社会案件,88,4,4,1,1,中国迷信新研(4),汪灏，江南休宁人、晨、日昂、日昇，其弟也
王寒生,宗教人物 / 神交引用,宗教人物,88,4,4,1,1,李敖随写录前集(4),王寒生
王氏（田柏妻）,社会案件 / 亲属 / 医疗照护 / 被害人 / 历史类比引用 / 神交引用,社会案件,88,4,4,1,1,中国迷信新研(4),妻、田柏妻/姑/姑久病/割腹中肝为羹
理查·哈丁·戴维斯,诗文出处 / 历史类比引用 / 神交引用,诗文出处,88,4,4,1,1,李敖书序集续集(4),理查戴维斯、Richard Harding Davis
白头,政治人物,政治人物,88,4,3,4,4,我最难忘的事和人(1)；李敖的情诗(1)；为历史拨云(1)；李敖秘密书房(1),诗、总统、见、将军、像
祝李敖,出版,出版,88,4,3,4,4,我梦碎，所以我梦醒(1)；李敖笑傲江湖(1)；挑战李敖(1)；李敖大哥大(1),读、出版、送我、报纸、主席、先生
胡惟庸,政治人物 / 历史类比引用 / 神交引用,政治人物,88,4,4,3,3,读史指南(2)；李敖语录(1)；要把金针度与人(1),政治、李善长、胡惟庸、蓝玉、傅友德、冯胜
胡藤,学术 / 神交引用,学术,88,4,4,1,2,教育与脸谱(4),老师、像
谢谢王,出版,出版,88,4,3,1,4,李敖大哥大(4),先生、序、选举、政治、委员、像、小姐
钟光明,军校学生 / 见面,军校学生,88,4,4,1,2,一个预备军官的日记(4),钟光明
阮毅成,神交引用 / 政治人物 / 公共论战,神交引用,88,4,4,3,3,为自由招魂(2)；上下古今谈(1)；李敖大哥大(1),见、先生、传记、文学
陈宏谋,诗文出处 / 学术 / 政治人物 / 历史类比引用 / 神交引用,诗文出处,88,4,4,1,1,读史指南(4),书目作者表、清：陈宏谋/五种遗规
陈荣芳,政治异议者 / 人权救援 / 诉讼,政治异议者,88,4,4,1,1,李敖随写录后集(4),陈荣芳
马它,媒体 / 公共论战,媒体,88,4,4,1,1,李敖全集(4),学生
丁衍庸,文艺音乐 / 学术行政 / 诗文出处 / 历史类比引用 / 神交引用,文艺音乐,88,3,3,1,1,中国艺术新研(3),老师、丁衍庸（1905-1977）、八大山人的画风
傅天麒,公职人员 / 创作资料协助 / 历史类比引用 / 神交引用,公职人员,88,3,3,1,1,中国迷信新研(3),妻、家居赤领出身田家年方十五、县令傅天麒书其事勒于石
刘永济,公职人员 / 人权救援 / 同案狱友 / 公共论战,公职人员,88,3,3,1,1,李敖书牍集(3),总统、委员、同学、研究、先生、陶百川、刘永济两位监察委员
台端走,编辑,编辑,88,3,3,3,3,李敖快意恩仇录(1)；李敖书笺集(1)；李敖书启集(1),发行、市长、文星、研究、台大、国民党
史子回,政治人物 / 社会案件 / 历史类比引用 / 神交引用,政治人物,88,3,3,1,1,中国迷信新研(3),妻、史子回“以宣帝大母家封为侯、妻宜君，故成王孙
吕元五,社会案件 / 婚姻相关 / 诉讼 / 历史类比引用 / 神交引用,社会案件,88,3,3,1,1,历史与人像(3),妻、将阿邵嫁与吕元五
吕步舒,学术 / 师生 / 历史类比引用 / 神交引用,学术,88,3,3,2,2,中国命研究(2)；要把金针度与人(1),老师、学生、作品、董仲舒的学生吕步舒
吴庆生,见面 / 创作资料协助,见面,88,3,3,1,1,李敖五五日记(3),廖权带天鹅内衣吴庆生、吴庆生先生来坐
和录音,监狱行政,监狱行政,88,3,3,1,1,千秋万岁乌鸦求是合集(3),看守所、委员、专案小组、法庭
孙元良,军事人物 / 出版,军事人物,88,3,3,2,2,李敖笑傲江湖(2)；我最难忘的事和人(1),将军、爸爸、像、见、出版
安田信,财产债务 / 财产信托 / 通信,财产债务,88,3,3,1,1,李敖书简集(3),中国信托公司”各董事的信、N. Joel Smith先生、安田信先生
容易开,同事,同事,88,3,3,3,3,李敖全集(1)；为历史拨云(1)；挑战李敖(1),同僚、学生、总统、读
席顾问,学术行政,学术行政,88,3,3,2,2,李敖大哥大(2)；李敖颠倒众生(1),研究、中央研究院、院长、所谓、同仁、学术、总统、民进党
常看到,公共论战,公共论战,88,3,3,2,3,李敖秘密书房(2)；千秋万岁乌鸦求是合集(1),主义、电视、国民党、见、见面、教授、政治、批评
庞天祐,社会案件 / 亲属 / 医疗照护 / 历史类比引用 / 神交引用,社会案件,88,3,3,1,1,中国迷信新研(3),教授、政府、庞天祐，江陵人、知府陈尧咨亲往致奠
张豪,通信 / 朋友,通信,88,3,3,1,2,给马戈的五十封信(3),写信、家中、太太、张豪、梁溪均请替我问好、刚接你信，并张豪一片
张韵淑,社会案件 / 被害人 / 诉讼,社会案件,88,3,3,1,1,李敖报刊集(3),妈妈、火场双尸案、黄衣女郎张韵淑
时动议,政治人物,政治人物,88,3,3,3,3,传统下的独白(1)；千秋万岁乌鸦求是合集(1)；李敖大哥大(1),委员、法院、立委、政府
曾发粦,被害人 / 社会案件 / 人权救援,被害人,88,3,3,1,1,李敖书札集(3),写信、太太、警察、小百姓曾发粦、他的太太陈焕招
李中信,社会案件 / 称谓待考,社会案件,88,3,3,1,1,李敖书翰集(3),拜访、电话、朋友、陈金宝收到这封信、寄信人是李中信
杜夫人,亲属 / 历史类比引用 / 创作资料协助,亲属,88,3,3,1,2,李敖笑傲江湖(3),乞纳宜禄妻、秦宜禄老婆、夫人、古人
杨兆庚,公职人员 / 创作资料协助 / 历史类比引用,公职人员,88,3,3,1,1,中国现代史正论(3),秘书、委员、秘书长杨兆庚（字镇南）、秘书长杨兆庚（字镇南）拿了一本《独立评论》给宋看
杨氏（李士廉妻）,社会案件 / 亲属 / 医疗照护 / 被害人 / 历史类比引用 / 神交引用,社会案件,88,3,3,1,1,中国迷信新研(3),妻、李士廉妻杨进女/父及翁、李士廉妹孝妇杨氏小姑朱守亭妻
查明贵,通信,通信,88,3,3,2,3,李敖笑傲江湖(2)；李敖大哥大(1),写信、教授、大学、法官、回信、庭长、法院、国民党
温淑静,亲属,亲属,88,3,3,1,1,世论新语(3),儿子、女士、夫人
王戎,政治人物 / 学术 / 历史类比引用 / 神交引用,政治人物,88,3,3,3,3,千秋万岁乌鸦求是合集(1)；李敖书启集(1)；为历史拨云(1),见、所谓、委员、《晋书-阮瞻传》中王戎
王蓓蓓（银幕三毛）,文艺音乐 / 虚拟人物 / 历史类比引用 / 称谓待考,文艺音乐,88,3,3,1,1,李敖书笺集(3),朋友、爸爸、银幕三毛也出现过、叫王蓓蓓
瞿太素,宗教人物 / 学术 / 创作资料协助 / 历史类比引用,宗教人物,88,3,3,1,1,中国近代史新论(3),妻、姑苏瞿太素，闻利子名、神父是黄明沙
石原到,出版,出版,88,3,3,3,3,挑战李敖(1)；李敖颠倒众生(1)；李敖大哥大(1),序、政府、电视、市长、见、见面
罗广文,军事人物 / 政治人物 / 历史类比引用,军事人物,88,3,3,1,1,中国现代史定论(3),代理、司令、军法、职务交罗广文（三十八年在四川叛变附匪）代理
苏振平,出版,出版,88,3,3,3,3,李敖议坛哀思录(1)；李敖书启集(1)；挑战李敖(1),主席、委员、序、告诉我、出版、总统
苏秀惠,社会案件 / 情感 / 医疗照护 / 诉讼,社会案件,88,3,3,1,1,中国性研究(3),看守所、同居人苏秀惠、台中看守所出狱的“阿明”
许荣泰,宗教人物 / 社会案件 / 被害人,宗教人物,88,3,3,1,1,李敖随写录前集(3),许荣泰、女友、像
赖中强,学术 / 公共论战 / 创作资料协助,学术,88,3,3,1,1,李敖随写录后集(3),学生、台大怪火案、赖中强
辛巴达（天方夜谭）,虚拟人物 / 小说剧本人物 / 历史类比引用,虚拟人物,88,3,3,1,1,坐牢家爸爸给女儿的八十封信(3),写信、辛巴达”（Sinbad、Sinbad或Sindbad the Sailor
边大绶,公职人员 / 社会案件 / 历史类比引用 / 神交引用,公职人员,88,3,3,1,1,中国迷信新研(3),爸爸、所谓、李自成变成敌人，他爷爷李海、爸爸李守忠、董含《莼乡赘笔》所谓的“以泄杀气”
那恐怖,公共论战,公共论战,88,3,3,3,3,你是景福门(1)；北京法源寺(1)；李敖秘密书房(1),国民党、姐姐、妹妹、见、总统
邱宏达,同学,同学,88,3,3,3,3,李敖访谈录1990-2018(1)；李敖颠倒众生(1)；李敖大哥大(1),同班、律师、像、委员
郭信次,学术行政,学术行政,88,3,3,1,1,李敖随写录后集(3),秘书、法院、院长、见
陆铿,媒体 / 诗文出处 / 政治异议者 / 亲属 / 公共论战,媒体,88,3,3,1,1,挑战李敖(3),嫁给、像、在座的崔蓉芝、相信陆铿一样
陈三井,师生,师生,88,3,3,2,2,李敖笑傲江湖(2)；李敖随写录后集(1),教授、研究、学者、大学、所长、台大、中央研究院、委员
高权重,司法人员,司法人员,88,3,3,3,3,挑战李敖(1)；李敖颠倒众生(1)；李敖大哥大(1),法官、总统、上校、像、控告
黄寓庸,师生,师生,88,3,3,2,2,千秋万岁乌鸦求是合集(2)；李敖回忆录(1),学生、太太、读、文学、先生、见
黄炳鳞,财产债务,财产债务,88,3,3,1,1,李敖大哥大(3),律师、先生、土地、写信、事务
黄秋丽,被害人 / 诉讼 / 社会案件 / 亲属,被害人,88,3,3,1,1,李敖笑傲江湖(3),父亲、太太、媳妇，黄秋丽、六十六岁的老头子张国杰
余又健,师生,师生,88,2,2,2,2,李敖自传与回忆(1)；李敖回忆录(1),老师、爸爸
李立德,神交引用,神交引用,88,2,2,1,1,李敖风流自传(2),古人、国民党
李绍崑,师生,师生,88,2,2,2,2,李敖快意恩仇录(1)；李敖风流自传(1),教授、大学、读、书中、哲学
郭婉蓉,学术 / 亲属,学术,88,2,2,2,2,李敖议坛哀思录(1)；李敖风流自传(1),教授、爸爸、妈妈、嫁给、台大、院长、法院、国民党
陈舜政,诗文出处 / 历史类比引用 / 神交引用,诗文出处,88,2,2,2,2,虽千万人，李敖往矣(1)；李敖秘密书房(1),教授、同学、台大、像
巴里,出版 / 神交引用,出版,87,8,8,5,5,李敖风流自传(2)；你笨蛋，你笨蛋(2)；虚拟的十七岁(2)；李敖秘密书房(1)；李敖大哥大(1),古人、国民党、政治
索额图,公职人员 / 政治人物 / 历史类比引用 / 神交引用,公职人员,87,8,8,1,1,中国近代史新论(8),晤、俄国费奥多罗（Theodore
何德章,军事人物 / 见面,军事人物,87,7,7,1,3,一个预备军官的日记(7),广播
江绍原,学术 / 诗文出处 / 历史类比引用 / 神交引用,学术,87,6,6,1,1,为历史拨云(6),杂志、先生、爸爸
潘世斌,医疗照护 / 见面,医疗照护,87,6,6,1,1,李敖Talk秀(6),节目、潘世斌医师
阙至正,同学 / 见面 / 朋友,同学,87,6,6,4,6,大学日记后期乙集(3)；李敖自传与回忆(1)；我最难忘的事和人(1)；李敖回忆录(1),请我
伊莉莎白女王,政治人物 / 历史类比引用 / 神交引用,政治人物,87,5,5,2,3,虚拟的十七岁(4)；李敖秘密书房(1),诗、情人、一起
宋祁,学术 / 政治人物 / 神交引用,学术,87,5,5,4,4,历史与人像(2)；李敖文存(1)；爱情的秘密(1)；李敖语录(1),见、秘书
岳梓宇,朋友 / 证人见证,朋友,87,5,5,1,1,我最难忘的事和人(5),妻、像、见、家里、请我、大学
张修,宗教人物 / 神交引用,宗教人物,87,5,5,5,5,传统下的独白(1)；大学日记后期甲集(1)；要把金针度与人(1)；李敖秘密书房(1)；李敖大哥大(1),像、节目
张艺谋,媒体,媒体,87,5,3,3,3,李敖秘密书房(3)；李敖访谈录1990-2018(1)；李敖Talk秀(1),记者、作品、像、碰到、导演
叶炳煌,政治人物,政治人物,87,4,4,1,1,上下古今谈(4),政府、所谓、研究
宋帝王,虚拟人物 / 宗教人物 / 小说剧本人物 / 历史类比引用,虚拟人物,87,4,4,2,2,中国命研究(3)；虚拟的十七岁(1),一起、公共、所谓、秦广王、初江王、宋帝王、忤官王、阎罗王
平等王,虚拟人物 / 宗教人物 / 小说剧本人物 / 历史类比引用,虚拟人物,87,4,4,2,2,中国命研究(3)；虚拟的十七岁(1),一起、公共、思想、秦广王、初江王、宋帝王、忤官王、阎罗王
徐桐,政治人物 / 公共论战 / 神交引用,政治人物,87,4,4,3,3,虽千万人，李敖往矣(2)；为中国思想趋向求答案(1)；李敖语录(1),同仁、主义、见
杨宣诚,公职人员 / 历史类比引用 / 神交引用,公职人员,87,4,4,1,1,李敖大哥大(4),研究、院长、法院
相伯先,见面,见面,87,4,4,1,1,千秋万岁乌鸦求是合集(4),采访、见、书中
萧红,出版 / 公共论战 / 神交引用,出版,87,4,4,1,1,为自由招魂(4),土地、文学、编辑
蔡月娥,被害人 / 社会案件,被害人,87,4,4,1,1,中国性研究(4),办案人员、见、被谋杀的女服务生名叫蔡月娥
费城晨,出版,出版,87,4,4,1,1,千秋万岁乌鸦求是合集(4),出版、总统、读
郭居静,宗教人物 / 诗文出处 / 历史类比引用 / 神交引用,宗教人物,87,4,4,1,2,中国近代史新论(4),编辑、Abel Remusat曾云
都市王,虚拟人物 / 宗教人物 / 小说剧本人物 / 历史类比引用,虚拟人物,87,4,4,2,2,中国命研究(3)；虚拟的十七岁(1),一起、公共、思想、秦广王、初江王、宋帝王、忤官王、阎罗王
万伯翱,诗文出处 / 见面 / 历史类比引用 / 公共论战,诗文出处,87,3,3,2,2,李敖访谈录1990-2018(2)；虽千万人，李敖往矣(1),爸爸、儿子、研究、文学、万伯翱
吴兴记老板（李敖书翰集）,创作资料协助 / 通信 / 出版 / 称谓待考,创作资料协助,87,3,3,1,1,李敖书翰集(3),见、吴兴记老板约见、吴老板星期四走
吴景超,学术 / 公共论战,学术,87,3,3,2,2,文化论战丹火录(2)；李敖自传与回忆续集(1),政府、宣传、著作、序、先生
宣布竞,公共论战,公共论战,87,3,3,3,3,李敖随写录后集(1)；挑战李敖(1)；李敖颠倒众生(1),总统、民进党、政治、报纸
张捷迁,学术 / 创作资料协助 / 历史类比引用,学术,87,3,3,2,2,中国现代史正论(2)；李敖快意恩仇录(1),学生、父亲、研究、大学、北大、中央研究院、秘书、张捷迁（东北大学校友
权力越,政治人物,政治人物,87,3,3,3,3,李敖自传与回忆(1)；李敖笑傲江湖(1)；李敖大哥大(1),政府、朋友、像、见、主席、委员、国民党
李兴,社会案件 / 历史类比引用 / 神交引用,社会案件,87,3,3,1,1,中国迷信新研(3),见、寿州安丰李兴亦有至行，柳宗元为作《孝门铭》、显显李氏”（李兴）那种割股哉
杨庆,社会案件 / 历史类比引用 / 神交引用,社会案件,87,3,3,1,1,中国迷信新研(3),政府、杨庆，鄞人、岂减介之推、安金藏哉
杨桂林,律师代理 / 诉讼 / 见面,律师代理,87,3,3,1,1,李敖五五日记(3),法院、先生、杨桂林先生，江苏盱眙人，在最高法院与黄容共过事
杨铁生,创作资料协助 / 财产债务 / 公共论战,创作资料协助,87,3,3,1,1,挑战李敖(3),发行、政府、先生、夫人、委托杨铁生先生
林贤治,诗文出处 / 公共论战,诗文出处,87,3,3,1,1,李敖访谈录1990-2018(3),林贤治、出版、学者
梅龚彬,政治人物 / 公职人员 / 历史类比引用,政治人物,87,3,3,1,1,中国现代史定论(3),主席、委员、宣传、政府、所谓、推梅龚彬为民众训练处主任
经常可,学术,学术,87,3,3,3,3,李敖书信集(1)；挑战李敖(1)；李敖秘密书房(1),台大、电视、委员、政府、政治、古人、诗、像
缪袭,文艺音乐 / 诗文出处 / 历史类比引用 / 神交引用,文艺音乐,87,3,3,1,1,李敖随写录后集(3),缪袭、见
翁修恭,宗教人物 / 证人见证 / 历史类比引用,宗教人物,87,3,3,1,1,中国现代史正论(3),总统、见、见到、记者、翁修恭牧师主持
苏霖绸,公职人员 / 公共论战 / 历史类比引用,公职人员,87,3,3,1,1,中国现代史正论(3),政府、物资局长苏霖绸、蔡介雄、陈金德两位议员指出
蔡丽雪,公职人员 / 政治人物 / 公共论战,公职人员,87,3,3,1,1,为历史拨云(3),序、读、内政部’民政司长蔡丽雪、民政司长蔡丽雪
蔡卞,公职人员 / 诗文出处 / 文艺音乐 / 历史类比引用 / 神交引用,公职人员,87,3,3,1,1,中国艺术新研(3),蔡京、蔡卞跋文、学者
袁纯,朋友 / 见面 / 婚姻相关,朋友,87,3,3,2,2,李敖书翰集(2)；一个预备军官的日记(1),见、碰到、父亲、找我、爸爸、妈妈、谭伟力、袁纯、齐家旦
谌谌,亲属 / 称谓待考,亲属,87,3,3,3,3,李敖自传与回忆(1)；李敖回忆录(1)；李敖快意恩仇录(1),女儿、儿子、太太、妈妈、诗、碰到
谢学贤,政治人物 / 公共论战 / 党务宣传 / 历史类比引用,政治人物,87,3,3,1,1,中国现代史正论(3),谢学贤、李公权等人、委员
赵德生,朋友 / 见面 / 创作资料协助 / 公共论战 / 诉讼,朋友,87,3,3,1,1,挑战李敖(3),朋友、总统、先生、赵德生先生从大陆北京来
边听,学术,学术,87,3,3,3,3,李敖快意恩仇录(1)；虚拟的十七岁(1)；挑战李敖(1),台大、国民党、晤、报纸、记者
郎静山,师生,师生,87,3,3,3,3,李敖自传与回忆(1)；李敖五五日记(1)；中国迷信新研(1),老师、碰到、电话、读、像
陈希沼,师生,师生,87,3,3,1,2,李敖笑傲江湖(3),老师、研究、教授、大学
高唯峻,资金支持 / 创作资料协助 / 朋友,资金支持,87,3,3,2,2,李敖书札集(2)；李敖情书集(1),请我、哥哥、女儿、情人、支票、高唯峻一千元
叶腾瑞,司法人员,司法人员,87,2,2,1,1,李敖秘密书房(2),法官、检察官、像
张训嘉,律师代理,律师代理,87,2,2,1,1,李敖颠倒众生(2),律师、委任书、代理、来信、存证信、事务
白贼七,媒体,媒体,87,2,2,1,1,李敖秘密书房(2),朋友、节目、委员
连带主,神交引用,神交引用,87,2,2,1,1,千秋万岁乌鸦求是合集(2),主义、所谓
汤惠婷,见面 / 公共论战,见面,86,8,8,1,1,李敖Talk秀(8),同学、大学、这边是楚瑾、陈鹏安、汤惠婷
陈寄禅,亲属,待复核,86,8,3,2,2,李敖秘密书房(6)；李敖笑傲江湖(2),爸爸、妹妹、结婚、一起
阿拉伯的劳伦斯,军事人物 / 神交引用,军事人物,86,7,7,5,5,虽千万人，李敖往矣(2)；李敖大哥大(2)；李敖文存二集(1)；千秋万岁乌鸦求是合集(1)；李敖情书集(1),监狱
麻雀,亲属,待复核,86,7,2,4,4,李敖秘密书房(3)；李敖文存(2)；文化论战丹火录(1)；李敖书信集(1),认识、家里、关怀、像
倪超凡,情治警务 / 军事人物,情治警务,86,5,5,1,1,我最难忘的事和人(5),委员、见、教授
吴文立,同学 / 见面 / 证人见证,同学,86,5,5,3,4,李敖风流自传(2)；李敖五五日记(2)；李敖回忆录(1),见、一起、同学、母亲、见证、著作
周伯母,亲属 / 见面,亲属,86,5,5,2,4,一个预备军官的日记(3)；早年日记(2),太太、妹妹、像
张九思,公职人员 / 历史类比引用 / 神交引用,公职人员,86,5,5,1,1,中国艺术新研(5),见、书店、张九思之子
张载,诗文出处,诗文出处,86,5,3,3,3,读史指南(2)；要把金针度与人(2)；历史与人像(1),书目作者表、像、父亲
李景楷,诉讼,诉讼,86,5,3,1,1,李敖随写录后集(5),法院、判决、控告、著作、教授、大学、报导
王孔安,情治警务 / 朋友 / 见面,情治警务,86,5,5,1,1,我最难忘的事和人(5),见、电报、同学、诗、朋友、家里
郑樵,学术 / 诗文出处 / 历史类比引用 / 神交引用,学术,86,5,5,2,3,要把金针度与人(3)；读史指南(2),书目作者表、父亲
金城武,文艺音乐 / 媒体 / 神交引用,文艺音乐,86,5,5,3,3,李敖Talk秀(3)；虽千万人，李敖往矣(1)；李敖秘密书房(1),像、金城武、伍佰
陈仁涛,诗文出处 / 学术 / 历史类比引用 / 神交引用,诗文出处,86,5,5,3,4,中国性研究(2)；中国迷信新研(2)；独白下的传统(1),思想、陈仁涛《金匮论古初集》
马宗霍,学术 / 诗文出处 / 文艺音乐 / 历史类比引用 / 神交引用,学术,86,5,5,1,2,中国艺术新研(5),见、哥哥、书中、古人
鲍照,神交引用 / 诗文出处,神交引用,86,5,4,2,2,要把金针度与人(3)；读史指南(2),诗、书目作者表、文学
何来正,公共论战,公共论战,86,4,3,3,4,李敖大哥大(2)；李敖风流自传(1)；虽千万人，李敖往矣(1),国民党、见、总统、报纸、政府
克米特·罗斯福,情治警务 / 政治人物 / 历史类比引用 / 神交引用,情治警务,86,4,4,1,1,阳痿美国(4),总统、情人
吴姬,情感 / 称谓待考,情感,86,4,4,4,4,传统下的独白(1)；李敖的情诗(1)；李敖语录(1)；一个预备军官的日记(1),古代、还钱
方印,姻亲,姻亲,86,4,3,3,3,第73烈士(2)；李敖回忆录(1)；早年日记(1),结婚、诗、学生
施颜祥,政治人物 / 见面,政治人物,86,4,4,1,1,李敖议坛哀思录(4),委员、主席、同仁
林淑美,同学 / 见面,同学,86,4,4,4,4,李敖自传与回忆(1)；我最难忘的事和人(1)；李敖回忆录(1)；大学日记后期乙集(1),大学
王玉辉,虚拟人物 / 神交引用,虚拟人物,86,4,4,1,1,为中国思想趋向求答案(4),母亲、女儿、父亲、太太、像
王芝芝,学术 / 创作资料协助 / 公共论战 / 历史类比引用,学术,86,4,4,2,3,李敖回忆录(2)；中国艺术新研(2),蒋武雄、林慈淑、何宛倩、黄兆强、关玲玲、刘静贞、李念萱、王芝芝、廖伯源、周健、张炎宪、詹素娟、张中训十三位
费滋杰罗,出版 / 神交引用,出版,86,4,4,3,3,上山·上山·爱(2)；李敖快意恩仇录(1)；李敖风流自传(1),台大、像、文学
钟金原,邻居 / 社会案件,邻居,86,4,4,1,2,李敖书启集(4),见、钟金原、7D陈美吟
陈召雄,军事人物 / 见面,军事人物,86,4,4,1,2,一个预备军官的日记(4),见、朋友、碰到、福利社
黄兆强,学术 / 创作资料协助 / 公共论战 / 历史类比引用,学术,86,4,4,2,2,李敖回忆录(2)；中国艺术新研(2),教书、蒋武雄、林慈淑、何宛倩、黄兆强、关玲玲、刘静贞、李念萱、王芝芝、廖伯源、周健、张炎宪、詹素娟、张中训十三位
乌钺,媒体 / 公职人员,媒体,86,3,3,2,2,李敖随写录前集(2)；李敖书启集(1),乌钺
从地方,公共论战,公共论战,86,3,3,2,3,我是天安门(2)；千秋万岁乌鸦求是合集(1),共产党、主义
何惠民,司法人员 / 诉讼 / 创作资料协助,司法人员,86,3,3,2,2,李敖书函集(2)；李敖自传与回忆续集(1),推事、诗、四十八位推事
关吉玉,公职人员 / 财产债务 / 历史类比引用,公职人员,86,3,3,2,2,李敖书牍集(2)；一个预备军官的日记(1),见、电话、部长、像、遗缺由关吉玉递补
刘歆,学术 / 诗文出处 / 历史类比引用 / 神交引用,学术,86,3,3,2,2,读史指南(2)；中国迷信新研(1),书目作者表、刘歆贾护之《汉记》
刘湘,军事人物 / 政治人物 / 历史类比引用,军事人物,86,3,3,2,2,李敖书序集(2)；李敖书牍集(1),刘湘、对刘湘之死，竟行失察
刘瑞村,司法人员 / 诉讼,司法人员,86,3,3,2,2,李敖书笺集(2)；李敖自传与回忆续集(1),推事、法院、上诉、高等法院推事王江深、刘瑞村、刘睿辉
刘睿辉,司法人员 / 诉讼,司法人员,86,3,3,2,2,李敖书笺集(2)；李敖自传与回忆续集(1),推事、法院、上诉、高等法院推事王江深、刘瑞村、刘睿辉
刘郁芬,军事人物 / 政治人物 / 历史类比引用,军事人物,86,3,3,2,2,李敖札记(2)；李敖书笺集(1),司令、刘郁芬、少将、师长、旅长
史仲序,见面 / 通信 / 朋友,见面,86,3,3,1,2,大学日记后期乙集(3),序、见、请他、政治、来信
吕安,政治异议者 / 历史类比引用 / 神交引用,政治异议者,86,3,3,3,3,千秋万岁乌鸦求是合集(1)；要把金针度与人(1)；中国近代史新论(1),娶、钟会说他坏话、所谓
吕实强,师生,师生,86,3,3,2,2,李敖笑傲江湖(2)；你笨蛋，你笨蛋(1),研究、中央研究院、国民党、教授、出版、所谓、大学、所长
孔平仲,诗文出处 / 历史类比引用 / 神交引用,诗文出处,86,3,3,2,2,读史指南(2)；李敖书牍集(1),赵令畴《侯鲭录》和孔平仲《孔氏谈苑》、书目作者表
孟能先,通信,通信,86,3,3,2,3,教育与脸谱(2)；李敖秘密书房(1),文星、来信、电话、发行、杂志
季布,军事人物,军事人物,86,3,3,1,1,李敖大哥大(3),将军、情书
家李昂,神交引用,神交引用,86,3,3,3,3,李敖五五日记(1)；李敖访谈录1990-2018(1)；李敖大哥大(1),主义、出版、序、民进党、书中、朋友、情人
寇维勇,媒体 / 诗文出处 / 历史类比引用,媒体,86,3,3,1,1,中国现代史定论(3),记者、司令、见、研究、委员、所谓、记者寇维勇北平21日电
尤三谋,司法人员 / 诉讼,司法人员,86,3,3,2,2,李敖书笺集(2)；李敖自传与回忆续集(1),推事、法院、高等法院推事刘士元、尤三谋、柯庆贤
广田弘毅,政治人物 / 公职人员 / 历史类比引用 / 神交引用,政治人物,86,3,3,2,2,挑战李敖(2)；中国现代史定论(1),广田外相、重光次官、桑岛亚细亚局长、外相广田弘毅
徐承志,司法人员 / 诉讼 / 公共论战,司法人员,86,3,3,2,2,李敖书笺集(2)；李敖自传与回忆续集(1),推事、判决、上诉、高院推事史英、徐承志、林式庄
朱益藩,学术 / 师生 / 公职人员 / 历史类比引用 / 神交引用,学术,86,3,3,2,2,李敖书序集(2)；李敖语录(1),见、见面、朱益藩
李择一,公职人员 / 创作资料协助 / 历史类比引用,公职人员,86,3,3,1,1,中国现代史正论(3),国民党、高宗武④、余翔麟，参加员是殷同、李择一、〔李〕择一骂为不三不四的东西
李璋鹏,司法人员 / 诉讼,司法人员,86,3,3,2,2,李敖书笺集(2)；李敖自传与回忆续集(1),推事、上诉、地院推事李璋鹏
杨蕴坚,证人见证 / 诉讼,证人见证,86,3,3,2,2,李敖书笺集(2)；李敖书信集(1),编辑、总编辑、证人、大学、陈琴富、杨蕴坚、黄耀一供证在卷
杨贵志,司法人员 / 诉讼 / 创作资料协助,司法人员,86,3,3,2,2,李敖书函集(2)；李敖自传与回忆续集(1),推事、诗、四十八位推事
林式庄,司法人员 / 诉讼,司法人员,86,3,3,2,2,李敖书笺集(2)；李敖自传与回忆续集(1),推事、判决、上诉、高院推事史英、徐承志、林式庄
柯庆贤,司法人员 / 诉讼,司法人员,86,3,3,2,2,李敖书笺集(2)；李敖自传与回忆续集(1),推事、法院、高等法院推事刘士元、尤三谋、柯庆贤
王江深,司法人员 / 诉讼,司法人员,86,3,3,2,2,李敖书笺集(2)；李敖自传与回忆续集(1),推事、法院、上诉、高等法院推事王江深、刘瑞村、刘睿辉
纪俊乾,司法人员 / 诉讼 / 创作资料协助,司法人员,86,3,3,2,2,李敖书函集(2)；李敖自传与回忆续集(1),推事、诗、四十八位推事
能辱骂,政治人物,政治人物,86,3,3,1,1,李敖大哥大(3),总统、见、接见
苏友鹏,医疗照护 / 同案狱友 / 人权救援,医疗照护,86,3,3,2,2,李敖随写录前集(2)；我梦碎，所以我梦醒(1),见、同学、见证、同案、苏友鹏医师
路温舒,司法人员 / 历史类比引用 / 神交引用,司法人员,86,3,3,2,2,李敖书序集续集(2)；独白下的传统(1),夫人、读、古人、路温舒
通通错,司法人员,司法人员,86,3,3,2,3,李敖大哥大(2)；李敖笑傲江湖(1),法官、脚镣、起诉、院长、还钱、报纸、政府
邓钜辉,公职人员 / 出版管制 / 诉讼,公职人员,86,3,3,2,2,李敖书翰集(2)；李敖自传与回忆续集(1),对我说、警总、新闻室”查书者“邓钜辉
郝伟,见面,见面,86,3,3,2,2,大学日记后期甲集(2)；一个预备军官的日记(1),老师、学者、写信
郭刑警,情治警务 / 刑求人员,情治警务,86,3,3,1,1,李敖自传与回忆续集(3),脱去我的衣服、刑警、绑我的、见、木棍
金承艺,政治异议者 / 创作资料协助 / 历史类比引用,政治异议者,86,3,3,2,2,李敖书笺集(2)；李敖对话录(1),像、朋友、先生、在澳大利亚的金承艺先生
金校长,师生,师生,86,3,3,2,2,李敖笑傲江湖(2)；一个预备军官的日记(1),老师、女友
陈大雅,见面 / 亲属,见面,86,3,3,2,2,李敖随写录后集(2)；李敖议坛哀思录(1),国民党、弟弟、妹妹、经费、选举、请我、研究、陈大革及其妹陈大雅
陈槃,学术 / 学术行政 / 出版 / 历史类比引用,学术,86,3,3,2,2,你笨蛋，你笨蛋(2)；中国现代史定论(1),研究、中央研究院、夫人、国民党、所谓、由陈槃主其事
陈正庸,司法人员 / 诉讼 / 创作资料协助,司法人员,86,3,3,2,2,李敖书函集(2)；李敖自传与回忆续集(1),推事、诗、四十八位推事
陈琴富,证人见证 / 诉讼,证人见证,86,3,3,2,2,李敖书笺集(2)；李敖书信集(1),教授、编辑、总编辑、证人、大学、陈琴富、杨蕴坚、黄耀一供证在卷
陈石,亲属 / 财产债务 / 社会案件,亲属,86,3,3,2,2,李敖秘密书房(2)；一个预备军官的日记(1),见、像、儿子、女儿、陈张丽仙，还有伪造陈查某的堂弟陈石
陈金戊,公职人员 / 社会案件 / 公共论战,公职人员,86,3,3,1,1,李敖书笺集(3),政府、建管处长陈金戊
高英轩,朋友 / 证人见证,朋友,86,3,3,2,2,李敖随写录后集(2)；虽千万人，李敖往矣(1),好友、太太、高英轩
魏收,历史类比引用 / 政治人物 / 诗文出处 / 神交引用,历史类比引用,86,3,3,2,2,读史指南(2)；中国性研究(1),书目作者表、赐魏收为妻
黄大受,学术 / 诗文出处 / 历史类比引用,学术,86,3,3,2,2,中国现代史定论(2)；为自由招魂(1),回信、教授、台大、028/黄大受/中国近代现代史
黄明霈,司法人员 / 诉讼 / 创作资料协助,司法人员,86,3,3,2,2,李敖书函集(2)；李敖自传与回忆续集(1),推事、诗、四十八位推事
黄耀一,证人见证 / 诉讼,证人见证,86,3,3,2,2,李敖书笺集(2)；李敖书信集(1),编辑、总编辑、证人、大学、陈琴富、杨蕴坚、黄耀一供证在卷
黄雅卿,司法人员 / 诉讼 / 创作资料协助,司法人员,86,3,3,2,2,李敖书函集(2)；李敖自传与回忆续集(1),推事、诗、四十八位推事
蔡鸿斌,律师代理,律师代理,86,2,2,1,1,你笨蛋，你笨蛋(2),律师、事务
吴克泰,政治人物 / 公共论战,政治人物,85,6,6,2,2,李敖秘密书房(5)；李敖随写录后集(1),同学、主席、委员、找我
安泰人,见面,待复核,85,5,3,2,2,李敖笑傲江湖(4)；李敖快意恩仇录(1),见、见面、出版
约翰·邓恩,出版 / 宗教人物 / 历史类比引用 / 神交引用,出版,85,5,5,3,3,李敖快意恩仇录(2)；爱情的秘密(2)；李敖自传与回忆(1),诗、一起
荷花三娘子,虚拟人物 / 历史类比引用 / 神交引用 / 情感,虚拟人物,85,5,5,1,1,上山·上山·爱(5),像、见
阎若璩,学术 / 诗文出处 / 历史类比引用 / 神交引用,学术,85,5,5,3,5,要把金针度与人(3)；千秋万岁乌鸦求是合集(1)；中国近代史新论(1),读、学术
陈树藩,军事人物 / 政治人物 / 历史类比引用 / 神交引用,军事人物,85,5,5,2,2,中国命研究(4)；我是天安门(1),司令、郭坚助陈树藩驱走陆建章
吴东明,出版 / 见面,出版,85,4,4,2,2,李敖随写录前集(3)；早年日记(1),见、警察
吴其濬,科学家 / 诗文出处 / 公职人员 / 历史类比引用 / 神交引用,科学家,85,4,4,1,1,要把金针度与人(4),攻击、政治、吴其濬：《植物名实图考》
吴勇雄,政治人物 / 公共论战,政治人物,85,4,4,3,4,李敖语录(2)；世论新语(1)；你是景福门(1),民进党、法院、立委、国民党、主义
姚广孝,历史类比引用 / 宗教人物 / 政治人物 / 神交引用,历史类比引用,85,4,4,2,2,北京法源寺(3)；读史指南(1),政治、见、读
张克辉,政治人物 / 公共论战,政治人物,85,4,4,1,1,李敖随写录后集(4),国民党、同学、主席、委员、台独
李念萱,学术 / 创作资料协助 / 公共论战 / 历史类比引用,学术,85,4,4,2,3,李敖回忆录(2)；中国艺术新研(2),同学、台大、书中、蒋武雄、林慈淑、何宛倩、黄兆强、关玲玲、刘静贞、李念萱、王芝芝、廖伯源、周健、张炎宪、詹素娟、张中训十三位
白世维,政治人物 / 公共论战 / 情治警务,政治人物,85,4,4,2,2,我最难忘的事和人(3)；上下古今谈(1),代理、警察、司令、朋友、告诉我、家里、太太、总统
那包括,姻亲,姻亲,85,4,3,3,4,李敖秘密书房(2)；文化论战丹火录(1)；挑战李敖(1),离婚、同学、报纸、研究、像
韩康伯,神交引用 / 诗文出处,神交引用,85,4,3,3,3,读史指南(2)；我梦碎，所以我梦醒(1)；李敖书信集(1),诗、大学、书目作者表
严心态,司法人员,司法人员,85,3,3,2,2,千秋万岁乌鸦求是合集(2)；李敖笑傲江湖(1),法官、发行、出版、政府、法院、警备总部、政治
于联副,亲属,亲属,85,3,3,2,3,一个预备军官的日记(2)；传统下的独白(1),读、妈妈、诗、编辑
吴廷燮,诗文出处 / 公职人员 / 历史类比引用,诗文出处,85,3,3,2,2,中国近代史新论(2)；历史与人像(1),见、其实是汤化龙，职位本是范源廉
周应龙,党务宣传 / 公共论战,党务宣传,85,3,3,2,2,李敖大哥大(2)；为自由招魂(1),见、院长、中将、作品
堵住,神交引用,神交引用,85,3,3,3,3,李敖议坛哀思录(1)；北京法源寺(1)；李敖语录(1),像、土地、上诉
奥尔特加,政治人物 / 公共论战,政治人物,85,3,3,2,2,波波颂(2)；求是新语(1),总统、政府、政治
姚震,政治人物 / 公职人员 / 历史类比引用,政治人物,85,3,3,2,2,中国近代史新论(2)；千秋万岁乌鸦求是合集(1),政府、回信、警察、计有徐树铮、段芝贵、曾毓隽、朱深、梁鸿志、姚震、姚国桢、李思浩、王郅隆、丁士源等十人
宣统,政治人物 / 历史类比引用 / 神交引用,政治人物,85,3,3,3,3,北京法源寺(1)；读史指南(1)；李敖秘密书房(1),黄帝起算，算到宣统为止、教授、教书
徐部长,政治人物,政治人物,85,3,3,2,2,千秋万岁乌鸦求是合集(2)；为自由招魂(1),部长、院长、秘书、总统
成严肃,师生,师生,85,3,3,2,3,上山·上山·爱(2)；挑战李敖(1),学生、大学、像、女儿、记者、读
成象,社会案件 / 亲属 / 医疗照护 / 历史类比引用 / 神交引用,社会案件,85,3,3,2,2,中国迷信新研(2)；中国命研究(1),见、妈妈、诗、成象，渠州流江人
方有三,公共论战,公共论战,85,3,3,3,3,文化论战丹火录(1)；虽千万人，李敖往矣(1)；李敖大哥大(1),攻击、关怀、总统
曾经介,师生,师生,85,3,3,2,2,你笨蛋，你笨蛋(2)；挑战李敖(1),教授、会面、朋友、请我、老师、告诉我、国民党
李海,军事人物,军事人物,85,3,3,2,2,中国迷信新研(2)；阳痿美国(1),参谋、说过、爸爸、所谓、李自成变成敌人，他爷爷李海、爸爸李守忠
段昌国,学术 / 见面 / 同学 / 公共论战,学术,85,3,3,2,2,李敖札记(2)；求是新语(1),碰到、同班、国民党、段昌国、韩崇智
沈有容,军事人物 / 神交引用,军事人物,85,3,3,1,1,千秋万岁乌鸦求是合集(3),将军
熊秉坤,军事人物 / 政治异议者 / 历史类比引用,军事人物,85,3,3,2,2,李敖笑傲江湖(2)；李敖访谈录1990-2018(1),将军、弟弟、司令、像、熊秉坤
班飞机,通信,通信,85,3,3,2,3,李敖秘密书房(2)；虽千万人，李敖往矣(1),电话、跟我说、主席、女儿
胡益寿,政治人物 / 公职人员 / 公共论战,政治人物,85,3,3,2,2,李敖书笺集(2)；求是新语(1),法院、上诉、选举、报导、台北市议员胡益寿
苏联发,亲属,亲属,85,3,3,2,2,李敖笑傲江湖(2)；李敖秘密书房(1),母亲、书里、父亲、访问、政府
董振堂,军事人物 / 被害人 / 历史类比引用,军事人物,85,3,3,2,2,李敖书序集续集(2)；中国现代史定论(1),军长、共产党、董振堂
袁守谦,军事人物 / 公职人员 / 历史类比引用,军事人物,85,3,3,2,2,中国现代史定论(2)；李敖大哥大(1),委员、将军、袁守谦为主任委员、家里、像
计主任,监狱行政,监狱行政,85,3,3,2,2,李敖秘密书房(2)；李敖书启集(1),研究、所长、委员、上校
许雪姬,亲属,亲属,85,3,3,2,3,李敖大哥大(2)；李敖秘密书房(1),研究、中央研究院、到我家、家里、论文、采访、所谓、访问
费收入,政治人物,政治人物,85,3,3,2,3,李敖书启集(2)；求是新语(1),委员、爸爸、女儿
郑心雄,政治人物 / 公职人员,政治人物,85,3,3,2,2,李敖五五日记(2)；中国性研究(1),同学、国民党、见、哥哥、秘书、姻亲
郑重呼,朋友,朋友,85,3,3,3,3,上下古今谈(1)；千秋万岁乌鸦求是合集(1)；李敖随写录后集(1),交往、委员、国民党、政治
陈刘笃,出版 / 媒体 / 见面,出版,85,3,3,2,2,李敖书信集(2)；李敖情书集(1),出版、发行、出版社、陈刘笃来了
陈委员,政治人物,政治人物,85,3,3,2,3,千秋万岁乌鸦求是合集(2)；挑战李敖(1),委员、像、部长、政治、主席
雷震有,政治人物,政治人物,85,3,3,3,3,我梦碎，所以我梦醒(1)；李敖书序集(1)；李敖大哥大(1),国民党、告诉我、委员、朋友、说过
马悦然,学术 / 学术考证引用 / 出版 / 公共论战,学术,85,3,3,1,1,李敖访谈录1990-2018(3),马悦然、诗、像
罗世雄,政治人物,待复核,84,7,3,2,4,李敖议坛哀思录(6)；李敖大哥大(1),立委、国民党、法院、委员、部长
克伦威尔,政治人物 / 历史类比引用 / 神交引用,政治人物,84,6,6,3,4,虽千万人，李敖往矣(4)；李敖全集(1)；虚拟的十七岁(1),主义、儿子、主席、朋友
密罗,历史类比引用 / 神交引用,历史类比引用,84,6,6,4,4,传统下的独白(2)；上山·上山·爱(2)；李敖风流自传(1)；千秋万岁乌鸦求是合集(1),请我、夫人、作品
旁斯·得·雷昂,探险航行 / 历史类比引用 / 神交引用,探险航行,84,6,6,3,3,传统下的独白(2)；上山·上山·爱(2)；爱情的秘密(2),将军、读
李盛渊,江湖人物,江湖人物,84,6,6,3,3,李敖自传与回忆(2)；李敖快意恩仇录(2)；李敖书笺集(2),双安并代候“桃园帮”兄弟们好、“阉鸡”好
林逋,学术 / 神交引用,学术,84,6,6,3,5,中国艺术新研(3)；读史指南(2)；独白下的传统(1),书目作者表
汤玛斯·摩尔,政治人物 / 宗教人物 / 历史类比引用 / 神交引用,政治人物,84,5,5,3,3,上山·上山·爱(2)；坐牢家爸爸给女儿的八十封信(2)；波波颂(1),爸爸
熊玠,学术 / 公共论战,学术,84,5,5,3,3,我是天安门(2)；李敖大哥大(2)；李敖新刊(1),国民党、所谓
路克丽斯,虚拟人物 / 社会案件 / 神交引用,虚拟人物,84,5,5,2,2,为中国思想趋向求答案(3)；虚拟的十七岁(2),文星、诗、像、所谓
何义门,学术 / 诗文出处 / 历史类比引用 / 神交引用,学术,84,4,4,3,3,读史指南(2)；李敖语录(1)；要把金针度与人(1),何义门、王世祯、尤侗等都加袭用
刘人奎,情治警务 / 军事人物,情治警务,84,4,4,1,1,我最难忘的事和人(4),见、共产党、见面、写信、告诉我
华罗庚,科学家 / 学术 / 历史类比引用,科学家,84,4,4,3,3,李敖笑傲江湖(2)；李敖议坛哀思录(1)；李敖风流自传(1),代表团团长，一个数学天才，华罗庚
吴尔芙,出版 / 神交引用,出版,84,4,4,1,1,虚拟的十七岁(4),妹妹、出版、文学、思想
常璩,神交引用 / 学术,神交引用,84,4,4,3,3,读史指南(2)；独白下的传统(1)；上下古今谈(1),书目作者表
张汉旗,同案狱友 / 刑求受害 / 人权救援,同案狱友,84,4,4,3,3,李敖书简集(2)；李敖自传与回忆续集(1)；李敖书信集(1),名字是张汉旗、江林成、彭锡龙、赖鼎明、周太元、詹存贤、钟春雄、冒守康、李芳山、江荣仓、高政雄、吴宜铭、陈金皇
李家大小姐,情感 / 称谓待考,情感,84,4,4,2,3,李敖的情诗(2)；一个预备军官的日记(2),诗、写信
李涛有,律师代理,律师代理,84,4,3,2,4,李敖大哥大(3)；挑战李敖(1),辩护、见、节目、委员、民进党
毕·雷诺斯,文艺音乐 / 神交引用,文艺音乐,84,4,4,3,3,上山·上山·爱(2)；李敖风流自传(1)；李敖书函集(1),明星毕雷诺斯就曾是模特儿之一
王定保,政治人物 / 诗文出处,政治人物,84,4,3,2,2,读史指南(2)；为历史拨云(2),选举、书目作者表
王秀谷,学术 / 学术行政,学术,84,4,4,1,1,李敖全集(4),教授、文学、研究、大学、哲学、博士、院长
王通,神交引用 / 诗文出处,神交引用,84,4,3,3,3,读史指南(2)；第73烈士(1)；要把金针度与人(1),像、书目作者表、批评、读
皮锡瑞,神交引用 / 诗文出处,神交引用,84,4,3,3,3,读史指南(2)；李敖文存(1)；我梦碎，所以我梦醒(1),思想、主义、古人、诗、书目作者表
那胡适,公共论战,公共论战,84,4,3,3,4,挑战李敖(2)；李敖笑傲江湖(1)；李敖秘密书房(1),政治、证人、监狱、法庭、像
马超,军事人物 / 历史类比引用 / 神交引用,军事人物,84,4,4,3,3,读史指南(2)；李敖语录(1)；要把金针度与人(1),张飞并没战马超
冯亦鲁,诗文出处 / 证人见证 / 历史类比引用,诗文出处,84,3,3,2,2,中国现代史定论(2)；李敖风流自传(1),见、像、据冯亦鲁《徐蚌会战见闻录》
刘冠雄,军事人物 / 政治人物 / 公职人员 / 历史类比引用,军事人物,84,3,3,1,1,中国近代史新论(3),像、迎袁世凯南下人物为教育总长蔡元培为欢迎专使、外交次长魏宸组、海军顾问刘冠雄、参谋次长钮永建、法制局局长宋教仁、陆军部军需局长曾昭文、步兵第三十一团团长黄恺元、湖北外交司长王正廷、前议和参赞汪兆铭等人、外交汪大燮，财政梁启超，陆军王士珍，海军刘冠雄，教育张一麐，农商张国淦，司法林长民
刘锡炳,姻亲,姻亲,84,3,3,1,1,世论新语(3),写信、太太、夫人、先生、思想、认识、家里
周书府,政治人物,政治人物,84,3,2,3,3,李敖秘藏日记(1)；李敖书启集(1)；李敖颠倒众生(1),委员、杂志、法院、国民党
和国嘛,见面,见面,84,3,3,2,2,李敖大哥大(2)；李敖议坛哀思录(1),见、将军、一起、爸爸、总统、民进党、共产党、台独
奚缉营,社会案件 / 亲属 / 医疗照护 / 历史类比引用 / 神交引用,社会案件,84,3,3,1,1,中国迷信新研(3),读、奚缉营，字圣辉、父士本，以孝旌
孙德耕,诗文出处 / 司法人员 / 学术 / 出版管制,诗文出处,84,3,3,2,2,李敖书函集(2)；李敖书简集(1),所谓、先生、像、照孙德耕《增订刑法实用分则编》
孙慧珍,出版 / 创作资料协助 / 出版管制,出版,84,3,3,2,2,李敖书笺集(2)；李敖快意恩仇录(1),出版、政府、发行、委托高雄市盐埕区大仁路141号孙慧珍代为销售
宣布拒,诉讼,诉讼,84,3,3,2,3,挑战李敖(2)；李敖秘密书房(1),上诉、书里、记者、记者招待会
家康德,政治人物,政治人物,84,3,3,3,3,李敖议坛哀思录(1)；李敖笑傲江湖(1)；李敖秘密书房(1),哲学、委员、部长、思想、台独、像
家照相,政治人物,政治人物,84,3,3,2,2,李敖随写录后集(2)；李敖大哥大(1),总统、见、特务、国民党、学生、大学
左伯桃,神交引用,神交引用,84,3,3,3,3,李敖回忆录(1)；李敖风流自传(1)；李敖情书集(1),
廖美翔,见面 / 创作资料协助,见面,84,3,3,1,1,李敖书函集(3),像、陈静芳、廖美翔在车站接我、谢谢廖美翔、陈静芳和刘瑞琳老师
张心湜,政治人物,政治人物,84,3,2,2,2,李敖大哥大(2)；虽千万人，李敖往矣(1),认识、院长
文星办,出版,出版,84,3,3,2,3,李敖自传与回忆续集(2)；千秋万岁乌鸦求是合集(1),文星、书店、台大
李元群,亲属,亲属,84,3,3,1,1,李敖书序集(3),父亲、访问、母亲、情治、大学
李远,学术 / 神交引用,学术,84,3,3,3,3,独白下的传统(1)；挑战李敖(1)；李敖大哥大(1),见、诗、碰到、老师、博士、研究、中央研究院、院长
梅竹赛,学术,学术,84,3,3,2,2,李敖笑傲江湖(2)；李敖风流自传(1),大学、写信、告诉我
汤金全,政治人物 / 党务宣传,政治人物,84,3,3,2,2,李敖随写录前集(2)；世论新语(1),写信、律师、所谓、国民党、民进党昨天第五届第一次党员代表大会
汪东林,诗文出处 / 出版 / 历史类比引用,诗文出处,84,3,3,2,2,李敖书序集(2)；我最难忘的事和人(1),将军、学者、汪东林
熊希龄,政治人物 / 学术 / 神交引用,政治人物,84,3,3,3,3,李敖全集(1)；我是天安门(1)；中国近代史新论(1),诗、研究、学术、政府、国民党
王应奎,学术 / 诗文出处 / 历史类比引用 / 神交引用,学术,84,3,3,2,2,要把金针度与人(2)；历史与人像(1),朋友、读、王应奎说
盖楼房,学术行政,学术行政,84,3,3,1,2,李敖大哥大(3),研究、中央研究院、院长、回扣、政府、产权、像
穆万森,社会案件 / 神交引用,社会案件,84,3,3,3,3,传统下的独白(1)；李敖语录(1)；一个预备军官的日记(1),情人、来信
米伦,公共论战,公共论战,84,3,3,3,3,大学日记后期乙集(1)；一个预备军官的日记(1)；李敖秘密书房(1),政治、像、晤、致函、总统
胡某人,见面,见面,84,3,3,3,3,李敖自传与回忆(1)；李敖回忆录(1)；一个预备军官的日记(1),见、研究、读
胡校长,学术,学术,84,3,3,2,2,李敖自传与回忆(2)；李敖访谈录1990-2018(1),北大、同学、大学、来我家、像
蒙古地,见面,见面,84,3,3,2,2,李敖大哥大(2)；挑战李敖(1),见、像、委员、政府
酆景福,政治人物 / 公共论战 / 证人见证,政治人物,84,3,3,2,2,李敖随写录后集(2)；求是新语(1),总统、同事、国民党、酆景福
金松岑,学术 / 诗文出处 / 历史类比引用 / 神交引用,学术,84,3,3,2,2,要把金针度与人(2)；中国近代史新论(1),发行、杂志、读、与李根源、金松岑等组织国学会
阎明复,亲属,亲属,84,3,3,1,1,李敖笑傲江湖(3),爸爸、部长、先生、像
陈继承,军事人物 / 历史类比引用,军事人物,84,3,3,2,2,李敖书牍集(2)；我最难忘的事和人(1),市长、中将、陆军中将：陈继承、周岩、万耀煌、韩德勤、熊斌、徐庭瑶、刘膺古、王烈、方克猷、赵锡田、贺国光、姚琮
陶龙生,亲属,亲属,84,3,3,2,2,李敖回忆录(2)；李敖风流自传(1),国民党、儿子、跟我说
马叙伦,政治人物 / 学术 / 诗文出处 / 历史类比引用 / 神交引用,政治人物,84,3,3,2,3,要把金针度与人(2)；虽千万人，李敖往矣(1),认识、写信、序、读
魏元旷,诗文出处 / 学术 / 历史类比引用 / 神交引用,诗文出处,84,3,3,2,2,读史指南(2)；李敖语录(1),见、读、魏元旷《蕉厂随笔》说
黄振华,诗文出处 / 出版 / 历史类比引用,诗文出处,84,3,3,2,2,中国现代史定论(2)；我最难忘的事和人(1),将军、书中、谢冰莹、黄振华、陈维纶
黄秀菊,亲属,亲属,84,3,3,1,1,李敖议坛哀思录(3),妈妈、嫁给、太太、爸爸、女士、告诉我、主席、民进党
张宗栋,师生,师生,84,2,2,2,2,千秋万岁乌鸦求是合集(1)；李敖书信集(1),教授、主义、编辑、发行、出版品、出版、杂志
温德勒,学术 / 诗文出处 / 诉讼,学术,84,2,2,1,2,李敖书函集(2),教授
邓毛毛,亲属 / 诗文出处 / 政治人物,亲属,84,2,2,1,1,李敖随写录前集(2),女儿、邓毛毛
陈支平,学术行政 / 学术 / 见面,学术行政,84,2,2,2,2,李敖风流自传(1)；李敖杂文集(1),院长、请我、校对、读、教授、好友、大学、诗
于敏中,公职人员 / 诗文出处 / 历史类比引用 / 神交引用,公职人员,83,9,9,1,2,中国艺术新研(9),诗、见、臣于敏中敬识
史蒂夫,神交引用,神交引用,83,5,3,3,3,虽千万人，李敖往矣(3)；虚拟的十七岁(1)；李敖访谈录1990-2018(1),所谓、像、读、见、编辑、总编辑、主席
吉朋,出版 / 历史类比引用 / 神交引用,出版,83,5,5,4,5,我最难忘的事和人(2)；上山·上山·爱(1)；虚拟的十七岁(1)；虽千万人，李敖往矣(1),读、见
师姥姥,姻亲,姻亲,83,5,3,1,3,一个预备军官的日记(5),太太、请他、主席、老师、同事、父亲、母亲、委员
斐迪南,政治人物 / 历史类比引用 / 神交引用,政治人物,83,5,5,2,2,上山·上山·爱(3)；挑战李敖(2),见
仇安台,看守戒护,看守戒护,83,4,3,1,1,李敖自传与回忆续集(4),管理员、杂役
唐盼盼,编辑,编辑,83,4,3,2,2,李敖笑傲江湖(3)；李敖书启集(1),发行、报纸
徐庆誉,出版 / 公共论战 / 神交引用,出版,83,4,4,1,1,我是天安门(4),批评、思想、见
王文治,公职人员 / 诗文出处 / 文艺音乐 / 历史类比引用 / 神交引用,公职人员,83,4,4,3,3,李敖风流自传(2)；中国艺术新研(1)；李敖大哥大(1),见、古人、朋友、诗
米开朗琪罗,文艺音乐 / 历史类比引用 / 神交引用,文艺音乐,83,4,4,3,4,爱情的秘密(2)；虽千万人，李敖往矣(1)；挑战李敖(1),像、文学、诗、朋友、夫人
范公偁,学术 / 诗文出处 / 学术考证引用 / 历史类比引用 / 神交引用,学术,83,4,4,2,2,历史与人像(3)；独白下的传统(1),妻、书里、见、离婚
都说台,政治人物,政治人物,83,4,3,2,4,李敖大哥大(3)；李敖Talk秀(1),总统、主席、民进党、台独
卫长,政治人物,政治人物,83,3,3,2,2,李敖笑傲江湖(2)；李敖快意恩仇录(1),总统、见
吕长生,学术 / 诗文出处 / 创作资料协助 / 文艺音乐 / 历史类比引用,学术,83,3,3,1,1,中国艺术新研(3),见、诗、吕长生，《宋拓颜、柳、白、米四家法帖》
周太祖,政治人物 / 神交引用,政治人物,83,3,3,3,3,传统下的独白(1)；独白下的传统(1)；为历史拨云(1),传记、妈妈
周正,情治警务 / 朋友 / 见面,情治警务,83,3,3,3,3,我最难忘的事和人(1)；一个预备军官的日记(1)；李敖大哥大(1),见、见到、见面、妹妹、诗、国民党
家猪,师生,师生,83,3,3,1,1,李敖访谈录1990-2018(3),学生、教授、好友、说过
康拉德,诗文出处 / 政治异议者 / 历史类比引用 / 神交引用,诗文出处,83,3,3,3,3,千秋万岁乌鸦求是合集(1)；李敖访谈录1990-2018(1)；坐牢家爸爸给女儿的八十封信(1),政治、作品、主义、文学、像、康拉德Joseph Conrad
张巧藤,见面,见面,83,3,3,3,3,大学日记后期甲集(1)；大学日记后期乙集(1)；一个预备军官的日记(1),请我、像、来信
张秉智,公职人员 / 政治人物 / 社会案件,公职人员,83,3,3,1,1,为历史拨云(3),情人、情书、台大、委员、书中、监委张秉智、蔡孝义
时揭发,见面,见面,83,3,3,2,3,李敖大哥大(2)；李敖秘藏日记(1),一起、总统、请他、将军、少将、共产党、国民党
李公涛,文艺音乐 / 学术,文艺音乐,83,3,3,1,1,李敖随写录前集(3),研究、先生、诗、李公涛先生
李显章,同案狱友,同案狱友,83,3,3,2,2,李敖笑傲江湖(2)；李敖书序集(1),见、同案、告诉我、判决
杨森,军事人物 / 政治人物 / 历史类比引用,军事人物,83,3,3,2,2,李敖书牍集(2)；李敖颠倒众生(1),中将、陆军中将加上将衔：孙震、杨森、李品仙、罗卓英、钱大钧、刘士毅、国民党、所谓
江妆容,社会案件 / 亲属 / 医疗照护 / 被害人 / 历史类比引用 / 神交引用,社会案件,83,3,3,1,1,中国迷信新研(3),妻、妈妈、哥哥、江妆容/乡民营春浚妻
游某到,通信,通信,83,3,3,1,1,千秋万岁乌鸦求是合集(3),刑警、警察、电话、本院、打电话
王光逖,通信,通信,83,3,3,1,1,李敖笑傲江湖(3),回信、太太、寄给
田雨时,创作资料协助 / 证人见证 / 历史类比引用,创作资料协助,83,3,3,1,2,中国现代史正论(3),见、见到、共产党、致电、学生、父亲、研究、大学
蔡金星,社会案件 / 诉讼 / 证人见证,社会案件,83,3,3,1,1,千秋万岁乌鸦求是合集(3),检察官、起诉、公诉、委员、所谓、法院、见
谭平山,政治人物 / 历史类比引用,政治人物,83,3,3,2,2,中国现代史正论(2)；李敖语录(1),共产党、委员、胡汉民先生在俄，熊克武先生在禁，李大钊、谭平山、于树德、林祖涵系共产党不许出席
赵连芳,政治人物,政治人物,83,3,3,2,2,李敖秘密书房(2)；一个预备军官的日记(1),主席、委员
郭三庄,社会案件 / 亲属 / 医疗照护 / 被害人 / 历史类比引用 / 神交引用,社会案件,83,3,3,1,1,中国迷信新研(3),妻、爸爸、妈妈、郭三庄/郭辅女郑东都妻
金露华,媒体 / 神交引用,媒体,83,3,3,3,3,李敖回忆录(1)；波波颂(1)；一个预备军官的日记(1),监狱、碰到
魏文龙,看守戒护 / 刑求人员 / 诉讼,看守戒护,83,3,3,1,1,李敖自传与回忆续集(3),朋友、女友、认识、电话、看守所、台北看守所、管理员
黄惠龙,见面,见面,83,3,3,2,2,李敖大哥大(2)；李敖笑傲江湖(1),出版、陪他、司令、像、朋友、送我、先生
黄时珠,社会案件 / 亲属 / 医疗照护 / 被害人 / 历史类比引用 / 神交引用,社会案件,83,3,3,1,1,中国迷信新研(3),妻、爸爸、妈妈、黄时珠/黄世亮女
李玠,诗文出处 / 出版,诗文出处,83,2,2,1,1,李敖书序集续集(2),序、诗、李玠
李瑞标,媒体 / 通信 / 公共论战,媒体,83,2,2,1,1,李敖书启集(2),政府、致《民众日报》李瑞标
门德尔松,文艺音乐 / 宗教人物 / 公共论战 / 神交引用,文艺音乐,82,7,7,1,1,为自由招魂(7),政治、序、事务、诗、导演、攻击
女娲,宗教人物 / 神交引用,宗教人物,82,6,6,5,5,李敖笑傲江湖(2)；李敖回忆录(1)；独白下的传统(1)；千秋万岁乌鸦求是合集(1)；李敖书简集(1),像
严灵峰,学术 / 出版 / 公共论战,学术,82,5,5,2,2,文化论战丹火录(4)；我最难忘的事和人(1),论战、政治、研究
刘墉,公职人员 / 诗文出处 / 文艺音乐 / 历史类比引用 / 神交引用,公职人员,82,5,5,2,2,中国艺术新研(4)；上下古今谈(1),古人、刘墉（1719-1804）
宋恕,学术 / 诗文出处 / 历史类比引用 / 神交引用,学术,82,5,5,4,4,独白下的传统(2)；李敖语录(1)；要把金针度与人(1)；中国命研究(1),思想
李觏,神交引用 / 诗文出处,诗文出处,82,5,3,3,3,读史指南(2)；要把金针度与人(2)；历史与人像(1),思想、书目作者表
陶孟和,学术 / 学术行政 / 公共论战 / 神交引用,学术,82,5,5,4,5,教育与脸谱(2)；李敖议坛哀思录(1)；李敖风流自传(1)；上下古今谈(1),家里、杂志
冯希乐,神交引用,神交引用,82,4,4,1,1,独白下的传统(4),拜访、请他
刘光朝,情治警务 / 朋友 / 见面,情治警务,82,4,4,1,1,我最难忘的事和人(4),学生、牢房、朋友、家里
吴刚,姻亲,姻亲,82,4,3,1,1,李敖笑傲江湖(4),太太
唐嗣尧,政治人物 / 情治警务,政治人物,82,4,4,1,1,我最难忘的事和人(4),委员、市长、选举
孙法民,文艺音乐 / 公共论战,文艺音乐,82,4,4,1,1,李敖随写录前集(4),宣传、孙法民书法
廖德雄,师生,师生,82,4,3,1,2,李敖大哥大(4),学生、关怀
徐展堂,见面,见面,82,4,3,1,2,李敖秘密书房(4),请我、先生、像
施显谋,社会案件 / 公共论战,社会案件,82,4,4,2,3,上下古今谈(3)；李敖全集(1),主义、妻、教授、女儿、法院
曹参,政治人物 / 军事人物 / 神交引用,政治人物,82,4,4,4,4,独白下的传统(1)；教育与脸谱(1)；你是景福门(1)；李敖语录(1),历史上、像
李密,政治人物 / 军事人物 / 神交引用,政治人物,82,4,4,3,3,世论新语(2)；你是景福门(1)；中国迷信新研(1),国民党
李月圆,邻居 / 社会案件,邻居,82,4,4,1,2,李敖书启集(4),李月圆（程灏代）、产权
李煜,神交引用 / 诗文出处,神交引用,82,4,3,3,3,读史指南(2)；独白下的传统(1)；李敖语录(1),古代、书目作者表
杨绍震,师生,师生,82,4,2,3,3,一个预备军官的日记(2)；李敖快意恩仇录(1)；李敖风流自传(1),教授
汪大燮,政治人物 / 医疗照护 / 公共论战 / 神交引用,政治人物,82,4,4,2,2,传统下的独白(2)；中国近代史新论(2),所谓、外交汪大燮，财政梁启超，陆军王士珍，海军刘冠雄，教育张一麐，农商张国淦，司法林长民
洪淑娟,邻居 / 社会案件,邻居,82,4,4,1,3,李敖书启集(4),田嘉美、4C洪淑娟、4D黄百禄、管理员、所谓
焦循,诗文出处,诗文出处,82,4,3,2,2,读史指南(2)；要把金针度与人(2),思想、古人、书目作者表、研究
薛居正,神交引用 / 诗文出处,神交引用,82,4,3,3,3,读史指南(2)；为历史拨云(1)；挑战李敖(1),书目作者表、古人、历史上
陈昭南,政治人物 / 公职人员 / 公共论战,政治人物,82,4,4,3,3,你是景福门(2)；李敖书函集(1)；李敖大哥大(1),国民党、民进党、台大、记者、立委、共产党
陶一珊,情治警务 / 朋友 / 见面,情治警务,82,4,4,2,2,我最难忘的事和人(2)；李敖快意恩仇录(2),序、告诉我、见
丁潜生,社会案件 / 创作资料协助 / 历史类比引用 / 神交引用,社会案件,82,3,3,1,1,中国迷信新研(3),马仙桥奉请、丁潜生观察少时从军
余玉贤,政治人物 / 公共论战,政治人物,82,3,3,2,2,李敖秘密书房(2)；你是景福门(1),打电话、电话、父亲、秘书、委员、部长
俞氏（胡国麟妻）,社会案件 / 亲属 / 医疗照护 / 被害人 / 历史类比引用 / 神交引用,社会案件,82,3,3,1,1,中国迷信新研(3),妻、家里、俞氏/胡国麟妻
冉宁,神交引用,神交引用,82,3,3,1,1,教育与脸谱(3),家里
刘春枝,被害人 / 社会案件,被害人,82,3,3,1,1,为历史拨云(3),杀死少妇刘春枝、刘妇的前夫刘金水
刘金财,同案狱友 / 反共人士 / 社会案件,同案狱友,82,3,3,1,1,红色11(3),起诉、告诉我、放封、军法、所谓、借钱、法官、宣传
吴家元,财产债务 / 政治人物,财产债务,82,3,3,1,1,我最难忘的事和人(3),政府、家里、太太、委员
吴密察,师生,师生,82,3,3,1,1,李敖大哥大(3),教授、台大
吴王僚,政治人物 / 历史类比引用 / 神交引用,政治人物,82,3,3,1,1,为历史拨云(3),父亲、刺杀吴王僚
吴祥三,媒体 / 见面,媒体,82,3,3,1,1,李敖五五日记(3),记者、报导、台视杨顺美、吴祥三
周氏（江阴割股）,社会案件 / 宗教人物 / 历史类比引用 / 神交引用,社会案件,82,3,3,1,1,中国迷信新研(3),妻、周氏，郡庠生吴琳妻
唐俨,社会案件 / 亲属 / 医疗照护 / 历史类比引用 / 神交引用,社会案件,82,3,3,1,1,中国迷信新研(3),唐俨，全州诸生也、俨妻邓氏年十八
唐显悦,诗文出处 / 历史类比引用 / 神交引用,诗文出处,82,3,3,1,1,李敖书序集续集(3),唐显悦
孔乙己,虚拟人物,虚拟人物,82,3,3,3,3,李敖快意恩仇录(1)；李敖风流自传(1)；中国艺术新研(1),爸爸、国民党、政治、书中
孔繁铎,见面,见面,82,3,3,1,2,李敖五五日记(3),访问、电话、与王维刚、孔繁铎午饭、律师
孙旭章,文艺音乐 / 历史类比引用,文艺音乐,82,3,3,1,1,中国艺术新研(3),孙旭章是大陆第一届全国民俗画大赛、高信疆去大陆，看到他画在绢本上的画
寇蒂斯,政治人物 / 历史类比引用 / 神交引用,政治人物,82,3,3,2,2,阳痿美国(2)；李敖秘藏日记(1),母亲、总统、像
廖维藩,政治人物 / 公共论战,政治人物,82,3,3,1,1,文化论战丹火录(3),院长、思想、研究、中央研究院、法院、委员、北大
张晴光,军事人物 / 诗文出处,军事人物,82,3,3,1,1,李敖随写录前集(3),张晴光
张桂芳,虚拟人物 / 历史类比引用 / 神交引用,虚拟人物,82,3,3,1,1,为历史拨云(3),张桂芳能够“呼名落马”、黄飞虎还不下马
张毅夫,情治警务,情治警务,82,3,3,1,1,我最难忘的事和人(3),所长、太太、见、一起、攻击
张氏（王纯子妻）,社会案件 / 亲属 / 医疗照护 / 被害人 / 历史类比引用 / 神交引用,社会案件,82,3,3,1,1,中国迷信新研(3),妻、王纯子妻/父及姑及夫/先父疾后姑与夫同病
张清溪,师生,师生,82,3,2,3,3,李敖快意恩仇录(1)；挑战李敖(1)；李敖大哥大(1),教授、台大、报导、思想、民进党
徐氏（米升荣妻）,社会案件 / 亲属 / 医疗照护 / 被害人 / 历史类比引用 / 神交引用,社会案件,82,3,3,1,1,中国迷信新研(3),妻、米升荣妻/姑/姑年老病危
曾参杀,亲属,亲属,82,3,3,1,1,李敖大哥大(3),证人、判决、妈妈、法官
朱氏（李文桂妻）,社会案件 / 亲属 / 医疗照护 / 被害人 / 历史类比引用 / 神交引用,社会案件,82,3,3,1,1,中国迷信新研(3),妻、朱氏/木工李文桂妻
李三,社会案件 / 神交引用,社会案件,82,3,3,2,2,为中国思想趋向求答案(2)；北京法源寺(1),父亲、家里、监狱、思想、妹妹
李志学,亲属 / 历史类比引用 / 神交引用,亲属,82,3,3,1,1,中国迷信新研(3),妻、员外李志学妻/姑/姑疾笃
李文桂,亲属 / 历史类比引用 / 神交引用,亲属,82,3,3,1,1,中国迷信新研(3),妻、朱氏/木工李文桂妻
李时望,亲属 / 历史类比引用 / 神交引用,亲属,82,3,3,1,1,中国迷信新研(3),妻、家里、乡民李时望妻家贫
杨博光,亲属,亲属,82,3,3,1,1,李敖秘密书房(3),父亲、秘书、拜访
杨家骆,学术 / 诗文出处 / 学术考证引用 / 历史类比引用 / 神交引用,学术,82,3,3,1,1,中国性研究(3),杨家骆《释且》、阮元《揅经室一集》
杨氏（杨大生幼女）,社会案件 / 亲属 / 医疗照护 / 被害人 / 历史类比引用 / 神交引用,社会案件,82,3,3,1,1,中国迷信新研(3),妻、杨大生幼女/父/父病笃
林宗科,同案狱友 / 财产债务,同案狱友,82,3,3,1,1,李敖自传与回忆续集(3),监狱、台北监狱、看守所、法务部、同案
林聪明,政治人物,政治人物,82,3,3,1,2,李敖随写录前集(3),院长、立委、政府、国民党、法院、像、台独
梁敦彦,政治人物 / 神交引用,政治人物,82,3,3,3,3,传统下的独白(1)；大学日记后期甲集(1)；要把金针度与人(1),一起、学生
汤尔和,学术 / 政治人物 / 公共论战 / 神交引用,学术,82,3,3,3,3,李敖全集(1)；上下古今谈(1)；千秋万岁乌鸦求是合集(1),见、政府、国民党、总统、思想
王启江,政治人物 / 公职人员 / 党务宣传 / 选举助选 / 历史类比引用,政治人物,82,3,3,1,1,中国现代史定论(3),秘书、委员、见、选举、部长、余井塘、王启江、郑彦棻
王氏（徐光烈妻）,社会案件 / 亲属 / 医疗照护 / 被害人 / 历史类比引用 / 神交引用,社会案件,82,3,3,1,1,中国迷信新研(3),妻、徐光烈妻家贫/翁/翁得暴病
王雪涛,文艺音乐 / 学术行政 / 历史类比引用 / 神交引用,文艺音乐,82,3,3,1,1,中国艺术新研(3),王雪涛（1903-1982）、超迈了他的老师齐白石
甄夫人,亲属 / 历史类比引用 / 公共论战,亲属,82,3,3,1,1,李敖笑傲江湖(3),儿子、夫人、袁绍的儿媳妇，叫袁熙的太太
田光玉,亲属 / 历史类比引用 / 神交引用,亲属,82,3,3,1,1,中国迷信新研(3),妻、田光玉妻曾氏
祁奚,政治人物 / 历史类比引用 / 神交引用,政治人物,82,3,3,1,1,为历史拨云(3),祁奚说
章全益,社会案件 / 亲属 / 医疗照护 / 历史类比引用 / 神交引用,社会案件,82,3,3,1,1,中国迷信新研(3),章全益，梓州涪城人、全启刲股膳母而愈
罗列,军事人物 / 政治人物 / 公共论战 / 历史类比引用,军事人物,82,3,3,2,2,中国近代史新论(2)；阳痿美国(1),像、党政军人士莫德惠、严家淦、黄国书、谢冠生、何应钦、唐纵、陶希圣、黄杰、倪文亚、谷正纲、程天放、黄季陆、谢然之、张默君、罗列、石觉、钱思亮、刘季洪等五百余人参加观礼
罗炳辉,军事人物 / 政治人物 / 历史类比引用,军事人物,82,3,3,1,1,中国现代史定论(3),妻、夫人、政府、军长、共产党、晤
翁春霞,亲属,亲属,82,3,3,1,1,李敖自传与回忆续集(3),母亲、女友、保安处、政治、同案
胡国麟,亲属 / 历史类比引用 / 神交引用,亲属,82,3,3,1,1,中国迷信新研(3),妻、家里、俞氏/胡国麟妻
萝瑞娜巴比特,社会案件 / 被害人 / 历史类比引用,社会案件,82,3,3,1,1,李敖书序集续集(3),萝瑞娜巴比特、Lorena Bobbit
萧太太（李敖书笺集）,亲属 / 通信 / 诉讼 / 出版 / 称谓待考,亲属,82,3,3,1,2,李敖书笺集(3),太太、杂志、文星、萧太太：、法院
蔡有全,政治人物 / 党务宣传,政治人物,82,3,3,1,1,李敖随写录前集(3),蔡有全、民进党昨天第五届第一次党员代表大会
蔡骤强,通信,通信,82,3,3,1,1,教育与脸谱(3),来信、文星、编辑、读、见、先生
赵玉莲,社会案件 / 亲属 / 医疗照护 / 被害人 / 历史类比引用 / 神交引用,社会案件,82,3,3,1,1,中国迷信新研(3),妻、妈妈、赵玉莲/赵廷兰女郑鋐会妻
郑曼青,文艺音乐 / 学术 / 历史类比引用,文艺音乐,82,3,3,2,2,中国艺术新研(2)；李敖随写录后集(1),诗、秘书、国民党、与马寿华、郑曼青、张谷年、刘延涛、陶芸楼、高逸鸿等合组
郭子兴,军事人物 / 神交引用,军事人物,82,3,3,1,1,传统下的独白(3),女儿
都坏,公共论战,公共论战,82,3,3,2,3,李敖笑傲江湖(2)；李敖秘密书房(1),政治、对我说、国民党、像、法官
钟祥,军校学生 / 见面,军校学生,82,3,3,1,1,一个预备军官的日记(3),钟祥
陆德舆,公职人员 / 创作资料协助 / 历史类比引用 / 神交引用,公职人员,82,3,3,1,1,中国迷信新研(3),陈宗，永嘉人、郡守陆德舆云
陈尧咨,政治人物 / 公职人员 / 创作资料协助 / 历史类比引用 / 神交引用,政治人物,82,3,3,1,1,中国迷信新研(3),庞天祐，江陵人、知府陈尧咨亲往致奠
陈盈宏,通信 / 创作资料协助,通信,82,3,3,1,1,李敖随写录前集(3),来信、读、陈盈宏来信
韦国清,公共论战,公共论战,82,3,3,1,1,千秋万岁乌鸦求是合集(3),政治、思想
颜如君,媒体 / 见面,媒体,82,3,3,1,1,李敖五五日记(3),女儿、访问、陪我、报纸、总统、戴小华、颜如君
黄光平,公职人员 / 政治人物 / 社会案件,公职人员,82,3,3,2,2,为历史拨云(2)；求是新语(1),诗、序、委员、政府、监委马庆瑞及黄光平
黄飞虎,虚拟人物 / 历史类比引用 / 神交引用,虚拟人物,82,3,3,1,1,为历史拨云(3),见、遇见、黄飞虎还不下马
刘博崑,见面 / 朋友,见面,82,2,2,1,1,大学札记(2),
陈禄曾,军事人物,军事人物,82,2,2,1,1,李敖颠倒众生(2),上校、司令
张鲁,宗教人物 / 政治人物 / 历史类比引用 / 神交引用,宗教人物,81,7,7,4,4,传统下的独白(2)；大学日记后期甲集(2)；要把金针度与人(2)；李敖大哥大(1),节目
林国庆,政治人物,政治人物,81,7,7,1,5,李敖议坛哀思录(7),主席、委员、见
吴升,诗文出处 / 文艺音乐 / 历史类比引用 / 神交引用,诗文出处,81,5,5,1,1,中国艺术新研(5),见、吴升除了著录《王著千文》
夏衍,媒体 / 出版 / 政治人物 / 公共论战 / 神交引用,媒体,81,5,5,1,1,为自由招魂(5),记者、部长、作品
孔觉民,情治警务,情治警务,81,4,4,1,1,我最难忘的事和人(4),见、事务、弟弟
毛奇龄,学术 / 出版 / 神交引用,学术,81,4,4,3,3,虽千万人，李敖往矣(2)；为中国思想趋向求答案(1)；要把金针度与人(1),诗、见
艾琳达,师生,师生,81,4,3,1,1,李敖五五日记(4),学生、妻、台大、记者、打电话、电话、国民党
金凯利,文艺音乐 / 媒体 / 历史类比引用 / 神交引用,文艺音乐,81,4,4,1,1,李敖书札集(4),朋友、一起
马排长,军事人物 / 见面 / 称谓待考,军事人物,81,4,4,1,1,一个预备军官的日记(4),同学
乔凤藻,同案狱友,同案狱友,81,3,3,1,1,我最难忘的事和人(3),母亲、弟弟、朋友、军法
何光明,媒体 / 诗文出处 / 公共论战 / 出版,媒体,81,3,3,1,1,李敖书信集(3),出版、国民党、何光明说
倭仁,政治人物 / 学术 / 公共论战 / 神交引用,政治人物,81,3,3,3,3,李敖全集(1)；为中国思想趋向求答案(1)；李敖语录(1),同仁、主义、大学
冼星海,文艺音乐 / 公共论战 / 神交引用,文艺音乐,81,3,3,1,1,为自由招魂(3),作品、学生、出版、广播、见
刘华秋,政治人物,政治人物,81,3,3,1,1,求是新语(3),见、总统、政府、政治、部长
别平等,政治人物,政治人物,81,3,2,1,1,李敖秘密书房(3),委员、一起、政府、像
吴梅村,诗文出处 / 文艺音乐 / 历史类比引用 / 神交引用,诗文出处,81,3,3,2,2,中国艺术新研(2)；李敖文存(1),诗、将军、吴梅村的诗
孔昭庆,虚拟人物,虚拟人物,81,3,3,3,3,我最难忘的事和人(1)；李敖回忆录(1)；李敖风流自传(1),证人、台大
孙道存,财产债务 / 邻居,财产债务,81,3,3,2,3,李敖大哥大(2)；李敖议坛哀思录(1),夫人、国民党、女儿、太太、嫁给
应即停,司法人员,司法人员,81,3,3,1,1,李敖随写录后集(3),检察官、法院、所谓、研究、司法行政部
彭立云,虚拟人物,虚拟人物,81,3,3,3,3,我最难忘的事和人(1)；李敖回忆录(1)；李敖风流自传(1),证人、台大
杜定友,学术 / 出版 / 神交引用,学术,81,3,3,3,3,李敖文存(1)；千秋万岁乌鸦求是合集(1)；要把金针度与人(1),学术、古人
杨敏京,出版 / 通信 / 创作资料协助,出版,81,3,3,2,2,李敖书翰集(2)；一个预备军官的日记(1),保证金、存款、杨敏京还未来同我碰头
杨炯明,政治人物 / 公职人员 / 公共论战,政治人物,81,3,3,1,1,李敖书笺集(3),报导、台北市议员杨炯明
杨谱笙,文艺音乐 / 神交引用,文艺音乐,81,3,3,2,2,李敖随写录后集(2)；李敖文存(1),委员、诗、杨谱笙
林秀美,通信 / 创作资料协助 / 财产债务 / 公共论战,通信,81,3,3,1,1,挑战李敖(3),告诉我、广播、国民党、女士、林秀美女士，她提供了我一个内幕资料
王义雄,政治人物 / 公共论战,政治人物,81,3,3,2,2,李敖书札集(2)；你是景福门(1),法院、所谓、张俊雄、曰王义雄、曰郭丽莉
申伯纯,诗文出处 / 证人见证 / 历史类比引用,诗文出处,81,3,3,1,1,中国现代史正论(3),传记、文学、发行、出版社、出版、申伯纯：《回忆双十二》
盛杏生,创作资料协助 / 证人见证 / 历史类比引用,创作资料协助,81,3,3,1,1,中国近代史新论(3),朋友、告诉我、公馆里帮福开森译文件
艾伦·杜勒斯,情治警务 / 政治人物 / 神交引用,情治警务,81,3,3,3,3,我梦碎，所以我梦醒(1)；阳痿美国(1)；李敖大哥大(1),总统、见
袁励准,主剧情人物 / 小说剧本人物 / 见面,主剧情人物,81,3,3,1,1,北京法源寺(3),见、认识、请我、朋友
邹纾予,情治警务,情治警务,81,3,3,1,1,李敖风流自传(3),调查局、电视、见
钱伟长,公共论战,公共论战,81,3,3,2,2,李敖随写录后集(2)；李敖大哥大(1),国民党、主席
阿瑞尔,虚拟人物 / 小说剧本人物 / 历史类比引用 / 神交引用,虚拟人物,81,3,3,3,3,李敖风流自传(1)；传统下的独白(1)；李敖的情诗(1),一起
陈树人,政治人物 / 公职人员 / 历史类比引用,政治人物,81,3,3,2,2,中国现代史正论(2)；李敖书序集(1),主席、委员、政府、朱培德、陈树人、甘乃光、周恩来、岳森、吴铁城、陈孚木、李福林、陈公博等九人组织廖案检察委员会
张廷孟,军事人物,军事人物,81,2,2,1,1,我梦碎，所以我梦醒(2),上校、中将、参谋、司令
段春理,情治警务 / 军事人物 / 见面,情治警务,81,2,2,1,1,李敖回忆录(2),文星、少将、拜访、会面、编辑、总编辑、警总、政战
王超凡,军事人物 / 公共论战,军事人物,81,2,2,2,2,为自由招魂(1)；李敖情书集(1),中将、文星、司令、所谓、像
伊尔娣蔻,历史类比引用 / 情感 / 神交引用,历史类比引用,80,12,12,6,6,李敖快意恩仇录(2)；李敖风流自传(2)；上山·上山·爱(2)；虚拟的十七岁(2)；李敖语录(2)；中国命研究(2),
王僧虔,文艺音乐 / 诗文出处 / 历史类比引用 / 神交引用,文艺音乐,80,6,6,2,2,你笨蛋，你笨蛋(4)；李敖大哥大(2),
第欧根尼,学术 / 神交引用,学术,80,6,6,4,4,李敖秘密书房(3)；传统下的独白(1)；李敖语录(1)；大学日记后期乙集(1),主义、哲学
蔡正元,政治人物 / 公共论战,政治人物,80,6,6,2,3,李敖议坛哀思录(5)；李敖大哥大(1),记者、委员、政府、民进党
何定,政治人物 / 神交引用,政治人物,80,5,5,2,2,李敖文存二集(3)；波波颂(2),像、古人
徐锴,文艺音乐 / 诗文出处 / 历史类比引用 / 神交引用,文艺音乐,80,5,5,2,4,中国艺术新研(3)；读史指南(2),书目作者表
汤火圣,政治人物,政治人物,80,5,5,1,4,李敖议坛哀思录(5),主席、委员
白朗,出版 / 公共论战 / 神交引用,出版,80,5,5,2,2,为自由招魂(4)；李敖回忆录(1),土地、文学
孙思邈,医疗照护 / 神交引用,医疗照护,80,4,4,3,3,为中国思想趋向求答案(2)；传统下的独白(1)；一个预备军官的日记(1),诗、历史上、书中、古代
张德勤,学术行政 / 公职人员 / 创作资料协助 / 历史类比引用,学术行政,80,4,4,1,1,中国艺术新研(4),政治、学术、论文、财产
李鬼,虚拟人物,虚拟人物,80,4,4,1,1,独白下的传统(4),像
罗维奇,虚拟人物 / 媒体,虚拟人物,80,4,4,1,1,为自由招魂(4),记者、部长、读
虞集,公职人员 / 诗文出处 / 历史类比引用 / 神交引用,公职人员,80,4,4,2,2,中国艺术新研(3)；读史指南(1),虞集所撰
陈勤士,亲属,亲属,80,4,3,1,1,千秋万岁乌鸦求是合集(4),父亲、弟弟、所谓、读、先生
韩琦,政治人物 / 军事人物 / 历史类比引用 / 神交引用,政治人物,80,4,4,2,4,中国艺术新研(3)；读史指南(1),宋仁宗的文臣韩琦，公然给大将狄青好看
颜师古,学术 / 诗文出处 / 历史类比引用 / 神交引用,学术,80,4,4,4,4,传统下的独白(1)；求是新语(1)；要把金针度与人(1)；中国命研究(1),批评、读
麦哲伦,神交引用,神交引用,80,4,4,4,4,为中国思想趋向求答案(1)；你是景福门(1)；挑战李敖(1)；李敖秘密书房(1),所谓、像
乐天,朋友,朋友,80,3,3,2,3,一个预备军官的日记(2)；求是新语(1),朋友、来信、古人
佛朗哥狄斯托,文艺音乐 / 媒体 / 诗文出处 / 历史类比引用,文艺音乐,80,3,3,1,1,李敖书笺集(3),研究、导演、见、意大利青年导演佛朗哥狄斯托
刘子清,军事人物 / 诗文出处 / 历史类比引用,军事人物,80,3,3,1,1,中国现代史定论(3),总统、将军、017/刘子清/从军三十年
刘耀雄,同案狱友 / 刑求受害 / 人权救援,同案狱友,80,3,3,2,2,李敖书简集(2)；李敖自传与回忆续集(1),脚镣、名字是廖明胤、周扬传、郭进坪、苏照男、洪茂阳、刘耀雄、吴进清、萧阿成、翁正良、王玉栋、吴水德
卢卡奇,学术 / 政治异议者 / 历史类比引用 / 神交引用,学术,80,3,3,1,1,李敖书牍集(3),哲学、见、共产党、主义、思想、著作、作品、佐尔格卢卡奇（Georg Lukacs）
叶树姗,媒体 / 见面 / 公共论战,媒体,80,3,3,1,1,挑战李敖(3),访问、叶树姗的访问
吴宜铭,同案狱友 / 刑求受害 / 人权救援,同案狱友,80,3,3,2,2,李敖书简集(2)；李敖自传与回忆续集(1),皮鞭打、名字是张汉旗、江林成、彭锡龙、赖鼎明、周太元、詹存贤、钟春雄、冒守康、李芳山、江荣仓、高政雄、吴宜铭、陈金皇
周仓,虚拟人物 / 小说剧本人物 / 历史类比引用,虚拟人物,80,3,3,1,1,李敖笑傲江湖(3),读、历史上、像、儿子、关公后面的周仓
周扬传,同案狱友 / 刑求受害 / 人权救援,同案狱友,80,3,3,2,2,李敖书简集(2)；李敖自传与回忆续集(1),脚镣、名字是廖明胤、周扬传、郭进坪、苏照男、洪茂阳、刘耀雄、吴进清、萧阿成、翁正良、王玉栋、吴水德
国考试,神交引用,神交引用,80,3,3,2,2,教育与脸谱(2)；一个预备军官的日记(1),读、政治、见、经费
孟元老,诗文出处 / 历史类比引用 / 神交引用,诗文出处,80,3,3,2,2,读史指南(2)；历史与人像(1),娶、序、孟元老《东京梦华录》里
宁猪狗,社会案件 / 亲属 / 医疗照护 / 历史类比引用 / 神交引用,社会案件,80,3,3,1,1,中国迷信新研(3),政府、宁猪狗，山丹州人
宇野精一,学术,学术,80,3,3,3,3,我最难忘的事和人(1)；李敖快意恩仇录(1)；李敖笑傲江湖(1),国民党、总统、像
安瑞甫,媒体 / 见面,媒体,80,3,3,1,1,李敖自传与回忆续集(3),文星、报导、太太、记者
宋明怡,媒体,媒体,80,3,3,2,3,李敖五五日记(2)；李敖快意恩仇录(1),报导、小姐、碰到、思想
廖泉裕,政治人物 / 公职人员 / 公共论战,政治人物,80,3,3,1,1,李敖书信集(3),见、政府、廖泉裕、施金协
张效乾,学术 / 诗文出处 / 历史类比引用,学术,80,3,3,1,1,中国现代史定论(3),政治、出版社、出版、著作、026/张效乾/中国近代政治史
时连战,学术行政,学术行政,80,3,2,3,3,李敖议坛哀思录(1)；李敖颠倒众生(1)；李敖大哥大(1),院长、台独
朱干青,亲属 / 司法人员 / 公职人员,亲属,80,3,3,2,3,千秋万岁乌鸦求是合集(2)；李敖书序集(1),书记官、法院
李公仆,政治异议者 / 诗文出处 / 历史类比引用 / 神交引用,政治异议者,80,3,3,2,2,李敖颠倒众生(2)；李敖报刊集(1),爸爸、学生、报导、特务、所谓、像、委员、将军
李芳山,同案狱友 / 刑求受害 / 人权救援,同案狱友,80,3,3,2,2,李敖书简集(2)；李敖自传与回忆续集(1),皮鞭打、名字是张汉旗、江林成、彭锡龙、赖鼎明、周太元、詹存贤、钟春雄、冒守康、李芳山、江荣仓、高政雄、吴宜铭、陈金皇
李诫,学术 / 诗文出处 / 公职人员 / 历史类比引用 / 神交引用,学术,80,3,3,1,1,要把金针度与人(3),认识、李诫：《营造法式》
李金洲,军事人物 / 诗文出处 / 证人见证 / 历史类比引用,军事人物,80,3,3,1,1,中国现代史正论(3),国民党、共产党、访问、李金洲：《西安事变亲历记》
杜尔丁,媒体,媒体,80,3,3,1,1,为自由招魂(3),记者、共产党、见、会面、教授、问我、大学
林绍琪,媒体 / 见面,媒体,80,3,3,1,1,李敖访谈录1990-2018(3),采访、周玉蔻、甯育华、林绍琪
梅仲协,学术 / 学术行政 / 司法人员 / 诗文出处,学术,80,3,3,2,2,传统下的独白(2)；李敖书序集(1),杂志、文星、法院、梅仲协
江荣仓,同案狱友 / 刑求受害 / 人权救援,同案狱友,80,3,3,2,2,李敖书简集(2)；李敖自传与回忆续集(1),皮鞭打、名字是张汉旗、江林成、彭锡龙、赖鼎明、周太元、詹存贤、钟春雄、冒守康、李芳山、江荣仓、高政雄、吴宜铭、陈金皇
洪茂阳,同案狱友 / 刑求受害 / 人权救援,同案狱友,80,3,3,2,2,李敖书简集(2)；李敖自传与回忆续集(1),脚镣、名字是廖明胤、周扬传、郭进坪、苏照男、洪茂阳、刘耀雄、吴进清、萧阿成、翁正良、王玉栋、吴水德
苏照男,同案狱友 / 刑求受害 / 人权救援,同案狱友,80,3,3,2,2,李敖书简集(2)；李敖自传与回忆续集(1),脚镣、名字是廖明胤、周扬传、郭进坪、苏照男、洪茂阳、刘耀雄、吴进清、萧阿成、翁正良、王玉栋、吴水德
范铁民,军事人物 / 政治人物 / 历史类比引用,军事人物,80,3,3,1,1,中国现代史定论(3),司令、范铁民等匪首
萧瑞征,政治人物,政治人物,80,3,3,1,2,千秋万岁乌鸦求是合集(3),委员、大学、法院、国民党、调查局、总统
蒋公逝,见面,见面,80,3,2,3,3,波波颂(1)；李敖札记(1)；挑战李敖(1),总统、见、国民党
蔡国扬,同案狱友,同案狱友,80,3,3,1,1,李敖自传与回忆续集(3),看守所、警察、同案、监狱、台北监狱、所长、台北看守所
赵浩生,学术 / 公共论战,学术,80,3,3,1,1,我是天安门(3),见、报导、晤、教授、大学
郎裕宪,学术 / 公共论战,学术,80,3,3,1,2,波波颂(3),国民党、教授、夫人、政治
郑洞国,军事人物 / 政治人物 / 历史类比引用,军事人物,80,3,3,1,1,中国现代史定论(3),总统、司令、特务、卫立煌，与长春守军郑洞国部
郭进坪,同案狱友 / 刑求受害 / 人权救援,同案狱友,80,3,3,2,2,李敖书简集(2)；李敖自传与回忆续集(1),脚镣、名字是廖明胤、周扬传、郭进坪、苏照男、洪茂阳、刘耀雄、吴进清、萧阿成、翁正良、王玉栋、吴水德
阎沁恒,学术 / 公共论战,学术,80,3,3,2,2,李敖笑傲江湖(2)；求是新语(1),教授、研究、大学、政治、学者
陆思孝,社会案件 / 亲属 / 医疗照护 / 宗教人物 / 历史类比引用 / 神交引用,社会案件,80,3,3,1,1,中国迷信新研(3),政府、陆思孝，绍兴山阴樵者
陈教官,军事人物 / 见面 / 称谓待考,军事人物,80,3,3,2,3,一个预备军官的日记(2)；李敖的情诗(1),恋爱、像
陈金皇,同案狱友 / 刑求受害 / 人权救援,同案狱友,80,3,3,2,2,李敖书简集(2)；李敖自传与回忆续集(1),皮鞭打、名字是张汉旗、江林成、彭锡龙、赖鼎明、周太元、詹存贤、钟春雄、冒守康、李芳山、江荣仓、高政雄、吴宜铭、陈金皇
韩国英,宗教人物 / 文艺音乐 / 诗文出处 / 历史类比引用,宗教人物,80,3,3,1,1,中国近代史新论(3),见、耶稣会士西波（汉名韩国英）
高政雄,同案狱友 / 刑求受害 / 人权救援,同案狱友,80,3,3,2,2,李敖书简集(2)；李敖自传与回忆续集(1),皮鞭打、名字是张汉旗、江林成、彭锡龙、赖鼎明、周太元、詹存贤、钟春雄、冒守康、李芳山、江荣仓、高政雄、吴宜铭、陈金皇
傅国光,司法人员,司法人员,80,2,2,2,2,李敖回忆录(1)；李敖风流自传(1),审判长、审判官、判决、复判、政治
叶成有,姻亲,姻亲,80,2,2,2,2,李敖回忆录(1)；李敖风流自传(1),弟弟、嫁给、结婚
叶英坤,医疗照护 / 学术 / 诗文出处,医疗照护,80,2,2,1,1,李敖报刊集(2),学生、教授、大学、台大、叶英坤教授
吴进义,编辑,编辑,80,2,2,2,2,李敖回忆录(1)；李敖风流自传(1),编辑、发行、总编辑、委员、国民党
孙明海,编辑,编辑,80,2,2,2,2,李敖回忆录(1)；李敖风流自传(1),编辑、发行、总编辑、委员、国民党
张正南,学术 / 公共论战,学术,80,2,2,1,1,挑战李敖(2),老师、教授、张正南教授
张美玉,财产债务 / 公共论战,财产债务,80,2,2,2,2,上下古今谈(1)；李敖语录(1),太太、娶、小姐
彭卫华,司法人员 / 同案狱友 / 创作资料协助 / 公共论战,司法人员,80,2,2,1,1,李敖颠倒众生(2),会面、检察官、监狱、典狱长、委员、彭卫华检察官
徐文开,司法人员,司法人员,80,2,2,2,2,李敖回忆录(1)；李敖风流自传(1),审判长、审判官、判决、复判、政治
时辩护,律师代理,律师代理,80,2,2,2,2,阳痿美国(1)；李敖大哥大(1),律师、辩护、手铐
李明轩,学术 / 科学家 / 见面 / 创作资料协助,学术,80,2,2,1,1,挑战李敖(2),见、老师、教授、同学、台大、李明轩教授
李继成,律师代理 / 见面 / 创作资料协助 / 财产债务 / 公共论战,律师代理,80,2,2,1,1,挑战李敖(2),请他、律师、委员、请来李继成律师
王仰止,编辑,编辑,80,2,2,2,2,李敖回忆录(1)；李敖风流自传(1),编辑、发行、总编辑、委员、国民党
王宗,司法人员,司法人员,80,2,2,2,2,李敖回忆录(1)；李敖风流自传(1),审判长、审判官、判决、警备总部、复判、政治
王育德,编辑,编辑,80,2,2,2,2,李敖回忆录(1)；李敖风流自传(1),编辑、发行、总编辑、委员
翁钤,亲属 / 见面,亲属,80,2,2,2,2,李敖议坛哀思录(1)；李敖风流自传(1),见、见到、弟弟、儿子、电视
胡伯瑞第,律师代理 / 神交引用,律师代理,80,2,2,2,2,李敖文存二集(1)；李敖语录(1),律师、辩护、法庭
陈守煌,司法人员 / 公职人员 / 诉讼 / 历史类比引用,司法人员,80,2,2,1,1,李敖书序集(2),见、检察官、法务部、法院、委员、陈守煌
斯诺登,政治异议者 / 人权救援 / 公共论战,政治异议者,79,17,17,3,4,虽千万人，李敖往矣(13)；李敖访谈录1990-2018(3)；李敖语录(1),像、杂志
赵佗,政治人物 / 军事人物 / 神交引用,政治人物,79,12,12,1,1,你是景福门(12),见、一起
亨利二世,政治人物 / 神交引用,政治人物,79,9,9,1,1,波波颂(9),见、院长、朋友
王万莹,朋友,待复核,79,9,3,1,2,李敖颠倒众生(9),告诉我、打电话、电话、秘书
刘基,诗文出处,诗文出处,79,6,2,4,4,读史指南(2)；要把金针度与人(2)；中国命研究(1)；挑战李敖(1),书目作者表、学者
廖学广,神交引用,待复核,79,5,3,1,3,李敖笑傲江湖(5),像、委员
葛树人,学术 / 见面 / 公共论战,学术,79,5,5,1,1,挑战李敖(5),所谓、像
张处长,同事,同事,79,4,3,1,3,李敖颠倒众生(4),法院、同仁、记者
汤和,军事人物 / 神交引用,军事人物,79,4,4,2,2,李敖新刊(3)；传统下的独白(1),将军
陈凝秋,师生 / 学术 / 通信 / 出版 / 公共论战 / 神交引用,师生,79,4,4,2,2,李敖自传与回忆(2)；为自由招魂(2),思想、读
史丰富,政治人物 / 党务宣传 / 公共论战,政治人物,79,3,3,2,2,李敖书札集(2)；李敖访谈录1990-2018(1),党部、史丰富及“屏东县党部”陈政顺
叶霞翟,同学 / 情治警务 / 见面,同学,79,3,3,2,2,李敖笑傲江湖(2)；我最难忘的事和人(1),太太、研究、同学
孙穗芳,诗文出处 / 学术考证引用 / 创作资料协助,诗文出处,79,3,3,2,2,李敖书启集(2)；李敖笑傲江湖(1),出版、孙穗芳《我的祖父孙中山》
张佛千,创作资料协助 / 公共论战,创作资料协助,79,3,3,2,2,李敖札记(2)；李敖书启集(1),拜访、委员、将军、张佛千
张桐凤,军事人物 / 见面,军事人物,79,3,3,2,3,一个预备军官的日记(2)；中国性研究(1),认识、连长张桐凤
徐芹庭,见面,见面,79,3,3,1,1,李敖笑傲江湖(3),出版、委员、请他、国民党
戈德温,学术 / 诗文出处 / 历史类比引用 / 神交引用,学术,79,3,3,2,2,历史与人像(2)；虚拟的十七岁(1),导演、戈德温（William Codwin）
杭立武,政治人物,政治人物,79,3,3,1,1,李敖随写录后集(3),政府、批评、先生、学者、国民党
林宗正,宗教人物 / 社会案件 / 公共论战,宗教人物,79,3,3,1,1,你是景福门(3),打电话、电话、律师、辩护、政治、读、法官、法庭
林栋材,见面,见面,79,3,3,1,1,一个预备军官的日记(3),认识
林风眠,学术 / 文艺音乐 / 历史类比引用 / 神交引用,学术,79,3,3,2,2,中国艺术新研(2)；李敖秘密书房(1),受林风眠等指导、党部、像
梁廷英,财产债务 / 公职人员 / 通信 / 公共论战,财产债务,79,3,3,1,1,李敖书笺集(3),告诉我、见、经理叫梁廷英
沈兼士,学术 / 公共论战,学术,79,3,3,3,3,教育与脸谱(1)；要把金针度与人(1)；中国近代史新论(1),文学、序、学生
理查·艾伦,政治人物 / 社会案件 / 历史类比引用 / 神交引用,政治人物,79,3,3,1,1,阳痿美国(3),记者、总统
甄妮,媒体 / 文艺音乐 / 见面,媒体,79,3,3,2,2,李敖五五日记(2)；李敖随写录前集(1),在台视录影。与李纯恩、甄妮、李懿惠、吴健强谈、节目
石瑛,政治人物 / 公共论战 / 历史类比引用,政治人物,79,3,3,2,2,中国现代史正论(2)；传统下的独白(1),法院、委员、政治、所谓、出席西山会议的，有我和林先生（森）、居正、覃振、石青阳、石瑛、戴传贤、沈定一、邵元冲、叶楚伧先生
蔡孝义,公职人员 / 政治人物 / 社会案件,公职人员,79,3,3,2,2,为历史拨云(2)；求是新语(1),总统、监委张秉智、蔡孝义
薛岳,军事人物 / 政治人物 / 神交引用,军事人物,79,3,3,2,2,一个预备军官的日记(2)；李敖新刊(1),女儿、总统、碰到
阮清源,军事人物 / 情治警务 / 证人见证 / 历史类比引用,军事人物,79,3,3,2,2,我最难忘的事和人(2)；李敖笑傲江湖(1),朋友、关怀、皖清源先生，他现在还活着
阮瞻,学术 / 历史类比引用 / 神交引用,学术,79,3,3,2,2,为历史拨云(2)；传统下的独白(1),见、思想、《晋书-阮瞻传》中王戎
高山流,诗文出处 / 历史类比引用,诗文出处,79,3,3,2,2,李敖书序集续集(2)；北京法源寺(1),将军、高山流
黄富三,公共论战,公共论战,79,3,3,2,2,文化论战丹火录(2)；李敖大哥大(1),学术、研究、中央研究院、报导、主席、政府
党修宪,政治人物,政治人物,79,2,2,2,2,李敖随写录前集(1)；李敖笑傲江湖(1),选举、民进党
林彬,司法人员 / 公职人员 / 师生,司法人员,79,2,2,2,2,李敖书序集(1)；李敖秘密书房(1),林彬、一起、司法行政部、法务部、部长
汤克勤,姻亲,姻亲,79,2,2,2,2,李敖回忆录(1)；李敖风流自传(1),嫁给、大学、台大、妻
熊德聣,学术 / 亲属,学术,79,2,2,1,1,李敖随写录前集(2),教授、熊德聣教授
韩镜良,亲属 / 学术 / 证人见证,亲属,79,2,2,1,1,李敖书序集(2),教授、好友、夫人、秘书、总统、韩镜良
顾墨公,军事人物 / 创作资料协助 / 历史类比引用,军事人物,79,2,2,1,1,中国现代史定论(2),老师、师长、顾墨公老师
黄彩琴,诉讼 / 证人见证 / 财产债务,诉讼,79,2,2,2,2,李敖自传与回忆续集(1)；李敖随写录前集(1),见、女儿、福利社、接见、朋友、母亲、弟弟、党部
红利,媒体,待复核,78,10,2,4,8,李敖颠倒众生(5)；李敖书简集(3)；早年日记(1)；李敖大哥大(1),电视
赵培鑫,朋友 / 见面,朋友,78,8,8,1,1,我最难忘的事和人(8),好友
刘后,政治人物 / 神交引用,政治人物,78,7,7,2,2,李敖文存二集(6)；历史与人像(1),导演、见
张明彰,通信,待复核,78,7,2,2,2,李敖五五日记(6)；李敖回忆录(1),电话、节目
乔布斯,媒体 / 公共论战 / 神交引用,媒体,78,6,6,2,2,虽千万人，李敖往矣(5)；虚拟的十七岁(1),读、古人、夫人
荀悦,诗文出处,诗文出处,78,6,2,2,2,读史指南(4)；要把金针度与人(2),书目作者表
宋能尔,神交引用,神交引用,78,5,5,3,3,李敖秘密书房(3)；李语录(1)；李敖语录(1),像
王榕生,出版 / 历史类比引用 / 神交引用,出版,78,4,4,2,3,李敖报刊集(3)；千秋万岁乌鸦求是合集(1),见、杂志
相殉,神交引用,神交引用,78,4,3,2,2,李敖快意恩仇录(3)；李敖大哥大(1),思想、台大、院长
贾岛,神交引用 / 诗文出处,神交引用,78,4,3,2,3,读史指南(2)；挑战李敖(2),诗、书目作者表
邱彰怎,媒体,媒体,78,4,3,1,2,李敖大哥大(4),民进党、记者、委员、选举
陈亮,神交引用 / 诗文出处,神交引用,78,4,3,2,2,读史指南(2)；要把金针度与人(2),思想、书目作者表
黄老先,神交引用,神交引用,78,4,3,1,1,李敖大哥大(4),读、朋友
黄荣燦,出版,出版,78,4,3,1,1,李敖大哥大(4),共产党、报纸
元文宗,政治人物 / 文艺音乐 / 历史类比引用 / 神交引用,政治人物,78,3,3,1,1,中国艺术新研(3),像、元文宗建奎章阁
吴信忠,神交引用,神交引用,78,3,3,2,2,一个预备军官的日记(2)；李敖快意恩仇录(1),读、来信
吴永,诗文出处 / 公职人员 / 历史类比引用 / 神交引用,诗文出处,78,3,3,1,1,要把金针度与人(3),像、儿子、吴永：《庚子西狩丛谈》
周泽,政治人物 / 神交引用,政治人物,78,3,3,3,3,李敖自传与回忆续集(1)；李敖文存(1)；李敖语录(1),太太
周蔚英,婚姻相关 / 见面,婚姻相关,78,3,3,1,1,我最难忘的事和人(3),认识、娶、离婚、太太
周雅淑,政治人物,政治人物,78,3,3,1,1,李敖大哥大(3),民进党、政治、委员、立委
唐宗,情治警务 / 军事人物 / 历史类比引用,情治警务,78,3,3,2,2,李敖笑傲江湖(2)；文化论战丹火录(1),思想、像、还有一个唐宗、姜绍谟、张建邦跟元富
太平公主,政治人物 / 神交引用,政治人物,78,3,3,3,3,李敖文存二集(1)；波波颂(1)；为历史拨云(1),儿子
巴奈特,学术 / 公共论战 / 神交引用,学术,78,3,3,3,3,李敖快意恩仇录(1)；李敖新刊(1)；阳痿美国(1),总统、部长
张庆恩,同学 / 朋友 / 见面,同学,78,3,3,3,3,李敖自传与回忆续集(1)；我最难忘的事和人(1)；李敖回忆录(1),调查局、见、国民党
戈迪默,党务宣传,党务宣传,78,3,3,1,1,李敖随写录前集(3),查禁、著作、文学、作品
李善长,政治人物 / 历史类比引用 / 神交引用,政治人物,78,3,3,2,2,读史指南(2)；李敖语录(1),政治、李善长、胡惟庸、蓝玉、傅友德、冯胜
杨杰,军事人物 / 政治人物 / 历史类比引用,军事人物,78,3,3,3,3,李敖回忆录(1)；李敖风流自传(1)；李敖笑傲江湖(1),女儿、将军、国民党
沈鸿骏,见面 / 朋友,见面,78,3,3,1,3,大学札记(3),诗
王承恩,家中雇员 / 历史类比引用 / 神交引用,家中雇员,78,3,3,1,1,中国命研究(3),见、陪他、一起
萧裕珍,政治人物 / 党务宣传,政治人物,78,3,3,2,2,李敖随写录前集(2)；李敖秘密书房(1),民进党昨天第五届第一次党员代表大会、民进党
蓝玉,军事人物 / 政治人物 / 历史类比引用 / 神交引用,军事人物,78,3,3,2,2,读史指南(2)；李敖语录(1),政治、李善长、胡惟庸、蓝玉、傅友德、冯胜
许枫,司法人员 / 诉讼 / 创作资料协助,司法人员,78,3,3,2,2,李敖书函集(2)；李敖自传与回忆续集(1),诗、四十八位推事
谢里法,文艺音乐 / 证人见证 / 历史类比引用,文艺音乐,78,3,3,2,2,李敖书序集续集(2)；为自由招魂(1),朋友、谢里法
陈清香,学术 / 公共论战 / 历史类比引用,学术,78,3,3,2,2,中国艺术新研(2)；李敖回忆录(1),著作、蔡学海、俞雨娣、甘怀真、胡菱兰、何永成、刘家驹、蔡玫芬、翁同文、陈清香九位
黄三太,虚拟人物 / 江湖人物 / 神交引用,虚拟人物,78,3,3,3,3,上下古今谈(1)；北京法源寺(1)；李敖语录(1),
黄盖,军事人物 / 历史类比引用 / 神交引用,军事人物,78,3,3,3,3,为中国思想趋向求答案(1)；虽千万人，李敖往矣(1)；读史指南(1),黄盖并没用苦肉计
侯子忠,看守戒护,看守戒护,78,2,2,1,1,李敖自传与回忆续集(2),课员、警总、看守所、法院、见、认识、朋友、律师
八大山人,文艺音乐 / 历史类比引用 / 神交引用,文艺音乐,78,2,2,2,2,李敖书札集(1)；中国艺术新研(1),八大山人跪、八大山人的画风
刘子健,学术,学术,78,2,2,2,2,李敖自传与回忆(1)；李敖回忆录(1),见、一起、写信
吴松枝,政治异议者 / 律师代理 / 人权救援,政治异议者,78,2,2,2,2,李敖自传与回忆续集(1)；你笨蛋，你笨蛋(1),来信、判决、政府、律师、警察、政治
孙念台,师生 / 学术 / 见面,师生,78,2,2,2,2,李敖自传与回忆(1)；李敖快意恩仇录(1),碰到、妈妈、先生
孙琳,政治人物 / 神交引用,政治人物,78,2,2,2,2,李敖文存二集(1)；波波颂(1),儿子、见、古人
常常替,司法人员,司法人员,78,2,2,2,2,挑战李敖(1)；李敖秘密书房(1),法官、政治
李其泰,学术 / 神交引用,学术,78,2,2,2,2,李敖自传与回忆(1)；传统下的独白(1),寄给、老师、读、先生
柯伦泰,政治人物 / 神交引用,政治人物,78,2,2,2,2,文化论战丹火录(1)；历史与人像(1),夫人、思想、主义
毛高文,学术行政 / 政治人物 / 公共论战,学术行政,78,2,2,2,2,世论新语(1)；你是景福门(1),部长、市长、国民党、法务部、委员
汉景帝,政治人物 / 历史类比引用 / 神交引用,政治人物,78,2,2,2,2,李敖书序集(1)；读史指南(1),汉景帝、汉景帝的后裔刘秀
爱绿依丝,情感 / 神交引用,情感,78,2,2,2,2,传统下的独白(1)；李敖语录(1),情书
玄奘,宗教人物 / 诗文出处 / 历史类比引用,宗教人物,78,2,2,2,2,读史指南(1)；李敖笑傲江湖(1),书目作者表、玄奘，唐僧的骨头
王爱雪,见面 / 朋友,见面,78,2,2,2,2,李敖议坛哀思录(1)；李敖风流自传(1),父亲、电视、委员、立委、女士
皋陶,司法人员 / 历史类比引用 / 神交引用,司法人员,78,2,2,2,2,李敖书序集续集(1)；为历史拨云(1),皋陶、司法大臣皋陶
苏芗雨,师生,师生,78,2,2,2,2,李敖笑傲江湖(1)；李敖大哥大(1),教授、大学、台大、院长、文学
范曾,文艺音乐 / 公共论战,文艺音乐,78,2,2,1,1,李敖随写录前集(2),评范曾
荷马,诗文出处 / 历史类比引用 / 神交引用,诗文出处,78,2,2,2,2,李敖书翰集(1)；坐牢家爸爸给女儿的八十封信(1),荷马言上帝、荷马是第一个西方作家
薄行政,学术行政,学术行政,78,2,2,1,1,李敖笑傲江湖(2),研究、中央研究院、院长、学术
赫尔,政治人物 / 历史类比引用 / 神交引用,政治人物,78,2,2,2,2,李敖书笺集(1)；为历史拨云(1),赫尔（Cordell Hull）、美国政治家赫尔
赫鲁晓夫,政治人物 / 历史类比引用 / 神交引用,政治人物,78,2,2,2,2,李敖书简集(1)；李敖书牍集(1),直经赫鲁晓夫审稿、过关、赫鲁晓夫主义
辜伟甫,财产债务 / 财产信托 / 亲属 / 公共论战,财产债务,78,2,2,2,2,李敖书信集(1)；李敖书简集(1),张明伟、辜伟甫、辜伟甫先生被扫地出门
边又有,见面,见面,78,2,2,2,2,李敖新刊(1)；李敖大哥大(1),见、见到、法官
霍建明,政治人物 / 公职人员 / 公共论战,政治人物,78,2,2,1,1,挑战李敖(2),请他、委员、部长、霍建明委员说
黄永寿,看守戒护 / 刑求人员,看守戒护,78,2,2,1,1,李敖自传与回忆续集(2),凌虐、课员、脚镣、钉脚镣
黎玉玺,军事人物 / 公职人员 / 历史类比引用,军事人物,78,2,2,2,2,李敖秘藏日记(1)；李敖书笺集(1),电视、律师、将军、司令、军长、参谋、说过
冯纽曼,科学家 / 学术 / 神交引用,科学家,77,6,6,1,1,你笨蛋，你笨蛋(6),读、研究
洪炳麟,同案狱友 / 政治人物,同案狱友,77,4,4,1,1,李敖自传与回忆续集(4),妻、判决、看守所、杂役、上诉、同案
王品超,朋友,朋友,77,4,3,1,1,李敖大哥大(4),朋友、问我
许大受,学术 / 神交引用,学术,77,4,4,3,3,为中国思想趋向求答案(2)；文化论战丹火录(1)；中国近代史新论(1),见
顾翊群,学术 / 公共论战,学术,77,4,4,3,3,李敖自传与回忆(2)；李敖回忆录(1)；为中国思想趋向求答案(1),文星、批评
习凿齿,诗文出处 / 历史类比引用,诗文出处,77,3,3,1,1,李敖笑傲江湖(3),古人、一起、历史家叫习凿齿
休谟,学术 / 神交引用,学术,77,3,3,3,3,李敖文存(1)；虚拟的十七岁(1)；历史与人像(1),哲学、请他、教授、博士、大学、像、思想
吴太伯,政治人物 / 历史类比引用 / 神交引用,政治人物,77,3,3,2,2,为历史拨云(2)；千秋万岁乌鸦求是合集(1),古人、像、吴太伯、季札、伍员
居伯均,亲属,亲属,77,3,3,2,3,千秋万岁乌鸦求是合集(2)；李敖书序集(1),大学
张明弼,诗文出处 / 历史类比引用 / 神交引用,诗文出处,77,3,3,1,1,中国艺术新研(3),所谓、序、张明弼《董小宛传》
张茂森,政治人物 / 党务宣传 / 公共论战,政治人物,77,3,3,1,1,李敖书札集(3),秘书、宣传、党务、张茂森属下
景老伯,亲属 / 见面,亲属,77,3,3,1,3,一个预备军官的日记(3),读、见、诗
李可从,烈士殉难 / 神交引用,烈士殉难,77,3,3,1,1,独白下的传统(3),见、太太、一起、父亲、妻
李嘉图,学术 / 历史类比引用 / 神交引用,学术,77,3,3,2,2,李敖书牍集(2)；阳痿美国(1),思想、哲学、李加图劳动价值论
杨文侠,情感 / 通信 / 同学,情感,77,3,3,1,2,一个预备军官的日记(3),写信、朋友、告诉我、见、所谓
王隐,学术 / 诗文出处 / 学术考证引用 / 历史类比引用 / 神交引用,学术,77,3,3,3,3,传统下的独白(1)；千秋万岁乌鸦求是合集(1)；中国命研究(1),见、妻、将军
瞿秋白,政治异议者 / 政治人物 / 诗文出处 / 历史类比引用 / 神交引用,政治异议者,77,3,3,1,1,虽千万人，李敖往矣(3),政治、研究
莫泊桑,编辑,编辑,77,3,2,2,3,一个预备军官的日记(2)；李敖访谈录1990-2018(1),编辑、读、见、来信
通行本,神交引用,神交引用,77,3,3,2,2,千秋万岁乌鸦求是合集(2)；文化论战丹火录(1),主义、见
雷公,虚拟人物 / 宗教人物 / 历史类比引用 / 神交引用,虚拟人物,77,3,3,2,2,读史指南(2)；传统下的独白(1),所谓、像、“雷公”名“江赫沖”“阎王爷”名“闪多”“达摩”名“刹利帝菩提多罗”
韩偓,学术 / 神交引用,学术,77,3,3,2,2,读史指南(2)；传统下的再白(1),主义、诗、书目作者表
余又荪,学术 / 公共论战,学术,77,2,2,2,2,文化论战丹火录(1)；李敖书翰集(1),台大、教授、读、先生
关明德,朋友 / 通信,朋友,77,2,2,2,2,早年日记(1)；大学日记后期甲集(1),关怀、见、见到、认识、诗
司马昭,政治人物 / 军事人物 / 历史类比引用 / 神交引用,政治人物,77,2,2,2,2,爱情的秘密(1)；要把金针度与人(1),见、钟会说他坏话
司马辽太,见面,见面,77,2,2,2,2,李敖议坛哀思录(1)；李敖秘密书房(1),访问、见、总统
吉尔传,神交引用,神交引用,77,2,2,2,2,千秋万岁乌鸦求是合集(1)；李敖语录(1),读、将军
吴钊燮,政治人物 / 见面,政治人物,77,2,2,2,2,李敖议坛哀思录(1)；李敖风流自传(1),委员、主席、史学
唐龙辉,邻居 / 社会案件,邻居,77,2,2,1,1,李敖书函集(2),委员、诗、有唐龙辉委员、有廖培成委员
廖培成,邻居 / 社会案件,邻居,77,2,2,1,1,李敖书函集(2),委员、诗、有唐龙辉委员、有廖培成委员
张正瑞,军事人物 / 创作资料协助 / 公共论战,军事人物,77,2,2,1,1,李敖颠倒众生(2),见、见面、打电话、电话、少将、张正瑞少将
朱景昌,师生,师生,77,2,2,2,2,李敖自传与回忆(1)；李敖风流自传(1),老师、朋友、国民党、像
胡适抱,出版,出版,77,2,2,2,2,挑战李敖(1)；李敖秘密书房(1),杂志、政府、国民党、结婚
邓玉祥,学术行政 / 学术,学术行政,77,2,2,2,2,李敖文存二集(1)；李敖全集(1),台大、学生
金丹旭,学术,学术,77,2,2,2,2,大学日记后期甲集(1)；一个预备军官的日记(1),学者、大学
魏摩兰,军事人物 / 历史类比引用,军事人物,77,2,2,1,1,李敖书牍集(2),广播、将军、国民党、魏摩兰将军
刘国轩,军事人物 / 历史类比引用 / 神交引用,军事人物,76,7,7,1,1,李敖大哥大(7),
安德生,学术 / 神交引用,学术,76,5,5,2,2,李敖笑傲江湖(4)；李敖全集(1),朋友
曹班长,主剧情人物 / 小说剧本人物 / 老兵士官 / 军事人物,主剧情人物,76,5,5,1,1,第73烈士(5),国民党、像
罗真人,虚拟人物 / 宗教人物 / 小说剧本人物 / 历史类比引用,虚拟人物,76,5,5,1,1,中国命研究(5),
佟耀勋,同学 / 见面,同学,76,4,4,4,4,李敖自传与回忆(1)；我最难忘的事和人(1)；李敖回忆录(1)；大学日记后期乙集(1),
张克斌,同学 / 见面,同学,76,4,4,4,4,李敖自传与回忆(1)；我最难忘的事和人(1)；李敖回忆录(1)；大学日记后期乙集(1),
方济各·沙勿略,宗教人物 / 历史类比引用 / 神交引用,宗教人物,76,4,4,1,1,中国近代史新论(4),方济各·沙勿略到达中国
梁元帝,政治人物 / 神交引用,政治人物,76,4,4,4,4,李敖文存二集(1)；波波颂(1)；虽千万人，李敖往矣(1)；要把金针度与人(1),
解狐,政治人物 / 历史类比引用 / 神交引用,政治人物,76,4,4,1,1,为历史拨云(4),解狐就死了
豫让,历史类比引用 / 政治异议者 / 神交引用,历史类比引用,76,4,4,2,2,给马戈的五十封信(3)；李敖全集(1),批评
郑振铎,学术 / 诗文出处 / 历史类比引用 / 神交引用,学术,76,4,4,1,2,李敖大哥大(4),
马兴骏,情治警务 / 同案狱友,情治警务,76,4,4,1,1,我最难忘的事和人(4),像、见、一起、牢房、朋友
黄伯禄,宗教人物 / 诗文出处 / 历史类比引用 / 神交引用,宗教人物,76,4,4,1,2,中国近代史新论(4),黄伯禄《正教奉褒》里记明神宗
龙华民,宗教人物 / 创作资料协助 / 刑求受害 / 历史类比引用 / 神交引用,宗教人物,76,4,4,1,2,中国近代史新论(4),李天经、汤若望、龙华民
傅有权,情治警务 / 朋友,情治警务,76,3,3,1,1,我最难忘的事和人(3),朋友、家里、告诉我、太太、总统、认识、警察、司令
刘孝忠,社会案件 / 亲属 / 医疗照护 / 宗教人物 / 历史类比引用 / 神交引用,社会案件,76,3,3,1,1,中国迷信新研(3),见、妈妈、刘孝忠，并州太原人
吴千乙,社会案件 / 婚姻相关 / 诉讼 / 历史类比引用 / 神交引用,社会案件,76,3,3,1,1,历史与人像(3),妻、吴千乙兄弟与之折合
吴毅安,军事人物 / 政治人物,军事人物,76,3,3,1,1,我最难忘的事和人(3),问我、太太、妻、请我
吴贞小,社会案件 / 亲属 / 医疗照护 / 被害人 / 历史类比引用 / 神交引用,社会案件,76,3,3,1,1,中国迷信新研(3),妻、吴贞小/郑时丰妻
和傅斯,学术,学术,76,3,2,3,3,为自由招魂(1)；一个预备军官的日记(1)；挑战李敖(1),研究、学术、北大、大学
唐继尧,军事人物 / 政治人物 / 历史类比引用 / 神交引用,军事人物,76,3,3,2,2,李敖书序集(2)；我是天安门(1),所谓、唐继尧
张公艺,神交引用,神交引用,76,3,3,1,1,独白下的传统(3),家里
方则扬,律师代理 / 创作资料协助 / 公共论战 / 财产债务,律师代理,76,3,3,1,1,李敖笑傲江湖(3),大学、事务、律师、所长、她的先生叫方则扬
方氏（莫志喜妻）,社会案件 / 亲属 / 医疗照护 / 被害人 / 历史类比引用 / 神交引用,社会案件,76,3,3,1,1,中国迷信新研(3),妻、莫志喜妻家贫
朱氏（朱荣女）,社会案件 / 亲属 / 医疗照护 / 被害人 / 历史类比引用 / 神交引用,社会案件,76,3,3,1,1,中国迷信新研(3),妻、朱氏/屠户朱荣女
李振,历史类比引用 / 神交引用,历史类比引用,76,3,3,2,2,为历史拨云(2)；挑战李敖——敖语录(1),所谓、朱温“聚
李盛铎,公职人员 / 学术 / 诗文出处 / 历史类比引用,公职人员,76,3,3,2,2,中国近代史新论(2)；李敖大哥大(1),以尚其亨、李盛铎代替徐世昌、绍英、像
杨守敬,学术 / 诗文出处 / 文艺音乐 / 历史类比引用 / 神交引用,学术,76,3,3,1,1,中国艺术新研(3),学生、诗、像
杨泰奴,社会案件 / 亲属 / 医疗照护 / 被害人 / 历史类比引用 / 神交引用,社会案件,76,3,3,1,1,中国迷信新研(3),妻、杨泰奴/仁和杨得安女
杨谅,政治人物 / 历史类比引用 / 神交引用,政治人物,76,3,3,1,1,中国迷信新研(3),妻、像、请西岳华山慈父圣母神兵
林氏（陈若隽妻）,社会案件 / 亲属 / 医疗照护 / 被害人 / 历史类比引用 / 神交引用,社会案件,76,3,3,1,1,中国迷信新研(3),妻、陈若隽妻家贫
梁同书,公职人员 / 诗文出处 / 文艺音乐 / 历史类比引用 / 神交引用,公职人员,76,3,3,2,2,中国艺术新研(2)；你笨蛋，你笨蛋(1),古人、梁同书（1723-1815）
沈亦云,诗文出处 / 亲属 / 历史类比引用,诗文出处,76,3,3,1,1,中国现代史正论(3),太太、国民党、黄郛的太太沈亦云《亦云回忆》
沈遐祺,朋友 / 见面,朋友,76,3,3,1,1,早年日记(3),请我、电话
濮王,政治人物 / 神交引用,政治人物,76,3,3,2,2,独白下的传统(2)；历史与人像(1),爸爸、妈妈、引用、儿子
王叔和,医疗照护 / 神交引用,医疗照护,76,3,3,2,2,读史指南(2)；传统下的独白(1),历史上、书目作者表
田嘉美,邻居 / 社会案件,邻居,76,3,3,1,2,李敖书启集(3),田嘉美、4C洪淑娟、4D黄百禄、管理员、所谓
盛氏（章琼妻）,社会案件 / 亲属 / 医疗照护 / 被害人 / 历史类比引用 / 神交引用,社会案件,76,3,3,1,1,中国迷信新研(3),妻、盛氏/章琼妻昌化人
程氏（黄日新妻）,社会案件 / 亲属 / 医疗照护 / 被害人 / 历史类比引用 / 神交引用,社会案件,76,3,3,1,1,中国迷信新研(3),妻、程氏/黄日新妻
萧瑜,同学 / 出版 / 公共论战 / 神交引用,同学,76,3,3,1,1,我是天安门(3),国民党、同学、主席、政府、共产党、书中、妻、诗
邵班长,主剧情人物 / 小说剧本人物 / 老兵士官 / 军事人物,主剧情人物,76,3,3,1,1,第73烈士(3),妈妈、巴掌
陈明仁,军事人物 / 政治人物 / 历史类比引用,军事人物,76,3,3,1,2,李敖书序集(3),陈逆明仁
陈瑞康,文艺音乐 / 见面 / 创作资料协助,文艺音乐,76,3,3,1,1,李敖随写录后集(3),诗
陈茂松,社会案件 / 诉讼 / 历史类比引用,社会案件,76,3,3,1,1,李敖书牍集(3),判决、同案、政府、同案被告尚有导游陈茂松
陈金宝,社会案件 / 被害人 / 创作资料协助,社会案件,76,3,3,1,1,李敖书翰集(3),寄给、陈金宝收到这封信
陶行知,学术 / 公共论战 / 神交引用,学术,76,3,3,3,3,上下古今谈(1)；你笨蛋，你笨蛋(1)；李敖秘密书房(1),朋友、学生、诗
霍桑,出版 / 神交引用,出版,76,3,3,3,3,传统下的独白(1)；虚拟的十七岁(1)；李敖秘密书房(1),见、主义、像、文学
韩孔厂,诗文出处 / 神交引用,诗文出处,76,3,3,3,3,教育与脸谱(1)；李语录(1)；李敖语录(1),诗
黄细金,社会案件 / 亲属 / 医疗照护 / 被害人 / 历史类比引用 / 神交引用,社会案件,76,3,3,1,1,中国迷信新研(3),妻、黄细金/陈朝琼妻
何劳做,学术行政,学术行政,76,2,2,2,2,求是新语(1)；千秋万岁乌鸦求是合集(1),见、院长、总统
刘锴,姻亲 / 公职人员,姻亲,76,2,2,1,1,李敖随写录前集(2),太太、夫人、嫁给、嫁给刘锴
国安人,政治人物,政治人物,76,2,2,1,2,李敖大哥大(2),总统、政府、特务
宗成鎧,司法人员 / 诉讼 / 同案狱友,司法人员,76,2,2,1,1,李敖情书集(2),法官、庭长、推事、宗成鎧
张文伯,律师代理 / 社会案件 / 诗文出处 / 学术考证引用,律师代理,76,2,2,2,2,为中国思想趋向求答案(1)；中国性研究(1),离婚、律师、国民党
彭芸,学术 / 公共论战,学术,76,2,2,2,2,世论新语(1)；求是新语(1),访问、教授、国民党、台大
李明谨,见面,见面,76,2,2,2,2,李敖快意恩仇录(1)；李敖风流自传(1),认识
石美瑜,军事人物,军事人物,76,2,2,1,1,李敖大哥大(2),律师、军法、上校、中将、老师、学生、法官、辩护
董熙,军事人物 / 历史类比引用,军事人物,76,2,2,1,1,李敖书笺集(2),见、认识、少将、司令、军长、参谋、六十八军第一任军参谋处长董熙
陈有全,司法人员,司法人员,76,2,2,1,1,李敖快意恩仇录(2),法官、判决、证人、检察官、审判长、法院、上诉
陈雅香,司法人员,司法人员,76,2,2,1,2,李敖大哥大(2),法官、审判长、女士、法院、判决、总统、选举
黄清光,司法人员,司法人员,76,2,2,1,2,李敖大哥大(2),法官、审判长、请他、先生、法院、判决、总统、选举
罗伯特雷德福,神交引用,神交引用,75,9,9,1,1,我最难忘的事和人(9),书中、像、总统
巴列维国王,政治人物 / 公共论战 / 神交引用,政治人物,75,5,5,2,2,你是景福门(4)；挑战李敖(1),政府、像
温庭筠,诗文出处,诗文出处,75,5,2,3,3,读史指南(3)；你笨蛋，你笨蛋(1)；爱情的秘密(1),见、书目作者表
都会想,神交引用,待复核,75,5,2,3,5,李敖秘密书房(3)；传统下的独白(1)；李敖文存(1),读、文学、像
余士辅,朋友 / 见面,朋友,75,4,4,1,1,大学日记后期甲集(4),朋友、关怀
张欧亚,媒体,媒体,75,4,4,1,1,李敖访谈录1990-2018(4),北大、记者、哲学
刘毅夫,军事人物,军事人物,75,3,2,3,3,李敖随写录前集(1)；李敖书启集(1)；李敖大哥大(1),将军、司令、国民党
刘永庆,军事人物 / 公职人员 / 历史类比引用 / 神交引用,军事人物,75,3,3,1,1,历史与人像(3),参谋、袁世凯为会办大臣，徐世昌为提调，刘永庆为军政司正使
刘蓬春,政治人物 / 公共论战,政治人物,75,3,3,2,2,你是景福门(2)；求是新语(1),国民党、民进党、所谓
国爱民,军事人物,军事人物,75,3,2,3,3,千秋万岁乌鸦求是合集(1)；李敖书牍集(1)；李敖笑傲江湖(1),将军、父亲
姜绍书,诗文出处 / 文艺音乐 / 历史类比引用 / 神交引用,诗文出处,75,3,3,1,1,中国艺术新研(3),杂志、姜绍书便曾批评项氏
孔克坚,公职人员 / 诗文出处 / 历史类比引用 / 神交引用,公职人员,75,3,3,1,1,中国艺术新研(3),见、孔克坚）及中丞袁涣
宁武子,政治人物 / 历史类比引用 / 神交引用,政治人物,75,3,3,1,1,中国迷信新研(3),见、使从者为宁武子臣于卫
宣布完,政治人物,政治人物,75,3,2,3,3,李敖书信集(1)；李敖笑傲江湖(1)；挑战李敖(1),委员、共产党、主义、教授
左派人,神交引用,神交引用,75,3,3,1,1,千秋万岁乌鸦求是合集(3),主义、政治、所谓、政府、国民党
张恕,文艺音乐 / 历史类比引用,文艺音乐,75,3,3,1,1,中国近代史新论(3),见、杂志、史学、民间则张恕、曹重、崔鏏之作
杜聪明,学术,学术,75,3,2,2,2,李敖书序集(2)；文化论战丹火录(1),研究、博士、学术、院长、见、见面
林颂和,律师代理 / 刑求受害 / 人权救援 / 同案狱友,律师代理,75,3,3,2,3,红色11(2)；李敖风流自传(1),刑求、杂志、律师、辩护
梁文杰,政治人物 / 媒体 / 公共论战,政治人物,75,3,3,1,1,我梦碎，所以我梦醒(3),告发、记者、报导、民进党、批评
水推舟,亲属,亲属,75,3,2,3,3,为自由招魂(1)；为历史拨云(1)；挑战李敖(1),见、母亲、总统、警备总部、主义
汤国梨,诗文出处 / 学术 / 历史类比引用,诗文出处,75,3,3,1,1,中国现代史正论(3),将军、汤国梨：《汤国梨谈章太炎》
石德馨,情治警务 / 诉讼,情治警务,75,3,3,1,1,你笨蛋，你笨蛋(3),法庭、警察、检察官、控告
石敬亭,军事人物 / 政治人物 / 历史类比引用,军事人物,75,3,3,1,1,李敖札记(3),总统、石敬亭等二十七人
谢李敖,情治警务,情治警务,75,3,2,3,3,李敖对话录(1)；李敖情书集(1)；李敖大哥大(1),警备总部、总统、党部、宣传
谢莹莹,见面,见面,75,3,3,2,2,早年日记(2)；大学日记后期甲集(1),学生、教书
费兰西,媒体 / 出版 / 神交引用,媒体,75,3,3,1,1,波波颂(3),寄给、访问
路特,政治人物 / 司法人员 / 历史类比引用 / 神交引用,政治人物,75,3,3,1,1,阳痿美国(3),总统、部长、一起、主义
那谁要,政治人物,政治人物,75,3,2,3,3,挑战李敖(1)；李敖秘密书房(1)；李敖大哥大(1),总统、台独、像、法官、律师
邹一桂,文艺音乐 / 诗文出处 / 历史类比引用 / 神交引用,文艺音乐,75,3,3,1,1,中国近代史新论(3),见、作品、邹一桂《小山画谱》
钟鸣礼,宗教人物 / 创作资料协助 / 刑求受害 / 残障人士 / 历史类比引用,宗教人物,75,3,3,1,2,中国近代史新论(3),编辑、Abel Remusat曾云
麦金尼·罗素,媒体 / 政治人物 / 政治异议者 / 历史类比引用 / 神交引用,媒体,75,3,3,1,1,阳痿美国(3),代理、记者、像
于锡来,政治人物 / 公职人员 / 党务宣传 / 选举助选 / 历史类比引用,政治人物,75,2,2,1,1,中国现代史定论(2),秘书、委员、部长、选举、侯标庆、于锡来
侯标庆,政治人物 / 公职人员 / 党务宣传 / 选举助选 / 历史类比引用,政治人物,75,2,2,1,1,中国现代史定论(2),秘书、委员、部长、选举、侯标庆、于锡来
侯秀琴,编辑 / 出版 / 创作资料协助,编辑,75,2,2,1,1,李敖书序集续集(2),主编、出版、序、侯秀琴
刘志宏,老兵士官 / 通信 / 证人见证 / 公共论战,老兵士官,75,2,2,1,1,李敖新刊(2),先生、写信、告诉我、读、情人、情书、部长
吴丽香,媒体 / 创作资料协助 / 选举助选,媒体,75,2,2,1,1,李敖书启集(2),研究、中央研究院、院长、记者、报导、市长、选举、记者吴丽香
吴启明,司法人员,司法人员,75,2,2,1,1,李敖大哥大(2),法官、审判长、法院、判决、书里
孙文燕,学术 / 通信,学术,75,2,2,2,2,李敖风流自传(1)；虽千万人，李敖往矣(1),朋友、校长、送我
张煦棠,媒体 / 见面 / 创作资料协助,媒体,75,2,2,1,1,李敖笑傲江湖(2),见、见到、访问、同学、编辑、总编辑、副总编辑、告诉我
徐端,社会案件 / 军事人物,社会案件,75,2,2,2,2,李敖风流自传(1)；李敖秘藏日记(1),共产党、政府、警察
怀疑地,出版,出版,75,2,2,2,2,千秋万岁乌鸦求是合集(1)；李敖语录(1),攻击、序、文学
李三九,社会案件 / 婚姻相关 / 诉讼 / 历史类比引用 / 神交引用,社会案件,75,2,2,1,1,历史与人像(2),妻、娶、复嫁与李三九为妻
李市长,政治人物,政治人物,75,2,2,2,2,李敖议坛哀思录(1)；千秋万岁乌鸦求是合集(1),总统、委员、市长、主席、国民党
李晓璐,媒体,媒体,75,2,2,1,1,李敖访谈录1990-2018(2),研究、博士、大学、记者、读、像、李晓璐
永延,通信 / 公共论战,通信,75,2,2,2,2,李敖文存(1)；教育与脸谱(1),先生、朋友、像、大学
池启明,司法人员 / 见面,司法人员,75,2,2,1,1,李敖议坛哀思录(2),委员、先生、院长、法官、主席、总统
管谁当,政治人物,政治人物,75,2,2,2,2,挑战李敖(1)；李敖秘密书房(1),总统、宣传、政府
萧仰归,司法人员 / 诉讼 / 公共论战,司法人员,75,2,2,1,1,李敖颠倒众生(2),法官、审判长、判决、审判长法官许文章、萧仰归、郑小康
蔡土蛋,政治人物,政治人物,75,2,2,2,2,李敖快意恩仇录(1)；李敖风流自传(1),政府、书中、主义
谷圳,亲属 / 朋友 / 创作资料协助,亲属,75,2,2,1,1,李敖笑傲江湖(2),朋友、父亲、女儿、将军、谷正文将军的大女儿谷圳
赵科长（新闻处）,公职人员 / 见面 / 称谓待考,公职人员,75,2,2,1,1,李敖札记(2),见、见到、请他、电话、文星、政府、见到赵科长
那次选,政治人物,政治人物,75,2,2,2,2,李敖议坛哀思录(1)；李敖大哥大(1),总统、请我、选举、政治、陪他、所谓
郑小康,司法人员 / 诉讼 / 公共论战,司法人员,75,2,2,1,1,李敖颠倒众生(2),法官、审判长、判决、审判长法官许文章、萧仰归、郑小康
韩桐,政治人物 / 公共论战,政治人物,75,2,2,1,1,李敖书牍集(2),打电话、电话、冤案、委员、立委、像、温士源、梁肃戎、韩桐、邵华、曹俊五位先生
高国防,监狱行政,监狱行政,75,2,2,2,2,我梦碎，所以我梦醒(1)；李敖秘密书房(1),秘书、参谋、委员、上校
黄绍祖,编辑 / 出版 / 历史类比引用,编辑,75,2,2,1,1,李敖书序集(2),编辑、主编、总编辑、党部、国民党、黄绍祖
卢文弨,诗文出处,诗文出处,74,4,2,1,1,读史指南(4),书目作者表
唐鉴,诗文出处,诗文出处,74,4,2,1,1,读史指南(4),书目作者表
李延寿,诗文出处,诗文出处,74,4,2,1,1,读史指南(4),书目作者表
玄女,宗教人物 / 神交引用,宗教人物,74,4,4,3,3,李敖对话录(2)；独白下的传统(1)；北京法源寺(1),像
王昶,诗文出处,诗文出处,74,4,2,1,1,读史指南(4),书目作者表
王禹偁,诗文出处,诗文出处,74,4,2,1,1,读史指南(4),书目作者表
苏辙,诗文出处,诗文出处,74,4,2,1,1,读史指南(4),书目作者表
郝懿行,诗文出处,诗文出处,74,4,2,1,1,读史指南(4),书目作者表
优力西斯,虚拟人物 / 小说剧本人物 / 历史类比引用 / 神交引用,虚拟人物,74,3,3,2,2,上山·上山·爱(2)；爱情的秘密(1),
何宛倩,学术 / 创作资料协助 / 公共论战 / 历史类比引用,学术,74,3,3,2,2,中国艺术新研(2)；李敖回忆录(1),蒋武雄、林慈淑、何宛倩、黄兆强、关玲玲、刘静贞、李念萱、王芝芝、廖伯源、周健、张炎宪、詹素娟、张中训十三位
何永成,学术 / 公共论战 / 历史类比引用,学术,74,3,3,2,2,中国艺术新研(2)；李敖回忆录(1),蔡学海、俞雨娣、甘怀真、胡菱兰、何永成、刘家驹、蔡玫芬、翁同文、陈清香九位
关玲玲,学术 / 创作资料协助 / 公共论战 / 历史类比引用,学术,74,3,3,2,2,中国艺术新研(2)；李敖回忆录(1),蒋武雄、林慈淑、何宛倩、黄兆强、关玲玲、刘静贞、李念萱、王芝芝、廖伯源、周健、张炎宪、詹素娟、张中训十三位
刘为育,司法人员 / 诉讼 / 创作资料协助,司法人员,74,3,3,2,2,李敖书函集(2)；李敖自传与回忆续集(1),四十八位推事
刘因,学术 / 神交引用,学术,74,3,3,2,2,读史指南(2)；独白下的传统(1),书目作者表
刘家驹,学术 / 公共论战 / 历史类比引用,学术,74,3,3,2,2,中国艺术新研(2)；李敖回忆录(1),蔡学海、俞雨娣、甘怀真、胡菱兰、何永成、刘家驹、蔡玫芬、翁同文、陈清香九位
刘浩,司法人员 / 诉讼,司法人员,74,3,3,2,2,李敖文存二集(2)；一个预备军官的日记(1),报导、推事、电话
刘静贞,学术 / 创作资料协助 / 公共论战 / 历史类比引用,学术,74,3,3,2,2,中国艺术新研(2)；李敖回忆录(1),蒋武雄、林慈淑、何宛倩、黄兆强、关玲玲、刘静贞、李念萱、王芝芝、廖伯源、周健、张炎宪、詹素娟、张中训十三位
卓茂,政治人物 / 历史类比引用 / 神交引用,政治人物,74,3,3,2,2,读史指南(2)；李敖语录(1),卓茂、谯玄不跟王莽合作
吕潮泽,司法人员 / 诉讼 / 创作资料协助,司法人员,74,3,3,2,2,李敖书函集(2)；李敖自传与回忆续集(1),四十八位推事
吴水德,同案狱友 / 刑求受害 / 人权救援,同案狱友,74,3,3,2,2,李敖书简集(2)；李敖自传与回忆续集(1),名字是廖明胤、周扬传、郭进坪、苏照男、洪茂阳、刘耀雄、吴进清、萧阿成、翁正良、王玉栋、吴水德
吴进清,同案狱友 / 刑求受害 / 人权救援,同案狱友,74,3,3,2,2,李敖书简集(2)；李敖自传与回忆续集(1),名字是廖明胤、周扬传、郭进坪、苏照男、洪茂阳、刘耀雄、吴进清、萧阿成、翁正良、王玉栋、吴水德
周健,学术 / 创作资料协助 / 公共论战 / 历史类比引用,学术,74,3,3,2,2,中国艺术新研(2)；李敖回忆录(1),蒋武雄、林慈淑、何宛倩、黄兆强、关玲玲、刘静贞、李念萱、王芝芝、廖伯源、周健、张炎宪、詹素娟、张中训十三位
周善培,创作资料协助 / 历史类比引用 / 神交引用,创作资料协助,74,3,3,1,1,中国艺术新研(3),诗、门人向楚、江翊云、郭沫若、周善培等为刊遗集
周太元,同案狱友 / 刑求受害 / 人权救援,同案狱友,74,3,3,2,2,李敖书简集(2)；李敖自传与回忆续集(1),名字是张汉旗、江林成、彭锡龙、赖鼎明、周太元、詹存贤、钟春雄、冒守康、李芳山、江荣仓、高政雄、吴宜铭、陈金皇
姚蓉轩,同学 / 朋友 / 见面,同学,74,3,3,1,1,我最难忘的事和人(3),委员、司令、先生
康康,文艺音乐 / 媒体 / 神交引用,文艺音乐,74,3,3,2,2,李敖Talk秀(2)；虽千万人，李敖往矣(1),伍佰？那康康
廖伯源,学术 / 创作资料协助 / 公共论战 / 历史类比引用,学术,74,3,3,2,2,中国艺术新研(2)；李敖回忆录(1),蒋武雄、林慈淑、何宛倩、黄兆强、关玲玲、刘静贞、李念萱、王芝芝、廖伯源、周健、张炎宪、詹素娟、张中训十三位
张弛,军事人物 / 历史类比引用,军事人物,74,3,3,2,2,李敖书牍集(2)；虚拟的十七岁(1),蒋锄欧、於达、伍诚仁、施北衡、李鸿春、陈百村、陈以忠、张弛、杨凤麟、尹呈辅、卢旭、竺鸣涛、黄质文、徐志道
张至满,学术 / 社会案件 / 公共论战,学术,74,3,3,2,2,世论新语(2)；你是景福门(1),检察官、博士、论文、报导、法务部、部长、民进党、政治
张金鉴,学术 / 公共论战,学术,74,3,3,2,2,文化论战丹火录(2)；千秋万岁乌鸦求是合集(1),教授、研究、儿子、杂志、大学、国民党
彭锡龙,同案狱友 / 刑求受害 / 人权救援,同案狱友,74,3,3,2,2,李敖书简集(2)；李敖自传与回忆续集(1),名字是张汉旗、江林成、彭锡龙、赖鼎明、周太元、詹存贤、钟春雄、冒守康、李芳山、江荣仓、高政雄、吴宜铭、陈金皇
徐珂,学术 / 诗文出处 / 学术考证引用 / 历史类比引用 / 神交引用,学术,74,3,3,2,2,历史与人像(2)；中国命研究(1),梁恭辰《北东园笔录续编》、徐珂《清稗类钞》
徐维扬,政治异议者 / 军事人物 / 历史类比引用,政治异议者,74,3,3,2,2,我最难忘的事和人(2)；第73烈士(1),见、电报、一起、攻击
徐蔚南,诗文出处 / 出版 / 历史类比引用 / 神交引用,诗文出处,74,3,3,2,2,李敖书序集(2)；李敖快意恩仇录(1),徐蔚南
戴醇士,诗文出处 / 学术考证引用 / 历史类比引用 / 神交引用,诗文出处,74,3,3,2,2,中国性研究(2)；要把金针度与人(1),戴醇士《习苦斋笔记》
文同,公职人员 / 诗文出处 / 文艺音乐 / 历史类比引用 / 神交引用,公职人员,74,3,3,2,2,读史指南(2)；中国艺术新研(1),书目作者表
李丽卿,邻居 / 社会案件,邻居,74,3,3,2,2,李敖书函集(2)；李敖书启集(1),C座之四楼（许金川）、十一楼（吴子衔）、十二楼（李丽卿）、十四楼（林世鹏）
李经迈,公职人员 / 历史类比引用 / 神交引用,公职人员,74,3,3,2,2,李敖书序集(2)；李敖语录(1),李经迈
杜本,学术 / 神交引用,学术,74,3,3,2,2,读史指南(2)；独白下的传统(1),书目作者表
杨仁寿,司法人员 / 诉讼 / 创作资料协助,司法人员,74,3,3,2,2,李敖书函集(2)；李敖自传与回忆续集(1),四十八位推事
林台南,诗文出处 / 媒体 / 政治异议者 / 公共论战,诗文出处,74,3,3,1,1,李敖书札集(3),国民党、关怀、批评、一起、警察、夫人
林慈淑,学术 / 创作资料协助 / 公共论战 / 历史类比引用,学术,74,3,3,2,2,中国艺术新研(2)；李敖回忆录(1),蒋武雄、林慈淑、何宛倩、黄兆强、关玲玲、刘静贞、李念萱、王芝芝、廖伯源、周健、张炎宪、詹素娟、张中训十三位
林耀邦,司法人员 / 诉讼 / 创作资料协助,司法人员,74,3,3,2,2,李敖书函集(2)；李敖自传与回忆续集(1),四十八位推事
梁廷琛,军事人物 / 历史类比引用,军事人物,74,3,3,1,1,李敖书笺集(3),像、梁廷琛团
江林成,同案狱友 / 刑求受害 / 人权救援,同案狱友,74,3,3,2,2,李敖书简集(2)；李敖自传与回忆续集(1),名字是张汉旗、江林成、彭锡龙、赖鼎明、周太元、詹存贤、钟春雄、冒守康、李芳山、江荣仓、高政雄、吴宜铭、陈金皇
汤姆·莎耶,虚拟人物 / 神交引用,虚拟人物,74,3,3,2,3,李敖议坛哀思录(2)；虚拟的十七岁(1),朋友、像
波义耳,科学家 / 历史类比引用 / 神交引用,科学家,74,3,3,1,1,坐牢家爸爸给女儿的八十封信(3),哲学、波义耳（Robert Boyle）
王玉栋,同案狱友 / 刑求受害 / 人权救援,同案狱友,74,3,3,2,2,李敖书简集(2)；李敖自传与回忆续集(1),名字是廖明胤、周扬传、郭进坪、苏照男、洪茂阳、刘耀雄、吴进清、萧阿成、翁正良、王玉栋、吴水德
甘怀真,学术 / 公共论战 / 历史类比引用,学术,74,3,3,2,2,中国艺术新研(2)；李敖回忆录(1),蔡学海、俞雨娣、甘怀真、胡菱兰、何永成、刘家驹、蔡玫芬、翁同文、陈清香九位
章衣萍,诗文出处 / 出版 / 历史类比引用 / 神交引用,诗文出处,74,3,3,2,2,李敖书序集(2)；李敖快意恩仇录(1),章衣萍
米高梅,学术,学术,74,3,2,3,3,教育与脸谱(1)；李敖语录(1)；一个预备军官的日记(1),学术、文学
罗通,虚拟人物,虚拟人物,74,3,3,2,2,独白下的传统(2)；大学日记后期甲集(1),
翁正良,同案狱友 / 刑求受害 / 人权救援,同案狱友,74,3,3,2,2,李敖书简集(2)；李敖自传与回忆续集(1),名字是廖明胤、周扬传、郭进坪、苏照男、洪茂阳、刘耀雄、吴进清、萧阿成、翁正良、王玉栋、吴水德
胡菱兰,学术 / 公共论战 / 历史类比引用,学术,74,3,3,2,2,中国艺术新研(2)；李敖回忆录(1),蔡学海、俞雨娣、甘怀真、胡菱兰、何永成、刘家驹、蔡玫芬、翁同文、陈清香九位
萧阿成,同案狱友 / 刑求受害 / 人权救援,同案狱友,74,3,3,2,2,李敖书简集(2)；李敖自传与回忆续集(1),名字是廖明胤、周扬传、郭进坪、苏照男、洪茂阳、刘耀雄、吴进清、萧阿成、翁正良、王玉栋、吴水德
蒋武雄,学术 / 创作资料协助 / 公共论战 / 历史类比引用,学术,74,3,3,2,2,中国艺术新研(2)；李敖回忆录(1),蒋武雄、林慈淑、何宛倩、黄兆强、关玲玲、刘静贞、李念萱、王芝芝、廖伯源、周健、张炎宪、詹素娟、张中训十三位
蔡学海,学术 / 公共论战 / 历史类比引用,学术,74,3,3,2,2,中国艺术新研(2)；李敖回忆录(1),蔡学海、俞雨娣、甘怀真、胡菱兰、何永成、刘家驹、蔡玫芬、翁同文、陈清香九位
詹存贤,同案狱友 / 刑求受害 / 人权救援,同案狱友,74,3,3,2,2,李敖书简集(2)；李敖自传与回忆续集(1),名字是张汉旗、江林成、彭锡龙、赖鼎明、周太元、詹存贤、钟春雄、冒守康、李芳山、江荣仓、高政雄、吴宜铭、陈金皇
詹素娟,学术 / 创作资料协助 / 公共论战 / 历史类比引用,学术,74,3,3,2,2,中国艺术新研(2)；李敖回忆录(1),蒋武雄、林慈淑、何宛倩、黄兆强、关玲玲、刘静贞、李念萱、王芝芝、廖伯源、周健、张炎宪、詹素娟、张中训十三位
谷正伦,军事人物 / 政治人物 / 历史类比引用,军事人物,74,3,3,2,2,李敖书牍集(2)；我梦碎，所以我梦醒(1),王懋功、谷正伦、司可庄、王长海、史文桂、徐祖诒、陈骥、曹福林、黄永安、刘汝明、刘雨卿
赖鼎明,同案狱友 / 刑求受害 / 人权救援,同案狱友,74,3,3,2,2,李敖书简集(2)；李敖自传与回忆续集(1),名字是张汉旗、江林成、彭锡龙、赖鼎明、周太元、詹存贤、钟春雄、冒守康、李芳山、江荣仓、高政雄、吴宜铭、陈金皇
赵余勋,诗文出处 / 出版 / 历史类比引用 / 神交引用,诗文出处,74,3,3,2,2,李敖书序集(2)；李敖快意恩仇录(1),赵余勋
郑有田,司法人员 / 诉讼 / 创作资料协助,司法人员,74,3,3,2,2,李敖书函集(2)；李敖自传与回忆续集(1),四十八位推事
钟春雄,同案狱友 / 刑求受害 / 人权救援,同案狱友,74,3,3,2,2,李敖书简集(2)；李敖自传与回忆续集(1),名字是张汉旗、江林成、彭锡龙、赖鼎明、周太元、詹存贤、钟春雄、冒守康、李芳山、江荣仓、高政雄、吴宜铭、陈金皇
钟鼎文,媒体 / 出版 / 党务宣传 / 公共论战,媒体,74,3,3,2,2,为自由招魂(2)；一个预备军官的日记(1),编辑、发行、请他、总编辑
陈荫华,政治人物 / 见面,政治人物,74,3,3,2,3,李敖议坛哀思录(2)；李敖风流自传(1),秘书、委员
陈霸先,军事人物 / 政治人物 / 历史类比引用 / 神交引用,军事人物,74,3,3,2,2,读史指南(2)；中国命研究(1),宋被军人萧道成所篡；齐被军人萧衍所篡；梁被军人陈霸先所篡
陶振声,司法人员 / 诉讼 / 创作资料协助,司法人员,74,3,3,2,2,李敖书函集(2)；李敖自传与回忆续集(1),四十八位推事
鲁德照,宗教人物 / 刑求受害 / 历史类比引用 / 神交引用,宗教人物,74,3,3,1,2,中国近代史新论(3),鲁德照如同囚徒一般、政治
黄文炳,虚拟人物,虚拟人物,74,3,3,2,2,独白下的传统(2)；你笨蛋，你笨蛋(1),诗
黄炎成,司法人员 / 诉讼 / 创作资料协助,司法人员,74,3,3,2,2,李敖书函集(2)；李敖自传与回忆续集(1),四十八位推事
CM,情感 / 见面 / 称谓待考,情感,74,2,2,1,2,大学日记后期乙集(2),CM
CP（李敖书翰集）,通信 / 公共论战 / 称谓待考,通信,74,2,2,1,1,李敖书翰集(2),回LHH和CP的信、LHH/CP：
LHH（李敖书翰集）,通信 / 公共论战 / 称谓待考,通信,74,2,2,1,1,李敖书翰集(2),回LHH和CP的信、LHH/CP：
LW（李敖情书集）,情感 / 通信 / 称谓待考,情感,74,2,2,1,1,李敖情书集(2),给LW、LW：
N. Joel Smith,财产债务 / 财产信托 / 通信,财产债务,74,2,2,1,1,李敖书简集(2),中国信托公司”各董事的信、N. Joel Smith先生、安田信先生
WJJ（李敖书翰集）,通信 / 公共论战 / 称谓待考,通信,74,2,2,1,1,李敖书翰集(2),回WJJ的信、WJJ：
严重（立三）,军事人物 / 师生 / 公职人员 / 历史类比引用,军事人物,74,2,2,1,1,中国现代史定论(2),黄埔总队长严重（立三）是他老师、陈诚告诉王仲廉，说严重
中央日报案法官（五五日记）,司法人员 / 诉讼 / 称谓待考,司法人员,74,2,2,1,2,李敖五五日记(2),法官关掉录音机、法官一句听候核办
亚历山大大帝,政治人物 / 军事人物 / 历史类比引用 / 神交引用,政治人物,74,2,2,1,2,坐牢家爸爸给女儿的八十封信(2),亚历山大：Alexander、Gordian knot
介之推,政治人物 / 被害人 / 社会案件 / 历史类比引用 / 神交引用,政治人物,74,2,2,1,2,中国迷信新研(2),介之推至忠也，自割其股，以食文公、岂减介之推、安金藏哉
仪我诚也,军事人物 / 公职人员 / 历史类比引用,军事人物,74,2,2,1,1,中国现代史正论(2),关东军代表是藤原保明，参加员是仪我诚也、柴山兼四郎、因对方仪我、柴山晋谒黄委员长
伊丽莎白一世,政治人物 / 历史类比引用 / 神交引用,政治人物,74,2,2,1,2,坐牢家爸爸给女儿的八十封信(2),女王伊丽莎白一世
何传,财产债务 / 财产信托 / 通信,财产债务,74,2,2,1,1,李敖书简集(2),中国信托公司”各董事的信、监察人王祝康先生、林挺生先生、林自西先生、何传先生、颜惠忠先生
俊郎（李敖书翰集）,通信 / 出版 / 财产债务 / 称谓待考,通信,74,2,2,1,1,李敖书翰集(2),俊郎先生：、王荣文先生
俞国华夫人（为历史拨云）,婚姻相关 / 公共论战,婚姻相关,74,2,2,1,1,为历史拨云(2),访问、夫人、俞夫人，《联合报》
信义路派出所主管（李敖书札集）,情治警务 / 公职人员 / 通信 / 称谓待考,情治警务,74,2,2,1,2,李敖书札集(2),信义路派出所主管先生
傅正女教授（李敖书函集）,学术 / 政治异议者 / 创作资料协助 / 称谓待考,学术,74,2,2,1,1,李敖书函集(2),介绍傅正生平和志业的女教授
傅理,出版 / 创作资料协助 / 见面,出版,74,2,2,1,1,李敖秘藏日记(2),小麦、傅理、傅理代远流送书
全国图书展撤书工作人员（李敖书函集）,出版管制 / 创作资料协助 / 称谓待考,出版管制,74,2,2,1,1,李敖书函集(2),新闻局长邵玉铭主持下、工作人员在新闻局长邵玉铭主持下
八舅（坐牢家爸爸）,亲属 / 创作资料协助 / 称谓待考,亲属,74,2,2,1,2,坐牢家爸爸给女儿的八十封信(2),八舅给你们的汇款情形、由八舅转来妈妈给爸爸的信
六小姐（五五日记）,亲属 / 见面 / 称谓待考,亲属,74,2,2,1,2,李敖五五日记(2),在Alice家与大革、六小姐晚饭、石锦、大革、六小姐等家庭聚餐
列佛瑞克,政治人物 / 财产债务 / 历史类比引用 / 神交引用,政治人物,74,2,2,1,1,中国性研究(2),戈迪瓦夫人（Lady Godiva）、丈夫叫列佛瑞克
刘小姐（李敖书札集）,通信 / 创作资料协助 / 称谓待考,通信,74,2,2,1,1,李敖书札集(2),刘小姐的长途电话、刘小姐转给我
刘建豪,媒体,媒体,74,2,2,1,1,李敖访谈录1990-2018(2),记者、报导、刘建豪
刘文潭,师生,师生,74,2,2,1,1,千秋万岁乌鸦求是合集(2),教授、杂志、台大、国民党、像
刘煥宇,司法人员 / 诉讼 / 公共论战,司法人员,74,2,2,1,1,李敖书信集(2),法官、马元枢、刘煥宇、杨秉钺、孙森焱、陈计男法官
刘纲纪,学术 / 诗文出处 / 公共论战,学术,74,2,2,1,1,李敖随写录后集(2),教授、大学、哲学、刘纲纪
刘连长（党与法）,军事人物 / 刑求人员 / 社会案件 / 历史类比引用,军事人物,74,2,2,1,1,中国现代史正论(2),时刘连长在旁、郑法官恐生意外
刘铭龙,政治人物 / 创作资料协助 / 诉讼 / 公共论战,政治人物,74,2,2,1,1,李敖书序集续集(2),土地、法院、告发、政府、刘铭龙
刘雅轩,看守戒护 / 刑求人员,看守戒护,74,2,2,1,1,李敖书简集(2),绑担架、法务部、课员、主持人是二教区课员刘雅轩
包法利,通信,通信,74,2,2,1,1,一个预备军官的日记(2),夫人、来信、读、主义
北人无择,历史类比引用 / 政治异议者 / 神交引用,历史类比引用,74,2,2,1,1,为历史拨云(2),北人（复姓）无择、北人无择原来是有择
华伦·比蒂,文艺音乐 / 历史类比引用 / 神交引用,文艺音乐,74,2,2,1,1,李敖对话录(2),一起、女友、华伦比提
卡彭特,诗文出处 / 公共论战 / 历史类比引用 / 神交引用,诗文出处,74,2,2,1,2,历史与人像(2),卡彭特（Edward Carpenter）
叶洪江,亲属 / 婚姻相关,亲属,74,2,2,1,1,李敖随写录前集(2),请我、送我、女儿、嫁给、情书、像、叶洪江
吴在刚,朋友 / 见面,朋友,74,2,2,1,1,大学日记后期甲集(2),老师、吴在刚
周合源,政治人物,政治人物,74,2,2,1,1,李敖大哥大(2),主席、秘书、委员、部长、像
周姓难友（李敖书牍集）,同案狱友 / 政治异议者 / 被害人 / 称谓待考,同案狱友,74,2,2,1,1,李敖书牍集(2),有一位姓周的难友在国民党中央党部工作、周宏涛（今行政院政务委员）的侄子
周慧婷,媒体 / 创作资料协助 / 公共论战,媒体,74,2,2,1,1,李敖书启集(2),记者、采访、小姐、贵公司记者周慧婷小姐
周梦江,媒体 / 创作资料协助 / 历史类比引用,媒体,74,2,2,1,1,李敖书序集续集(2),见、遇见、记者、周梦江
周访,军事人物 / 政治人物 / 历史类比引用 / 神交引用,军事人物,74,2,2,1,1,中国迷信新研(2),陶侃微时，丁艰，将葬、以所指别山与访
周鲠生,学术 / 通信 / 公共论战,学术,74,2,2,1,1,李敖札记(2),写信、序、胡适写信给周鲠生
和解条,律师代理,律师代理,74,2,2,2,2,李敖自传与回忆续集(1)；挑战李敖(1),审判长、律师、委由、去函、问我、法官
哈同,资金支持 / 历史类比引用,资金支持,74,2,2,1,1,中国近代史新论(2),哈同罗迦陵方面，捐助巨款、哈同和他夫人罗迦陵女士搞钱
哈泼,出版 / 历史类比引用 / 神交引用,出版,74,2,2,1,2,李敖报刊集(2),哈泼杂志
唐家宜,财产债务 / 诉讼 / 证人见证,财产债务,74,2,2,1,1,李敖书信集(2),房地、本院、代理、先生、在台代理人唐家宜
四姑（李敖书翰集）,亲属 / 称谓待考,亲属,74,2,2,1,1,李敖书翰集(2),四姑在香港的地址、孟能即赴香港
四婆（杨朴妻）,亲属 / 诗文出处 / 历史类比引用 / 神交引用 / 称谓待考,亲属,74,2,2,1,1,李敖书牍集(2),隐士杨朴被征召时，对宋真宗背的老妻送别诗、陆游跋说“四婆”就是杨朴的老婆
圣埃德蒙,宗教人物 / 诗文出处 / 神交引用,宗教人物,74,2,2,1,1,大学札记(2),圣埃德蒙
墨尔林,学术 / 政治异议者 / 历史类比引用 / 神交引用,学术,74,2,2,1,1,李敖书牍集(2),考茨基、墨尔林、朴列哈诺夫、卢森堡
夏珍,诗文出处 / 媒体 / 出版,诗文出处,74,2,2,1,1,李敖书序集续集(2),夏珍
夏甸,军事人物 / 公共论战,军事人物,74,2,2,1,1,李敖Talk秀(2),夏甸将军
夏辰,媒体,媒体,74,2,2,1,1,李敖访谈录1990-2018(2),撰稿｜张　英　夏　辰、张　英　夏　辰
大姐（李敖书函集）,亲属 / 通信 / 称谓待考,亲属,74,2,2,1,1,李敖书函集(2),大姐：、你和姐夫等来台湾探亲
大宗函件收件人（李敖书翰集）,出版 / 通信 / 称谓待考,出版,74,2,2,1,1,李敖书翰集(2),新著四百三十四件、甚多收件人未能收到
大宝法师,宗教人物 / 创作资料协助 / 公共论战,宗教人物,74,2,2,1,1,李敖笑傲江湖(2),关键在星云法师、大宝向他告解
大革（五五日记）,亲属 / 见面 / 称谓待考,亲属,74,2,2,1,2,李敖五五日记(2),在Alice家与大革、六小姐晚饭、石锦、大革、六小姐等家庭聚餐
夷齐（李敖书翰集）,通信 / 朋友 / 称谓待考,通信,74,2,2,1,1,李敖书翰集(2),答夷齐、夷齐先生：
奚士本,社会案件 / 亲属 / 历史类比引用 / 神交引用,社会案件,74,2,2,1,1,中国迷信新研(2),奚缉营，字圣辉、父士本，以孝旌
奥德修斯,虚拟人物 / 小说剧本人物 / 历史类比引用 / 神交引用,虚拟人物,74,2,2,1,1,坐牢家爸爸给女儿的八十封信(2),大英雄是Odysseus、老婆Penelope
姚老师（李敖书翰集）,学术 / 通信 / 称谓待考,学术,74,2,2,1,1,李敖书翰集(2),老师、姚老师
孙善治,亲属 / 诉讼 / 创作资料协助 / 公共论战,亲属,74,2,2,1,1,李敖笑傲江湖(2),亲戚孙善治先生、最聪明的男人”谢长廷
孙陵女友（李敖书翰集）,情感 / 通信 / 称谓待考,情感,74,2,2,1,1,李敖书翰集(2),他先提到他的一位女朋友、生命中唯一的一位‘女友’
孝实先生（台糖公司）,创作资料协助 / 历史类比引用 / 称谓待考,创作资料协助,74,2,2,1,1,李敖书牍集(2),孝实代总经理、辞修、孝实两位先生
孟代牧师,虚拟人物 / 小说剧本人物 / 宗教人物 / 历史类比引用,虚拟人物,74,2,2,1,1,中国命研究(2),易卜生的群鬼、孟代牧师
守规（常真子）,社会案件 / 亲属 / 历史类比引用 / 神交引用,社会案件,74,2,2,1,1,中国迷信新研(2),常真，陈州项城人、次子守规徒跣
宋姓友人（李敖书翰集）,朋友 / 通信 / 称谓待考,朋友,74,2,2,1,1,李敖书翰集(2),姓宋的回来、CY托我带来一封信
小罗克韦尔,诗文出处 / 历史类比引用 / 神交引用,诗文出处,74,2,2,1,1,李敖书函集(2),小罗克韦尔（Willard F. Rockwell Jr.）、罗氏之子小罗克韦尔
小羊,情感 / 见面 / 称谓待考,情感,74,2,2,1,2,大学日记后期乙集(2),小羊
小邱,通信 / 创作资料协助 / 见面 / 称谓待考,通信,74,2,2,1,2,李敖秘藏日记(2),南榕托小邱送花、小邱来电
小钊（软禁残记）,见面 / 称谓待考,见面,74,2,2,1,1,李敖秘藏日记(2),小钊来
小风,媒体 / 诗文出处 / 公共论战,媒体,74,2,2,1,1,李敖对话录(2),小风
小麦,出版 / 创作资料协助 / 见面 / 称谓待考,出版,74,2,2,1,2,李敖秘藏日记(2),小麦、傅理、小麦、小苏
尹铎,亲属 / 被害人 / 证人见证 / 创作资料协助 / 公共论战,亲属,74,2,2,1,2,李敖颠倒众生(2),公公尹铎先生、尹清枫先生的父亲尹铎
崔瑞洲,同案狱友 / 证人见证 / 刑求受害,同案狱友,74,2,2,1,1,李敖书简集(2),检察官、管理员、出狱的崔瑞洲、李绍成、张华盛
嵯峨浩子,亲属 / 历史类比引用 / 神交引用,亲属,74,2,2,1,1,李敖书序集(2),嵯峨浩子
巨然,文艺音乐 / 宗教人物 / 历史类比引用 / 神交引用,文艺音乐,74,2,2,1,1,中国艺术新研(2),巨然《溪山兰若图》
常赉,政治人物 / 公职人员 / 创作资料协助 / 历史类比引用 / 神交引用,政治人物,74,2,2,1,1,中国迷信新研(2),李盛山，福建罗源人、巡抚常赉疏请旌
幸当选,政治人物,政治人物,74,2,2,2,2,挑战李敖(1)；李敖颠倒众生(1),总统、告诉我、像
庄月铭,财产债务 / 社会案件 / 创作资料协助,财产债务,74,2,2,1,1,李敖书启集(2),法院、诬告、委员、女士、副本收受者：水晶大厦管理委员陈秋子、徐进业、庄月鈱、赖添云、李俊科、黎兰、刘运发、蔡国盛、郑文信
张倍绮,媒体,媒体,74,2,2,1,1,李敖访谈录1990-2018(2),记者、报导、记者张倍绮
张欢,媒体,媒体,74,2,2,1,1,李敖访谈录1990-2018(2),张欢发自台北、记者：万静波、张欢
张烈老,称谓待考 / 朋友,称谓待考,74,2,2,2,2,李敖快意恩仇录(1)；千秋万岁乌鸦求是合集(1),交情、先生、国民党
张绍文父亲（李敖书翰集）,亲属 / 称谓待考,亲属,74,2,2,1,1,李敖书翰集(2),复张绍文论讣帖改革、尊大人去世
张英,媒体,媒体,74,2,2,1,1,李敖访谈录1990-2018(2),撰稿｜张　英　夏　辰、张　英　夏　辰
张诗源,诗文出处 / 出版 / 司法人员,诗文出处,74,2,2,1,1,李敖书信集(2),见、发行、出版品、出版、杂志、政府、诗、张诗源《出版法之理论与实用》
彼得,宗教人物 / 历史类比引用 / 神交引用,宗教人物,74,2,2,1,2,坐牢家爸爸给女儿的八十封信(2),Rob Peter to pay Paul
彼得曾格,媒体 / 出版 / 人权救援 / 历史类比引用 / 神交引用,媒体,74,2,2,1,1,李敖报刊集(2),彼得曾格
徐堪,政治人物 / 公职人员 / 财产债务 / 历史类比引用,政治人物,74,2,2,1,1,李敖书牍集(2),财政部长徐堪
徐小姐（李敖书函集）,通信 / 创作资料协助 / 称谓待考,通信,74,2,2,1,1,李敖书函集(2),徐小姐转来你2月6日在德国写来的信、徐小姐即将返德
徐老头（给马戈）,称谓待考 / 公共论战,称谓待考,74,2,2,1,1,给马戈的五十封信(2),儿子、博士、法院、像、徐老头子毁谤
戴颂仪,情治警务 / 军事人物,情治警务,74,2,2,1,1,我最难忘的事和人(2),教授、朋友、大学、见、先生
方志敏,政治人物 / 军事人物 / 历史类比引用 / 神交引用,政治人物,74,2,2,1,1,李敖书牍集(2),《彻底剿灭方“酋”志敏部
施庆堂,司法人员 / 诉讼 / 财产债务 / 公共论战,司法人员,74,2,2,1,1,李敖笑傲江湖(2),检察官、起诉、总统、检察官大名叫做施庆堂
晋侯,政治人物 / 医疗照护 / 历史类比引用 / 称谓待考 / 神交引用,政治人物,74,2,2,1,1,中国迷信新研(2),桑田地方的巫人请教、秦国派名叫“缓”的医生去治
晏（常真子）,社会案件 / 亲属 / 医疗照护 / 历史类比引用 / 神交引用,社会案件,74,2,2,1,1,中国迷信新研(2),常真，陈州项城人、子晏割股肉以养母
曹先生（联合报校对）,媒体 / 通信 / 创作资料协助 / 称谓待考,媒体,74,2,2,1,1,李敖书翰集(2),校对曹先生、某外国人征求李敖全部著作
曹汤三,公共论战 / 神交引用,公共论战,74,2,2,2,2,传统下的再白(1)；千秋万岁乌鸦求是合集(1),国民党、读、朋友
曾桂香,司法人员 / 诉讼,司法人员,74,2,2,2,2,李敖快意恩仇录(1)；千秋万岁乌鸦求是合集(1),序、法院、判决、上诉、法官、推事
本杰明·哈里森,政治人物 / 主剧情人物 / 小说剧本人物 / 历史类比引用,政治人物,74,2,2,1,2,阳痿美国(2),见、律师、辩护、总统
朱兴一,媒体 / 创作资料协助 / 公共论战,媒体,74,2,2,1,1,李敖书启集(2),电话、记者、采访、封杀、摄影记者朱兴一
朱廷章,财产债务,财产债务,74,2,2,1,1,千秋万岁乌鸦求是合集(2),读、先生、财产、政治、代理
朱达（拦路告状案）,社会案件 / 财产债务,社会案件,74,2,2,1,1,为历史拨云(2),情人、先生、邻居朱达先生
朴列哈诺夫,学术 / 政治异议者 / 历史类比引用 / 神交引用,学术,74,2,2,1,1,李敖书牍集(2),考茨基、墨尔林、朴列哈诺夫、卢森堡
李卓吾,诗文出处 / 历史类比引用 / 神交引用,诗文出处,74,2,2,1,1,李敖书序集(2),李卓吾
李怡,媒体 / 政治异议者 / 通信 / 公共论战,媒体,74,2,2,1,1,李敖书笺集(2),见、电话、见证、12月8日由穗直拨电话给李怡
李抱忱,诗文出处 / 出版 / 文艺音乐,诗文出处,74,2,2,1,1,李敖书翰集(2),杂志、文星、博士、先生、李抱忱先生
李敖三姐（坐牢家爸爸）,亲属 / 创作资料协助 / 称谓待考,亲属,74,2,2,1,2,坐牢家爸爸给女儿的八十封信(2),三姑三姑父在师范大学时的文学院院长、台北三姑（我三姐）家
李敖四姐夫（坐牢家爸爸）,亲属 / 创作资料协助 / 称谓待考,亲属,74,2,2,1,2,坐牢家爸爸给女儿的八十封信(2),四姑父是“一家之主”、四姑父四姑会有这唱片
李敖四姐（坐牢家爸爸）,亲属 / 创作资料协助 / 称谓待考,亲属,74,2,2,1,2,坐牢家爸爸给女儿的八十封信(2),四姑父四姑会有这唱片、住四姑（我四姐）等家
李敖大妹（坐牢家爸爸）,亲属 / 创作资料协助 / 称谓待考,亲属,74,2,2,1,2,坐牢家爸爸给女儿的八十封信(2),妈妈是New Yorker、六姑（我大妹）家
李日章,学术 / 选举助选,学术,74,2,2,1,1,李敖随写录前集(2),教授、像、李日章
李明骏,诉讼,诉讼,74,2,2,1,1,李敖大哥大(2),法院、判决、本院
李益智,军事人物 / 历史类比引用,军事人物,74,2,2,1,1,李敖书笺集(2),七十四师李师长向我报告、师长李益智
李耳,诗文出处 / 学术 / 历史类比引用 / 神交引用,诗文出处,74,2,2,1,1,李敖书序集(2),李耳
李陵,军事人物 / 历史类比引用 / 政治异议者 / 神交引用,军事人物,74,2,2,1,1,大学札记(2),李陵
杜瓦利埃,政治人物 / 公共论战,政治人物,74,2,2,1,1,李敖札记(2),杜瓦利埃
杨俊,姻亲 / 学术 / 历史类比引用,姻亲,74,2,2,1,1,中国近代史新论(2),一起、嫁给、陈撷芬后来嫁给杨俊
杨坚,政治人物 / 公职人员 / 历史类比引用 / 神交引用,政治人物,74,2,2,1,1,中国迷信新研(2),隋文帝第二子杨广做皇太子时，陷害老四杨秀、请西岳华山慈父圣母神兵
杨增悌,朋友 / 见面,朋友,74,2,2,2,2,爱情的秘密(1)；李敖的情诗(1),告诉我、诗
杨照讲,司法人员,司法人员,74,2,2,1,1,李敖大哥大(2),法官、像
杨羊,通信,通信,74,2,2,1,1,早年日记(2),写信、见、电话
林宗高,司法人员 / 诉讼,司法人员,74,2,2,1,1,李敖新刊(2),书记官
林海音女儿（李敖书翰集）,亲属 / 通信 / 称谓待考,亲属,74,2,2,1,1,李敖书翰集(2),你家的小姐、小女儿周记事
林琬绯,媒体,媒体,74,2,2,1,1,李敖访谈录1990-2018(2),记者、报导、政府、林琬绯
柴山兼四郎,军事人物 / 公职人员 / 历史类比引用,军事人物,74,2,2,1,1,中国现代史正论(2),关东军代表是藤原保明，参加员是仪我诚也、柴山兼四郎、因对方仪我、柴山晋谒黄委员长
桑原隲藏,学术 / 诗文出处 / 学术考证引用 / 历史类比引用 / 神交引用,学术,74,2,2,1,2,读史指南(2),桑原隲藏博士之《中国研究者之任务》、中外学人如L·翟理思、桑原隲藏、胡适、梁启超、俞照、泷泽俊亮、牟润孙
桓魋,政治人物 / 军事人物 / 历史类比引用 / 神交引用,政治人物,74,2,2,1,1,中国迷信新研(2),宋司马桓魋欲杀孔子、遭宋桓司马将要而杀之
楚炳勋,军事人物 / 见面,军事人物,74,2,2,1,1,一个预备军官的日记(2),楚炳勋
樊家忠,学术 / 见面 / 创作资料协助,学术,74,2,2,1,1,李敖随写录后集(2),台大与二二八、樊家忠
樊教主,宗教人物 / 社会案件 / 历史类比引用 / 称谓待考,宗教人物,74,2,2,1,2,中国迷信新研(2),盖闻豫瞎子言，樊教主割教妇阴
比阳主,政治人物 / 亲属 / 历史类比引用 / 神交引用,政治人物,74,2,2,1,2,中国迷信新研(2),与母比阳主谋陷宋氏
求是报出资商人（合称）,资金支持 / 创作资料协助 / 出版 / 称谓待考,资金支持,74,2,2,1,1,李敖报刊集(2),两位商人托好友张坤山先生介绍、出资约我办报
汪日昂,社会案件 / 亲属 / 医疗照护 / 历史类比引用 / 神交引用,社会案件,74,2,2,1,1,中国迷信新研(2),汪灏，江南休宁人、晨、日昂、日昇，其弟也
汪日昇,社会案件 / 亲属 / 医疗照护 / 历史类比引用 / 神交引用,社会案件,74,2,2,1,1,中国迷信新研(2),汪灏，江南休宁人、晨、日昂、日昇，其弟也
汪晨,社会案件 / 亲属 / 医疗照护 / 历史类比引用 / 神交引用,社会案件,74,2,2,1,1,中国迷信新研(2),汪灏，江南休宁人、晨、日昂、日昇，其弟也
淳于髡,历史类比引用 / 神交引用,历史类比引用,74,2,2,1,1,李敖书序集(2),淳于髡
清峰,通信 / 创作资料协助 / 称谓待考,通信,74,2,2,1,1,李敖秘藏日记(2),清峰《中央日报》、她转给陈履安
爱云芬芝,文艺音乐 / 媒体 / 历史类比引用,文艺音乐,74,2,2,1,1,李敖书笺集(2),爱云芬芝与鹰哥摩圣诺、小偷卡拉普的女友
特里戈,宗教人物 / 诗文出处 / 学术 / 历史类比引用 / 神交引用,宗教人物,74,2,2,1,1,中国近代史新论(2),Abel Remusat曾云、法国人特里戈（Nicolas Trigault）
王昇（开封教授）,亲属 / 学术 / 历史类比引用 / 神交引用,亲属,74,2,2,1,1,中国迷信新研(2),教授、妻、教授王昇继室
王继锋,通信,通信,74,2,2,1,1,李敖书启集(2),出版社、出版、先生、见、来信、教授、研究、写信
王绰中,媒体,媒体,74,2,2,1,1,李敖访谈录1990-2018(2),北大、记者、报导、委员、读、记者王绰中
王翰（南宫割目）,社会案件 / 亲属 / 医疗照护 / 历史类比引用 / 神交引用,社会案件,74,2,2,1,1,中国迷信新研(2),吕昇，莱州人、冀州南宫人王翰
王藻,学术 / 公职人员 / 历史类比引用 / 神交引用,学术,74,2,2,1,1,中国性研究(2),阮元主会试、房考王藻
王顺,编辑 / 出版 / 媒体 / 公共论战,编辑,74,2,2,1,1,李敖书笺集(2),学生、编辑、台大、郭正昭、陈少廷、王顺、王晓波
甘地夫人,政治人物 / 亲属 / 历史类比引用 / 创作资料协助 / 神交引用,政治人物,74,2,2,1,1,坐牢家爸爸给女儿的八十封信(2),后来的甘地夫人、Letters from a Father to His Daughter
田妈妈,亲属,亲属,74,2,2,2,2,李敖议坛哀思录(1)；李敖秘藏日记(1),妈妈、女儿、太太、父亲、国民党
田炳麟,司法人员,司法人员,74,2,2,1,1,李敖大哥大(2),检察官、起诉、总统、像
石志泉,司法人员 / 公职人员 / 政治人物 / 历史类比引用,司法人员,74,2,2,1,1,中国现代史定论(2),院长、法官、法院、委员、司法院长王宠惠同志，副院长石志泉
石肇基,情治警务 / 诉讼 / 公共论战,情治警务,74,2,2,1,1,李敖大哥大(2),犯罪调查科长翁祖焯、犯罪侦防科长陈长武及调查员石肇基、翁祖焯、石兆基等人
科尔儒夫人,诗文出处 / 历史类比引用 / 神交引用,诗文出处,74,2,2,1,1,李敖书序集续集(2),Mme. de Cornuel、科尔儒夫人
章全启,社会案件 / 亲属 / 医疗照护 / 历史类比引用 / 神交引用,社会案件,74,2,2,1,1,中国迷信新研(2),章全益，梓州涪城人、全启刲股膳母而愈
笛福,诗文出处 / 历史类比引用 / 神交引用,诗文出处,74,2,2,1,1,坐牢家爸爸给女儿的八十封信(2),《鲁滨逊漂流记》、作者笛福
简律师（五五日记）,律师代理 / 诉讼 / 见面 / 称谓待考,律师代理,74,2,2,1,1,李敖五五日记(2),简律师来电、简律师带蒋渭川家姐妹来
米登道甫,科学家 / 探险航行 / 诗文出处 / 历史类比引用,科学家,74,2,2,1,1,中国近代史新论(2),科学家米登道甫、米登道甫、克洛包得金
绍英,公职人员 / 政治人物 / 被害人 / 历史类比引用,公职人员,74,2,2,1,1,中国近代史新论(2),载泽、绍英都受了伤，伍廷芳耳朵也受了伤、以尚其亨、李盛铎代替徐世昌、绍英
继梅（李敖书翰集）,朋友 / 通信 / 称谓待考,朋友,74,2,2,1,1,李敖书翰集(2),致黄三、继梅、三三、继梅：
罗伯特·托德·林肯,亲属 / 政治人物 / 历史类比引用 / 神交引用,亲属,74,2,2,1,1,阳痿美国(2),儿子、部长
罗区队长,军事人物 / 见面 / 称谓待考,军事人物,74,2,2,1,1,一个预备军官的日记(2),罗区队长
罗杰华汀,文艺音乐 / 历史类比引用 / 神交引用,文艺音乐,74,2,2,1,1,李敖对话录(2),罗渣华汀、罗杰华汀
罗鉴龙,通信 / 神交引用,通信,74,2,2,1,1,李敖全集(2),写信、序、请他、秘书
羊舌职,政治人物 / 历史类比引用 / 神交引用,政治人物,74,2,2,1,1,为历史拨云(2),儿子、羊舌职死了
肃顺,政治人物 / 历史类比引用 / 神交引用,政治人物,74,2,2,1,1,中国命研究(2),联合慈安太后和恭亲王、杀了肃顺
胡实（胡伴侣父）,亲属 / 医疗照护 / 历史类比引用 / 神交引用,亲属,74,2,2,1,1,中国迷信新研(2),胡伴侣，钧州密县人、其父实尝患心疾数月
自来水厂三位职员（李敖书翰集）,公职人员 / 诉讼 / 称谓待考,公职人员,74,2,2,1,1,李敖书翰集(2),贵厂三位职员驾到、派来三个人
良弼,军事人物 / 政治人物 / 被害人 / 历史类比引用,军事人物,74,2,2,1,1,中国近代史新论(2),彭家珍的成长过程和炸良弼、在北京刺杀清军统帅良弼
范静生,学术行政 / 学术 / 诗文出处 / 历史类比引用 / 神交引用,学术行政,74,2,2,1,1,历史与人像(2),大学、学生、教授、先生
菊人（李敖书札集）,通信 / 出版 / 称谓待考,通信,74,2,2,1,2,李敖书札集(2),菊人兄：
萧信,通信,通信,74,2,2,1,2,一个预备军官的日记(2),寄给、攻击、所长
董大夫（五五日记）,医疗照护 / 见面 / 称谓待考,医疗照护,74,2,2,1,2,李敖五五日记(2),照董大夫嘱、去看董大夫
董安丹,律师代理 / 诉讼,律师代理,74,2,2,1,1,李敖对话录(2),董安丹
董茂堂,通信,通信,74,2,2,1,1,中国近代史新论(2),回信、告诉董茂堂、许吕肖、钮惕生
董霖,政治人物 / 党务宣传 / 公共论战 / 历史类比引用,政治人物,74,2,2,1,1,中国现代史定论(2),记者、记者招待会、主席、党部、国民党、董霖主席报告
蒲柏,诗文出处 / 历史类比引用 / 神交引用,诗文出处,74,2,2,1,1,坐牢家爸爸给女儿的八十封信(2),Alexander Pope
蓬巴杜夫人,历史类比引用 / 文艺音乐 / 神交引用,历史类比引用,74,2,2,1,1,坐牢家爸爸给女儿的八十封信(2),夫人、政治、文学、名字是蓬巴杜夫人
蔡嘉寅,学术 / 通信 / 公共论战,学术,74,2,2,1,1,李敖书简集(2),教授、委员、教授协会会长蔡嘉寅
蔡武,政治人物 / 公职人员 / 通信 / 出版,政治人物,74,2,2,1,1,李敖书信集(2),2010年致蔡武、蔡武部长
袁排长,军事人物 / 见面 / 称谓待考,军事人物,74,2,2,1,1,一个预备军官的日记(2),写信、袁排长
西尔维娅·克里斯泰尔,文艺音乐 / 历史类比引用 / 神交引用,文艺音乐,74,2,2,1,1,李敖书牍集(2),演艾曼纽夫人（Emmanuelle）的Sylvia Kristel专集、Sylvia Kristel
警备总司令部看管人员（李敖书翰集）,情治警务 / 机构警卫 / 人权救援 / 称谓待考,情治警务,74,2,2,1,1,李敖书翰集(2),警备总司令部出面、彭明敏偷渡
谢卫平,司法人员,司法人员,74,2,2,1,1,李敖大哥大(2),检察官
谢潘桂兰,社会案件 / 被害人 / 公共论战,社会案件,74,2,2,1,1,为历史拨云(2),苗栗镇民谢潘桂兰母女、亡夫谢锦春
谢蕙莲,媒体,媒体,74,2,2,1,1,李敖访谈录1990-2018(2),记者、报导、政治、谢蕙莲
豫瞎子,宗教人物 / 创作资料协助 / 历史类比引用 / 称谓待考,宗教人物,74,2,2,1,2,中国迷信新研(2),盖闻豫瞎子言，樊教主割教妇阴
费边将军,军事人物 / 政治人物 / 历史类比引用 / 神交引用,军事人物,74,2,2,1,1,坐牢家爸爸给女儿的八十封信(2),Quintus Fabius Maximus
赫拉克勒斯,虚拟人物 / 宗教人物 / 历史类比引用 / 神交引用,虚拟人物,74,2,2,1,2,坐牢家爸爸给女儿的八十封信(2),Centaur叫Nessus、叫Heracles
跟监治安人员（李敖书翰集）,情治警务 / 机构警卫 / 人权救援 / 称谓待考,情治警务,74,2,2,1,1,李敖书翰集(2),附近治安人员云集、台湾特工这样明目张胆
载泽,公职人员 / 政治人物 / 被害人 / 历史类比引用,公职人员,74,2,2,1,1,中国近代史新论(2),派徐世昌（时已内调）、伍廷芳、载泽、端方、戴鸿慈等五大臣、载泽、绍英都受了伤，伍廷芳耳朵也受了伤
辜濂松,财产债务 / 财产信托 / 通信 / 公共论战,财产债务,74,2,2,1,1,李敖书简集(2),中国信托公司”各董事的信、总经理辜濂松先生、常务董事王永庆先生
达洙,左派转向 / 党务宣传 / 师生 / 历史类比引用,左派转向,74,2,2,1,1,中国现代史定论(2),一天，达洙说要与我做一长谈、达洙第二次劝我入“中学”
连任做,见面,见面,74,2,2,2,2,李敖笑傲江湖(1)；李敖大哥大(1),总统、请他、所谓
连候补,见面,见面,74,2,2,2,2,中国现代史定论(1)；李敖大哥大(1),国民党、见、选举、委员
连银山,律师代理 / 诉讼,律师代理,74,2,2,1,1,李敖随写录后集(2),证人、律师、连银山
道格拉斯（美国大法官）,司法人员 / 公共论战 / 历史类比引用 / 神交引用,司法人员,74,2,2,1,1,李敖报刊集(2),道格拉斯曾到台湾、大法官道格拉斯
邓氏（唐俨妻）,社会案件 / 亲属 / 医疗照护 / 历史类比引用 / 神交引用,社会案件,74,2,2,1,1,中国迷信新研(2),唐俨，全州诸生也、俨妻邓氏年十八
那妹妹,亲属,亲属,74,2,2,1,1,李敖大哥大(2),妹妹
郭正忠,学术 / 诗文出处 / 创作资料协助 / 历史类比引用,学术,74,2,2,1,1,中国艺术新研(2),见、出版社、出版、郭正忠《3-14世纪中国的权衡度量》
郭韧,学术 / 见面 / 文艺音乐,学术,74,2,2,1,1,李敖笑傲江湖(2),教授、导演、郭韧，还有名导演宋项如
释开丰,宗教人物 / 医疗照护 / 社会案件 / 创作资料协助,宗教人物,74,2,2,1,1,中国命研究(2),释开丰和他的龙发堂、黄怡近作《释开丰的慈悲历程》
里查·阿莫尔,诗文出处 / 历史类比引用 / 神交引用,诗文出处,74,2,2,1,1,中国性研究(2),里查·阿莫尔（Richard Armour）、陈绍鹏译
金边眼,师生,师生,74,2,2,1,1,李敖大哥大(2),教授
钱美端,亲属 / 公共论战,亲属,74,2,2,1,2,李敖书札集(2),孙儿国维、孙女美端、钱代表的爱女
阿波罗,虚拟人物 / 宗教人物 / 历史类比引用 / 神交引用,虚拟人物,74,2,2,1,1,坐牢家爸爸给女儿的八十封信(2),太阳神阿波罗、Apollo的Priest叫Laocoon
阿邵,社会案件 / 婚姻相关 / 诉讼 / 历史类比引用 / 神交引用,社会案件,74,2,2,1,1,历史与人像(2),叶四有妻阿邵、将阿邵嫁与吕元五
附添潘婆（五五日记）,医疗照护 / 见面 / 称谓待考,医疗照护,74,2,2,1,1,李敖五五日记(2),特别护士、附添均认出我、附添潘婆
陈叔坚,政治人物 / 宗教人物 / 历史类比引用 / 神交引用,政治人物,74,2,2,1,2,中国迷信新研(2),陈宣帝的第四子长沙王陈叔坚、陈宣帝第四子长沙王陈叔坚
陈宏俊,媒体 / 出版 / 通信 / 朋友,媒体,74,2,2,1,1,李敖书函集(2),宏俊老弟：、惠璇，她是我看到的最伟大的太太
陈彦年妻（李敖书翰集）,亲属 / 通信 / 称谓待考,亲属,74,2,2,1,1,李敖书翰集(2),寄陈彦年夫妇论作保、彦年小两口儿
陈景平,情感 / 社会案件 / 媒体,情感,74,2,2,1,1,李敖书翰集(2),同学、恋爱、台大、作品、像、先生、陈景平先生伟大而轰轰烈烈的恋爱故事
陈桥,诗文出处 / 出版 / 公共论战,诗文出处,74,2,2,1,1,李敖报刊集(2),陈桥先生
陈椿,师生 / 学术 / 诗文出处 / 神交引用,师生,74,2,2,1,1,李敖书牍集(2),请我、老师、先生、中学老师陈椿先生
陈毅（北洋）,政治人物 / 公职人员 / 历史类比引用 / 神交引用,政治人物,74,2,2,1,1,历史与人像(2),陈毅的撤治交涉及其六十二条款、据都护使驻札库伦办事大员陈毅电呈
陈焕招,亲属 / 被害人 / 人权救援 / 通信,亲属,74,2,2,1,1,李敖书札集(2),写信、太太、警察、他的太太陈焕招
陈颂平,学术 / 历史类比引用 / 神交引用,学术,74,2,2,1,1,为历史拨云(2),学生、朋友、先生、他的朋友陈颂平先生
陶侃,军事人物 / 政治人物 / 历史类比引用 / 神交引用,军事人物,74,2,2,1,1,中国迷信新研(2),陶侃微时，丁艰，将葬、以所指别山与访
雷永泰,见面,见面,74,2,2,1,1,大学日记后期甲集(2),秘书、见、见到
雷震稿件狱吏（李敖书翰集）,看守戒护 / 出版管制 / 称谓待考,看守戒护,74,2,2,1,1,李敖书翰集(2),狱吏诱雷震外出、十年来所写的稿子全部不见
顾方舟妻（李敖书函集）,亲属 / 医疗照护 / 创作资料协助 / 称谓待考,亲属,74,2,2,1,1,李敖书函集(2),顾方舟偕妻来台、顾方舟夫妇早在26日下午5时
马寿华,文艺音乐 / 公职人员 / 历史类比引用,文艺音乐,74,2,2,1,1,中国艺术新研(2),秘书、国民党、与马寿华、郑曼青、张谷年、刘延涛、陶芸楼、高逸鸿等合组
马鸿逵,军事人物 / 政治人物 / 财产债务 / 历史类比引用,军事人物,74,2,2,1,1,李敖书牍集(2),电话、蒋批给马鸿逵二万块银元
麦生,文艺音乐 / 历史类比引用,文艺音乐,74,2,2,1,1,中国艺术新研(2),麦生
黄介亭,媒体,媒体,74,2,2,1,1,李敖访谈录1990-2018(2),记者、报导、黄介亭
黄忠雄,政治人物,政治人物,74,2,2,1,1,李敖大哥大(2),委员、选举、警察
黄昭熙,司法人员 / 社会案件,司法人员,74,2,2,1,1,中国性研究(2),检察官、检察官黄昭熙
黄显声,情治警务 / 军事人物 / 历史类比引用,情治警务,74,2,2,1,1,李敖书启集(2),见、电话、参谋、警务处长黄显声
黄程晖,司法人员,司法人员,74,2,2,1,1,李敖大哥大(2),法官、主席、国民党、读、报导、像
黎烈文,学术 / 诗文出处 / 神交引用,学术,74,2,2,1,1,李敖报刊集(2),教授、台大、作品、先生、黎烈文先生
龙律师（五五日记）,律师代理 / 诉讼 / 通信 / 称谓待考,律师代理,74,2,2,1,2,李敖五五日记(2),与龙律师通话、龙律师都赞成
龙律师（李敖札记）,律师代理 / 诉讼 / 见面 / 称谓待考,律师代理,74,2,2,1,1,李敖札记(2),与龙律师谈、龙律师转告
慕容霸,政治人物 / 军事人物 / 神交引用,政治人物,73,4,4,2,2,李敖文存二集(2)；波波颂(2),像、古人
朱迪丝·坎贝尔,情感 / 江湖人物 / 历史类比引用 / 神交引用,情感,73,4,4,1,1,阳痿美国(4),朋友、总统
圣严法师,宗教人物 / 公共论战,宗教人物,73,3,3,2,2,李敖议坛哀思录(2)；李敖秘密书房(1),大学、诗、像、研究、台大、政治
安·柯丽娥,媒体 / 神交引用,媒体,73,3,3,1,1,李敖文存二集(3),市长、见、杂志
小魏（李敖书札集）,通信 / 政治异议者 / 称谓待考,通信,73,3,3,1,1,李敖书札集(3),读、诗、小魏和新娘子：
居然连,神交引用,神交引用,73,3,2,3,3,李敖全集(1)；红色11(1)；挑战李敖(1),诗、研究、中央研究院、院长
梁化之,政治人物,政治人物,73,3,3,1,1,我最难忘的事和人(3),总统、师长、朋友
王贵民,见面 / 出版,见面,73,3,3,1,1,李敖自传与回忆(3),国民党、大学
裴松之,学术 / 诗文出处 / 学术考证引用 / 历史类比引用 / 神交引用,学术,73,3,3,2,2,为历史拨云(2)；历史与人像(1),见、将军
都要干,公共论战,公共论战,73,3,2,3,3,挑战李敖(1)；李敖颠倒众生(1)；李敖大哥大(1),政治、总统、所谓、像
钟京铎,神交引用,神交引用,73,3,3,1,1,一个预备军官的日记(3),像、节目、诗
陆云,诗文出处,诗文出处,73,3,2,2,2,读史指南(2)；要把金针度与人(1),书目作者表、弟弟、儿子
陈梦谦,见面 / 创作资料协助 / 财产债务 / 公共论战,见面,73,3,3,1,1,挑战李敖(3),朋友、先生、研究
陈石遗,诗文出处 / 历史类比引用 / 神交引用,诗文出处,73,3,3,1,1,中国艺术新研(3),诗、见
齐明帝,政治人物 / 神交引用,政治人物,73,3,3,3,3,李敖文存二集(1)；波波颂(1)；要把金针度与人(1),弟弟、儿子
万佳欢,媒体,媒体,73,2,2,1,1,李敖访谈录1990-2018(2),记者、万佳欢
乔治·布什,政治人物 / 公共论战,政治人物,73,2,2,1,1,李敖札记(2),总统、读、乔治·布什
乔治·斯科特,文艺音乐 / 历史类比引用 / 神交引用,文艺音乐,73,2,2,1,1,挑战李敖(2),将军、乔治斯科特，演巴顿将军
余繁初,学术行政 / 公共论战,学术行政,73,2,2,1,1,传统下的再白(2),研究、中央研究院、总务主任、事务、财产、院长
傅汝霖,政治人物 / 历史类比引用,政治人物,73,2,2,1,1,中国现代史正论(2),委员、先生、候补执行委员出席者，则有茅祖权、傅汝霖先生
公彻查,政治人物,政治人物,73,2,2,1,1,千秋万岁乌鸦求是合集(2),委员、总统、书中
刘永祥,媒体,媒体,73,2,2,1,1,李敖访谈录1990-2018(2),记者、政治、刘永祥
刘玉春,学术行政 / 学术,学术行政,73,2,2,2,2,李敖全集(1)；一个预备军官的日记(1),学生、教授、研究、学者、台大、中央研究院、著作
卢荷生,学术 / 创作资料协助,学术,73,2,2,1,1,李敖书牍集(2),校对、先生、卢荷生先生、张秀蓉小姐、车爱光先生、张元先生、张永堂先生、魏宏利先生
吴素贞,社会案件 / 诉讼,社会案件,73,2,2,1,1,李敖随写录后集(2),上诉、吴素贞
姚一苇,文艺音乐 / 学术 / 诗文出处 / 创作资料协助,文艺音乐,73,2,2,1,1,李敖书牍集(2),见、朋友、读、先生、姚一苇先生和一群青年朋友
姚文智,政治人物 / 媒体,政治人物,73,2,2,1,1,李敖议坛哀思录(2),委员、院长
孔庸之,见面,见面,73,2,2,1,1,我最难忘的事和人(2),先生、见、见面、委员
孙毓筠,政治人物 / 政治异议者 / 历史类比引用,政治人物,73,2,2,1,1,中国近代史新论(2),大学、政府、前教育部总长蔡、前北京大学校长章、前安徽都督孙毓筠身份
应邀访,见面,见面,73,2,2,1,1,李敖秘密书房(2),访问、晤、政府、政治
张国堂,政治人物 / 党务宣传,政治人物,73,2,2,1,1,李敖随写录前集(2),委员、民进党昨天第五届第一次党员代表大会
张浦泉,学术 / 诗文出处 / 历史类比引用,学术,73,2,2,1,1,中国现代史定论(2),研究、总统、先生、015/张继/张浦泉先生全集补编
彭区,神交引用 / 政治人物 / 人权救援,神交引用,73,2,2,2,2,李敖全集(1)；上下古今谈(1),秘书、部长、像、博士
徐孝慈,媒体,媒体,73,2,2,1,1,李敖访谈录1990-2018(2),记者、政治、徐孝慈
徐逸樵,媒体 / 政治异议者 / 创作资料协助 / 历史类比引用,媒体,73,2,2,1,1,李敖书笺集(2),报导、像、先生、雷先生老友徐逸樵先生
戴之昂,见面,见面,73,2,2,2,2,大学日记后期乙集(1)；李敖情书集(1),来信、见、见到、一起、哥哥
方良柱,出版 / 见面,出版,73,2,2,1,1,李敖秘藏日记(2),见、出版、方良柱
曹文彦,师生,师生,73,2,2,2,2,李敖快意恩仇录(1)；李敖风流自传(1),读、老师、主义
曾收到,通信,通信,73,2,2,2,2,传统下的独白(1)；千秋万岁乌鸦求是合集(1),来信、学生、编辑部、编辑、文星、请我、打电话、电话
朱庆澜,媒体 / 见面,媒体,73,2,2,1,1,李敖五五日记(2),记者、朱庆澜
李章达,政治人物 / 公职人员 / 历史类比引用,政治人物,73,2,2,1,1,中国现代史定论(2),委员、所谓、陈铭枢兼文化委员长，以李章达、徐名鸿
杨亮功,学术行政 / 政治人物 / 证人见证,学术行政,73,2,2,2,2,你笨蛋，你笨蛋(1)；李敖新刊(1),夫人、博士、大学、北大、著作、所谓、院长、法院
杨允达,见面,见面,73,2,2,1,1,早年日记(2),碰到、诗、来信、结婚
林文海,邻居 / 社会案件,邻居,73,2,2,1,1,李敖书函集(2),委员、由林文海、张善惠、邹光中、李润海、李大千、林凤梧、许国城、李庆云、吴子衔、陈捷圻各位先生通过
林瑞卿,政治人物 / 党务宣传,政治人物,73,2,2,1,1,李敖随写录前集(2),委员、民进党昨天第五届第一次党员代表大会
游贤达,见面,见面,73,2,2,1,2,李敖五五日记(2),碰到、见、同仁
潘文,亲属 / 历史类比引用 / 神交引用,亲属,73,2,2,2,2,中国迷信新研(1)；挑战李敖(1),董氏/潘文妻、访问、到我家、我家来、问我
焦易堂,司法人员 / 政治人物 / 公共论战,司法人员,73,2,2,2,2,李敖自传与回忆续集(1)；传统下的独白(1),见、国民党、院长、法官、检察官、推事、法院、总统
王连起,学术 / 诗文出处 / 创作资料协助 / 文艺音乐 / 历史类比引用,学术,73,2,2,1,1,中国艺术新研(2),见、王连起《赵孟頫书画真伪的鉴考问题》
班长抱,同案狱友,同案狱友,73,2,2,2,2,李敖自传与回忆续集(1)；挑战李敖(1),监狱、见、见面、学生、儿子、探监、所谓
石伯伯（李敖书信集）,朋友 / 创作资料协助 / 称谓待考,朋友,73,2,2,1,1,李敖书信集(2),委员、石伯伯，吴委员（越潮）
秦仲和,诗文出处 / 出版 / 历史类比引用,诗文出处,73,2,2,1,1,李敖书序集(2),见、先生、秦仲和
程荣斌,学术 / 司法人员 / 诉讼,学术,73,2,2,1,1,李敖随写录前集(2),序、起诉、程荣斌教授
程荣进,媒体 / 见面,媒体,73,2,2,1,1,李敖五五日记(2),记者、程荣进
罗业宏,通信,通信,73,2,2,2,2,李敖回忆录(1)；李敖笑傲江湖(1),老师、写信、太太、学生
罗杰斯（美国国务卿）,政治人物 / 公共论战,政治人物,73,2,2,1,1,李敖札记(2),总统、国务卿罗杰斯
能出,出版,出版,73,2,2,2,2,李敖访谈录1990-2018(1)；挑战李敖(1),找我、编辑、出版社、出版、文学、保证金、总统
能退缩,亲属,亲属,73,2,2,2,2,李敖笑傲江湖(1)；李敖大哥大(1),爸爸、儿子、家里、总统、编辑部、编辑
舒新城,出版 / 创作资料协助 / 学术 / 历史类比引用 / 神交引用,出版,73,2,2,1,1,读史指南(2),见、先生、舒新城先生力主用铜活字本
范汉杰,军事人物 / 政治人物 / 历史类比引用,军事人物,73,2,2,2,2,李敖书序集(1)；中国现代史定论(1),司令、军法、将军、少将、先生、总统
茅祖权,政治人物 / 历史类比引用,政治人物,73,2,2,1,1,中国现代史正论(2),委员、候补执行委员出席者，则有茅祖权、傅汝霖先生
许寿裳,学术 / 诗文出处 / 通信 / 历史类比引用 / 神交引用,学术,73,2,2,1,2,虽千万人，李敖往矣(2),政府、写信、攻击
谢明明,媒体,媒体,73,2,2,1,1,李敖访谈录1990-2018(2),记者、记者谢明明
郑琼中,媒体,媒体,73,2,2,1,1,李敖访谈录1990-2018(2),记者、政治、郑琼中
郑秀韵,媒体 / 见面,媒体,73,2,2,1,1,李敖五五日记(2),记者、郑秀韵
都写信,通信,通信,73,2,2,2,2,文化论战丹火录(1)；李敖情书集(1),写信、见、朋友、告诉我、论战、来信
陈婉容,媒体,媒体,73,2,2,1,1,李敖访谈录1990-2018(2),学者、记者、记者陈婉容
陈懒散,文艺音乐 / 历史类比引用 / 神交引用,文艺音乐,73,2,2,1,1,中国艺术新研(2),见、近见陈懒散草书数纸
陈敏,媒体 / 见面,媒体,73,2,2,1,1,李敖对话录(2),访问、陈敏访问
陈谋,媒体,媒体,73,2,2,1,1,李敖访谈录1990-2018(2),一起、朋友、告诉我、记者、记者 陈谋
颜露尔,军事人物 / 诗文出处 / 历史类比引用,军事人物,73,2,2,1,1,中国现代史定论(2),记者、我仅由颜露尔上将一篇文章
马维敏,媒体,媒体,73,2,2,1,1,李敖访谈录1990-2018(2),记者、政治、马维敏
魏冈,政治人物 / 军事人物 / 历史类比引用 / 神交引用,政治人物,73,2,2,1,1,坐牢家爸爸给女儿的八十封信(2),部长、国防部长叫魏冈
黄桂香,媒体 / 见面,媒体,73,2,2,1,1,李敖五五日记(2),记者、黄桂香
齐丰瑜,通信,通信,73,2,2,1,1,中国性研究(2),报人、先生、电话、读
乔治·巴克莱,学术 / 宗教人物 / 神交引用,学术,72,19,19,3,3,上山·上山·爱(7)；李敖快意恩仇录(6)；千秋万岁乌鸦求是合集(6),
保罗·尼兹,政治人物 / 学术 / 历史类比引用 / 神交引用,政治人物,72,6,6,3,3,李敖议坛哀思录(2)；我梦碎，所以我梦醒(2)；阳痿美国(2),
刘安,诗文出处,诗文出处,72,6,2,3,3,要把金针度与人(3)；读史指南(2)；中国性研究(1),书目作者表、诗
向队长,军事人物 / 见面 / 称谓待考,军事人物,72,5,5,1,4,一个预备军官的日记(5),像
曾巩,诗文出处,诗文出处,72,5,2,3,3,读史指南(2)；中国命研究(2)；要把金针度与人(1),书目作者表、诗
黄昭辉,政治人物 / 党务宣传 / 公共论战,政治人物,72,5,5,2,4,李敖议坛哀思录(4)；你是景福门(1),民进党
徐陵,诗文出处,诗文出处,72,4,2,2,2,读史指南(3)；独白下的传统(1),妈妈、书目作者表
慕容隽,政治人物 / 神交引用,政治人物,72,4,4,2,2,李敖文存二集(2)；波波颂(2),像
明穆宗,政治人物 / 神交引用,政治人物,72,4,4,3,3,中国命研究(2)；传统下的独白(1)；为中国思想趋向求答案(1),
白里欧,出版 / 神交引用,出版,72,4,4,1,1,为中国思想趋向求答案(4),太太、作品
许名宏,诗文出处 / 媒体 / 公共论战,诗文出处,72,4,4,1,1,李敖书札集(4),立委、国民党、说过、所谓
谢扶雅,学术 / 出版 / 公共论战 / 神交引用,学术,72,4,4,2,2,文化论战丹火录(3)；为中国思想趋向求答案(1),著作、思想
陆机,诗文出处,诗文出处,72,4,2,2,2,读史指南(2)；要把金针度与人(2),书目作者表、父亲
陆龟蒙,诗文出处,诗文出处,72,4,2,3,3,读史指南(2)；中国性研究(1)；李敖笑傲江湖(1),书目作者表、古代
乔氏,社会案件 / 神交引用,社会案件,72,3,3,1,1,独白下的传统(3),妻、娶
余懋孳,公职人员 / 公共论战 / 诉讼 / 历史类比引用,公职人员,72,3,3,1,1,中国近代史新论(3),文学、徐如珂、沈(氵加隺)、晏文辉、余懋孳
刘国钧,学术 / 出版 / 神交引用,学术,72,3,3,3,3,李敖文存(1)；千秋万岁乌鸦求是合集(1)；要把金针度与人(1),古人
刘熙,姻亲 / 诗文出处,姻亲,72,3,2,2,2,读史指南(2)；历史与人像(1),见、夫人、书目作者表
华特·奥图,文艺音乐 / 神交引用,文艺音乐,72,3,3,2,2,上山·上山·爱(2)；李敖快意恩仇录(1),像、学生、书店、文星、台大
古话讲,神交引用,神交引用,72,3,2,2,3,李敖笑傲江湖(2)；挑战李敖(1),像、国民党
巴比特先生,社会案件 / 历史类比引用,社会案件,72,3,3,1,1,李敖书序集续集(3),主义、巴比先生
张炎,看守戒护 / 诗文出处,看守戒护,72,3,2,2,2,读史指南(2)；我最难忘的事和人(1),脚镣、书目作者表
徐如珂,公职人员 / 公共论战 / 诉讼 / 历史类比引用,公职人员,72,3,3,1,1,中国近代史新论(3),文学、徐如珂、沈(氵加隺)、晏文辉、余懋孳
方如果,神交引用,神交引用,72,3,2,3,3,挑战李敖(1)；李敖秘密书房(1)；李敖颠倒众生(1),像、土地
晏文辉,公职人员 / 公共论战 / 诉讼 / 历史类比引用,公职人员,72,3,3,1,1,中国近代史新论(3),文学、徐如珂、沈(氵加隺)、晏文辉、余懋孳
李宜琛,学术 / 诗文出处 / 学术考证引用 / 历史类比引用 / 神交引用,学术,72,3,3,1,1,历史与人像(3),主义、离婚
李纲,师生 / 诗文出处,师生,72,3,2,2,2,读史指南(2)；我是天安门(1),学生、政治、引用、书目作者表
桓宽,诗文出处,诗文出处,72,3,2,2,2,要把金针度与人(2)；读史指南(1),书目作者表、教书、大学
汤普森,诗文出处 / 历史类比引用 / 神交引用,诗文出处,72,3,3,3,3,李敖风流自传(1)；传统下的独白(1)；李敖的情诗(1),诗
汪藻,姻亲 / 诗文出处,姻亲,72,3,2,2,2,读史指南(2)；历史与人像(1),夫人、书目作者表
特别护士,小说剧本人物 / 医疗照护,小说剧本人物,72,3,3,1,2,虚拟的十七岁(3),太太、病房、家里、像
耿精忠,政治人物 / 军事人物 / 历史类比引用 / 神交引用,政治人物,72,3,3,1,1,读史指南(3),读、靖南王耿精忠胁迫造反
聂耳,文艺音乐 / 公共论战 / 神交引用,文艺音乐,72,3,3,1,1,为自由招魂(3),作品、学生、见
裴普贤,诗文出处 / 学术考证引用 / 学术,诗文出处,72,3,3,2,2,中国性研究(2)；我最难忘的事和人(1),请他、研究、诗
阮其元,情治警务 / 军事人物 / 历史类比引用,情治警务,72,3,3,1,1,李敖笑傲江湖(3),像、阮其元、乔家才啦
陈傅良,姻亲 / 诗文出处,姻亲,72,3,2,2,2,读史指南(2)；历史与人像(1),夫人、书目作者表
高崇云,学术 / 公共论战,学术,72,3,3,3,3,世论新语(1)；求是新语(1)；李敖书启集(1),访问、教授、国民党
何世桢,政治人物 / 神交引用,政治人物,72,2,2,2,2,李敖文存(1)；我梦碎，所以我梦醒(1),认识、父亲、读、先生、晤、弟弟、研究、大学
保罗·泰耶尔,政治人物 / 财产债务 / 社会案件 / 历史类比引用 / 神交引用,政治人物,72,2,2,1,1,阳痿美国(2),起诉、部长
公然找,师生,师生,72,2,2,2,2,教育与脸谱(1)；李敖大哥大(1),教授、研究、秘书、法院、委员、部长、民进党
向经国,师生,师生,72,2,2,1,1,李敖大哥大(2),政治、先生、老师、攻击
孟能等,师生,师生,72,2,2,2,2,早年日记(1)；李敖情书集(1),学生、夫人、太太、诗
宣传有,党务宣传,党务宣传,72,2,2,2,2,李敖书牍集(1)；挑战李敖(1),宣传、报导
寒爵,出版 / 公共论战,出版,72,2,2,2,2,李敖快意恩仇录(1)；为自由招魂(1),出版社、出版
尤清两,政治人物,政治人物,72,2,2,2,2,李敖笑傲江湖(1)；挑战李敖(1),主席、政府、所谓、市长、县长、民进党、像
平建设,政治人物,政治人物,72,2,2,1,1,李敖大哥大(2),主席、主义
应该忠,律师代理,律师代理,72,2,2,2,2,李敖笑傲江湖(1)；挑战李敖(1),律师、事务、电视
张瑞芝,姻亲,姻亲,72,2,2,2,2,李敖快意恩仇录(1)；李敖风流自传(1),夫人、大学、律师
张群跟,监狱行政,监狱行政,72,2,2,2,2,挑战李敖(1)；李敖大哥大(1),一起、秘书、总统、像、写信
张静江,政治人物 / 公职人员 / 财产债务 / 历史类比引用,政治人物,72,2,2,2,2,中国现代史定论(1)；李敖大哥大(1),委员、政府、先生
成法务,政治人物,政治人物,72,2,2,1,2,李敖大哥大(2),法务部、家里、太太、院长、法院、部长
拓跋珪,政治人物 / 军事人物 / 历史类比引用 / 神交引用,政治人物,72,2,2,2,2,独白下的传统(1)；读史指南(1),妈妈、拓跋珪兴起在北方
时刺激,政治人物,政治人物,72,2,2,1,1,李敖秘密书房(2),政府、批评
曾利用,通信,通信,72,2,2,2,2,我最难忘的事和人(1)；李敖大哥大(1),写信、姐姐、记者、报导
李宗黄,政治人物 / 党务宣传 / 选举助选 / 公共论战 / 历史类比引用,政治人物,72,2,2,2,2,千秋万岁乌鸦求是合集(1)；中国现代史定论(1),院长、法院、部长、国民党、宣传、像、时李宗黄同志发言
林耀武,刑求人员,刑求人员,72,2,2,2,2,李敖自传与回忆续集(1)；李敖书信集(1),杂役、刑警、起诉、司法行政部
梅农,神交引用 / 政治人物,神交引用,72,2,2,1,2,李敖议坛哀思录(2),部长、同仁、名言、像
武瞾,亲属,亲属,72,2,2,1,1,李敖笑傲江湖(2),儿子、节目、国民党
游行要,师生,师生,72,2,2,2,2,李敖秘密书房(1)；李敖大哥大(1),学生、大学、政治、研究、中央研究院、报导、主席、政府
祖籍福,亲属,亲属,72,2,2,2,2,挑战李敖(1)；李敖大哥大(1),总统、父亲、母亲、报纸
祝步唐,诗文出处 / 创作资料协助 / 历史类比引用,诗文出处,72,2,2,1,1,李敖书信集(2),朋友、先生、祝步唐先生的《沈公铭三先生行状》
荣负责,媒体,媒体,72,2,2,1,2,李敖大哥大(2),电视、民进党
袁英华,同学 / 见面,同学,72,2,2,2,2,李敖自传与回忆(1)；李敖回忆录(1),秘书
谢副总,亲属,亲属,72,2,2,2,2,李敖秘密书房(1)；李敖大哥大(1),总统、弟弟、委员、司令、拜访、家里
边抗议,亲属,亲属,72,2,2,2,2,李敖秘密书房(1)；李敖颠倒众生(1),妹妹、碰到、学生、像
连战叫,政治人物,政治人物,72,2,2,2,2,挑战李敖(1)；李敖大哥大(1),委员、像、主席、选举、国民党、民进党
郝延平,学术 / 历史类比引用 / 神交引用,学术,72,2,2,2,2,教育与脸谱(1)；一个预备军官的日记(1),写信、研究、大学、攻击、结婚
郭湛波,学术 / 诗文出处 / 出版 / 历史类比引用 / 神交引用,学术,72,2,2,2,2,为自由招魂(1)；李敖报刊集(1),思想、认识、读、报纸、序、文星、研究、先生
陆佃,姻亲 / 诗文出处,姻亲,72,2,2,2,2,历史与人像(1)；读史指南(1),夫人、书目作者表
陆逊,军事人物 / 政治人物 / 历史类比引用 / 神交引用,军事人物,72,2,2,2,2,读史指南(1)；要把金针度与人(1),陆逊并没因八阵图受困、父亲、读
陈昆仑,见面,见面,72,2,2,1,1,李敖大哥大(2),访问、先生
高雄林,财产债务,财产债务,72,2,2,2,2,李敖书简集(1)；李敖大哥大(1),土地、夫人、先生
黄中,政治异议者 / 创作资料协助 / 历史类比引用,政治异议者,72,2,2,2,2,李敖五五日记(1)；李敖书笺集(1),见、见到、在美国的黄中、王正路等诸先生和聂华苓女士
黄家昌,师生,师生,72,2,2,2,2,李敖议坛哀思录(1)；李敖大哥大(1),助理、一起、委员、先生
郭林勇,政治人物,待复核,71,6,2,2,5,李敖议坛哀思录(5)；千秋万岁乌鸦求是合集(1),委员、序、法院、政府
从更高,军事人物,军事人物,71,3,2,3,3,李敖议坛哀思录(1)；你笨蛋，你笨蛋(1)；挑战李敖(1),将军、像、书中
侯方域,诗文出处,诗文出处,71,3,2,2,2,读史指南(2)；中国艺术新研(1),书目作者表、序、诗
克罗齐,学术 / 文艺音乐 / 神交引用,学术,71,3,3,3,3,传统下的独白(1)；虚拟的十七岁(1)；一个预备军官的日记(1),论文
叶秀峰,情治警务,情治警务,71,3,2,1,1,为自由招魂(3),国民党、特务、先生
周邦彦,见面 / 诗文出处,见面,71,3,2,2,2,读史指南(2)；虚拟的十七岁(1),见、书目作者表
奥菲莉亚,虚拟人物,虚拟人物,71,3,3,1,1,虚拟的十七岁(3),一起、文学
姚合,诗文出处,诗文出处,71,3,2,2,2,读史指南(2)；中国迷信新研(1),书目作者表、见、读、诗
孙皓,政治人物 / 神交引用,政治人物,71,3,3,3,3,李敖文存二集(1)；波波颂(1)；中国性研究(1),像、古人
张光直,学术 / 出版 / 神交引用,学术,71,3,3,2,2,李敖书启集(2)；教育与脸谱(1),出版、大学、批评、读、古代
张孝祥,见面 / 诗文出处,见面,71,3,2,2,2,读史指南(2)；给马戈的五十封信(1),见、书目作者表
潘璞儒,亲属 / 称谓待考,亲属,71,3,3,2,3,一个预备军官的日记(2)；李敖的情诗(1),像、见
牛喝水,神交引用,神交引用,71,3,2,3,3,我是天安门(1)；李敖对话录(1)；李敖大哥大(1),主义、总统
王十朋,诗文出处,诗文出处,71,3,2,2,2,读史指南(2)；中国性研究(1),书目作者表、学者
胡鸿仁,媒体 / 见面 / 公共论战,媒体,71,3,3,1,1,挑战李敖(3),所谓、像、先生
邓析,诗文出处,诗文出处,71,3,2,2,2,读史指南(2)；要把金针度与人(1),书目作者表、见
钱起,见面 / 诗文出处,见面,71,3,2,2,2,读史指南(2)；千秋万岁乌鸦求是合集(1),见、诗、书目作者表
马通伯,学术 / 神交引用,学术,71,3,3,3,3,李敖文存(1)；历史与人像(1)；要把金针度与人(1),认识
于李焕,学术,学术,71,2,2,2,2,世论新语(1)；千秋万岁乌鸦求是合集(1),博士、院长、总统、国民党、政治
于逃亡,师生,师生,71,2,2,2,2,挑战李敖(1)；李敖大哥大(1),学生、大学、记者、记者招待会、批评、市长、像
何福祥,诗文出处 / 出版 / 历史类比引用,诗文出处,71,2,2,2,2,我最难忘的事和人(1)；中国现代史定论(1),研究
余俊贤,政治人物 / 证人见证,政治人物,71,2,2,2,2,我梦碎，所以我梦醒(1)；李敖新刊(1),委员、将军、夫人、院长、法院、总统
傅栋成,师生,师生,71,2,2,2,2,李敖快意恩仇录(1)；李敖大哥大(1),学生、委员
台凤公,出版,出版,71,2,2,2,2,挑战李敖(1)；李敖秘密书房(1),报纸、太太、法官
国际民,师生,师生,71,2,2,2,2,李敖笑傲江湖(1)；挑战李敖(1),学生、大学、总统
安抚国,监狱行政,监狱行政,71,2,2,2,2,千秋万岁乌鸦求是合集(1)；李敖大哥大(1),秘书、总统、见、国民党、批评
宣布只,学术,学术,71,2,2,2,2,上山·上山·爱(1)；李敖笑傲江湖(1),学者、记者、记者招待会、总统、所谓
富华证,编辑,编辑,71,2,2,2,2,挑战李敖(1)；李敖秘密书房(1),仓储、太太、像
富弼,政治人物 / 历史类比引用 / 神交引用,政治人物,71,2,2,2,2,大学札记(1)；读史指南(1),见、富弼使辽
尹常,文艺音乐 / 历史类比引用 / 神交引用,文艺音乐,71,2,2,2,2,波波颂(1)；读史指南(1),一起、孟元老《东京梦华录》里
山巨源,军事人物,军事人物,71,2,2,1,1,千秋万岁乌鸦求是合集(2),将军、诗、政治
席控制,政治人物,政治人物,71,2,2,2,2,挑战李敖(1)；李敖大哥大(1),主席、总统、政治、国民党
应拆除,学术行政,学术行政,71,2,2,2,2,李敖秘密书房(1)；李敖大哥大(1),院长、政府
张冲,政治人物 / 公共论战 / 历史类比引用,政治人物,71,2,2,2,2,李敖书翰集(1)；中国现代史正论(1),国民党、共产党、邵先生！你和张冲（怀南）
徐传飞,见面,见面,71,2,2,2,2,大学日记后期乙集(1)；一个预备军官的日记(1),碰到、读、像、宣传
怀特海,学术 / 诗文出处 / 历史类比引用 / 神交引用,学术,71,2,2,2,2,教育与脸谱(1)；坐牢家爸爸给女儿的八十封信(1),见、大学、哲学、哲学家A. N. Whitehead
文康福,政治人物,政治人物,71,2,2,2,2,挑战李敖(1)；李敖大哥大(1),委员、出版、法务部、部长、读
时宋楚,媒体,媒体,71,2,2,2,2,千秋万岁乌鸦求是合集(1)；李敖秘密书房(1),记者、法庭、太太、所谓
李涛怎,媒体,媒体,71,2,2,2,2,挑战李敖(1)；李敖大哥大(1),节目、电视、国民党、民进党
林佛性,师生 / 学术,师生,71,2,2,2,2,李敖自传与回忆(1)；大学日记后期甲集(1),院长、司法行政部、管理员、国民党、台大、先生
林金生,政治人物,政治人物,71,2,2,2,2,你笨蛋，你笨蛋(1)；千秋万岁乌鸦求是合集(1),委员、父亲、县长、选举、国民党
查帐,媒体,媒体,71,2,2,2,2,挑战李敖(1)；李敖大哥大(1),国民党、电视、法官
查终结,司法人员,司法人员,71,2,2,2,2,李敖随写录后集(1)；李敖笑傲江湖(1),研究、检察官、司法行政部、法院、告发
欧阳醇,编辑,编辑,71,2,2,2,2,李敖情书集(1)；李敖笑傲江湖(1),发行、出版、教授、节目、像
江兆申,出版,出版,71,2,2,2,2,李敖书信集(1)；李敖秘密书房(1),出版、老师、文学、先生
王志鹄,学术行政,学术行政,71,2,2,2,2,波波颂(1)；一个预备军官的日记(1),院长、国民党、委员
王进旺,政治人物,政治人物,71,2,2,2,2,李敖议坛哀思录(1)；挑战李敖(1),主席、委员、警察
窦仪,政治人物 / 学术 / 历史类比引用 / 神交引用,政治人物,71,2,2,2,2,读史指南(1)；为历史拨云(1),宋太祖因为有关一面镜子的疑问，被窦仪解答清楚、学术、读
童胜男,政治人物 / 公共论战,政治人物,71,2,2,2,2,世论新语(1)；求是新语(1),一起、市长、法院、国民党、宣传
符体制,政治人物,政治人物,71,2,2,2,2,中国艺术新研(1)；李敖大哥大(1),立委、总统、主席
胡适可,情感,情感,71,2,2,2,2,李敖秘密书房(1)；李敖大哥大(1),情人、国民党、批评
胡镇埔,政治人物,政治人物,71,2,2,2,2,李敖议坛哀思录(1)；虽千万人，李敖往矣(1),主席、委员、见、将军、像
舒子宽,人权救援 / 医疗照护 / 诗文出处 / 出版,人权救援,71,2,2,2,2,李敖五五日记(1)；历史与人像(1),节目、舒子宽女士的《桑格夫人和布拉许夫人》
蒋士铨,神交引用,神交引用,71,2,2,2,2,要把金针度与人(1)；中国性研究(1),诗、文学
谢康,诗文出处 / 学术考证引用 / 学术,诗文出处,71,2,2,2,2,李敖报刊集(1)；中国性研究(1),谢康教授、出版、所谓
谢辰生,学术 / 神交引用,学术,71,2,2,2,2,李敖风流自传(1)；李敖大哥大(1),研究、家里
费尔巴哈,学术 / 历史类比引用 / 神交引用,学术,71,2,2,1,1,李敖书牍集(2),思想、哲学、费儿巴黑的唯物论
赖特,姻亲,姻亲,71,2,2,2,2,阳痿美国(1)；李敖大哥大(1),太太、总统、杂志、记者
路领先,公共论战,公共论战,71,2,2,2,2,李敖访谈录1990-2018(1)；挑战李敖(1),政治、打电话、电话、总统、选举
边拍手,亲属,亲属,71,2,2,2,2,红色11(1)；李敖笑傲江湖(1),爸爸、特务、警察
连战两,朋友,朋友,71,2,2,1,1,李敖大哥大(2),国民党、告诉我、主席
都很想,媒体,媒体,71,2,2,2,2,挑战李敖(1)；李敖秘密书房(1),电视、教授
闻画面,师生,师生,71,2,2,2,2,李敖秘密书房(1)；李敖大哥大(1),教授、主席
项羽看,军事人物,军事人物,71,2,2,2,2,千秋万岁乌鸦求是合集(1)；李敖大哥大(1),将军、国民党、爸爸、夫人
麻醉科,学术行政,学术行政,71,2,2,2,2,李敖随写录后集(1)；李敖大哥大(1),院方、所长、认识、研究
方君瑛,政治异议者 / 军事人物 / 学术 / 历史类比引用,政治异议者,70,6,6,1,1,第73烈士(6),姐姐
约翰·霍姆斯,历史类比引用 / 神交引用,历史类比引用,70,6,6,1,1,虚拟的十七岁(6),法官
马尾巴,见面,待复核,70,5,2,2,4,一个预备军官的日记(4)；李敖颠倒众生(1),见、告诉我、读
慎到,诗文出处,诗文出处,70,4,2,2,2,读史指南(2)；要把金针度与人(2),书目作者表、政治
欧冶子,神交引用,神交引用,70,4,3,1,1,李敖书翰集(4),古代
伊德司,公职人员 / 探险航行 / 历史类比引用,公职人员,70,3,3,1,1,中国近代史新论(3),伊德司（Ides又叫雅布兰
刘权锋,军校学生 / 医疗照护 / 证人见证 / 公共论战,军校学生,70,3,3,1,1,李敖新刊(3),写信、告诉我、读、寄给、学生
司马炎,政治人物 / 历史类比引用 / 神交引用,政治人物,70,3,3,1,1,读史指南(3),司马懿的孙子司马炎
吴明烜,科学家 / 公职人员 / 公共论战 / 历史类比引用,科学家,70,3,3,1,1,中国近代史新论(3),旧派的历法家吴明烜
孔子又,出版,出版,70,3,2,2,2,虽千万人，李敖往矣(2)；挑战李敖(1),报纸
张锦郎,见面,见面,70,3,2,2,2,李敖随写录后集(2)；李敖回忆录(1),见
张阿九,社会案件 / 历史类比引用 / 神交引用,社会案件,70,3,3,1,1,中国迷信新研(3),京兆张阿九、赵言
戴鸿慈,公职人员 / 政治人物 / 历史类比引用,公职人员,70,3,3,1,1,中国近代史新论(3),派徐世昌（时已内调）、伍廷芳、载泽、端方、戴鸿慈等五大臣
晏天章,文艺音乐 / 诗文出处 / 历史类比引用 / 神交引用,文艺音乐,70,3,3,1,1,要把金针度与人(3),晏天章：《元元棋经》
李万福,军事人物 / 证人见证 / 历史类比引用,军事人物,70,3,3,1,1,中国现代史定论(3),李万福副官被俘
李应试,宗教人物 / 创作资料协助 / 历史类比引用,宗教人物,70,3,3,1,1,中国近代史新论(3),另一位教友（李应试）
李柱中,政治异议者 / 历史类比引用 / 神交引用,政治异议者,70,3,3,1,1,李敖书笺集(3),光复会的李柱中（燮和）救了他
杨氏（杨云鸾女）,社会案件 / 亲属 / 医疗照护 / 被害人 / 历史类比引用 / 神交引用,社会案件,70,3,3,1,1,中国迷信新研(3),杨云鸾女/父/父病
水什么,公共论战,公共论战,70,3,2,2,3,李敖秘密书房(2)；挑战李敖(1),国民党、法官、律师
澹台灭明,学术 / 历史类比引用 / 神交引用,学术,70,3,3,1,1,为历史拨云(3),澹台灭明“行不由径
萧珙,政治人物 / 社会案件 / 神交引用,政治人物,70,3,3,1,1,为中国思想趋向求答案(3),儿子、见
萧道寿,社会案件 / 亲属 / 医疗照护 / 历史类比引用 / 神交引用,社会案件,70,3,3,1,1,中国迷信新研(3),萧道寿，京兆兴平人
蒙什么,政治人物,政治人物,70,3,2,1,2,李敖大哥大(3),总统、委员、政府、诗、像
越界越,见面,见面,70,3,2,2,2,李敖秘密书房(2)；李敖大哥大(1),请他
邓玉函,宗教人物 / 科学家 / 医疗照护 / 历史类比引用 / 神交引用,宗教人物,70,3,3,1,2,中国近代史新论(3),附左而葬者，其友邓玉函
陆嘉真,社会案件 / 亲属 / 医疗照护 / 被害人 / 历史类比引用 / 神交引用,社会案件,70,3,3,1,1,中国迷信新研(3),陆嘉真/陆澄女
陈士元,财产债务 / 诉讼 / 公共论战,财产债务,70,3,3,1,1,李敖大哥大(3),日盛证券负责人陈士元
陈淦,文艺音乐 / 历史类比引用,文艺音乐,70,3,3,1,1,中国艺术新研(3),陈淦
陈虎门,情治警务 / 诉讼 / 公共论战,情治警务,70,3,3,1,1,千秋万岁乌鸦求是合集(3),经费、报导
黄仁温,同案狱友 / 监所医疗,同案狱友,70,3,3,3,3,李敖自传与回忆续集(1)；李敖回忆录(1)；李敖情书集(1),台独
黄英星,朋友 / 见面,朋友,70,3,3,1,2,大学日记后期乙集(3),朋友、诗
任免官,政治人物,政治人物,70,2,2,2,2,世论新语(1)；李敖大哥大(1),总统
元富,情治警务 / 军事人物 / 历史类比引用,情治警务,70,2,2,1,1,李敖笑傲江湖(2),像、还有一个唐宗、姜绍谟、张建邦跟元富
冯腾川,看守戒护 / 监狱行政 / 同案狱友,看守戒护,70,2,2,1,1,李敖书牍集(2),监狱、看守所、军法、监狱官冯腾川
刘建章,军事人物 / 诗文出处 / 出版 / 历史类比引用,军事人物,70,2,2,2,2,我最难忘的事和人(1)；中国现代史定论(1),书中
刘泽湘,政治异议者 / 朋友 / 历史类比引用,政治异议者,70,2,2,1,1,中国近代史新论(2),诗、与刘泽湘、史良、傅专辈游
利益才,政治人物,政治人物,70,2,2,2,2,千秋万岁乌鸦求是合集(1)；李敖秘密书房(1),选举、历史上、找他
包括各,师生,师生,70,2,2,2,2,李敖书札集(1)；李敖大哥大(1),学生、编辑、发行、台大、委员、朋友
包括阿,政治人物,政治人物,70,2,2,2,2,挑战李敖(1)；李敖颠倒众生(1),总统、节目
卢汉,军事人物 / 政治人物,军事人物,70,2,2,2,2,我最难忘的事和人(1)；世论新语(1),委员、国民党、党务、攻击
古代女,神交引用,神交引用,70,2,2,2,2,挑战李敖(1)；李敖秘密书房(1),古代、主义、女儿、嫁给、结婚
周朱枕,出版 / 公共论战,出版,70,2,2,2,2,教育与脸谱(1)；李敖秘藏日记(1),文星、部长、碰到
周桐雨,见面,见面,70,2,2,1,1,李敖自传与回忆(2),学生、同学、弟弟、家里、太太
和当选,见面,见面,70,2,2,2,2,中国现代史定论(1)；李敖秘密书房(1),见、总统、民进党
孙储琳,学术,学术,70,2,2,1,1,李敖秘密书房(2),女士、研究、大学、像
家起立,政治人物,政治人物,70,2,2,2,2,李敖秘密书房(1)；李敖大哥大(1),主席、序、国民党
封德屏,出版 / 媒体,出版,70,2,2,1,1,李敖相关(2),作品、编辑、总编辑、杂志、批评
张永堂,学术 / 创作资料协助,学术,70,2,2,1,1,李敖书牍集(2),读、先生、卢荷生先生、张秀蓉小姐、车爱光先生、张元先生、张永堂先生、魏宏利先生
徐国材,姻亲,姻亲,70,2,2,1,1,李敖自传与回忆(2),爸爸、妈妈、嫁给、大学
徐德修,文艺音乐 / 历史类比引用 / 神交引用,文艺音乐,70,2,2,1,1,中国艺术新研(2),诗、《跋与徐德修草书后》
成头条,学术,学术,70,2,2,2,2,李敖访谈录1990-2018(1)；李敖颠倒众生(1),北大、记者、报纸
施琅,历史类比引用 / 军事人物,历史类比引用,70,2,2,2,2,李敖札记(1)；李敖秘密书房(1),将军（施）琅、朋友
时包括,军事人物,军事人物,70,2,2,2,2,李敖书序集(1)；李敖笑傲江湖(1),司令、节目
曹文生,政治人物,政治人物,70,2,2,2,2,李敖书启集(1)；挑战李敖(1),委员、节目、政战
朱德,军事人物 / 政治人物 / 历史类比引用,军事人物,70,2,2,2,2,中国现代史定论(1)；李敖笑傲江湖(1),见、司令、共产党
李洪之,历史类比引用 / 政治人物 / 情感 / 神交引用,历史类比引用,70,2,2,1,1,中国性研究(2),妻、夫人、娶、李洪之有张、刘二妻
李青来,出版,出版,70,2,2,2,2,教育与脸谱(1)；李敖书启集(1),出版、见、记者
林晋辉,社会案件 / 学术行政,社会案件,70,2,2,1,1,为中国思想趋向求答案(2),书中、电话
潘公展,媒体 / 政治人物 / 历史类比引用 / 神交引用,媒体,70,2,2,2,2,我梦碎，所以我梦醒(1)；李敖大哥大(1),国民党
潘有光,财产债务 / 诉讼 / 证人见证,财产债务,70,2,2,1,1,李敖秘藏日记(2),碰到、电话、同学、太太
王世洁,军事人物 / 同案狱友 / 创作资料协助,军事人物,70,2,2,1,1,李敖书牍集(2),监狱、看守所、军法、难友王世洁（情报局上尉特派官）
红包收,学术行政,学术行政,70,2,2,1,1,李敖大哥大(2),研究、中央研究院、院长、碰到、政府
胡礼垣,学术 / 诗文出处 / 公共论战 / 历史类比引用 / 神交引用,学术,70,2,2,2,2,文化论战丹火录(1)；中国近代史新论(1),见、序、出版、批评、先生
胡述兆,学术,学术,70,2,2,2,2,李敖快意恩仇录(1)；大学日记后期甲集(1),台大、研究
花生总,政治人物,政治人物,70,2,2,2,2,李敖秘藏日记(1)；李敖秘密书房(1),总统、国民党、所谓
赖锡志,看守戒护 / 财产债务 / 诉讼,看守戒护,70,2,2,1,1,李敖自传与回忆续集(2),管理员、主任管理员、公诉、见、课长
赵龙文,同学 / 情治警务 / 见面,同学,70,2,2,2,2,我最难忘的事和人(1)；李敖秘密书房(1),同学、诗、警察
车卖掉,见面,见面,70,2,2,2,2,李敖随写录后集(1)；李敖大哥大(1),见、朋友、法院、委员、像
连战宣,司法人员,司法人员,70,2,2,2,2,李敖笑傲江湖(1)；李敖大哥大(1),报纸、检察官、国民党
邹泉廷,宗教人物 / 亲属 / 历史类比引用,宗教人物,70,2,2,1,1,李敖随写录前集(2),像、先生、邹泉廷先生
郗昙,宗教人物 / 神交引用,宗教人物,70,2,2,2,2,传统下的独白(1)；大学日记后期甲集(1),所谓
都涉嫌,诉讼,诉讼,70,2,2,2,2,挑战李敖(1)；李敖大哥大(1),法院、朋友、委员
都要脱,公共论战,公共论战,70,2,2,2,2,李敖笑傲江湖(1)；挑战李敖(1),国民党、像、律师
陆来谈,学术,学术,70,2,2,2,2,李敖笑傲江湖(1)；挑战李敖(1),大学、所谓、见、朋友、国民党、像
魏宏利,学术 / 创作资料协助,学术,70,2,2,1,1,李敖书牍集(2),读、先生、卢荷生先生、张秀蓉小姐、车爱光先生、张元先生、张永堂先生、魏宏利先生
黄国隆,见面,见面,70,2,2,1,1,李敖笑傲江湖(2),见、见面、请我、朋友、研究、大学、所长、先生
苏舜元,文艺音乐 / 诗文出处 / 历史类比引用 / 神交引用,文艺音乐,69,7,7,1,3,中国艺术新研(7),见
宋绶,文艺音乐 / 公职人员 / 历史类比引用 / 神交引用,文艺音乐,69,6,6,1,3,中国艺术新研(6),见
林天送,医疗照护 / 社会案件 / 公共论战,医疗照护,69,4,4,1,1,传统下的独白(4),警察
黄加持,情治警务 / 朋友 / 见面,情治警务,69,4,4,1,1,我最难忘的事和人(4),警察
于书绅,情治警务 / 朋友 / 见面,情治警务,69,3,3,1,1,我最难忘的事和人(3),朋友、警察、家里
厉鹗,诗文出处,诗文出处,69,3,2,2,2,读史指南(2)；中国艺术新研(1),书目作者表、著作、诗
家答复,公共论战,公共论战,69,3,2,2,3,挑战李敖(2)；李敖秘密书房(1),政治、节目
小甜甜,医疗照护 / 称谓待考 / 见面,医疗照护,69,3,3,1,1,我最难忘的事和人(3),一起、见、病房
张玉桂,通信 / 创作资料协助,通信,69,3,3,1,2,李敖大哥大(3),电视、读、所谓
明斯基,媒体 / 神交引用,媒体,69,3,3,1,1,李敖文存二集(3),大学
李王粲,学术 / 神交引用,学术,69,3,3,2,2,文化论战丹火录(2)；为中国思想趋向求答案(1),古人、见、书中、说过
胡承珙,神交引用 / 诗文出处,神交引用,69,3,2,2,2,读史指南(2)；我梦碎，所以我梦醒(1),古人、诗、书目作者表
萧统,诗文出处,诗文出处,69,3,2,2,2,读史指南(2)；要把金针度与人(1),书目作者表、古代、诗
钟嵘,诗文出处,诗文出处,69,3,2,2,2,读史指南(2)；要把金针度与人(1),书目作者表、作品、诗
马瑞辰,神交引用 / 诗文出处,神交引用,69,3,2,2,2,读史指南(2)；我梦碎，所以我梦醒(1),古人、诗、书目作者表
丁树兰,司法人员,司法人员,69,2,2,1,1,李敖秘密书房(2),检察官、起诉、问我、委员、读、法官、法院
何定藩,出版 / 诗文出处 / 学术考证引用,出版,69,2,2,1,1,李敖书启集(2),出版社、主编、出版、何定藩主编《中国历代墨宝精华》
史憬然,政治异议者 / 烈士殉难 / 亲属 / 历史类比引用,政治异议者,69,2,2,1,1,中国近代史新论(2),哥哥、妹妹、史坚如的妹妹史憬然
吴尚纬,看守戒护 / 刑求人员 / 诉讼,看守戒护,69,2,2,1,1,李敖自传与回忆续集(2),认识、电话、朋友、看守所、台北看守所、管理员、女友
唐穆宗,政治人物 / 公职人员 / 历史类比引用 / 神交引用,政治人物,69,2,2,1,1,中国迷信新研(2),爸爸、妈妈、最早是唐穆宗长庆三年（823）的钱塘冯氏
大荟（五五日记）,见面 / 称谓待考,见面,69,2,2,1,1,李敖五五日记(2),见、找我、一起、午请宏祥、大荟、彦增、文华、二位小姐于季园
安排李,通信,通信,69,2,2,2,2,千秋万岁乌鸦求是合集(1)；李敖秘密书房(1),见、打电话、电话、先生、像
李福林,军事人物 / 政治人物 / 历史类比引用,军事人物,69,2,2,1,1,中国现代史正论(2),主席、委员、政府、朱培德、陈树人、甘乃光、周恩来、岳森、吴铁城、陈孚木、李福林、陈公博等九人组织廖案检察委员会
李维汉,政治人物 / 公共论战 / 神交引用,政治人物,69,2,2,2,2,李敖文存(1)；我是天安门(1),共产党、部长、所谓
林宗义,师生,师生,69,2,2,1,1,李敖大哥大(2),教授、大学、爸爸、儿子、学术、政府、先生
林松祥,出版 / 学术 / 公共论战,出版,69,2,2,1,1,李敖书笺集(2),学生、编辑、发行、总编辑、杂志、大学、台大、林松祥做发行人
梁令娴,亲属 / 创作资料协助 / 历史类比引用 / 神交引用,亲属,69,2,2,1,1,李敖书札集(2),爸爸、女儿、梁启超死后，他的女儿梁令娴
游庭长,司法人员,司法人员,69,2,2,1,1,千秋万岁乌鸦求是合集(2),庭长、法院、部长、法官
潘光宇,通信 / 公款经费 / 公共论战,通信,69,2,2,1,1,传统下的再白(2),所谓、写信、回扣、研究、中央研究院、总干事、经费
狄希陈,虚拟人物 / 小说剧本人物 / 历史类比引用,虚拟人物,69,2,2,1,1,中国性研究(2),妈妈、女儿、妻、娶、狄希陈两头娶大
葛伦·福特,媒体 / 文艺音乐 / 朋友,媒体,69,2,2,1,1,李敖札记(2),打电话、电话、葛伦福特
蔡甘清,同案狱友 / 政治人物,同案狱友,69,2,2,1,1,李敖自传与回忆续集(2),妻、看守所、杂役、同案
贡献来,出版,出版,69,2,2,2,2,文化论战丹火录(1)；中国迷信新研(1),文星、博士、告诉我、古人
赖玉森,朋友 / 见面,朋友,69,2,2,2,2,大学日记后期甲集(1)；大学日记后期乙集(1),认识、朋友
邹志英,见面 / 同案狱友,见面,69,2,2,1,1,我最难忘的事和人(2),认识、太太、离婚
郑子群,历史类比引用 / 情感 / 神交引用,历史类比引用,69,2,2,1,1,中国性研究(2),妻、娶、郑子群先娶陈氏女
陈孚木,政治人物 / 公职人员 / 历史类比引用,政治人物,69,2,2,1,1,中国现代史正论(2),主席、委员、政府、朱培德、陈树人、甘乃光、周恩来、岳森、吴铁城、陈孚木、李福林、陈公博等九人组织廖案检察委员会
陈金凤,看守戒护 / 财产债务 / 诉讼,看守戒护,69,2,2,1,1,李敖自传与回忆续集(2),见、接见、管理员、女儿、福利社
陈金凤（李敖书翰集）,情感 / 通信 / 见面 / 称谓待考,情感,69,2,2,1,1,李敖书翰集(2),见、打电话、电话、朋友、债务、致陈金凤
麻烦请,公共论战,公共论战,69,2,2,2,2,挑战李敖(1)；李敖大哥大(1),国民党、见、报纸、电视、作品、像
黄纪,学术 / 学术行政 / 见面,学术,69,2,2,1,1,挑战李敖(2),请我、老师、教授、同学、大学、政治、系主任黄纪教授
朱石炎,司法人员,司法人员,68,5,5,2,2,李敖快意恩仇录(3)；我最难忘的事和人(2),
安全性,神交引用,待复核,68,4,2,3,4,李敖秘密书房(2)；传统下的独白(1)；挑战李敖(1),像、书里
王世充,政治人物 / 军事人物 / 神交引用,政治人物,68,4,4,2,2,世论新语(3)；独白下的传统(1),
Martha（五五日记）,通信 / 创作资料协助 / 称谓待考,通信,68,3,3,1,2,李敖五五日记(3),报导、碰到
刘翼云,师生,师生,68,3,2,1,1,我最难忘的事和人(3),学生、牢房、司令
姚崇,政治人物 / 神交引用,政治人物,68,3,3,1,1,教育与脸谱(3),像
孔德懋,亲属,亲属,68,3,2,1,2,千秋万岁乌鸦求是合集(3),见、姐姐
张家铨,情治警务 / 政治人物,情治警务,68,3,3,1,1,我最难忘的事和人(3),一起、总统、委员
张惠言,神交引用 / 诗文出处,神交引用,68,3,2,2,2,读史指南(2)；我梦碎，所以我梦醒(1),诗、书目作者表
张翥,神交引用 / 诗文出处,神交引用,68,3,2,2,2,读史指南(2)；北京法源寺(1),诗、书目作者表
张辅邦,情治警务 / 朋友 / 见面,情治警务,68,3,3,1,1,我最难忘的事和人(3),请我
张邦基,诗文出处 / 历史类比引用 / 神交引用,诗文出处,68,3,3,2,2,中国艺术新研(2)；历史与人像(1),妻
徐达,军事人物 / 神交引用,军事人物,68,3,3,1,1,传统下的独白(3),将军
李元度,诗文出处,诗文出处,68,3,2,2,2,读史指南(2)；中国艺术新研(1),书目作者表、诗
江上蹇叟,出版 / 神交引用,出版,68,3,3,2,2,李敖全集(2)；李敖语录(1),写信、老师
王弼,神交引用 / 诗文出处,神交引用,68,3,2,2,2,读史指南(2)；我梦碎，所以我梦醒(1),诗、书目作者表
袁宏,诗文出处,诗文出处,68,3,2,2,2,读史指南(2)；为历史拨云(1),书目作者表、所谓
赵斌成,情治警务 / 朋友 / 见面,情治警务,68,3,3,1,1,我最难忘的事和人(3),共产党、秘书
Alice（李敖书翰集）,朋友 / 创作资料协助 / 称谓待考,朋友,68,2,2,1,1,李敖书翰集(2),认识、回信、台大、秘书、先生介绍的Alice
Alice（秘藏日记）,通信 / 创作资料协助 / 称谓待考,通信,68,2,2,1,1,李敖秘藏日记(2),电话、托Alice转达
丁毅生,亲属 / 历史类比引用 / 神交引用,亲属,68,2,2,1,1,中国迷信新研(2),妻、丁毅生妻/翁/翁病诸药不效
丁氏（张振声妻）,社会案件 / 亲属 / 医疗照护 / 被害人 / 历史类比引用 / 神交引用,社会案件,68,2,2,1,1,中国迷信新研(2),妻、丁氏/张振声妻
丁氏（李耀妻）,社会案件 / 亲属 / 医疗照护 / 被害人 / 历史类比引用 / 神交引用,社会案件,68,2,2,1,1,中国迷信新研(2),妻、丁氏/李耀妻
丁氏（汪必达妻）,社会案件 / 亲属 / 医疗照护 / 被害人 / 历史类比引用 / 神交引用,社会案件,68,2,2,1,1,中国迷信新研(2),妻、丁氏/诸生汪必达妻
丁氏（陈起藩妻）,社会案件 / 亲属 / 医疗照护 / 被害人 / 历史类比引用 / 神交引用,社会案件,68,2,2,1,1,中国迷信新研(2),妻、丁氏/陈起藩妻
万映春,师生,师生,68,2,2,1,1,一个预备军官的日记(2),助理、读、电话
东氏（陈士心妻）,社会案件 / 亲属 / 医疗照护 / 被害人 / 历史类比引用 / 神交引用,社会案件,68,2,2,1,1,中国迷信新研(2),妻、东氏/陈士心妻
乔氏（郭良相妻）,社会案件 / 亲属 / 医疗照护 / 被害人 / 历史类比引用 / 神交引用,社会案件,68,2,2,1,1,中国迷信新研(2),妻、郭良相妻定陶人
于版权,媒体,媒体,68,2,2,2,2,李敖访谈录1990-2018(1)；李敖大哥大(1),记者、采访、文学、主义
任氏（臧劝妻）,社会案件 / 亲属 / 医疗照护 / 被害人 / 历史类比引用 / 神交引用,社会案件,68,2,2,1,1,中国迷信新研(2),妻、任氏/诸生臧劝妻
任没有,律师代理,律师代理,68,2,2,2,2,李敖书信集(1)；李敖大哥大(1),发行、代理、所谓
何氏（东莞童养媳割股）,社会案件 / 亲属 / 医疗照护 / 被害人 / 历史类比引用 / 神交引用,社会案件,68,2,2,1,1,中国迷信新研(2),妻、东莞人贡士何汉臣女十岁嫁于李昌期家为童养媳
何氏（刘昌印妻）,社会案件 / 亲属 / 医疗照护 / 被害人 / 历史类比引用 / 神交引用,社会案件,68,2,2,1,1,中国迷信新研(2),妻、刘昌印妻/夫/夫病笃/割股和羹以进
何氏（唐希尧妻）,社会案件 / 亲属 / 医疗照护 / 被害人 / 历史类比引用 / 神交引用,社会案件,68,2,2,1,1,中国迷信新研(2),妻、唐希尧妻/姑/姑病思肉食/刲股为羹以进
何氏（张与可妻）,社会案件 / 亲属 / 医疗照护 / 被害人 / 历史类比引用 / 神交引用,社会案件,68,2,2,1,1,中国迷信新研(2),妻、诸生张与可妻/父/父病笃/祷天刲股为糜以进
何氏（江宁两次割股）,社会案件 / 亲属 / 医疗照护 / 被害人 / 历史类比引用 / 神交引用,社会案件,68,2,2,1,1,中国迷信新研(2),妻、何尚宝遵之后/夫及母/夫病、母病/两次刲股以进
何氏（王都妻）,社会案件 / 亲属 / 医疗照护 / 被害人 / 历史类比引用 / 神交引用,社会案件,68,2,2,1,1,中国迷信新研(2),妻、王都妻/翁/翁疾/刲股以疗
余谓道,亲属 / 历史类比引用 / 神交引用,亲属,68,2,2,1,1,中国迷信新研(2),妻、余谓道妻家贫/姑/姑疾笃
侯贞雄,财产债务 / 财产信托 / 通信,财产债务,68,2,2,1,1,李敖书简集(2),中国信托公司”各董事的信
俞大綵,亲属 / 诗文出处 / 出版 / 历史类比引用,亲属,68,2,2,1,1,中国现代史定论(2),太太、出版、序、大学、傅太太俞大綵
俞氏（岳生璧妻）,社会案件 / 亲属 / 医疗照护 / 被害人 / 历史类比引用 / 神交引用,社会案件,68,2,2,1,1,中国迷信新研(2),妻、俞氏/诸生岳生璧妻
俞氏（陈尚礼妻）,社会案件 / 亲属 / 医疗照护 / 被害人 / 历史类比引用 / 神交引用,社会案件,68,2,2,1,1,中国迷信新研(2),妻、将军、俞氏/儒士陈尚礼妻
党三阳,亲属 / 历史类比引用 / 神交引用,亲属,68,2,2,1,1,中国迷信新研(2),妻、党三阳妻/姑/姑病
关平,亲属 / 军事人物 / 历史类比引用,亲属,68,2,2,1,1,李敖笑傲江湖(2),儿子、历史上、有一个是关平
关谦如,亲属 / 历史类比引用 / 神交引用,亲属,68,2,2,1,1,中国迷信新研(2),妻、谢氏/关谦如妻
冯明珠,学术行政 / 公共论战,学术行政,68,2,2,1,1,虽千万人，李敖往矣(2),院长、国民党
冷逢泰,亲属 / 历史类比引用 / 神交引用,亲属,68,2,2,1,1,中国迷信新研(2),妻、州庠生叶桂芳女冷逢泰妻
刘台生,同案狱友 / 刑求受害,同案狱友,68,2,2,2,2,李敖自传与回忆续集(1)；李敖快意恩仇录(1),看守所、脚镣、钉脚镣、同案、见、绑担架、检察官
刘子鹏,政治人物 / 公共论战 / 党务宣传 / 历史类比引用,政治人物,68,2,2,1,1,中国现代史正论(2),党务、“中园派”的刘子鹏
刘惠嫔,证人见证 / 诉讼,证人见证,68,2,2,1,1,李敖随写录后集(2),调查局、刘惠嫔
刘承思,亲属 / 历史类比引用 / 神交引用,亲属,68,2,2,1,1,中国迷信新研(2),妻、林氏/刘承思妻
刘昌印,亲属 / 历史类比引用 / 神交引用,亲属,68,2,2,1,1,中国迷信新研(2),妻、刘昌印妻/夫/夫病笃/割股和羹以进
刘梦燕,见面,见面,68,2,2,1,1,李敖秘藏日记(2),碰到、印务、发行、法院、刘梦燕
刘氏（刘昆耀女胡仕俊妻）,社会案件 / 亲属 / 医疗照护 / 被害人 / 历史类比引用 / 神交引用,社会案件,68,2,2,1,1,中国迷信新研(2),妻、诸生刘昆耀女胡仕俊妻
刘氏（刘颜女王康臣妻）,社会案件 / 亲属 / 医疗照护 / 被害人 / 历史类比引用 / 神交引用,社会案件,68,2,2,1,1,中国迷信新研(2),妻、读、贡士刘颜女王康臣妻
刘氏（华宇妻）,社会案件 / 亲属 / 医疗照护 / 被害人 / 历史类比引用 / 神交引用,社会案件,68,2,2,1,1,中国迷信新研(2),妻、诸生华宇妻/姑/姑感中风疾
刘氏（叶正蓁妻）,社会案件 / 亲属 / 医疗照护 / 被害人 / 历史类比引用 / 神交引用,社会案件,68,2,2,1,1,中国迷信新研(2),妻、进士叶正蓁妻/夫/夫病
刘氏（周埕妻）,社会案件 / 亲属 / 医疗照护 / 被害人 / 历史类比引用 / 神交引用,社会案件,68,2,2,1,1,中国迷信新研(2),妻、周埕妻/姑/姑病危
刘氏（李璞锐妻）,社会案件 / 亲属 / 医疗照护 / 被害人 / 历史类比引用 / 神交引用,社会案件,68,2,2,1,1,中国迷信新研(2),妻、李璞锐妻/姑/姑病药饵罔效
刘氏（薛肇商妻）,社会案件 / 亲属 / 医疗照护 / 被害人 / 历史类比引用 / 神交引用,社会案件,68,2,2,1,1,中国迷信新研(2),妻、薛肇商妻/姑及夫
刘氏（黄鼎新妻）,社会案件 / 亲属 / 医疗照护 / 被害人 / 历史类比引用 / 神交引用,社会案件,68,2,2,1,1,中国迷信新研(2),妻、黄鼎新妻/姑/姑病笃
刘玉佩,亲属 / 公职人员 / 历史类比引用 / 神交引用,亲属,68,2,2,1,1,中国迷信新研(2),妻、知府刘玉佩妻/父及姑及母
刘肇元,亲属 / 历史类比引用 / 神交引用,亲属,68,2,2,1,1,中国迷信新研(2),妻、刘肇元妻/姑及翁
刘运发,财产债务 / 社会案件 / 创作资料协助,财产债务,68,2,2,1,1,李敖书启集(2),律师、委员、副本收受者：水晶大厦管理委员陈秋子、徐进业、庄月鈱、赖添云、李俊科、黎兰、刘运发、蔡国盛、郑文信
刘际隆,亲属 / 历史类比引用 / 神交引用,亲属,68,2,2,1,1,中国迷信新研(2),妻、刘际隆妻/姑/姑病垂危
刘骏名,公职人员 / 创作资料协助 / 历史类比引用 / 神交引用,公职人员,68,2,2,1,1,中国迷信新研(2),妻、州守刘骏名表其闾
勃朗宁夫人,出版 / 情感 / 神交引用,出版,68,2,2,2,2,虚拟的十七岁(1)；李敖笑傲江湖(1),夫人、同学、妻、结婚、台大、诗、像
勘勘,亲属 / 称谓待考,亲属,68,2,2,2,2,李敖自传与回忆(1)；李敖回忆录(1),儿子、女儿、诗、碰到、太太
华氏（赵桂妻）,社会案件 / 亲属 / 医疗照护 / 被害人 / 历史类比引用 / 神交引用,社会案件,68,2,2,1,1,中国迷信新研(2),妻、华氏/赵桂妻
叶乘龙,亲属 / 历史类比引用 / 神交引用,亲属,68,2,2,1,1,中国迷信新研(2),妻、文学、叶乘龙女文学陈遇妻
叶其生,亲属 / 历史类比引用 / 神交引用,亲属,68,2,2,1,1,中国迷信新研(2),妻、文学、许氏/叶其生妻
叶四,社会案件 / 婚姻相关 / 诉讼 / 历史类比引用 / 神交引用,社会案件,68,2,2,1,1,历史与人像(2),妻、叶四有妻阿邵
叶山母,财产债务 / 财产信托 / 通信,财产债务,68,2,2,1,1,李敖书简集(2),中国信托公司”各董事的信
叶桂芳,亲属 / 历史类比引用 / 神交引用,亲属,68,2,2,1,1,中国迷信新研(2),妻、州庠生叶桂芳女冷逢泰妻
叶正蓁,亲属 / 历史类比引用 / 神交引用,亲属,68,2,2,1,1,中国迷信新研(2),妻、进士叶正蓁妻/夫/夫病
叶氏（冷逢泰妻）,社会案件 / 亲属 / 医疗照护 / 被害人 / 历史类比引用 / 神交引用,社会案件,68,2,2,1,1,中国迷信新研(2),妻、州庠生叶桂芳女冷逢泰妻
叶氏（吴榜望妻）,社会案件 / 亲属 / 医疗照护 / 被害人 / 历史类比引用 / 神交引用,社会案件,68,2,2,1,1,中国迷信新研(2),妻、吴榜望妻/姑/姑病
叶氏（沈兰妻）,社会案件 / 亲属 / 医疗照护 / 被害人 / 历史类比引用 / 神交引用,社会案件,68,2,2,1,1,中国迷信新研(2),妻、沈兰妻/姑/姑病
叶氏（陈遇妻）,社会案件 / 亲属 / 医疗照护 / 被害人 / 历史类比引用 / 神交引用,社会案件,68,2,2,1,1,中国迷信新研(2),妻、文学、叶乘龙女文学陈遇妻
叶青青,媒体 / 诗文出处 / 学术考证引用,媒体,68,2,2,1,1,李敖书简集(2),夫人、研究、叶青青《珍珠集》
向谁诉,神交引用,神交引用,68,2,2,2,2,李敖秘密书房(1)；李敖大哥大(1),像、爸爸、太太
吕文鳌,亲属 / 历史类比引用 / 神交引用,亲属,68,2,2,1,1,中国迷信新研(2),妻、吕文鳌妻/姑/嫁甫三月
吴三迁,亲属 / 历史类比引用 / 神交引用,亲属,68,2,2,1,1,中国迷信新研(2),学生、太学生吴三迁之女时年十二
吴子桂,亲属 / 历史类比引用 / 神交引用,亲属,68,2,2,1,1,中国迷信新研(2),妻、吴子桂女黄正中妻幼习孝经
吴幼良,亲属 / 出版 / 创作资料协助 / 历史类比引用,亲属,68,2,2,1,1,中国现代史定论(2),儿子、儿子吴幼林、吴幼良
吴榜望,亲属 / 历史类比引用 / 神交引用,亲属,68,2,2,1,1,中国迷信新研(2),妻、吴榜望妻/姑/姑病
吴氏（吴三迁女）,社会案件 / 亲属 / 医疗照护 / 被害人 / 历史类比引用 / 神交引用,社会案件,68,2,2,1,1,中国迷信新研(2),学生、太学生吴三迁之女时年十二
吴氏（吴子桂女黄正中妻）,社会案件 / 亲属 / 医疗照护 / 被害人 / 历史类比引用 / 神交引用,社会案件,68,2,2,1,1,中国迷信新研(2),妻、吴子桂女黄正中妻幼习孝经
吴氏（张秉孚妻）,社会案件 / 亲属 / 医疗照护 / 被害人 / 历史类比引用 / 神交引用,社会案件,68,2,2,1,1,中国迷信新研(2),妻、张秉孚妻/姑/姑病笃
吴氏（桂一羡妻）,社会案件 / 亲属 / 医疗照护 / 被害人 / 历史类比引用 / 神交引用,社会案件,68,2,2,1,1,中国迷信新研(2),妻、桂一羡妻/夫及姑
吴氏（毕懋宗妻）,社会案件 / 亲属 / 医疗照护 / 被害人 / 历史类比引用 / 神交引用,社会案件,68,2,2,1,1,中国迷信新研(2),妻、文学、文学毕懋宗妻/姑/姑病笃
吴清桂,亲属 / 选举助选 / 通信,亲属,68,2,2,1,1,李敖随写录后集(2),寄给、太太、吴清桂
周兴鲁,亲属 / 历史类比引用 / 神交引用,亲属,68,2,2,1,1,中国迷信新研(2),学生、妻、周兴鲁妻/姑/姑病
周定华,监狱行政,监狱行政,68,2,2,1,1,李敖大哥大(2),访问、监狱、先生
周氏（刘际隆妻）,社会案件 / 亲属 / 医疗照护 / 被害人 / 历史类比引用 / 神交引用,社会案件,68,2,2,1,1,中国迷信新研(2),妻、刘际隆妻/姑/姑病垂危
周氏（吕文鳌妻）,社会案件 / 亲属 / 医疗照护 / 被害人 / 历史类比引用 / 神交引用,社会案件,68,2,2,1,1,中国迷信新研(2),妻、吕文鳌妻/姑/嫁甫三月
周氏（周兴鲁妻）,社会案件 / 亲属 / 医疗照护 / 被害人 / 历史类比引用 / 神交引用,社会案件,68,2,2,1,1,中国迷信新研(2),学生、妻、周兴鲁妻/姑/姑病
周氏（姚允逵妻）,社会案件 / 亲属 / 医疗照护 / 被害人 / 历史类比引用 / 神交引用,社会案件,68,2,2,1,1,中国迷信新研(2),妻、姚允逵妻/姑/姑病
周氏（腰怀明妻）,社会案件 / 亲属 / 医疗照护 / 被害人 / 历史类比引用 / 神交引用,社会案件,68,2,2,1,1,中国迷信新研(2),妻、腰怀明妻/姑及翁
周氏（葛一鹤妻）,社会案件 / 亲属 / 医疗照护 / 被害人 / 历史类比引用 / 神交引用,社会案件,68,2,2,1,1,中国迷信新研(2),妻、葛一鹤妻/姑/姑病药不效
周氏（许惕若妻）,社会案件 / 亲属 / 医疗照护 / 被害人 / 历史类比引用 / 神交引用,社会案件,68,2,2,1,1,中国迷信新研(2),妻、诸生许惕若妻/姑/姑疾笃
周荃说,政治人物,政治人物,68,2,2,1,2,李敖大哥大(2),县长、老师、学生、朋友、博士、大学、电视
周道纯,亲属 / 历史类比引用 / 神交引用,亲属,68,2,2,1,1,中国迷信新研(2),见、妻、林氏/周道纯妻
周雍能,政治人物 / 公共论战 / 神交引用,政治人物,68,2,2,1,1,世论新语(2),秘书、市长、国民党、民进党
唐允明,亲属 / 历史类比引用 / 神交引用,亲属,68,2,2,1,1,中国迷信新研(2),妻、乡人唐允明妻/姑/姑病垂危
唐希尧,亲属 / 历史类比引用 / 神交引用,亲属,68,2,2,1,1,中国迷信新研(2),妻、唐希尧妻/姑/姑病思肉食/刲股为羹以进
国旗敬,政治人物,政治人物,68,2,2,2,2,挑战李敖(1)；李敖大哥大(1),总统、民进党、台独、所谓、像
国营政,神交引用,神交引用,68,2,2,1,1,千秋万岁乌鸦求是合集(2),主义、攻击
夏氏（黄大才妻）,社会案件 / 亲属 / 医疗照护 / 被害人 / 历史类比引用 / 神交引用,社会案件,68,2,2,1,1,中国迷信新研(2),妻、夏氏/黄大才妻
姚允逵,亲属 / 历史类比引用 / 神交引用,亲属,68,2,2,1,1,中国迷信新研(2),妻、姚允逵妻/姑/姑病
孔尚坤,亲属 / 历史类比引用 / 神交引用,亲属,68,2,2,1,1,中国迷信新研(2),妻、方氏/孔尚坤媳
孙氏（李东壁妻）,社会案件 / 亲属 / 医疗照护 / 被害人 / 历史类比引用 / 神交引用,社会案件,68,2,2,1,1,中国迷信新研(2),妻、李东壁妻/姑/姑医药罔效
孙氏（李志学妻）,社会案件 / 亲属 / 医疗照护 / 被害人 / 历史类比引用 / 神交引用,社会案件,68,2,2,1,1,中国迷信新研(2),妻、员外李志学妻/姑/姑疾笃
孙氏（毕力德妻）,社会案件 / 亲属 / 医疗照护 / 被害人 / 历史类比引用 / 神交引用,社会案件,68,2,2,1,1,中国迷信新研(2),妻、文学、毕力德妻/姑/姑疾
孙氏（王家澂妻）,社会案件 / 亲属 / 医疗照护 / 被害人 / 历史类比引用 / 神交引用,社会案件,68,2,2,1,1,中国迷信新研(2),妻、王家澂妻/姑/姑病危
孙氏（陈懋修妻）,社会案件 / 亲属 / 医疗照护 / 被害人 / 历史类比引用 / 神交引用,社会案件,68,2,2,1,1,中国迷信新研(2),妻、儒士陈懋修妻/夫/夫抱沉荷
孙策,军事人物 / 政治人物 / 亲属 / 历史类比引用,军事人物,68,2,2,1,1,李敖笑傲江湖(2),嫁给、历史上、大乔当然就嫁给了孙策
宋赐春,亲属 / 历史类比引用 / 神交引用,亲属,68,2,2,1,1,中国迷信新研(2),妻、方氏/乡人宋赐春妻
家杜威,神交引用,神交引用,68,2,2,2,2,大学日记后期乙集(1)；李敖秘密书房(1),哲学、陪他、学生、先生
小苏（李敖书笺集）,创作资料协助 / 通信 / 称谓待考,创作资料协助,68,2,2,1,1,李敖书笺集(2),电话、特派小苏、李放去抢修
尤夫人,亲属 / 选举助选 / 创作资料协助 / 称谓待考,亲属,68,2,2,1,1,李敖札记(2),老师、夫人、县长、尤夫人亲自收执
尹士英,媒体 / 见面,媒体,68,2,2,1,1,李敖五五日记(2),见、访问、财讯尹士英、吴永毅、彭美媛、萧榕来访问
居然替,政治人物,政治人物,68,2,2,1,2,李敖大哥大(2),委员、选举、民进党、儿子、法院
屠绳武,亲属 / 历史类比引用 / 神交引用,亲属,68,2,2,1,1,中国迷信新研(2),妻、屠绳武妻/姑/姑病骤
左尔良,亲属 / 历史类比引用 / 神交引用,亲属,68,2,2,1,1,中国迷信新研(2),妻、左尔良之妻有一女
师去念,师生,师生,68,2,2,1,2,李敖笑傲江湖(2),老师、总统
干戈作,神交引用,神交引用,68,2,2,1,1,千秋万岁乌鸦求是合集(2),像、国民党
庄因亦,神交引用,神交引用,68,2,2,2,2,大学日记后期甲集(1)；一个预备军官的日记(1),像、来信
庄氏（吕南妻）,社会案件 / 亲属 / 医疗照护 / 被害人 / 历史类比引用 / 神交引用,社会案件,68,2,2,1,1,中国迷信新研(2),妻、庄氏/吕南妻
庄氏（贾得正妻）,社会案件 / 亲属 / 医疗照护 / 被害人 / 历史类比引用 / 神交引用,社会案件,68,2,2,1,1,中国迷信新研(2),妻、庄氏/贾得正妻
庄民悦,亲属 / 历史类比引用 / 神交引用,亲属,68,2,2,1,1,中国迷信新研(2),妻、生员庄民悦妻/姑/姑病笃
康氏（孙程妻）,社会案件 / 亲属 / 医疗照护 / 被害人 / 历史类比引用 / 神交引用,社会案件,68,2,2,1,1,中国迷信新研(2),妻、康氏/孙程妻
康进步,神交引用,神交引用,68,2,2,2,2,一个预备军官的日记(1)；李敖秘藏日记(1),主义、院长、法官、法务部、法院、国民党
廖氏（熊起麟妻）,社会案件 / 亲属 / 医疗照护 / 被害人 / 历史类比引用 / 神交引用,社会案件,68,2,2,1,1,中国迷信新研(2),妻、廖氏/熊起麟妻
张九徵,亲属 / 公职人员 / 历史类比引用 / 神交引用,亲属,68,2,2,1,1,中国迷信新研(2),妻、内阁侍郞张九徵女/姑/姑病/刲股疗之
张九江,亲属 / 历史类比引用 / 神交引用,亲属,68,2,2,1,1,中国迷信新研(2),妻、张九江妻/姑/姑病笃思食鸽肉
张介宾,医疗照护 / 神交引用,医疗照护,68,2,2,2,2,传统下的独白(1)；为中国思想趋向求答案(1),像、所谓、见
张兆琏,亲属 / 历史类比引用 / 神交引用,亲属,68,2,2,1,1,中国迷信新研(2),妻、张兆琏妻年十五知书礼
张光风,公职人员,公职人员,68,2,2,1,1,李敖随写录前集(2),张光风
张华盛,同案狱友 / 证人见证 / 人权救援,同案狱友,68,2,2,1,1,李敖书简集(2),凌虐、检察官、管理员、出狱的崔瑞洲、李绍成、张华盛
张国础,亲属 / 历史类比引用 / 神交引用,亲属,68,2,2,1,1,中国迷信新研(2),妻、张国础妻/姑及翁/姑翁皆病
张均海,亲属 / 历史类比引用 / 神交引用,亲属,68,2,2,1,1,中国迷信新研(2),妻、袁氏/张均海妻
张屐绥,亲属 / 历史类比引用 / 神交引用,亲属,68,2,2,1,1,中国迷信新研(2),妻、熊氏/张屐绥妻
张岳塞（仁钊）,宗教人物 / 公共论战 / 创作资料协助,宗教人物,68,2,2,1,1,历史与人像(2),夫人、批评、张岳塞（仁钊）先生
张希贤,诗文出处 / 宗教人物 / 医疗照护 / 公共论战,诗文出处,68,2,2,1,1,历史与人像(2),出版社、出版、批评、宣传、读、张希贤的《自然节育》
张应鼐,亲属 / 历史类比引用 / 神交引用,亲属,68,2,2,1,1,中国迷信新研(2),妻、张应鼐女年十七/母/母病
张拱垣,亲属 / 历史类比引用 / 神交引用,亲属,68,2,2,1,1,中国迷信新研(2),妻、陆氏/张拱垣妻
张振声,亲属 / 历史类比引用 / 神交引用,亲属,68,2,2,1,1,中国迷信新研(2),妻、丁氏/张振声妻
张氏（冯碧妻）,社会案件 / 亲属 / 医疗照护 / 被害人 / 历史类比引用 / 神交引用,社会案件,68,2,2,1,1,中国迷信新研(2),妻、冯碧妻/母/母病/夜祷天地持刀割股
张氏（张九徵女）,社会案件 / 亲属 / 医疗照护 / 被害人 / 历史类比引用 / 神交引用,社会案件,68,2,2,1,1,中国迷信新研(2),妻、内阁侍郞张九徵女/姑/姑病/刲股疗之
张氏（张应鼐女）,社会案件 / 亲属 / 医疗照护 / 被害人 / 历史类比引用 / 神交引用,社会案件,68,2,2,1,1,中国迷信新研(2),妻、张应鼐女年十七/母/母病
张氏（张诚女）,社会案件 / 亲属 / 医疗照护 / 被害人 / 历史类比引用 / 神交引用,社会案件,68,2,2,1,1,中国迷信新研(2),学生、妻、知府张佑之孙女张诚之女家贫无男子
张氏（李万化妻）,社会案件 / 亲属 / 医疗照护 / 被害人 / 历史类比引用 / 神交引用,社会案件,68,2,2,1,1,中国迷信新研(2),妻、勋胄李万化妻都宪张淳后
张氏（王鼎妻）,社会案件 / 亲属 / 医疗照护 / 被害人 / 历史类比引用 / 神交引用,社会案件,68,2,2,1,1,中国迷信新研(2),妻、诸生王鼎妻/姑/姑病笃/涕泣告天剖腹剜肝和羹以进
张氏（陈养粹妻）,社会案件 / 亲属 / 医疗照护 / 被害人 / 历史类比引用 / 神交引用,社会案件,68,2,2,1,1,中国迷信新研(2),妻、贡士陈养粹妻/夫/夫病危
张淮,社会案件 / 亲属 / 医疗照护 / 历史类比引用 / 神交引用,社会案件,68,2,2,1,1,中国迷信新研(2),妻、张淮，浙江秀水人
张祚贤,亲属 / 创作资料协助 / 历史类比引用,亲属,68,2,2,1,1,中国现代史定论(2),父亲、表兄张祚贤
张秀蓉,学术 / 创作资料协助,学术,68,2,2,1,1,李敖书牍集(2),卢荷生先生、张秀蓉小姐、车爱光先生、张元先生、张永堂先生、魏宏利先生
张秉孚,亲属 / 历史类比引用 / 神交引用,亲属,68,2,2,1,1,中国迷信新研(2),妻、张秉孚妻/姑/姑病笃
张秋雄,政治人物 / 诉讼 / 公共论战,政治人物,68,2,2,1,1,李敖大哥大(2),刑求、台北市议员张秋雄以及利阳公司总经理林金龙
张素真,亲属 / 社会案件 / 公共论战,亲属,68,2,2,1,1,挑战李敖(2),妻、法院、更生团体的这个牧师黄明镇
张维桢,亲属 / 创作资料协助 / 文艺音乐 / 历史类比引用,亲属,68,2,2,1,1,中国艺术新研(2),夫人、所谓、罗家伦夫人张维桢女史捐赠展
张谞行,军事人物 / 公共论战 / 神交引用,军事人物,68,2,2,1,1,求是新语(2),夫人、国民党、中将
张谷年,文艺音乐 / 历史类比引用,文艺音乐,68,2,2,1,1,中国艺术新研(2),秘书、与马寿华、郑曼青、张谷年、刘延涛、陶芸楼、高逸鸿等合组
彭氏（左守贵妻）,社会案件 / 亲属 / 医疗照护 / 被害人 / 历史类比引用 / 神交引用,社会案件,68,2,2,1,1,中国迷信新研(2),妻、左守贵妻/姑/姑病
彭氏（左尔良妻）,社会案件 / 亲属 / 医疗照护 / 被害人 / 历史类比引用 / 神交引用,社会案件,68,2,2,1,1,中国迷信新研(2),妻、左尔良之妻有一女
彭氏（艾自修妻）,社会案件 / 亲属 / 医疗照护 / 被害人 / 历史类比引用 / 神交引用,社会案件,68,2,2,1,1,中国迷信新研(2),妻、彭氏/庆山县令艾自修妻
彰化县陈议长（李敖书札集）,公职人员 / 创作资料协助 / 称谓待考,公职人员,68,2,2,1,1,李敖书札集(2),债务、彰化县陈议长
彰警局王局长（李敖书札集）,情治警务 / 公职人员 / 创作资料协助 / 称谓待考,情治警务,68,2,2,1,1,李敖书札集(2),债务、彰警局王局长
徐光烈,亲属 / 历史类比引用 / 神交引用,亲属,68,2,2,1,1,中国迷信新研(2),妻、徐光烈妻家贫/翁/翁得暴病
徐可大,亲属 / 公职人员 / 历史类比引用 / 神交引用,亲属,68,2,2,1,1,中国迷信新研(2),妻、宜章县令徐可大之妾
徐心箴,亲属 / 历史类比引用 / 神交引用,亲属,68,2,2,1,1,中国迷信新研(2),妻、都匀人徐心箴之妾
徐旭东,媒体,媒体,68,2,2,1,1,李敖秘密书房(2),像、节目、先生、老师、学生
徐时肩,亲属 / 历史类比引用 / 神交引用,亲属,68,2,2,1,1,中国迷信新研(2),妻、徐时肩妻早丧夫/母及父及姑
徐有庠,财产债务 / 财产信托 / 通信,财产债务,68,2,2,1,1,李敖书简集(2),中国信托公司”各董事的信
徐氏（徐全女）,社会案件 / 亲属 / 医疗照护 / 被害人 / 历史类比引用 / 神交引用,社会案件,68,2,2,1,1,中国迷信新研(2),妻、徐全女早丧母
徐氏（徐春孙女李长策妻）,社会案件 / 亲属 / 医疗照护 / 被害人 / 历史类比引用 / 神交引用,社会案件,68,2,2,1,1,中国迷信新研(2),妻、孝廉徐春孙女鸿胪李长策妻
徐氏（徐源女）,社会案件 / 亲属 / 医疗照护 / 被害人 / 历史类比引用 / 神交引用,社会案件,68,2,2,1,1,中国迷信新研(2),妻、徐源女/姑/姑久病不愈
徐氏（曹守谷妻）,社会案件 / 亲属 / 医疗照护 / 被害人 / 历史类比引用 / 神交引用,社会案件,68,2,2,1,1,中国迷信新研(2),妻、曹守谷妻/翁/翁病危
戈仙舟,文艺音乐 / 师生 / 亲属 / 历史类比引用 / 神交引用,文艺音乐,68,2,2,1,1,中国艺术新研(2),学生、古人、大学
成人监,监狱行政,监狱行政,68,2,2,1,1,李敖秘密书房(2),监狱、一起、像
文曲莹,亲属 / 历史类比引用 / 神交引用,亲属,68,2,2,1,1,中国迷信新研(2),妻、文曲莹妻家贫
方氏（孔尚坤媳）,社会案件 / 亲属 / 医疗照护 / 被害人 / 历史类比引用 / 神交引用,社会案件,68,2,2,1,1,中国迷信新研(2),妻、方氏/孔尚坤媳
方氏（宋赐春妻）,社会案件 / 亲属 / 医疗照护 / 被害人 / 历史类比引用 / 神交引用,社会案件,68,2,2,1,1,中国迷信新研(2),妻、方氏/乡人宋赐春妻
方氏（方遇春女）,社会案件 / 亲属 / 医疗照护 / 被害人 / 历史类比引用 / 神交引用,社会案件,68,2,2,1,1,中国迷信新研(2),妻、方氏/方遇春女
方氏（曹台岳妻）,社会案件 / 亲属 / 医疗照护 / 被害人 / 历史类比引用 / 神交引用,社会案件,68,2,2,1,1,中国迷信新研(2),妻、方氏/庠生曹台岳妻
方氏（胡承虞妻）,社会案件 / 亲属 / 医疗照护 / 被害人 / 历史类比引用 / 神交引用,社会案件,68,2,2,1,1,中国迷信新研(2),妻、方氏/庠生胡承虞妻
方遇春,亲属 / 历史类比引用 / 神交引用,亲属,68,2,2,1,1,中国迷信新研(2),妻、方氏/方遇春女
时代总,神交引用,神交引用,68,2,2,2,2,李敖自传与回忆(1)；李敖大哥大(1),思想、像、总统、所谓
时氏（早寡）,社会案件 / 亲属 / 医疗照护 / 被害人 / 历史类比引用 / 神交引用,社会案件,68,2,2,1,1,中国迷信新研(2),妻、时氏/早寡夫家不详
时氏（王廷毗妻）,社会案件 / 亲属 / 医疗照护 / 被害人 / 历史类比引用 / 神交引用,社会案件,68,2,2,1,1,中国迷信新研(2),妻、时氏/贡士王廷毗妻
明明根,学术行政,学术行政,68,2,2,1,2,李敖秘密书房(2),研究、中央研究院、院长、总统
曹台岳,亲属 / 历史类比引用 / 神交引用,亲属,68,2,2,1,1,中国迷信新研(2),妻、方氏/庠生曹台岳妻
曹子勤,亲属 / 政治人物 / 公共论战,亲属,68,2,2,1,1,李敖对话录(2),见、太太、委员、政治、曹子勤
曹守谷,亲属 / 历史类比引用 / 神交引用,亲属,68,2,2,1,1,中国迷信新研(2),妻、曹守谷妻/翁/翁病危
曹来王,亲属 / 历史类比引用 / 神交引用,亲属,68,2,2,1,1,中国迷信新研(2),妻、曹来王妻/姑/姑老遘疾
曾淑贞,证人见证 / 诉讼,证人见证,68,2,2,1,1,李敖随写录后集(2),调查局、律师、曾淑贞
朱仲超,朋友 / 证人见证 / 创作资料协助 / 历史类比引用,朋友,68,2,2,1,1,中国近代史新论(2),家中、余友朱仲超来访
朱守亭,亲属 / 历史类比引用 / 神交引用,亲属,68,2,2,1,1,中国迷信新研(2),妻、李士廉妹孝妇杨氏小姑朱守亭妻
朱校长（五五日记）,见面 / 称谓待考,见面,68,2,2,1,1,李敖五五日记(2),一起、电话、像、朱校长、五姨、叶建丽夫妇、兆扬夫妇、张牙医夫妇、小屯
朱氏（王民妻）,社会案件 / 亲属 / 医疗照护 / 被害人 / 历史类比引用 / 神交引用,社会案件,68,2,2,1,1,中国迷信新研(2),妻、文学、朱氏/王民妻
朱氏（陈治书妻）,社会案件 / 亲属 / 医疗照护 / 被害人 / 历史类比引用 / 神交引用,社会案件,68,2,2,1,1,中国迷信新研(2),学生、妻、朱氏/进士朱大乾女太学生陈治书妻
朱良能,亲属 / 历史类比引用 / 神交引用,亲属,68,2,2,1,1,中国迷信新研(2),妻、乡民朱良能妻/姑/姑有疾思肉
李万化,亲属 / 历史类比引用 / 神交引用,亲属,68,2,2,1,1,中国迷信新研(2),妻、勋胄李万化妻都宪张淳后
李东壁,亲属 / 历史类比引用 / 神交引用,亲属,68,2,2,1,1,中国迷信新研(2),妻、李东壁妻/姑/姑医药罔效
李俊科,财产债务 / 社会案件 / 创作资料协助,财产债务,68,2,2,1,1,李敖书启集(2),律师、委员、副本收受者：水晶大厦管理委员陈秋子、徐进业、庄月鈱、赖添云、李俊科、黎兰、刘运发、蔡国盛、郑文信
李咸英,社会案件 / 亲属 / 医疗照护 / 被害人 / 历史类比引用 / 神交引用,社会案件,68,2,2,1,1,中国迷信新研(2),妻、李咸英/周增妻
李增吉,亲属 / 历史类比引用 / 神交引用,亲属,68,2,2,1,1,中国迷信新研(2),学生、妻、儒生李增吉女年十四
李守忠,亲属 / 历史类比引用 / 神交引用,亲属,68,2,2,1,1,中国迷信新研(2),爸爸、所谓、李自成变成敌人，他爷爷李海、爸爸李守忠
李宏麟,媒体 / 见面,媒体,68,2,2,1,1,李敖五五日记(2),访问、律师、商业周刊》李宏麟、杨文卿来访问
李氏（余谓道妻）,社会案件 / 亲属 / 医疗照护 / 被害人 / 历史类比引用 / 神交引用,社会案件,68,2,2,1,1,中国迷信新研(2),妻、余谓道妻家贫/姑/姑疾笃
李氏（唐允明妻）,社会案件 / 亲属 / 医疗照护 / 被害人 / 历史类比引用 / 神交引用,社会案件,68,2,2,1,1,中国迷信新研(2),妻、乡人唐允明妻/姑/姑病垂危
李氏（朱守亭妻）,社会案件 / 亲属 / 医疗照护 / 被害人 / 历史类比引用 / 神交引用,社会案件,68,2,2,1,1,中国迷信新研(2),妻、李士廉妹孝妇杨氏小姑朱守亭妻
李氏（李增吉女）,社会案件 / 亲属 / 医疗照护 / 被害人 / 历史类比引用 / 神交引用,社会案件,68,2,2,1,1,中国迷信新研(2),妻、儒生李增吉女年十四
李氏（李智女）,社会案件 / 亲属 / 医疗照护 / 被害人 / 历史类比引用 / 神交引用,社会案件,68,2,2,1,1,中国迷信新研(2),妻、李智女因家无男子
李氏（王稷妻）,社会案件 / 亲属 / 医疗照护 / 被害人 / 历史类比引用 / 神交引用,社会案件,68,2,2,1,1,中国迷信新研(2),妻、王稷妻/姑/姑患心痛
李烈钧,军事人物 / 政治人物 / 历史类比引用,军事人物,68,2,2,1,1,中国现代史正论(2),李烈钧先生虽未出席
李璞锐,亲属 / 历史类比引用 / 神交引用,亲属,68,2,2,1,1,中国迷信新研(2),妻、李璞锐妻/姑/姑病药饵罔效
李纯恩,媒体 / 见面,媒体,68,2,2,1,1,李敖五五日记(2),在台视录影。与李纯恩、甄妮、李懿惠、吴健强谈
李绍成,同案狱友 / 证人见证 / 人权救援,同案狱友,68,2,2,1,1,李敖书简集(2),凌虐、检察官、管理员、出狱的崔瑞洲、李绍成、张华盛
李长策,亲属 / 历史类比引用 / 神交引用,亲属,68,2,2,1,1,中国迷信新研(2),妻、孝廉徐春孙女鸿胪李长策妻
杜兰,诗文出处 / 学术 / 历史类比引用 / 神交引用,诗文出处,68,2,2,1,1,李敖Talk秀(2),师生、妻、哲学、写那个《哲学的故事》《文明的故事》的杜兰
杨大生,亲属 / 历史类比引用 / 神交引用,亲属,68,2,2,1,1,中国迷信新研(2),妻、杨大生幼女/父/父病笃
杨心畴,亲属 / 历史类比引用 / 神交引用,亲属,68,2,2,1,1,中国迷信新研(2),妻、杨心畴妻/姑及翁
杨文卿,媒体 / 见面,媒体,68,2,2,1,1,李敖五五日记(2),访问、律师、商业周刊》李宏麟、杨文卿来访问
杨次长,监狱行政 / 称谓待考,监狱行政,68,2,2,1,1,李敖自传与回忆续集(2),法务部、监狱、看守所、台北监狱
杨毓和,亲属 / 历史类比引用 / 神交引用,亲属,68,2,2,1,1,中国迷信新研(2),妻、大学、杨毓和妻/姑/姑病/剖胸割肝救之
杨氏（张国础妻）,社会案件 / 亲属 / 医疗照护 / 被害人 / 历史类比引用 / 神交引用,社会案件,68,2,2,1,1,中国迷信新研(2),妻、张国础妻/姑及翁/姑翁皆病
杨氏（徐时肩妻）,社会案件 / 亲属 / 医疗照护 / 被害人 / 历史类比引用 / 神交引用,社会案件,68,2,2,1,1,中国迷信新研(2),妻、徐时肩妻早丧夫/母及父及姑
杨氏（曹来王妻）,社会案件 / 亲属 / 医疗照护 / 被害人 / 历史类比引用 / 神交引用,社会案件,68,2,2,1,1,中国迷信新研(2),妻、曹来王妻/姑/姑老遘疾
杨氏（赵国泰妻）,社会案件 / 亲属 / 医疗照护 / 被害人 / 历史类比引用 / 神交引用,社会案件,68,2,2,1,1,中国迷信新研(2),妻、赵国泰妻孀居家贫
杨氏（高丘妻）,社会案件 / 亲属 / 医疗照护 / 被害人 / 历史类比引用 / 神交引用,社会案件,68,2,2,1,1,中国迷信新研(2),妻、庠生高丘妻/姑愈/姑病
杨熏春,亲属 / 诉讼 / 创作资料协助,亲属,68,2,2,1,1,李敖笑傲江湖(2),太太、法官、总统、黄学文的太太杨熏春
杨秀民,亲属 / 历史类比引用 / 神交引用,亲属,68,2,2,1,1,中国迷信新研(2),妻、董氏/杨秀民妻
杨荣珍,情治警务 / 社会案件,情治警务,68,2,2,1,1,李敖随写录前集(2),刑警、杨荣珍
杨邻葛,军事人物 / 创作资料协助 / 历史类比引用,军事人物,68,2,2,1,1,中国近代史新论(2),军法、事后由杨邻葛告余
林京生,被害人 / 诉讼 / 社会案件 / 军事人物,被害人,68,2,2,1,1,李敖笑傲江湖(2),军法、林京生他们四个人之一
林宗敏,公职人员 / 社会案件 / 公共论战,公职人员,68,2,2,1,1,李敖书笺集(2),工务局局长徐德余、建管处处长林宗敏
林日详,医疗照护 / 证人见证 / 社会案件,医疗照护,68,2,2,1,1,中国性研究(2),妻、检察官、管理员、法医林日详
林氏（刘承思妻）,社会案件 / 亲属 / 医疗照护 / 被害人 / 历史类比引用 / 神交引用,社会案件,68,2,2,1,1,中国迷信新研(2),妻、林氏/刘承思妻
林氏（周道纯妻）,社会案件 / 亲属 / 医疗照护 / 被害人 / 历史类比引用 / 神交引用,社会案件,68,2,2,1,1,中国迷信新研(2),见、妻、林氏/周道纯妻
林氏（张矫妻）,社会案件 / 亲属 / 医疗照护 / 被害人 / 历史类比引用 / 神交引用,社会案件,68,2,2,1,1,中国迷信新研(2),妻、林氏/张矫妻
林氏（玉德崇妻）,社会案件 / 亲属 / 医疗照护 / 被害人 / 历史类比引用 / 神交引用,社会案件,68,2,2,1,1,中国迷信新研(2),妻、林氏/玉德崇妻
林氏（蔡昌登妻）,社会案件 / 亲属 / 医疗照护 / 被害人 / 历史类比引用 / 神交引用,社会案件,68,2,2,1,1,中国迷信新研(2),妻、林氏/蔡昌登妻
林氏（蔡肇利妻）,社会案件 / 亲属 / 医疗照护 / 被害人 / 历史类比引用 / 神交引用,社会案件,68,2,2,1,1,中国迷信新研(2),妻、蔡肇利妻夫亡
林质彬,亲属 / 历史类比引用 / 神交引用,亲属,68,2,2,1,1,中国迷信新研(2),妻、林质彬妻/翁及姑
柳氏（胡钟茂妻）,社会案件 / 亲属 / 医疗照护 / 被害人 / 历史类比引用 / 神交引用,社会案件,68,2,2,1,1,中国迷信新研(2),妻、柳氏/胡钟茂妻
桂一羡,亲属 / 历史类比引用 / 神交引用,亲属,68,2,2,1,1,中国迷信新研(2),妻、桂一羡妻/夫及姑
梁用祯,亲属 / 历史类比引用 / 神交引用,亲属,68,2,2,1,1,中国迷信新研(2),妻、薛氏/梁用祯妻
梅廷光,亲属 / 历史类比引用 / 神交引用,亲属,68,2,2,1,1,中国迷信新研(2),妻、梅廷光妻/翁/翁疾
殷商礼,亲属 / 历史类比引用 / 神交引用,亲属,68,2,2,1,1,中国迷信新研(2),妻、殷商礼妻/夫/夫患疟
毕力德,亲属 / 历史类比引用 / 神交引用,亲属,68,2,2,1,1,中国迷信新研(2),妻、文学、毕力德妻/姑/姑疾
毛鸿章,被害人 / 社会案件 / 同案狱友,被害人,68,2,2,1,1,李敖书序集(2),军法、毛鸿章
江政勇,情治警务 / 见面,情治警务,68,2,2,1,1,李敖秘藏日记(2),碰到、一起、法庭、警察、管区警察江政勇
汤氏（汤邦彦女）,社会案件 / 亲属 / 医疗照护 / 被害人 / 历史类比引用 / 神交引用,社会案件,68,2,2,1,1,中国迷信新研(2),妻、汤氏/左司谏汤邦彦女
汤氏（田思全妻）,社会案件 / 亲属 / 医疗照护 / 被害人 / 历史类比引用 / 神交引用,社会案件,68,2,2,1,1,中国迷信新研(2),妻、汤氏/诸生田思全妻
汪怡堂,创作资料协助 / 历史类比引用,创作资料协助,68,2,2,1,1,中国近代史新论(2),教授、大兴合汪怡堂同年、医学科杨君、满洲教授观近斋
汪氏（程溧妻）,社会案件 / 亲属 / 医疗照护 / 被害人 / 历史类比引用 / 神交引用,社会案件,68,2,2,1,1,中国迷信新研(2),妻、汪氏/程溧妻
汪长禄,通信,通信,68,2,2,1,1,中国命研究(2),写信、儿子
沈振宗,亲属 / 历史类比引用 / 神交引用,亲属,68,2,2,1,1,中国迷信新研(2),妻、文学、陆氏/沈振宗妻
沈氏（刘肇元妻）,社会案件 / 亲属 / 医疗照护 / 被害人 / 历史类比引用 / 神交引用,社会案件,68,2,2,1,1,中国迷信新研(2),妻、刘肇元妻/姑及翁
沈氏（梅廷光妻）,社会案件 / 亲属 / 医疗照护 / 被害人 / 历史类比引用 / 神交引用,社会案件,68,2,2,1,1,中国迷信新研(2),妻、梅廷光妻/翁/翁疾
沈氏（陆某妻）,社会案件 / 亲属 / 医疗照护 / 被害人 / 历史类比引用 / 神交引用,社会案件,68,2,2,1,1,中国迷信新研(2),妻、陆某妻/母/母病
沈维新,亲属 / 历史类比引用 / 神交引用,亲属,68,2,2,1,1,中国迷信新研(2),妻、沈维新妻/夫/夫病/刲股和羹以进
沈钧儒,司法人员 / 政治人物 / 人权救援 / 历史类比引用,司法人员,68,2,2,1,1,中国现代史正论(2),教授、委员、像、沈钧儒是一位六十多岁的著名教授
洪吉春,公职人员 / 政治人物 / 公共论战,公职人员,68,2,2,1,1,为历史拨云(2),学生、县长、民进党、读、尤清县长及上宾前县议长洪吉春
潘氏（党三阳妻）,社会案件 / 亲属 / 医疗照护 / 被害人 / 历史类比引用 / 神交引用,社会案件,68,2,2,1,1,中国迷信新研(2),妻、党三阳妻/姑/姑病
潘氏（殷商礼妻）,社会案件 / 亲属 / 医疗照护 / 被害人 / 历史类比引用 / 神交引用,社会案件,68,2,2,1,1,中国迷信新研(2),妻、殷商礼妻/夫/夫患疟
潘氏（郭希章妻）,社会案件 / 亲属 / 医疗照护 / 被害人 / 历史类比引用 / 神交引用,社会案件,68,2,2,1,1,中国迷信新研(2),学生、妻、郭希章妻家贫
焦廷标,财产债务 / 财产信托 / 通信,财产债务,68,2,2,1,1,李敖书简集(2),中国信托公司”各董事的信
熊氏（张屐绥妻）,社会案件 / 亲属 / 医疗照护 / 被害人 / 历史类比引用 / 神交引用,社会案件,68,2,2,1,1,中国迷信新研(2),妻、熊氏/张屐绥妻
熊起麟,亲属 / 历史类比引用 / 神交引用,亲属,68,2,2,1,1,中国迷信新研(2),妻、廖氏/熊起麟妻
王今才,师生,师生,68,2,2,1,1,大学日记后期甲集(2),见、学生、结婚、写信、朋友、先生
王叔铭,军事人物,军事人物,68,2,2,1,1,李敖笑傲江湖(2),总统、司令、参谋、学生
王嘉谟,亲属 / 历史类比引用 / 神交引用,亲属,68,2,2,1,1,中国迷信新研(2),妻、王嘉谟妻/母/母病
王婆婆,亲属 / 创作资料协助 / 通信 / 称谓待考,亲属,68,2,2,1,1,李敖笑傲江湖(2),寄给、教授、读、王婆婆讲
王孝缜,政治异议者 / 社会案件 / 历史类比引用,政治异议者,68,2,2,1,1,中国近代史新论(2),学生、邹容便偕同张溥泉、翁浩、王孝缜等五人
王定国,诗文出处 / 历史类比引用,诗文出处,68,2,2,1,1,李敖札记(2),土地、王定国《甲申杂录》
王家澂,亲属 / 历史类比引用 / 神交引用,亲属,68,2,2,1,1,中国迷信新研(2),妻、王家澂妻/姑/姑病危
王庆来（江绍原小品例名）,虚拟人物 / 历史类比引用,虚拟人物,68,2,2,1,1,为历史拨云(2),爸爸、打倒王庆来
王明湘,诗文出处 / 证人见证 / 历史类比引用,诗文出处,68,2,2,1,1,中国现代史定论(2),共事、太太、出版、由王明湘写《周恩来同志在重庆没有卖过
王景灿,亲属 / 历史类比引用 / 神交引用,亲属,68,2,2,1,1,中国迷信新研(2),妻、董氏/王景灿妻
王氏（姚舜夫妻）,社会案件 / 亲属 / 医疗照护 / 被害人 / 宗教人物 / 历史类比引用 / 神交引用,社会案件,68,2,2,1,1,中国迷信新研(2),妻、诸生姚舜夫妻/姑及夫及母
王氏（杨徽声妻）,社会案件 / 亲属 / 医疗照护 / 被害人 / 宗教人物 / 历史类比引用 / 神交引用,社会案件,68,2,2,1,1,中国迷信新研(2),妻、诸生杨徽声妻/姑/姑久持斋素
王氏（梁枢妻）,社会案件 / 亲属 / 医疗照护 / 被害人 / 历史类比引用 / 神交引用,社会案件,68,2,2,1,1,中国迷信新研(2),妻、梁枢妻/姑/姑病/刲骨以进
王氏（玉子云妻）,社会案件 / 亲属 / 医疗照护 / 被害人 / 历史类比引用 / 神交引用,社会案件,68,2,2,1,1,中国迷信新研(2),妻、玉子云妻/姑及夫/姑病夫亦病
王氏（王家汲女）,社会案件 / 亲属 / 医疗照护 / 被害人 / 历史类比引用 / 神交引用,社会案件,68,2,2,1,1,中国迷信新研(2),妻、诸生王家汲女/父/父疾/割股救之
王氏（金应兆妻）,社会案件 / 亲属 / 医疗照护 / 被害人 / 历史类比引用 / 神交引用,社会案件,68,2,2,1,1,中国迷信新研(2),妻、金应兆妻家贫/母/瘟疫母病危思食肉
王氏（马梦麟妻）,社会案件 / 亲属 / 医疗照护 / 被害人 / 历史类比引用 / 神交引用,社会案件,68,2,2,1,1,中国迷信新研(2),妻、马梦麟妻/姑/姑染目疾/刲股作艾叶羹以进
王民信,学术 / 同学,学术,68,2,2,1,1,李敖自传与回忆(2),老师、教授、研究、委员
王洙,诗文出处 / 政治人物 / 历史类比引用 / 神交引用,诗文出处,68,2,2,2,2,李敖语录(1)；读史指南(1),书中、明朝进士王洙写了一部《宋史质》
王石安,学术行政 / 情感 / 社会案件 / 历史类比引用,学术行政,68,2,2,1,1,挑战李敖(2),结婚、院长、大学
王素萍,通信 / 创作资料协助 / 媒体 / 公共论战,通信,68,2,2,1,1,挑战李敖(2),节目、电视、读、小姐、房地
王纯子,亲属 / 历史类比引用 / 神交引用,亲属,68,2,2,1,1,中国迷信新研(2),妻、王纯子妻/父及姑及夫/先父疾后姑与夫同病
王继德,情治警务 / 公职人员 / 社会案件,情治警务,68,2,2,1,1,李敖书笺集(2),一起、写信、警察、警察局长颜世锡和大安分局局长王继德
王荣周,公职人员 / 财产债务 / 创作资料协助 / 公共论战,公职人员,68,2,2,1,1,李敖秘密书房(2),老师、调查局、财政部次长王荣周
王阿三（江绍原小品例名）,虚拟人物 / 历史类比引用,虚拟人物,68,2,2,1,1,为历史拨云(2),母亲、王阿三热病打死
玛丽奥·白朗,媒体 / 文艺音乐 / 情感,媒体,68,2,2,1,1,李敖札记(2),结婚、玛丽奥白朗
玛咪,亲属 / 神交引用,亲属,68,2,2,1,1,波波颂(2),夫人、将军
甄珍看,神交引用,神交引用,68,2,2,2,2,李敖秘密书房(1)；李敖大哥大(1),像、太太、导演、起诉
申叔,见面,见面,68,2,2,1,1,李敖快意恩仇录(2),见、请我、学生
盛氏（刘季兴妻）,社会案件 / 亲属 / 医疗照护 / 被害人 / 历史类比引用 / 神交引用,社会案件,68,2,2,1,1,中国迷信新研(2),妻、刘季兴妻/姑/姑病
盛氏（董劻妻）,社会案件 / 亲属 / 医疗照护 / 被害人 / 历史类比引用 / 神交引用,社会案件,68,2,2,1,1,中国迷信新研(2),妻、文学、盛氏/文学董劻妻
程其韬,亲属 / 历史类比引用 / 神交引用,亲属,68,2,2,1,1,中国迷信新研(2),妻、程氏/副榜程其韬女
程氏（程其韬女）,社会案件 / 亲属 / 医疗照护 / 被害人 / 历史类比引用 / 神交引用,社会案件,68,2,2,1,1,中国迷信新研(2),妻、程氏/副榜程其韬女
程氏（程洪宗女）,社会案件 / 亲属 / 医疗照护 / 被害人 / 历史类比引用 / 神交引用,社会案件,68,2,2,1,1,中国迷信新研(2),妻、程氏/诸生程洪宗女
窦翼圣,亲属 / 历史类比引用 / 神交引用,亲属,68,2,2,1,1,中国迷信新研(2),妻、生员窦翼圣母/夫/夫病
章氏（屠绳武妻）,社会案件 / 亲属 / 医疗照护 / 被害人 / 历史类比引用 / 神交引用,社会案件,68,2,2,1,1,中国迷信新研(2),妻、屠绳武妻/姑/姑病骤
章氏（陈幼学妻）,社会案件 / 亲属 / 医疗照护 / 被害人 / 历史类比引用 / 神交引用,社会案件,68,2,2,1,1,中国迷信新研(2),妻、章氏/陈幼学妻
简家麟,文艺音乐 / 创作资料协助 / 学术考证引用,文艺音乐,68,2,2,1,1,李敖书启集(2),简家麟说
米升荣,亲属 / 历史类比引用 / 神交引用,亲属,68,2,2,1,1,中国迷信新研(2),妻、米升荣妻/姑/姑年老病危
索德超,宗教人物 / 创作资料协助 / 历史类比引用,宗教人物,68,2,2,1,1,中国近代史新论(2),见、教授、即索德超
罗丹,文艺音乐 / 历史类比引用 / 神交引用,文艺音乐,68,2,2,2,2,虚拟的十七岁(1)；李敖Talk秀(1),像、罗丹与卡蜜儿
罗思儒,亲属 / 历史类比引用 / 神交引用,亲属,68,2,2,1,1,中国迷信新研(2),妻、罗思儒妻/姑/姑病
罗济勋,社会案件 / 诉讼,社会案件,68,2,2,1,1,李敖随写录后集(2),法官、上诉、罗济勋
罗贤达,军事人物 / 历史类比引用,军事人物,68,2,2,1,1,李敖书序集(2),出版社、出版、军长、罗贤达
翁廷伟,亲属 / 见面,亲属,68,2,2,2,2,李敖议坛哀思录(1)；李敖风流自传(1),见、见到、弟弟、儿子
翁廷府,亲属 / 见面,亲属,68,2,2,2,2,李敖议坛哀思录(1)；李敖风流自传(1),见、见到、弟弟、儿子
翁浩,政治异议者 / 社会案件 / 历史类比引用,政治异议者,68,2,2,1,1,中国近代史新论(2),学生、邹容便偕同张溥泉、翁浩、王孝缜等五人
胡仕俊,亲属 / 历史类比引用 / 神交引用,亲属,68,2,2,1,1,中国迷信新研(2),妻、诸生刘昆耀女胡仕俊妻
胡佛打,姻亲,姻亲,68,2,2,1,1,李敖笑傲江湖(2),太太、总统
胡承虞,亲属 / 历史类比引用 / 神交引用,亲属,68,2,2,1,1,中国迷信新研(2),妻、序、方氏/庠生胡承虞妻
胡筠,政治人物 / 亲属 / 历史类比引用,政治人物,68,2,2,1,1,中国现代史定论(2),夫人、政府、军长、共产党、思想、彭德怀夫人胡筠
胡素斐,亲属,亲属,68,2,2,1,1,李敖秘密书房(2),儿子、朋友
胡适母亲,亲属 / 神交引用,亲属,68,2,2,2,2,波波颂(1)；李敖语录(1),母亲、弟弟
胡钟茂,亲属 / 历史类比引用 / 神交引用,亲属,68,2,2,1,1,中国迷信新研(2),妻、柳氏/胡钟茂妻
艾启蒙,文艺音乐 / 宗教人物 / 历史类比引用 / 神交引用,文艺音乐,68,2,2,1,1,中国近代史新论(2),见、学生、郎世宁的学生艾启蒙
艾氏（蔡鼎金妻）,社会案件 / 亲属 / 医疗照护 / 被害人 / 历史类比引用 / 神交引用,社会案件,68,2,2,1,1,中国迷信新研(2),妻、艾氏/蔡鼎金妻
艾自修,亲属 / 历史类比引用 / 神交引用,亲属,68,2,2,1,1,中国迷信新研(2),妻、彭氏/庆山县令艾自修妻
芮氏（吴实妻）,社会案件 / 亲属 / 医疗照护 / 被害人 / 历史类比引用 / 神交引用,社会案件,68,2,2,1,1,中国迷信新研(2),妻、芮氏/吴实妻
芮氏（芮锵女）,社会案件 / 亲属 / 医疗照护 / 被害人 / 历史类比引用 / 神交引用,社会案件,68,2,2,1,1,中国迷信新研(2),妻、芮氏/芮锵之女
苏昌龄,文艺音乐 / 历史类比引用,文艺音乐,68,2,2,1,1,李敖随写录后集(2),学者、大学、读、苏昌龄
苏瑞屏,亲属,亲属,68,2,2,1,1,李敖书启集(2),告诉我、家里、学生、学者
荣源,亲属 / 历史类比引用 / 神交引用,亲属,68,2,2,1,1,李敖书序集(2),儿子、思想、书中、荣源
莎莉麦克琳,媒体 / 神交引用,媒体,68,2,2,1,1,波波颂(2),太太、碰到
莫志喜,亲属 / 历史类比引用 / 神交引用,亲属,68,2,2,1,1,中国迷信新研(2),妻、莫志喜妻家贫
萧天赞夫人,称谓待考 / 婚姻相关 / 社会案件,称谓待考,68,2,2,1,1,世论新语(2),见、夫人
葛一鹤,亲属 / 历史类比引用 / 神交引用,亲属,68,2,2,1,1,中国迷信新研(2),妻、葛一鹤妻/姑/姑病药不效
葛氏（刘国祯妻）,社会案件 / 亲属 / 医疗照护 / 被害人 / 历史类比引用 / 神交引用,社会案件,68,2,2,1,1,中国迷信新研(2),妻、葛氏/诸生刘国祯妻
葛氏（潘鸿妻）,社会案件 / 亲属 / 医疗照护 / 被害人 / 历史类比引用 / 神交引用,社会案件,68,2,2,1,1,中国迷信新研(2),妻、文学、葛氏/岩镇文学潘鸿妻
董含,诗文出处 / 历史类比引用 / 神交引用,诗文出处,68,2,2,1,1,中国迷信新研(2),爸爸、所谓、董含《莼乡赘笔》所谓的“以泄杀气”
董氏（杨秀民妻）,社会案件 / 亲属 / 医疗照护 / 被害人 / 历史类比引用 / 神交引用,社会案件,68,2,2,1,1,中国迷信新研(2),妻、董氏/杨秀民妻
董氏（潘文妻）,社会案件 / 亲属 / 医疗照护 / 被害人 / 历史类比引用 / 神交引用,社会案件,68,2,2,1,1,中国迷信新研(2),妻、董氏/潘文妻
董氏（王景灿妻）,社会案件 / 亲属 / 医疗照护 / 被害人 / 历史类比引用 / 神交引用,社会案件,68,2,2,1,1,中国迷信新研(2),妻、董氏/王景灿妻
蔡仁泰,财产债务 / 创作资料协助 / 见面,财产债务,68,2,2,1,1,李敖随写录后集(2),蔡仁泰
蔡国盛,财产债务 / 社会案件 / 创作资料协助,财产债务,68,2,2,1,1,李敖书启集(2),律师、委员、副本收受者：水晶大厦管理委员陈秋子、徐进业、庄月鈱、赖添云、李俊科、黎兰、刘运发、蔡国盛、郑文信
蔡妈福,政治人物 / 证人见证 / 社会案件,政治人物,68,2,2,1,1,李敖随写录前集(2),见、见证、蔡妈福
蔡成家,证人见证 / 社会案件,证人见证,68,2,2,1,1,李敖随写录前集(2),证人、法院、判决、船长蔡成家
蔡昌登,亲属 / 历史类比引用 / 神交引用,亲属,68,2,2,1,1,中国迷信新研(2),妻、林氏/蔡昌登妻
蔡氏（王节妻）,社会案件 / 亲属 / 医疗照护 / 被害人 / 历史类比引用 / 神交引用,社会案件,68,2,2,1,1,中国迷信新研(2),妻、蔡氏/王节妻
蔡鼎金,亲属 / 历史类比引用 / 神交引用,亲属,68,2,2,1,1,中国迷信新研(2),妻、艾氏/蔡鼎金妻
薄征宇,媒体 / 见面,媒体,68,2,2,1,1,李敖五五日记(2),记者、报导、华视陈惠敏、薄征宇
薛氏（梁用祯妻）,社会案件 / 亲属 / 医疗照护 / 被害人 / 历史类比引用 / 神交引用,社会案件,68,2,2,1,1,中国迷信新研(2),妻、薛氏/梁用祯妻
薛肇商,亲属 / 历史类比引用 / 神交引用,亲属,68,2,2,1,1,中国迷信新研(2),妻、薛肇商妻/姑及夫
袁化鹏,诗文出处 / 历史类比引用,诗文出处,68,2,2,1,1,李敖书序集续集(2),出版、将军、国民党、查禁、袁化鹏
袁同礼,学术 / 诗文出处 / 学术考证引用 / 历史类比引用 / 神交引用,学术,68,2,2,1,1,读史指南(2),袁同礼先生辑关于图书集成之文献
袁氏（张均海妻）,社会案件 / 亲属 / 医疗照护 / 被害人 / 历史类比引用 / 神交引用,社会案件,68,2,2,1,1,中国迷信新研(2),妻、袁氏/张均海妻
许世瑛,师生,师生,68,2,2,1,1,李敖书翰集(2),教授、台大、文学
许吴儒,亲属 / 历史类比引用 / 神交引用,亲属,68,2,2,1,1,中国迷信新研(2),妻、许氏/许吴儒女
许氏（叶其生妻）,社会案件 / 亲属 / 医疗照护 / 被害人 / 历史类比引用 / 神交引用,社会案件,68,2,2,1,1,中国迷信新研(2),妻、文学、许氏/叶其生妻
许氏（许吴儒女）,社会案件 / 亲属 / 医疗照护 / 被害人 / 历史类比引用 / 神交引用,社会案件,68,2,2,1,1,中国迷信新研(2),妻、许氏/许吴儒女
谢厚仁,亲属 / 历史类比引用 / 神交引用,亲属,68,2,2,1,1,中国迷信新研(2),妻、谢氏/谢厚仁女
谢持,政治人物 / 历史类比引用,政治人物,68,2,2,2,2,中国现代史正论(1)；李敖秘密书房(1),有谢持和张继两先生、像
谢氏（关谦如妻）,社会案件 / 亲属 / 医疗照护 / 被害人 / 历史类比引用 / 神交引用,社会案件,68,2,2,1,1,中国迷信新研(2),妻、谢氏/关谦如妻
谢氏（谢厚仁女）,社会案件 / 亲属 / 医疗照护 / 被害人 / 历史类比引用 / 神交引用,社会案件,68,2,2,1,1,中国迷信新研(2),妻、谢氏/谢厚仁女
谢氏（谢霭女）,社会案件 / 亲属 / 医疗照护 / 被害人 / 历史类比引用 / 神交引用,社会案件,68,2,2,1,1,中国迷信新研(2),妻、谢氏/千户谢霭女
费朋克,政治人物 / 公共论战,政治人物,68,2,2,1,1,李敖札记(2),助理、事务、费朋克
费雯丽,师生,师生,68,2,2,1,1,一个预备军官的日记(2),学生
贾得正,亲属 / 历史类比引用 / 神交引用,亲属,68,2,2,1,1,中国迷信新研(2),妻、庄氏/贾得正妻
赖添云,财产债务 / 社会案件 / 创作资料协助,财产债务,68,2,2,1,1,李敖书启集(2),律师、委员、副本收受者：水晶大厦管理委员陈秋子、徐进业、庄月鈱、赖添云、李俊科、黎兰、刘运发、蔡国盛、郑文信
赖顺盛,公职人员 / 公共论战,公职人员,68,2,2,1,1,为历史拨云(2),民政局长赖顺盛
赵国泰,亲属 / 历史类比引用 / 神交引用,亲属,68,2,2,1,1,中国迷信新研(2),妻、赵国泰妻孀居家贫
赵如郊,亲属 / 历史类比引用 / 神交引用,亲属,68,2,2,1,1,中国迷信新研(2),妻、宁夏兵备赵如郊女
赵应丁,亲属 / 历史类比引用 / 神交引用,亲属,68,2,2,1,1,中国迷信新研(2),妻、韦氏/赵应丁妻
赵廷兰,亲属 / 历史类比引用 / 神交引用,亲属,68,2,2,1,1,中国迷信新研(2),妻、赵玉莲/赵廷兰女郑鋐会妻
赵廷箴,财产债务 / 财产信托 / 通信,财产债务,68,2,2,1,1,李敖书简集(2),中国信托公司”各董事的信
赵既昌,财产债务 / 公职人员 / 创作资料协助,财产债务,68,2,2,1,1,李敖书笺集(2),债务、代理、董事长赵既昌出面开具
赵氏（文曲莹妻）,社会案件 / 亲属 / 医疗照护 / 被害人 / 历史类比引用 / 神交引用,社会案件,68,2,2,1,1,中国迷信新研(2),妻、文曲莹妻家贫
赵氏（王咸妻）,社会案件 / 亲属 / 医疗照护 / 被害人 / 历史类比引用 / 神交引用,社会案件,68,2,2,1,1,中国迷信新研(2),妻、诸生王咸妻/姑/姑疾剧
赵氏（王嘉谟妻）,社会案件 / 亲属 / 医疗照护 / 被害人 / 历史类比引用 / 神交引用,社会案件,68,2,2,1,1,中国迷信新研(2),妻、王嘉谟妻/母/母病
赵氏（赵如郊女）,社会案件 / 亲属 / 医疗照护 / 被害人 / 历史类比引用 / 神交引用,社会案件,68,2,2,1,1,中国迷信新研(2),妻、宁夏兵备赵如郊女
赵氏（赵永亨女）,社会案件 / 亲属 / 医疗照护 / 被害人 / 历史类比引用 / 神交引用,社会案件,68,2,2,1,1,中国迷信新研(2),妻、指挥赵永亨女/父/父病
赵永亨,亲属 / 历史类比引用 / 神交引用,亲属,68,2,2,1,1,中国迷信新研(2),妻、指挥赵永亨女/父/父病
赵署长,财产债务,财产债务,68,2,2,1,1,千秋万岁乌鸦求是合集(2),财产、读、政治
车爱光,学术 / 创作资料协助,学术,68,2,2,1,1,李敖书牍集(2),卢荷生先生、张秀蓉小姐、车爱光先生、张元先生、张永堂先生、魏宏利先生
邢氏（太坊元勋妻）,社会案件 / 亲属 / 医疗照护 / 被害人 / 历史类比引用 / 神交引用,社会案件,68,2,2,1,1,中国迷信新研(2),妻、邢氏/太坊元勋妻贫
那家长,司法人员,司法人员,68,2,2,1,1,李敖秘密书房(2),找我、序、法官、事务、律师
邱国珍,政治人物 / 证人见证 / 历史类比引用,政治人物,68,2,2,1,1,中国现代史定论(2),夫人、部长、徐名鸿、邱国珍领往汀州
邵维林,亲属 / 历史类比引用 / 神交引用,亲属,68,2,2,1,1,中国迷信新研(2),妻、邵维林妻家贫/姑/姑病笃贫不能延医
邹元标,学术 / 诗文出处 / 历史类比引用 / 神交引用,学术,68,2,2,1,1,大学札记(2),见、见到、学者、邹元标
郑东都,亲属 / 历史类比引用 / 神交引用,亲属,68,2,2,1,1,中国迷信新研(2),妻、郭三庄/郭辅女郑东都妻
郑元祐,学术 / 文艺音乐 / 诗文出处 / 历史类比引用,学术,68,2,2,1,1,李敖随写录后集(2),学者、大学、读、郑元祐
郑文信,财产债务 / 社会案件 / 创作资料协助,财产债务,68,2,2,1,1,李敖书启集(2),律师、委员、副本收受者：水晶大厦管理委员陈秋子、徐进业、庄月鈱、赖添云、李俊科、黎兰、刘运发、蔡国盛、郑文信
郑时丰,亲属 / 历史类比引用 / 神交引用,亲属,68,2,2,1,1,中国迷信新研(2),妻、吴贞小/郑时丰妻
郑鋐会,亲属 / 历史类比引用 / 神交引用,亲属,68,2,2,1,1,中国迷信新研(2),妻、赵玉莲/赵廷兰女郑鋐会妻
郭仰凤,宗教人物 / 创作资料协助 / 历史类比引用 / 神交引用,宗教人物,68,2,2,1,1,中国近代史新论(2),太太、神父郭仰凤通过受洗
郭希章,亲属 / 历史类比引用 / 神交引用,亲属,68,2,2,1,1,中国迷信新研(2),学生、妻、郭希章妻家贫
郭氏（朱良能妻）,社会案件 / 亲属 / 医疗照护 / 被害人 / 历史类比引用 / 神交引用,社会案件,68,2,2,1,1,中国迷信新研(2),妻、乡民朱良能妻/姑/姑有疾思肉
郭氏（罗思儒妻）,社会案件 / 亲属 / 医疗照护 / 被害人 / 历史类比引用 / 神交引用,社会案件,68,2,2,1,1,中国迷信新研(2),妻、罗思儒妻/姑/姑病
郭氏（郭宦妹）,社会案件 / 亲属 / 医疗照护 / 被害人 / 历史类比引用 / 神交引用,社会案件,68,2,2,1,1,中国迷信新研(2),妻、延安人贡士郭宦妹
郭氏（陈宪纪妻）,社会案件 / 亲属 / 医疗照护 / 被害人 / 历史类比引用 / 神交引用,社会案件,68,2,2,1,1,中国迷信新研(2),妻、诸生陈宪纪妻/姑/姑病
郭良相,亲属 / 历史类比引用 / 神交引用,亲属,68,2,2,1,1,中国迷信新研(2),妻、郭良相妻定陶人
都氏（陈满妻）,社会案件 / 亲属 / 医疗照护 / 被害人 / 历史类比引用 / 神交引用,社会案件,68,2,2,1,1,中国迷信新研(2),妻、都氏/安吉人陈满妻
金应兆,亲属 / 历史类比引用 / 神交引用,亲属,68,2,2,1,1,中国迷信新研(2),妻、金应兆妻家贫/母/瘟疫母病危思食肉
钟丽慧,出版,出版,68,2,2,1,1,李敖相关(2),编辑、序、作品、文学、发行、出版、委员
钟淑儿,见面,见面,68,2,2,1,2,一个预备军官的日记(2),见、同在、告诉我、打电话、电话
钱女曾,姻亲,姻亲,68,2,2,1,1,一个预备军官的日记(2),结婚、法院、写信
钱祖富,出版 / 创作资料协助 / 证人见证 / 出版管制,出版,68,2,2,1,1,李敖书笺集(2),发行、出版品、出版、政府、学英书局负责之钱祖富及店员李小姐
陆啸昭,出版 / 出版管制 / 姻亲 / 历史类比引用,出版,68,2,2,1,1,中国现代史定论(2),太太、警总、书店、文星、国民党、蒋介石下条子改组，驱逐李敖、陆啸昭
陆氏（张拱垣妻）,社会案件 / 亲属 / 医疗照护 / 被害人 / 历史类比引用 / 神交引用,社会案件,68,2,2,1,1,中国迷信新研(2),妻、陆氏/张拱垣妻
陆氏（沈振宗妻）,社会案件 / 亲属 / 医疗照护 / 被害人 / 历史类比引用 / 神交引用,社会案件,68,2,2,1,1,中国迷信新研(2),妻、文学、陆氏/沈振宗妻
陆氏（郭可妻）,社会案件 / 亲属 / 医疗照护 / 被害人 / 历史类比引用 / 神交引用,社会案件,68,2,2,1,1,中国迷信新研(2),妻、陆氏/诸生郭可妻
陈世淙,司法人员 / 诉讼 / 创作资料协助,司法人员,68,2,2,1,1,李敖笑傲江湖(2),写信、大学、法官、警备总部、法官是三个人，他们的名字叫做谷凤歧、陈世淙、蔡清游
陈元奎,亲属 / 历史类比引用 / 神交引用,亲属,68,2,2,1,1,中国迷信新研(2),学生、妻、太学生陈元奎妻/翁/翁病
陈启清,财产债务 / 财产信托 / 通信,财产债务,68,2,2,1,1,李敖书简集(2),中国信托公司”各董事的信
陈士心,亲属 / 历史类比引用 / 神交引用,亲属,68,2,2,1,1,中国迷信新研(2),妻、东氏/陈士心妻
陈尚礼,亲属 / 历史类比引用 / 神交引用,亲属,68,2,2,1,1,中国迷信新研(2),妻、将军、读、俞氏/儒士陈尚礼妻
陈幼学,亲属 / 历史类比引用 / 神交引用,亲属,68,2,2,1,1,中国迷信新研(2),妻、章氏/陈幼学妻
陈懋修,亲属 / 历史类比引用 / 神交引用,亲属,68,2,2,1,1,中国迷信新研(2),妻、儒士陈懋修妻/夫/夫抱沉荷
陈朝琼,亲属 / 历史类比引用 / 神交引用,亲属,68,2,2,1,1,中国迷信新研(2),妻、黄细金/陈朝琼妻
陈氏（刘玉佩妻）,社会案件 / 亲属 / 医疗照护 / 被害人 / 历史类比引用 / 神交引用,社会案件,68,2,2,1,1,中国迷信新研(2),妻、知府刘玉佩妻/父及姑及母
陈氏（庄民悦妻）,社会案件 / 亲属 / 医疗照护 / 被害人 / 宗教人物 / 历史类比引用 / 神交引用,社会案件,68,2,2,1,1,中国迷信新研(2),妻、生员庄民悦妻/姑/姑病笃
陈氏（徐可大妾）,社会案件 / 亲属 / 医疗照护 / 被害人 / 历史类比引用 / 神交引用,社会案件,68,2,2,1,1,中国迷信新研(2),妻、宜章县令徐可大之妾
陈氏（朱觉妻）,社会案件 / 亲属 / 医疗照护 / 被害人 / 历史类比引用 / 神交引用,社会案件,68,2,2,1,1,中国迷信新研(2),妻、文学、诸生朱觉妻/父/父病笃
陈氏（滑凤妻）,社会案件 / 亲属 / 医疗照护 / 被害人 / 宗教人物 / 历史类比引用 / 神交引用,社会案件,68,2,2,1,1,中国迷信新研(2),妻、余姚人滑凤妻其夫从商在外十一年不返
陈氏（邵维林妻）,社会案件 / 亲属 / 医疗照护 / 被害人 / 宗教人物 / 历史类比引用 / 神交引用,社会案件,68,2,2,1,1,中国迷信新研(2),妻、邵维林妻家贫/姑/姑病笃贫不能延医
陈治书,亲属 / 历史类比引用 / 神交引用,亲属,68,2,2,1,1,中国迷信新研(2),学生、妻、朱氏/进士朱大乾女太学生陈治书妻
陈秋江,军校学生 / 见面,军校学生,68,2,2,1,1,一个预备军官的日记(2),陈秋江
陈若隽,亲属 / 历史类比引用 / 神交引用,亲属,68,2,2,1,1,中国迷信新研(2),妻、陈若隽妻家贫
陈英彪,见面 / 政治异议者 / 创作资料协助,见面,68,2,2,1,1,李敖书牍集(2),朋友、问我、法院、探监、立委、民进党、一位陈先生（陈英彪）
陈起藩,亲属 / 历史类比引用 / 神交引用,亲属,68,2,2,1,1,中国迷信新研(2),妻、丁氏/陈起藩妻
陈镜伊,诗文出处 / 历史类比引用,诗文出处,68,2,2,1,1,中国迷信新研(2),妈妈、《孝史》（陈镜伊编）
陈长武,情治警务 / 诉讼 / 公共论战,情治警务,68,2,2,1,1,李敖大哥大(2),调查局、犯罪调查科长翁祖焯、犯罪侦防科长陈长武及调查员石肇基
陈高佣,学术 / 公共论战 / 历史类比引用,学术,68,2,2,1,1,中国近代史新论(2),见、教授、这十教授是：王新命、何炳松、武堉干、孙寒冰、黄文山、陶希圣、章益、陈高佣、樊仲云、萨孟武
雷德成,亲属,亲属,68,2,2,1,1,李敖大哥大(2),访问、儿子、警总、杂志、特务、台大
雷恶地,军事人物 / 历史类比引用 / 神交引用,军事人物,68,2,2,1,1,为历史拨云(2),雷恶地说
韦氏（棣王琰妻）,亲属 / 历史类比引用 / 神交引用,亲属,68,2,2,1,1,中国迷信新研(2),太太、唐玄宗的老四棣王琰不喜欢他的太太韦氏
韦氏（赵应丁妻）,社会案件 / 亲属 / 医疗照护 / 被害人 / 历史类比引用 / 神交引用,社会案件,68,2,2,1,1,中国迷信新研(2),妻、韦氏/赵应丁妻
顾保鹄,诗文出处 / 宗教人物 / 婚姻相关 / 公共论战,诗文出处,68,2,2,1,1,历史与人像(2),出版社、出版、批评、宣传、读、顾保鹄的《婚配圣事》
顾培,学术 / 诗文出处 / 历史类比引用 / 神交引用,学术,68,2,2,1,1,中国命研究(2),与梁溪顾培、衡山王夫之、南昌彭士望为师友
马梦麟,亲属 / 历史类比引用 / 神交引用,亲属,68,2,2,1,1,中国迷信新研(2),妻、马梦麟妻/姑/姑染目疾/刲股作艾叶羹以进
马氏（凌旻妻）,社会案件 / 亲属 / 医疗照护 / 被害人 / 历史类比引用 / 神交引用,社会案件,68,2,2,1,1,中国迷信新研(2),妻、诸生凌旻妻/姑/姑病
马氏（卞璘妻）,社会案件 / 亲属 / 医疗照护 / 被害人 / 历史类比引用 / 神交引用,社会案件,68,2,2,1,1,中国迷信新研(2),妻、邑绅卞璘妻/夫/夫染时疫
马氏（范玖妻）,社会案件 / 亲属 / 医疗照护 / 被害人 / 历史类比引用 / 神交引用,社会案件,68,2,2,1,1,中国迷信新研(2),妻、范玖妻/姑/姑病
高厂长（五五日记）,出版 / 见面 / 称谓待考,出版,68,2,2,1,1,李敖五五日记(2),出版社、出版、法官、律师、法院、周、高厂长午饭
高唯岳,资金支持 / 创作资料协助,资金支持,68,2,2,1,1,李敖书札集(2),支票、高唯岳在IBM捐到
高野侯,出版 / 创作资料协助 / 学术 / 历史类比引用,出版,68,2,2,1,1,读史指南(2),高野侯先生即主张重印图书集成
鲍国方,师生,师生,68,2,2,1,1,李敖秘密书房(2),教授、像
黄世亮,亲属 / 历史类比引用 / 神交引用,亲属,68,2,2,1,1,中国迷信新研(2),妻、黄时珠/黄世亮女
黄伯林,姻亲,姻亲,68,2,2,1,1,李敖秘藏日记(2),太太、妈妈
黄光彩,学术 / 公共论战,学术,68,2,2,1,2,李敖议坛哀思录(2),大学、部长、同仁、跟我说、法院、主席、委员、先生
黄大才,亲属 / 历史类比引用 / 神交引用,亲属,68,2,2,1,1,中国迷信新研(2),妻、夏氏/黄大才妻
黄宾虹,文艺音乐 / 学术 / 历史类比引用 / 神交引用,文艺音乐,68,2,2,1,1,中国艺术新研(2),教授、主席、委员、拜齐白石、黄宾虹为师
黄德美,情治警务 / 军事人物 / 创作资料协助,情治警务,68,2,2,1,1,李敖笑傲江湖(2),父亲、黄德美也知道了
黄政旺,财产债务 / 财产信托 / 通信,财产债务,68,2,2,1,1,李敖书简集(2),中国信托公司”各董事的信
黄日新,亲属 / 历史类比引用 / 神交引用,亲属,68,2,2,1,1,中国迷信新研(2),妻、程氏/黄日新妻
黄柏辉,证人见证 / 诉讼,证人见证,68,2,2,1,1,李敖随写录后集(2),调查局、黄柏辉
黄正中,亲属 / 历史类比引用 / 神交引用,亲属,68,2,2,1,1,中国迷信新研(2),学生、妻、吴子桂女黄正中妻幼习孝经
黄氏（张九江妻）,社会案件 / 亲属 / 医疗照护 / 被害人 / 历史类比引用 / 神交引用,社会案件,68,2,2,1,1,中国迷信新研(2),妻、张九江妻/姑/姑病笃思食鸽肉
黄氏（张兆琏妻）,社会案件 / 亲属 / 医疗照护 / 被害人 / 历史类比引用 / 神交引用,社会案件,68,2,2,1,1,中国迷信新研(2),妻、张兆琏妻年十五知书礼
黄氏（杨心畴妻）,社会案件 / 亲属 / 医疗照护 / 被害人 / 历史类比引用 / 神交引用,社会案件,68,2,2,1,1,中国迷信新研(2),妻、杨心畴妻/姑及翁
黄氏（林质彬妻）,社会案件 / 亲属 / 医疗照护 / 被害人 / 历史类比引用 / 神交引用,社会案件,68,2,2,1,1,中国迷信新研(2),妻、林质彬妻/翁及姑
黄氏（窦翼圣母）,社会案件 / 亲属 / 医疗照护 / 被害人 / 历史类比引用 / 神交引用,社会案件,68,2,2,1,1,中国迷信新研(2),妻、生员窦翼圣母/夫/夫病
黄氏（胡天叙妻）,社会案件 / 亲属 / 医疗照护 / 被害人 / 历史类比引用 / 神交引用,社会案件,68,2,2,1,1,中国迷信新研(2),妻、诸生胡天叙妻/翁/翁病剧
黄氏（陈元奎妻）,社会案件 / 亲属 / 医疗照护 / 被害人 / 历史类比引用 / 神交引用,社会案件,68,2,2,1,1,中国迷信新研(2),学生、妻、太学生陈元奎妻/翁/翁病
黄氏（黄钦妹）,社会案件 / 亲属 / 医疗照护 / 被害人 / 历史类比引用 / 神交引用,社会案件,68,2,2,1,1,中国迷信新研(2),妻、黄钦之妹夫亡归母家
黄进川,师生 / 同案狱友 / 政治异议者,师生,68,2,2,1,1,红色11(2),土地、老师、宣传、像、律师
黄鼎新,亲属 / 历史类比引用 / 神交引用,亲属,68,2,2,1,1,中国迷信新研(2),妻、黄鼎新妻/姑/姑病笃
黎兰,财产债务 / 社会案件 / 创作资料协助,财产债务,68,2,2,1,1,李敖书启集(2),律师、委员、副本收受者：水晶大厦管理委员陈秋子、徐进业、庄月鈱、赖添云、李俊科、黎兰、刘运发、蔡国盛、郑文信
伍迪·艾伦,文艺音乐 / 神交引用,文艺音乐,67,3,3,2,2,上山·上山·爱(2)；李敖风流自传(1),导演
杨照所,神交引用,神交引用,67,3,2,1,2,李敖秘密书房(3),所谓、思想
胡宗宪,政治人物 / 军事人物 / 历史类比引用 / 神交引用,政治人物,67,3,3,2,3,要把金针度与人(2)；爱情的秘密(1),朋友、政府
阿兰·德龙,文艺音乐 / 神交引用,文艺音乐,67,3,3,2,2,上山·上山·爱(2)；李敖风流自传(1),导演
丁介民,学术 / 见面,学术,67,2,2,2,2,求是新语(1)；李敖随写录后集(1),教授、研究、大学、台大、所长
丁士源,政治人物 / 公职人员 / 历史类比引用,政治人物,67,2,2,1,1,中国近代史新论(2),政府、计有徐树铮、段芝贵、曾毓隽、朱深、梁鸿志、姚震、姚国桢、李思浩、王郅隆、丁士源等十人
东抓西,政治人物,政治人物,67,2,2,1,1,李敖大哥大(2),政府、检察官
于树德,政治人物 / 历史类比引用,政治人物,67,2,2,1,1,中国现代史正论(2),委员、共产党、胡汉民先生在俄，熊克武先生在禁，李大钊、谭平山、于树德、林祖涵系共产党不许出席
于翔麟,诗文出处 / 历史类比引用,诗文出处,67,2,2,1,1,李敖书笺集(2),旧友、政府、于翔麟稿
伊桑阿,历史类比引用 / 政治人物,历史类比引用,67,2,2,1,1,李敖札记(2),大学、伊桑阿
伍宪子,政治人物 / 党务宣传 / 历史类比引用,政治人物,67,2,2,1,1,李敖书序集(2),出版、国民党、伍宪子
何镜华,军事人物 / 历史类比引用,军事人物,67,2,2,1,1,中国现代史正论(2),司令、少壮派孙铭九、应德田、苗剑秋、何镜华等
傅依杰,媒体,媒体,67,2,2,1,1,李敖随写录前集(2),台大、政治、傅依杰纽约
冯金伯,诗文出处 / 文艺音乐 / 历史类比引用,诗文出处,67,2,2,1,1,中国近代史新论(2),杂志、史学、冯金伯《国朝画识》
刘以桐,诗文出处 / 学术考证引用 / 历史类比引用,诗文出处,67,2,2,1,1,中国命研究(2),见、刘以桐《都门闻见录》
刘佐石,情治警务 / 见面,情治警务,67,2,2,1,1,李敖书札集(2),找我、到近期的刘佐石
刘士毅,军事人物 / 历史类比引用,军事人物,67,2,2,1,1,李敖书牍集(2),中将、陆军中将加上将衔：孙震、杨森、李品仙、罗卓英、钱大钧、刘士毅
刘膺古,军事人物 / 历史类比引用,军事人物,67,2,2,1,1,李敖书牍集(2),中将、陆军中将：陈继承、周岩、万耀煌、韩德勤、熊斌、徐庭瑶、刘膺古、王烈、方克猷、赵锡田、贺国光、姚琮
刘锡钦,通信,通信,67,2,2,1,1,早年日记(2),读、回信、见
卓参,亲属,亲属,67,2,2,1,2,李敖大哥大(2),妈妈、太太、委员
卢广绩,军事人物 / 证人见证 / 历史类比引用,军事人物,67,2,2,1,1,中国现代史正论(2),见、司令、卢广绩、陈先舟痛哭流涕
向东意,政治人物,政治人物,67,2,2,1,1,李敖大哥大(2),委员、县长、国民党、民进党
吕德润,诗文出处 / 历史类比引用,诗文出处,67,2,2,1,1,李敖书序集(2),将军、吕德润
吴永毅,媒体 / 见面,媒体,67,2,2,1,1,李敖五五日记(2),访问、财讯尹士英、吴永毅、彭美媛、萧榕来访问
吴镜潭,情治警务 / 公职人员 / 历史类比引用,情治警务,67,2,2,1,1,中国近代史新论(2),警察、计有徐树铮、段芝贵、曾毓隽、朱深、梁鸿志、姚震、姚国桢、李思浩、王郅隆、丁士源等十人
周子愚,公职人员 / 科学家 / 历史类比引用,公职人员,67,2,2,1,1,中国近代史新论(2),学者、五官正周子愚言大西洋归化人庞迪我、熊三拔
周岩,军事人物 / 历史类比引用,军事人物,67,2,2,1,1,李敖书牍集(2),中将、陆军中将：陈继承、周岩、万耀煌、韩德勤、熊斌、徐庭瑶、刘膺古、王烈、方克猷、赵锡田、贺国光、姚琮
周永圻,出版 / 见面,出版,67,2,2,1,1,李敖秘藏日记(2),见、出版、周永圻
周顺吉,监狱行政,监狱行政,67,2,2,1,1,李敖颠倒众生(2),请我、秘书、先生
夏德,学术 / 诗文出处 / 学术考证引用 / 历史类比引用 / 神交引用,学术,67,2,2,1,1,读史指南(2),见、夏德（Friederich Hirth）
姚国桢,政治人物 / 公职人员 / 历史类比引用,政治人物,67,2,2,1,1,中国近代史新论(2),政府、警察、计有徐树铮、段芝贵、曾毓隽、朱深、梁鸿志、姚震、姚国桢、李思浩、王郅隆、丁士源等十人
姚琮,军事人物 / 历史类比引用,军事人物,67,2,2,1,1,李敖书牍集(2),中将、陆军中将：陈继承、周岩、万耀煌、韩德勤、熊斌、徐庭瑶、刘膺古、王烈、方克猷、赵锡田、贺国光、姚琮
姚立夫,诗文出处 / 历史类比引用,诗文出处,67,2,2,1,1,李敖书序集续集(2),将军、姚立夫
孙玉清,军事人物 / 被害人 / 历史类比引用,军事人物,67,2,2,1,1,李敖书序集续集(2),军长、共产党、孙玉清
孙震（陆军将领）,军事人物 / 政治人物 / 历史类比引用,军事人物,67,2,2,1,1,李敖书牍集(2),中将、陆军中将加上将衔：孙震、杨森、李品仙、罗卓英、钱大钧、刘士毅
小苏（中国性研究）,见面 / 社会案件 / 称谓待考,见面,67,2,2,1,1,中国性研究(2),见、一位“炮友”小苏
尹士嘉,宗教人物 / 师生 / 创作资料协助 / 历史类比引用,宗教人物,67,2,2,1,1,中国近代史新论(2),见、研究、尹士嘉转求美国领事营救
庄君地,公职人员 / 政治人物 / 社会案件,公职人员,67,2,2,1,1,为历史拨云(2),政府、监委庄君地和吴大宇
张同莹,公职人员 / 见面,公职人员,67,2,2,1,1,李敖五五日记(2),碰到、AIT的张同莹
张焕珪,诉讼 / 公共论战,诉讼,67,2,2,1,1,李敖书翰集(2),法院、1965年度易字第1553张焕珪妨害名誉案
张牙医（李敖书启集）,邻居 / 创作资料协助 / 称谓待考,邻居,67,2,2,1,1,李敖书启集(2),见、12A座张牙医
张连生,情治警务 / 公职人员 / 公共论战,情治警务,67,2,2,1,1,李敖书牍集(2),法院、公共关系室主任张连生
张金策,政治异议者 / 媒体 / 财产债务 / 创作资料协助,政治异议者,67,2,2,1,1,李敖书笺集(2),一起、张金策比较没有经济上的顾忧
张鲁望,创作资料协助 / 公共论战 / 历史类比引用,创作资料协助,67,2,2,1,1,中国近代史新论(2),见、张鲁望言之
彭美媛,媒体 / 见面,媒体,67,2,2,1,1,李敖五五日记(2),访问、财讯尹士英、吴永毅、彭美媛、萧榕来访问
徐庭瑶,军事人物 / 历史类比引用,军事人物,67,2,2,1,1,李敖书牍集(2),中将、陆军中将：陈继承、周岩、万耀煌、韩德勤、熊斌、徐庭瑶、刘膺古、王烈、方克猷、赵锡田、贺国光、姚琮
徐志道（陆军中将）,军事人物 / 历史类比引用,军事人物,67,2,2,1,1,李敖书牍集(2),中将、蒋锄欧、於达、伍诚仁、施北衡、李鸿春、陈百村、陈以忠、张弛、杨凤麟、尹呈辅、卢旭、竺鸣涛、黄质文、徐志道
徐明德,政治人物,政治人物,67,2,2,1,1,李敖随写录前集(2),委员、民进党昨天第五届第一次党员代表大会
成臭头,神交引用,神交引用,67,2,2,2,2,第73烈士(1)；挑战李敖(1),像、总统
戴雅各,政治人物 / 政治异议者 / 见面,政治人物,67,2,2,1,1,李敖秘藏日记(2),法院、戴雅各
文霆,诗文出处 / 媒体 / 公共论战,诗文出处,67,2,2,1,1,为历史拨云(2),法院、委员、民众拦舆告地状，法院应引以为耻（文霆）
方克猷,军事人物 / 历史类比引用,军事人物,67,2,2,1,1,李敖书牍集(2),中将、陆军中将：陈继承、周岩、万耀煌、韩德勤、熊斌、徐庭瑶、刘膺古、王烈、方克猷、赵锡田、贺国光、姚琮
施性平,亲属 / 政治异议者 / 公共论战,亲属,67,2,2,2,2,世论新语(1)；李敖书函集(1),市长、党部、民进党、父亲、弟弟
施金协,政治人物 / 公职人员 / 公共论战,政治人物,67,2,2,1,1,李敖书信集(2),见、政府、廖泉裕、施金协
曹永河,学术 / 历史类比引用,学术,67,2,2,1,1,李敖随写录前集(2),发行、杂志、研究、曹永河
曹重,文艺音乐 / 历史类比引用,文艺音乐,67,2,2,1,1,中国近代史新论(2),见、杂志、史学、民间则张恕、曹重、崔鏏之作
曾广顺,政治人物 / 公共论战,政治人物,67,2,2,2,2,你是景福门(1)；李敖书启集(1),法务部、秘书、委员、部长
曾昭文,军事人物 / 公职人员 / 历史类比引用,军事人物,67,2,2,1,1,中国近代史新论(2),参谋、迎袁世凯南下人物为教育总长蔡元培为欢迎专使、外交次长魏宸组、海军顾问刘冠雄、参谋次长钮永建、法制局局长宋教仁、陆军部军需局长曾昭文、步兵第三十一团团长黄恺元、湖北外交司长王正廷、前议和参赞汪兆铭等人
曾泽生,军事人物 / 政治人物 / 历史类比引用,军事人物,67,2,2,1,1,中国现代史定论(2),特务、曾泽生部被共军诱降
朱婉馨,财产债务 / 诉讼 / 证人见证,财产债务,67,2,2,1,1,李敖书简集(2),出版、黄盛桐、高家齐、黄觉、朱婉馨、许家骥、陈锡敏、袁应环、胡汝森
朱昭勋,见面,见面,67,2,2,1,1,李敖秘藏日记(2),碰到、朱昭勋
朱深,政治人物 / 公职人员 / 历史类比引用,政治人物,67,2,2,1,1,中国近代史新论(2),警察、计有徐树铮、段芝贵、曾毓隽、朱深、梁鸿志、姚震、姚国桢、李思浩、王郅隆、丁士源等十人
朱绍良,军事人物 / 历史类比引用,军事人物,67,2,2,1,1,李敖书牍集(2),中将、陆军二级上将：何键、林蔚、朱绍良、杨爱源
李兴中,军事人物 / 政治人物 / 历史类比引用,军事人物,67,2,2,1,1,李敖书笺集(2),司令、共产党、李兴中与其他一些人士
李品仙,军事人物 / 政治人物 / 历史类比引用,军事人物,67,2,2,1,1,李敖书牍集(2),中将、陆军中将加上将衔：孙震、杨森、李品仙、罗卓英、钱大钧、刘士毅
李四写,神交引用,神交引用,67,2,2,2,2,李敖笑傲江湖(1)；李敖大哥大(1),像、警备总部
李大千,邻居 / 社会案件,邻居,67,2,2,1,1,李敖书函集(2),委员、由林文海、张善惠、邹光中、李润海、李大千、林凤梧、许国城、李庆云、吴子衔、陈捷圻各位先生通过
李威廉,军事人物 / 证人见证,军事人物,67,2,2,1,1,李敖书序集(2),见、李威廉
李庆云,邻居 / 社会案件,邻居,67,2,2,1,1,李敖书函集(2),委员、由林文海、张善惠、邹光中、李润海、李大千、林凤梧、许国城、李庆云、吴子衔、陈捷圻各位先生通过
李弥,军事人物 / 政治人物 / 历史类比引用,军事人物,67,2,2,1,1,中国现代史定论(2),司令、国民党、李弥、邱清泉、熊笑三等
李晓江,诗文出处 / 历史类比引用,诗文出处,67,2,2,1,1,李敖书序集(2),将军、李晓江
李润海,邻居 / 社会案件,邻居,67,2,2,1,1,李敖书函集(2),委员、由林文海、张善惠、邹光中、李润海、李大千、林凤梧、许国城、李庆云、吴子衔、陈捷圻各位先生通过
李胜雄,律师代理 / 政治人物 / 政治异议者 / 见面,律师代理,67,2,2,1,1,李敖秘藏日记(2),法院、李胜雄
杨子崴,诗文出处 / 媒体 / 医疗照护 / 公共论战,诗文出处,67,2,2,1,1,历史与人像(2),文星、杨子崴《建立甜蜜家庭，首须节制生育》
杨氏（杨定女）,社会案件 / 亲属 / 医疗照护 / 被害人 / 宗教人物 / 历史类比引用 / 神交引用,社会案件,67,2,2,1,1,中国迷信新研(2),大学、读、永嘉杨定女/母/母疾笃
杨焜,军事人物 / 诗文出处 / 证人见证 / 历史类比引用,军事人物,67,2,2,1,1,中国现代史定论(2),参谋、杨焜《辽西战役补述》
杨爱源,军事人物 / 历史类比引用,军事人物,67,2,2,1,1,李敖书牍集(2),中将、陆军二级上将：何键、林蔚、朱绍良、杨爱源
杨玲伟,媒体 / 见面,媒体,67,2,2,1,2,李敖五五日记(2),奥瑞公司杨玲伟、节目
林仁德,公职人员 / 政治人物 / 公共论战,公职人员,67,2,2,1,1,为历史拨云(2),市长、市议会议长林仁德
林忠勇,公职人员 / 财产债务 / 公共论战,公职人员,67,2,2,1,1,挑战李敖(2),仓储、委员、拜访、立委
林青蛙,姻亲,姻亲,67,2,2,1,1,李敖大哥大(2),嫁给、见、政治、书里
柏文蔚,军事人物 / 政治人物 / 历史类比引用,军事人物,67,2,2,1,1,中国现代史正论(2),委员、谭延闿、柏文蔚、王法勤、于右任、恩克巴图、丁惟汾先生和汪兆铭
柯敏雄,财产债务 / 诉讼,财产债务,67,2,2,1,1,李敖随写录后集(2),法院、柯敏雄
梁鸿楷,政治人物 / 社会案件 / 历史类比引用,政治人物,67,2,2,1,1,中国现代史正论(2),委员、魏邦平、梁鸿楷、梅光培等亦与本案有关
梅光培,政治人物 / 社会案件 / 历史类比引用,政治人物,67,2,2,1,1,中国现代史正论(2),委员、魏邦平、梁鸿楷、梅光培等亦与本案有关
汤化龙,政治人物 / 公职人员 / 历史类比引用,政治人物,67,2,2,1,1,中国近代史新论(2),见、其实是汤化龙，职位本是范源廉
汪汪,情感 / 称谓待考,情感,67,2,2,1,1,李敖的情诗(2),见、债务、像
汲黯,神交引用,神交引用,67,2,2,2,2,教育与脸谱(1)；大学日记后期甲集(1),历史上、见、古人
洪业,学术 / 诗文出处 / 学术考证引用 / 历史类比引用,学术,67,2,2,1,1,中国近代史新论(2),研究、洪业（煨莲）《利玛窦的世界地图》
洪允典,邻居 / 社会案件,邻居,67,2,2,1,1,李敖书函集(2),委员、F座之五楼（洪允典）
熊斌,军事人物 / 政治人物 / 历史类比引用,军事人物,67,2,2,1,1,李敖书牍集(2),中将、陆军中将：陈继承、周岩、万耀煌、韩德勤、熊斌、徐庭瑶、刘膺古、王烈、方克猷、赵锡田、贺国光、姚琮
熊旅扬,政治人物,政治人物,67,2,2,2,2,挑战李敖(1)；李敖秘密书房(1),选举、小姐、像
王卓然,创作资料协助 / 证人见证 / 历史类比引用,创作资料协助,67,2,2,1,1,中国现代史正论(2),晤、顾问端纳、汤国桢、王卓然
王启而,同学 / 见面,同学,67,2,2,1,1,李敖议坛哀思录(2),电话、事务、记者、立委、民进党、上校
王宇霆,诗文出处 / 历史类比引用,诗文出处,67,2,2,1,1,中国现代史正论(2),传记、将军、文学、王宇霆：《西安事变演成巨祸》
王宣,公职人员 / 诗文出处 / 历史类比引用,公职人员,67,2,2,1,1,李敖书笺集(2),委员、主义、监委王宣
王懋功,军事人物 / 历史类比引用,军事人物,67,2,2,1,1,李敖书牍集(2),中将、王懋功、谷正伦、司可庄、王长海、史文桂、徐祖诒、陈骥、曹福林、黄永安、刘汝明、刘雨卿
王汉章,诗文出处 / 学术考证引用 / 出版,诗文出处,67,2,2,1,1,读史指南(2),出版、王汉章《中国近三十年来之出版界》
王法勤,政治人物 / 历史类比引用,政治人物,67,2,2,1,1,中国现代史正论(2),委员、谭延闿、柏文蔚、王法勤、于右任、恩克巴图、丁惟汾先生和汪兆铭
王烈,军事人物 / 历史类比引用,军事人物,67,2,2,1,1,李敖书牍集(2),中将、陆军中将：陈继承、周岩、万耀煌、韩德勤、熊斌、徐庭瑶、刘膺古、王烈、方克猷、赵锡田、贺国光、姚琮
王秉文,诗文出处 / 历史类比引用,诗文出处,67,2,2,1,1,李敖书序集(2),将军、王秉文
王童,亲属 / 历史类比引用,亲属,67,2,2,1,1,中国现代史定论(2),总统、将军、中和（王童）
王郅隆,政治人物 / 公职人员 / 历史类比引用,政治人物,67,2,2,1,1,中国近代史新论(2),政府、警察、计有徐树铮、段芝贵、曾毓隽、朱深、梁鸿志、姚震、姚国桢、李思浩、王郅隆、丁士源等十人
琳达·卡特,媒体 / 文艺音乐,媒体,67,2,2,1,1,李敖札记(2),电视、琳达卡特
白秀雄,公职人员 / 社会案件 / 创作资料协助 / 公共论战,公职人员,67,2,2,1,1,挑战李敖(2),市长、像、儿子
祁陈云利,社会案件,社会案件,67,2,2,1,1,为中国思想趋向求答案(2),夫人、读、女士、政府
程伊川,学术 / 诗文出处 / 历史类比引用 / 神交引用,学术,67,2,2,2,2,上山·上山·爱(1)；大学札记(1),哥哥、弟弟
红孩儿,虚拟人物 / 宗教人物 / 历史类比引用 / 神交引用,虚拟人物,67,2,2,1,1,为历史拨云(2),见、引红孩儿去受擒
能投票,政治人物,政治人物,67,2,2,1,2,李敖大哥大(2),法院、总统、政府、委员
艾奇森,政治人物 / 历史类比引用 / 神交引用,政治人物,67,2,2,1,1,阳痿美国(2),总统、主席
艾迪,宗教人物 / 媒体 / 诗文出处 / 历史类比引用,宗教人物,67,2,2,1,1,李敖笑傲江湖(2),报纸、艾迪办报
苏克福,政治异议者 / 选举助选 / 通信 / 公共论战,政治异议者,67,2,2,1,1,李敖札记(2),委员、政治、苏克福寄来质问尤清
苏艺林,社会案件 / 同案狱友 / 政治异议者,社会案件,67,2,2,1,1,李敖书序集(2),研究、苏艺林
范宣德,学术 / 诗文出处 / 公共论战 / 历史类比引用,学术,67,2,2,1,1,中国现代史定论(2),见、范宣德于一九四三年春见周恩来
萧至忠,政治人物 / 神交引用,政治人物,67,2,2,2,2,独白下的传统(1)；为历史拨云(1),弟弟、女儿、离婚
葛福鸿,媒体 / 见面,媒体,67,2,2,1,1,李敖五五日记(2),节目、制作人是葛福鸿
蔡友全,政治人物 / 政治异议者 / 见面,政治人物,67,2,2,1,1,李敖秘藏日记(2),法院、蔡友全
蔡孝乾,政治人物 / 左派转向 / 情治警务 / 同案狱友 / 历史类比引用,政治人物,67,2,2,1,1,李敖笑傲江湖(2),委员、共产党、从许远东起，到他的领袖蔡孝乾
薄瑞光,政治人物 / 历史类比引用 / 神交引用,政治人物,67,2,2,1,1,阳痿美国(2),记者、代理、像
裘孔渊,诗文出处 / 历史类比引用,诗文出处,67,2,2,1,1,中国现代史定论(2),序、裘孔渊：《中国大陆人民反共抗暴运动》
詹特芳,创作资料协助 / 历史类比引用,创作资料协助,67,2,2,1,1,李敖书牍集(2),见、吴嵩庆亲信詹特芳
许国城,邻居 / 社会案件,邻居,67,2,2,1,1,李敖书函集(2),委员、由林文海、张善惠、邹光中、李润海、李大千、林凤梧、许国城、李庆云、吴子衔、陈捷圻各位先生通过
许家骥,财产债务 / 诉讼 / 证人见证,财产债务,67,2,2,1,1,李敖书简集(2),出版、黄盛桐、高家齐、黄觉、朱婉馨、许家骥、陈锡敏、袁应环、胡汝森
许文源,同案狱友,同案狱友,67,2,2,1,2,一个预备军官的日记(2),军法、认识、台大
许远东,军事人物,军事人物,67,2,2,1,1,李敖笑傲江湖(2),将军、从许远东起，到他的领袖蔡孝乾
贺国光,军事人物 / 政治人物 / 历史类比引用,军事人物,67,2,2,1,1,李敖书牍集(2),中将、陆军中将：陈继承、周岩、万耀煌、韩德勤、熊斌、徐庭瑶、刘膺古、王烈、方克猷、赵锡田、贺国光、姚琮
贺昌群,学术 / 出版 / 创作资料协助 / 历史类比引用,学术,67,2,2,1,1,中国近代史新论(2),学者、石田干之助在《郎世宁传考略》
贾秀山,情治警务 / 见面,情治警务,67,2,2,1,1,李敖书札集(2),找我、警察、管区警员贾秀山
赖劲麟,亲属,亲属,67,2,2,1,1,李敖秘密书房(2),找他、父亲、国民党、法院、委员、民进党
赵柏年,创作资料协助 / 社会案件 / 通信,创作资料协助,67,2,2,1,1,李敖书函集(2),电视、会长 赵柏年
赵观涛,军事人物 / 公职人员 / 历史类比引用,军事人物,67,2,2,1,1,李敖书牍集(2),见、主席、司令、第八绥靖区司令官赵观涛
赵锡田,军事人物 / 历史类比引用,军事人物,67,2,2,1,1,李敖书牍集(2),中将、陆军中将：陈继承、周岩、万耀煌、韩德勤、熊斌、徐庭瑶、刘膺古、王烈、方克猷、赵锡田、贺国光、姚琮
邓图南,军事人物 / 证人见证 / 历史类比引用,军事人物,67,2,2,1,1,中国现代史定论(2),师长、邓图南臂助
郑明进,政治人物 / 党务宣传 / 选举助选,政治人物,67,2,2,1,1,李敖随写录前集(2),见、委员、郑明进
郭晏生,公职人员 / 政治人物 / 公共论战,公职人员,67,2,2,1,1,为历史拨云(2),市长、副议长郭晏生
郭沛藻,军事人物 / 历史类比引用,军事人物,67,2,2,1,1,李敖书笺集(2),师长、二十九师师长郭沛藻
都用台,神交引用,神交引用,67,2,2,2,2,李敖笑傲江湖(1)；挑战李敖(1),古代、总统
钱又送,神交引用,神交引用,67,2,2,2,2,阳痿美国(1)；李敖大哥大(1),像、电视
钱复到,学术行政,学术行政,67,2,2,1,2,李敖大哥大(2),院长、部长
钱大钧,军事人物 / 公职人员 / 历史类比引用,军事人物,67,2,2,1,1,李敖书牍集(2),中将、陆军中将加上将衔：孙震、杨森、李品仙、罗卓英、钱大钧、刘士毅
陈先舟,军事人物 / 证人见证 / 历史类比引用,军事人物,67,2,2,1,1,中国现代史正论(2),见、司令、卢广绩、陈先舟痛哭流涕
陈天锡,诗文出处 / 历史类比引用,诗文出处,67,2,2,1,1,中国现代史定论(2),传记、023/陈天锡/戴季陶先生编年传记
陈惠敏,媒体 / 见面,媒体,67,2,2,1,1,李敖五五日记(2),文星、华视陈惠敏、薄征宇
陈捷圻,邻居 / 社会案件,邻居,67,2,2,1,1,李敖书函集(2),委员、由林文海、张善惠、邹光中、李润海、李大千、林凤梧、许国城、李庆云、吴子衔、陈捷圻各位先生通过
陈政顺,政治人物 / 党务宣传 / 公共论战,政治人物,67,2,2,1,1,李敖书札集(2),党部、史丰富及“屏东县党部”陈政顺
陈春木,媒体,媒体,67,2,2,1,1,李敖书简集(2),记者、委员、像、记者：陈春木
陈朴生,诗文出处 / 司法人员 / 学术 / 出版管制,诗文出处,67,2,2,1,1,李敖书函集(2),法院、像、照陈朴生《刑法各论》
陈立中,情治警务 / 公职人员 / 公共论战,情治警务,67,2,2,1,1,李敖书牍集(2),法院、公共、警政署副署长陈立中
陈锡敏,财产债务 / 诉讼 / 证人见证,财产债务,67,2,2,1,1,李敖书简集(2),出版、黄盛桐、高家齐、黄觉、朱婉馨、许家骥、陈锡敏、袁应环、胡汝森
韩崇智,学术 / 见面 / 同学,学术,67,2,2,1,1,李敖札记(2),碰到、同班、国民党、段昌国、韩崇智
韩德勤,军事人物 / 政治人物 / 历史类比引用,军事人物,67,2,2,1,1,李敖书牍集(2),中将、陆军中将：陈继承、周岩、万耀煌、韩德勤、熊斌、徐庭瑶、刘膺古、王烈、方克猷、赵锡田、贺国光、姚琮
韩民国,神交引用,神交引用,67,2,2,2,2,波波颂(1)；李敖颠倒众生(1),主义、总统
顾学颉,学术 / 诗文出处 / 创作资料协助 / 历史类比引用,学术,67,2,2,1,1,中国艺术新研(2),见、诗、顾学颉，《白居易所书诗书志石刻考释》
马加兰,政治人物 / 公共论战 / 历史类比引用,政治人物,67,2,2,1,1,中国现代史定论(2),政府、太平洋学会”发布的这类言论，在麦卡锡（Macarthy）、马加兰（Pat Macrran）等参议员
马陆群,军事人物 / 左派转向 / 历史类比引用,军事人物,67,2,2,1,1,李敖笑傲江湖(2),朋友、委员、师长、共产党、政治、他是马陆群的
高家齐,财产债务 / 诉讼 / 证人见证,财产债务,67,2,2,1,1,李敖书简集(2),出版、黄盛桐、高家齐、黄觉、朱婉馨、许家骥、陈锡敏、袁应环、胡汝森
高崇民,政治人物 / 军事人物 / 历史类比引用,政治人物,67,2,2,1,1,中国现代史正论(2),司令、缪澄流、刘多荃、高崇民
高森,学术 / 诗文出处 / 历史类比引用,学术,67,2,2,1,1,中国现代史定论(2),研究、014/高森/苏俄与匪情研究
高育,媒体,媒体,67,2,2,1,1,李敖访谈录1990-2018(2),采访、整理──高育
魏宸组,政治人物 / 公职人员 / 历史类比引用,政治人物,67,2,2,1,1,中国近代史新论(2),政府、参谋、迎袁世凯南下人物为教育总长蔡元培为欢迎专使、外交次长魏宸组、海军顾问刘冠雄、参谋次长钮永建、法制局局长宋教仁、陆军部军需局长曾昭文、步兵第三十一团团长黄恺元、湖北外交司长王正廷、前议和参赞汪兆铭等人
魏文奎,科学家 / 公职人员 / 历史类比引用,科学家,67,2,2,1,1,中国近代史新论(2),见、大学、魏文奎等，推测之法
魏邦平,政治人物 / 社会案件 / 历史类比引用,政治人物,67,2,2,1,1,中国现代史正论(2),委员、魏邦平、梁鸿楷、梅光培等亦与本案有关
黄恺元,军事人物 / 公职人员 / 历史类比引用,军事人物,67,2,2,1,1,中国近代史新论(2),部长、参谋、迎袁世凯南下人物为教育总长蔡元培为欢迎专使、外交次长魏宸组、海军顾问刘冠雄、参谋次长钮永建、法制局局长宋教仁、陆军部军需局长曾昭文、步兵第三十一团团长黄恺元、湖北外交司长王正廷、前议和参赞汪兆铭等人
黄觉,财产债务 / 诉讼 / 证人见证,财产债务,67,2,2,1,1,李敖书简集(2),出版、黄盛桐、高家齐、黄觉、朱婉馨、许家骥、陈锡敏、袁应环、胡汝森
黄质文,军事人物 / 历史类比引用,军事人物,67,2,2,1,1,李敖书牍集(2),中将、蒋锄欧、於达、伍诚仁、施北衡、李鸿春、陈百村、陈以忠、张弛、杨凤麟、尹呈辅、卢旭、竺鸣涛、黄质文、徐志道
黄镇岳,政治人物 / 公职人员 / 公共论战,政治人物,67,2,2,1,1,李敖对话录(2),委员、国民党、黄镇岳
黄雪村,编辑,编辑,67,2,2,1,1,早年日记(2),编辑、总编辑、出版、委员、见
周济,诗文出处,诗文出处,66,5,1,4,4,读史指南(2)；一个预备军官的日记(1)；要把金针度与人(1)；中国命研究(1),书目作者表
张金龙,医疗照护 / 见面,医疗照护,66,5,5,1,1,我最难忘的事和人(5),像
李秋远,见面,见面,66,4,2,1,1,李敖笑傲江湖(4),找我、县长
庾亮,政治人物 / 军事人物 / 历史类比引用 / 神交引用,政治人物,66,3,3,3,3,千秋万岁乌鸦求是合集(1)；李语录(1)；李敖书信集(1),
朱骏声,学术 / 诗文出处 / 学术考证引用 / 历史类比引用 / 神交引用,学术,66,3,3,3,3,传统下的再白(1)；要把金针度与人(1)；中国性研究(1),
武圣帝,政治人物,政治人物,66,3,2,1,1,李敖大哥大(3),政府
温特沃斯,政治人物 / 历史类比引用 / 神交引用,政治人物,66,3,3,3,3,李敖风流自传(1)；你笨蛋，你笨蛋(1)；虚拟的十七岁(1),
理查·拜尔德,探险航行 / 科学家 / 神交引用,探险航行,66,3,3,2,2,上山·上山·爱(2)；李敖书信集(1),像
范冉,学术 / 神交引用,学术,66,3,3,2,2,波波颂(2)；李敖语录(1),国民党
董鄂妃,情感 / 历史类比引用 / 神交引用,情感,66,3,3,2,2,中国艺术新研(2)；上山·上山·爱(1),哲学、诗
贝拉利欧,虚拟人物 / 历史类比引用 / 神交引用,虚拟人物,66,3,3,3,3,李敖风流自传(1)；你笨蛋，你笨蛋(1)；虚拟的十七岁(1),
阿蒙伯爵,政治人物 / 历史类比引用 / 神交引用,政治人物,66,3,3,3,3,李敖风流自传(1)；你笨蛋，你笨蛋(1)；虚拟的十七岁(1),
雷倩做,政治人物,政治人物,66,3,2,1,1,李敖大哥大(3),委员、节目、诗
黄桂寿,通信 / 创作资料协助,通信,66,3,3,1,1,李敖大哥大(3),像、先生
丁大留斯,虚拟人物 / 历史类比引用 / 情感 / 神交引用,虚拟人物,66,2,2,2,2,虚拟的十七岁(1)；爱情的秘密(1),妻、见、诗
于义方,诗文出处 / 历史类比引用 / 神交引用,诗文出处,66,2,2,2,2,传统下的独白(1)；李敖语录(1),结婚、出版
于刘冠,政治人物,政治人物,66,2,2,1,2,李敖大哥大(2),委员、特务
伊秉绶,公职人员 / 文艺音乐 / 诗文出处 / 历史类比引用 / 神交引用,公职人员,66,2,2,2,2,你笨蛋，你笨蛋(1)；中国艺术新研(1),见、写信、古人
何健,政治人物,政治人物,66,2,2,1,1,李敖笑傲江湖(2),主席
何健民,学术 / 诗文出处 / 历史类比引用,学术,66,2,2,1,1,中国现代史定论(2),政治、025/何健民/中国近代史
何成浚,军事人物 / 政治人物 / 历史类比引用,军事人物,66,2,2,2,2,我梦碎，所以我梦醒(1)；中国现代史定论(1),学生、大学
何汉臣,亲属 / 历史类比引用 / 神交引用,亲属,66,2,2,2,2,传统下的独白(1)；中国迷信新研(1),东莞人贡士何汉臣女十岁嫁于李昌期家为童养媳
何静安,学术 / 公共论战,学术,66,2,2,2,2,李敖快意恩仇录(1)；李敖新刊(1),见、教授、文星
傅昆成,学术 / 公共论战,学术,66,2,2,2,2,世论新语(1)；求是新语(1),访问、教授、国民党、学者、台大、所谓
全西班,军事人物,军事人物,66,2,2,1,1,李敖大哥大(2),上校
卢英权,学术 / 公共论战,学术,66,2,2,2,2,李敖快意恩仇录(1)；李敖新刊(1),见、教授、文星、封杀
吴棋芳,公共论战,公共论战,66,2,2,1,1,李敖书笺集(2),国民党、吴棋芳怎样作弄江鹏坚
周代炽,文艺音乐 / 财产债务 / 见面,文艺音乐,66,2,2,1,1,李敖随写录后集(2),碰到
周柏伦,媒体 / 创作资料协助 / 公共论战,媒体,66,2,2,1,1,李敖书笺集(2),国民党、所谓、周柏伦、陈锡福最近在“新路线”上
周桑漪,创作资料协助 / 证人见证 / 学术 / 公共论战,创作资料协助,66,2,2,1,1,李敖笑傲江湖(2),大学、读
周民进,政治人物 / 党务宣传,政治人物,66,2,2,1,1,李敖随写录前集(2),国民党、民进党昨天第五届第一次党员代表大会
周沧渊,政治人物 / 公职人员 / 公共论战,政治人物,66,2,2,1,1,李敖对话录(2),国民党、周沧渊
孔令仪,亲属 / 财产债务 / 历史类比引用,亲属,66,2,2,1,1,李敖笑傲江湖(2),朋友、孔二小姐孔令仪
孙休,政治人物 / 神交引用,政治人物,66,2,2,2,2,李敖文存二集(1)；波波颂(1),儿子、见、古人
孙峻,政治人物 / 神交引用,政治人物,66,2,2,2,2,李敖文存二集(1)；波波颂(1),儿子、见、古人
孟昭熙,情治警务 / 监狱行政,情治警务,66,2,2,1,1,李敖自传与回忆续集(2),看守所、所长、台北看守所、警察
安吉利,学术 / 政治人物 / 历史类比引用 / 神交引用,学术,66,2,2,1,1,阳痿美国(2),大学、序、政府
尹仲文,情治警务 / 军事人物 / 公共论战,情治警务,66,2,2,1,1,李敖笑傲江湖(2),共产党、像、尹仲文当军事情报局局长
山西共,公共论战,公共论战,66,2,2,1,1,李敖大哥大(2),共产党、妹妹
庄瑞雄,政治人物 / 媒体 / 公共论战,政治人物,66,2,2,1,1,我梦碎，所以我梦醒(2),告发、报导、民进党、批评
庞靖宇,情治警务 / 政治异议者 / 公共论战,情治警务,66,2,2,1,1,李敖笑傲江湖(2),共产党、有一个叫庞靖宇
康康舞,见面,见面,66,2,2,1,1,李敖大哥大(2),认识
廉颇回,军事人物,军事人物,66,2,2,1,1,李敖大哥大(2),将军、所谓
廖枝源,政治人物 / 公职人员 / 公共论战,政治人物,66,2,2,1,1,李敖对话录(2),国民党、廖枝源
张仁园,见面 / 朋友,见面,66,2,2,2,2,李敖回忆录(1)；你笨蛋，你笨蛋(1),见、儿子
张健,文艺音乐 / 创作资料协助,文艺音乐,66,2,2,2,2,李敖自传与回忆续集(1)；李敖书牍集(1),其中的一位，就是为我写读后感的张健先生
张允中,政治人物 / 神交引用,政治人物,66,2,2,2,2,独白下的传统(1)；要把金针度与人(1),找他、父亲
张元忭,学术 / 历史类比引用 / 神交引用,学术,66,2,2,2,2,爱情的秘密(1)；要把金针度与人(1),妻
张志智,政治人物 / 见面,政治人物,66,2,2,1,1,我最难忘的事和人(2),委员、国民党
张杨,神交引用 / 军事人物,神交引用,66,2,2,2,2,上下古今谈(1)；李敖语录(1),妻
张炽章,诗文出处 / 历史类比引用,诗文出处,66,2,2,1,1,中国现代史定论(2),国民党、006/张炽章/季鸾文存（三十三年）
张维嘉,政治人物 / 党务宣传,政治人物,66,2,2,1,1,李敖随写录前集(2),国民党、民进党昨天第五届第一次党员代表大会
张若谷,学术,学术,66,2,2,1,1,千秋万岁乌鸦求是合集(2),传记、书中、文学、先生、见、采访
房租应,政治人物,政治人物,66,2,2,1,1,李敖大哥大(2),总统、国民党、民进党
斯特林堡,出版 / 神交引用,出版,66,2,2,2,2,传统下的独白(1)；李敖语录(1),结婚、出版
曹聚仁,神交引用,神交引用,66,2,2,2,2,李敖自传与回忆(1)；李敖访谈录1990-2018(1),所谓、朋友、先生
曾国荃,军事人物 / 历史类比引用 / 亲属 / 神交引用,军事人物,66,2,2,2,2,大学札记(1)；一个预备军官的日记(1),国荃
曾振农,诉讼,诉讼,66,2,2,1,1,李敖秘密书房(2),法院、委员、民进党、先生
朱建民,学术 / 公共论战,学术,66,2,2,2,2,李敖快意恩仇录(1)；李敖新刊(1),见、教授
朱荣,亲属 / 历史类比引用 / 神交引用,亲属,66,2,2,2,2,要把金针度与人(1)；中国迷信新研(1),朱氏/屠户朱荣女
李本京,学术 / 公共论战,学术,66,2,2,2,2,求是新语(1)；你是景福门(1),研究、大学、所长、将军、国民党、共产党
杨士仪,同学 / 见面,同学,66,2,2,2,2,李敖议坛哀思录(1)；李敖风流自传(1),记者、节目、市长
林汉章,出版,出版,66,2,2,1,1,李敖颠倒众生(2),书店、先生
林碧沧,学术 / 公共论战,学术,66,2,2,2,2,李敖快意恩仇录(1)；李敖新刊(1),见、教授、文星、封杀、国民党
查讯问,证人见证,证人见证,66,2,2,1,1,千秋万岁乌鸦求是合集(2),证人、将军、委员
柯伦,政治异议者 / 通信 / 历史类比引用 / 神交引用,政治异议者,66,2,2,2,2,李敖全集(1)；阳痿美国(1),写信、引用
江昆生,见面,见面,66,2,2,1,1,大学日记后期甲集(2),朋友、江昆生
汤屠两,出版,出版,66,2,2,1,1,千秋万岁乌鸦求是合集(2),杂志
王允（王宝钏之父）,虚拟人物 / 神交引用,虚拟人物,66,2,2,2,2,上下古今谈(1)；李敖语录(1),父亲、像
王思诚,诗文出处 / 历史类比引用,诗文出处,66,2,2,1,1,中国现代史定论(2),政治、027/王思诚/毛泽东与红祸
王正路,政治异议者 / 创作资料协助 / 历史类比引用,政治异议者,66,2,2,1,1,李敖书笺集(2),朋友、像、在美国的黄中、王正路等诸先生和聂华苓女士
王龙谿,学术 / 诗文出处 / 历史类比引用 / 神交引用,学术,66,2,2,2,2,李敖语录(1)；大学札记(1),
玛丽安德逊,神交引用 / 媒体 / 人权救援,神交引用,66,2,2,2,2,李敖全集(1)；上下古今谈(1),博士、秘书、女士
石涛,文艺音乐 / 历史类比引用 / 神交引用,文艺音乐,66,2,2,2,2,虚拟的十七岁(1)；李敖随写录后集(1),石涛
石青阳,政治人物 / 历史类比引用,政治人物,66,2,2,1,1,中国现代史正论(2),共产党、出席西山会议的，有我和林先生（森）、居正、覃振、石青阳、石瑛、戴传贤、沈定一、邵元冲、叶楚伧先生
窦怀贞,政治人物 / 神交引用,政治人物,66,2,2,2,2,李敖文存二集(1)；波波颂(1),儿子
缪纶,军事人物 / 情治警务 / 公共论战,军事人物,66,2,2,2,2,李敖书启集(1)；李敖笑傲江湖(1),警总、政战、上校、少将
罗刚,学术 / 公共论战,学术,66,2,2,2,2,李敖自传与回忆续集(1)；文化论战丹火录(1),研究、土地、党部、思想、教授
翁苏亚孙,亲属 / 朋友,亲属,66,2,2,2,2,李敖议坛哀思录(1)；李敖风流自传(1),父亲、电视、委员、立委
胡北山,朋友,朋友,66,2,2,1,1,大学日记后期甲集(2),朋友、写信、大学
艾洛芙,政治人物,政治人物,66,2,2,1,1,李敖笑傲江湖(2),总统
董世祁,学术 / 公共论战,学术,66,2,2,2,2,李敖快意恩仇录(1)；李敖新刊(1),见、教授
薛敬轩,学术 / 诗文出处 / 历史类比引用 / 神交引用,学术,66,2,2,2,2,李敖语录(1)；大学札记(1),
袁中道,诗文出处 / 学术 / 朋友 / 历史类比引用 / 神交引用,诗文出处,66,2,2,1,1,中国近代史新论(2),朋友、袁中道，是利玛窦的朋友
许可问,见面,见面,66,2,2,1,1,千秋万岁乌鸦求是合集(2),见、委员、法院、国民党、民进党
许常惠,文艺音乐 / 学术 / 公共论战 / 神交引用,文艺音乐,66,2,2,2,2,文化论战丹火录(1)；为自由招魂(1),见、研究、大学、先生
许昭彦,朋友,朋友,66,2,2,1,2,一个预备军官的日记(2),好友、诗、助理
谢森中,政治人物 / 公共论战,政治人物,66,2,2,2,2,你是景福门(1)；李敖书启集(1),法务部、委员、部长
谷老将,军事人物,军事人物,66,2,2,1,1,李敖笑傲江湖(2),将军、封杀
费大妈,文艺音乐 / 宗教人物 / 公共论战 / 称谓待考,文艺音乐,66,2,2,1,1,李敖笑傲江湖(2),国民党、费大妈就是一个例子
贾桂林,政治人物,政治人物,66,2,2,1,1,李敖秘密书房(2),总统
赵建铭,出版,出版,66,2,2,1,1,李敖大哥大(2),报纸、总统、选举
赵香宋,学术 / 历史类比引用 / 神交引用,学术,66,2,2,1,1,李敖书信集(2),国民党、赵香宋
那么配,政治人物,政治人物,66,2,2,1,2,李敖大哥大(2),总统
邱胜安,编辑,编辑,66,2,2,1,1,求是新语(2),发行
郑小杰,学术 / 公共论战,学术,66,2,2,2,2,李敖快意恩仇录(1)；李敖新刊(1),见、教授、文星、封杀
郑新助,政治人物 / 党务宣传,政治人物,66,2,2,1,1,李敖随写录前集(2),国民党、民进党昨天第五届第一次党员代表大会
郭绍良,军事人物 / 见面,军事人物,66,2,2,2,2,千秋万岁乌鸦求是合集(1)；一个预备军官的日记(1),
钱达,政治人物,政治人物,66,2,2,1,2,李敖大哥大(2),委员、法院
阮继光,同学 / 见面,同学,66,2,2,2,2,李敖自传与回忆(1)；李敖回忆录(1),见、请我、秘书
陆润康,政治人物 / 财产债务 / 公共论战,政治人物,66,2,2,2,2,李敖札记(1)；李敖书启集(1),太太、支票、部长
陈启吉,政治人物 / 公职人员 / 公共论战,政治人物,66,2,2,1,1,李敖对话录(2),国民党、陈启吉
陈必强,政治人物 / 公职人员 / 选举助选 / 公共论战,政治人物,66,2,2,1,1,李敖书简集(2),交往、国民党、陈必强、黄义清之上
陈成林,政治人物 / 党务宣传,政治人物,66,2,2,1,1,李敖随写录前集(2),国民党、民进党昨天第五届第一次党员代表大会
陈璧君大阿姨,小说剧本人物 / 亲属 / 财产债务,小说剧本人物,66,2,2,1,1,上山·上山·爱(2),大学
陈维藩,见面,见面,66,2,2,1,1,大学日记后期甲集(2),朋友、陈维藩
陈调元,神交引用,神交引用,66,2,2,2,2,李敖快意恩仇录(1)；世论新语(1),像、攻击
陈飞扁,公共论战,公共论战,66,2,2,1,2,李敖秘密书房(2),国民党、院长、总统
陈鸿荣,政治人物 / 党务宣传,政治人物,66,2,2,1,1,李敖随写录前集(2),国民党、民进党昨天第五届第一次党员代表大会
陶丽茵,虚拟人物 / 神交引用,虚拟人物,66,2,2,1,1,上山·上山·爱(2),见、像
颜泽滋,政治人物 / 选举助选 / 公共论战 / 历史类比引用,政治人物,66,2,2,1,1,中国现代史定论(2),国民党、国民党员颜泽滋，他抬着棺材
马乘风,政治人物 / 政治异议者 / 同案狱友 / 公共论战,政治人物,66,2,2,1,1,你笨蛋，你笨蛋(2),见、法院、委员
黄义清,政治人物 / 公职人员 / 选举助选 / 公共论战,政治人物,66,2,2,1,1,李敖书简集(2),交往、国民党、陈必强、黄义清之上
黄尧圃,学术 / 出版 / 神交引用,学术,66,2,2,2,2,李敖文存(1)；要把金针度与人(1),见、学生、出版、读
黄志德,被害人 / 社会案件 / 情治警务 / 公共论战,被害人,66,2,2,1,1,挑战李敖(2),警察、先生
黄梧,军事人物 / 政治人物 / 诗文出处 / 历史类比引用 / 神交引用,军事人物,66,2,2,2,2,中国命研究(1)；中国迷信新研(1),郑芝龙、郑成功变成敌人
黄龙村,公共论战,公共论战,66,2,2,1,1,李敖大哥大(2),政治、部长、政府
龙泽厚,政治异议者 / 同案狱友 / 历史类比引用,政治异议者,66,2,2,1,1,中国近代史新论(2),序、见
刘戈青,情治警务 / 朋友 / 见面,情治警务,65,3,3,1,1,我最难忘的事和人(3),一起、交情、警总、刑警、警察
习近平,政治人物 / 神交引用,政治人物,65,2,2,2,2,李敖风流自传(1)；虽千万人，李敖往矣(1),见
傅熹年,学术 / 神交引用,学术,65,2,2,2,2,李敖风流自传(1)；李敖大哥大(1),研究、家里
公羊高,学术 / 诗文出处 / 历史类比引用 / 神交引用,学术,65,2,2,1,1,要把金针度与人(2),读、古代、公羊高：《公羊传》
刘刑警,情治警务 / 刑求人员,情治警务,65,2,2,1,1,李敖自传与回忆续集(2),脱去我的衣服、刑警、绑我的、见、木棍
国会运,公共论战,公共论战,65,2,2,1,2,李敖大哥大(2),政治、法院、立委
季札,政治人物 / 历史类比引用 / 神交引用,政治人物,65,2,2,1,1,为历史拨云(2),古人、像、吴太伯、季札、伍员
崔万秋,诗文出处 / 媒体 / 出版,诗文出处,65,2,2,1,1,李敖书翰集(2),读、书中、崔万秋、王家棫
庞宜安,见面,见面,65,2,2,1,1,一个预备军官的日记(2),见、认识、遇见、来信、公共、诗
张伯烈,政治人物 / 公共论战 / 神交引用,政治人物,65,2,2,2,2,李敖全集(1)；千秋万岁乌鸦求是合集(1),总统、政府、国民党
徐敬业,财产债务 / 诉讼 / 证人见证,财产债务,65,2,2,2,2,为自由招魂(1)；李敖书简集(1),见、读、债权
朱执信,政治人物 / 政治异议者 / 出版 / 历史类比引用 / 神交引用,政治人物,65,2,2,2,2,第73烈士(1)；虽千万人，李敖往矣(1),少将、国民党、共产党
王家棫,诗文出处 / 媒体 / 出版,诗文出处,65,2,2,1,1,李敖书翰集(2),读、书中、崔万秋、王家棫
王瑞武,政治人物 / 公共论战,政治人物,65,2,2,2,2,我最难忘的事和人(1)；求是新语(1),妻、总统
福斯特,出版 / 神交引用,出版,65,2,2,2,2,虚拟的十七岁(1)；李敖秘密书房(1),传记、宣传
路易·阿姆斯特朗,神交引用 / 媒体 / 人权救援,神交引用,65,2,2,2,2,李敖全集(1)；上下古今谈(1),博士、先生
阮大年,政治人物 / 公共论战,政治人物,65,2,2,2,2,波波颂(1)；世论新语(1),见、节目、电视
陈雪芬,政治人物,政治人物,65,2,2,1,1,李敖大哥大(2),国民党、委员、民进党、读
韩卓民,见面 / 媒体,见面,65,2,2,2,2,早年日记(1)；大学日记后期甲集(1),碰到、写稿
黄裕仁,同学,同学,65,2,2,1,1,李敖Talk秀(2),像、同学、朋友、所谓
李文甫,烈士殉难 / 政治异议者 / 文艺音乐 / 历史类比引用,烈士殉难,64,5,5,1,1,第73烈士(5),
王曾,政治人物 / 学术 / 神交引用,政治人物,64,4,4,1,1,波波颂(4),
程敏政,诗文出处,诗文出处,64,4,1,2,2,读史指南(2)；要把金针度与人(2),书目作者表
周起,公职人员 / 亲属 / 历史类比引用 / 神交引用,公职人员,64,3,3,1,1,中国艺术新研(3),书中、政治
张斌,医疗照护 / 学术,医疗照护,64,3,3,1,1,我最难忘的事和人(3),
拉克伯里,学术 / 神交引用,学术,64,3,3,1,1,李敖全集(3),爸爸
相当荒,神交引用,神交引用,64,3,2,2,3,要把金针度与人(2)；李敖大哥大(1),文学
凌峰家,神交引用,神交引用,64,2,2,1,1,李敖秘密书房(2),所谓、家里
刘季洪,政治人物 / 公共论战 / 历史类比引用,政治人物,64,2,2,1,1,中国近代史新论(2),像、党政军人士莫德惠、严家淦、黄国书、谢冠生、何应钦、唐纵、陶希圣、黄杰、倪文亚、谷正纲、程天放、黄季陆、谢然之、张默君、罗列、石觉、钱思亮、刘季洪等五百余人参加观礼
刘希向,社会案件 / 亲属 / 医疗照护 / 历史类比引用 / 神交引用,社会案件,64,2,2,1,1,中国迷信新研(2),像、刘希向，江南山阳人
刘灵助,宗教人物 / 创作资料协助 / 历史类比引用 / 神交引用,宗教人物,64,2,2,1,1,中国迷信新研(2),像、时幽州人刘灵助善卜占
史良,政治异议者 / 创作资料协助 / 历史类比引用,政治异议者,64,2,2,1,1,中国近代史新论(2),诗、与刘泽湘、史良、傅专辈游
叶恭绰,政治人物 / 通信 / 神交引用,政治人物,64,2,2,2,2,李敖全集(1)；李敖书翰集(1),写信、送我、书中
向楚,创作资料协助 / 历史类比引用 / 神交引用,创作资料协助,64,2,2,1,1,中国艺术新研(2),诗、门人向楚、江翊云、郭沫若、周善培等为刊遗集
吴景濂,政治人物 / 公共论战 / 神交引用,政治人物,64,2,2,2,2,李敖全集(1)；千秋万岁乌鸦求是合集(1),政府、国民党
吴氏（吴楼女）,社会案件 / 亲属 / 医疗照护 / 被害人 / 历史类比引用 / 神交引用,社会案件,64,2,2,1,1,中国迷信新研(2),文学、吴楼女/父/父病殆
安金藏,社会案件 / 历史类比引用 / 神交引用,社会案件,64,2,2,1,1,中国迷信新研(2),诗、岂减介之推、安金藏哉
尉迟乙僧,文艺音乐 / 历史类比引用 / 神交引用,文艺音乐,64,2,2,1,1,中国艺术新研(2),像、尉迟乙僧《天王像卷》
廖凤娥,被害人 / 社会案件 / 同案狱友,被害人,64,2,2,1,1,李敖书序集(2),书中、廖凤娥
张建邦（情报局）,情治警务 / 军事人物 / 历史类比引用,情治警务,64,2,2,1,1,李敖笑傲江湖(2),像、还有一个唐宗、姜绍谟、张建邦跟元富
张镇芳,政治人物 / 神交引用,政治人物,64,2,2,2,2,传统下的独白(1)；大学日记后期甲集(1),一起
张龙文,学术 / 诗文出处 / 学术考证引用,学术,64,2,2,1,1,李敖书简集(2),所谓、张龙文《论股东会之召集》
方子卫,学术 / 公共论战,学术,64,2,2,2,2,文化论战丹火录(1)；一个预备军官的日记(1),见、委员
时才来,神交引用,神交引用,64,2,2,2,2,大学日记后期甲集(1)；一个预备军官的日记(1),古代、读
木吒,虚拟人物 / 宗教人物,虚拟人物,64,2,2,2,2,李敖全集(1)；文化论战丹火录(1),将军
李查逊,政治人物 / 神交引用,政治人物,64,2,2,2,2,李敖回忆录(1)；李敖全集(1),总统
李祖白,宗教人物 / 诗文出处 / 公共论战 / 历史类比引用,宗教人物,64,2,2,1,1,中国近代史新论(2),古人、由利类思、安文思主持，用李祖白的名义
林堂正,看守戒护,看守戒护,64,2,2,1,1,李敖自传与回忆续集(2),太太、看守所、所长、法院、委员
柯尔律治,出版 / 神交引用,出版,64,2,2,2,2,李敖文存二集(1)；李敖语录(1),见、诗
桂德,诗文出处 / 政治异议者 / 历史类比引用 / 神交引用,诗文出处,64,2,2,1,1,坐牢家爸爸给女儿的八十封信(2),文学、德国作家桂德
梁恒昌,诗文出处 / 司法人员 / 学术 / 出版管制,诗文出处,64,2,2,1,1,李敖书函集(2),像、照梁恒昌《刑法各论》
江翊云,创作资料协助 / 历史类比引用 / 神交引用,创作资料协助,64,2,2,1,1,中国艺术新研(2),诗、门人向楚、江翊云、郭沫若、周善培等为刊遗集
王兆徽,情治警务 / 公共论战,情治警务,64,2,2,2,2,波波颂(1)；你是景福门(1),报人、国民党
王迪简,文艺音乐 / 历史类比引用 / 神交引用,文艺音乐,64,2,2,1,1,中国艺术新研(2),诗、王迪简《凌波图》
石觉,军事人物 / 政治人物 / 公共论战 / 历史类比引用,军事人物,64,2,2,1,1,中国近代史新论(2),像、党政军人士莫德惠、严家淦、黄国书、谢冠生、何应钦、唐纵、陶希圣、黄杰、倪文亚、谷正纲、程天放、黄季陆、谢然之、张默君、罗列、石觉、钱思亮、刘季洪等五百余人参加观礼
简又文,学术 / 出版 / 神交引用,学术,64,2,2,2,2,波波颂(1)；李敖书翰集(1),见、诗
索尔·斯坦伯格,文艺音乐 / 诗文出处 / 历史类比引用 / 神交引用,文艺音乐,64,2,2,1,1,李敖书序集(2),读、SAUL STEINBERG
翁氏（翁纪孙）,社会案件 / 亲属 / 医疗照护 / 被害人 / 历史类比引用 / 神交引用,社会案件,64,2,2,1,1,中国迷信新研(2),读、翁氏/翁纪之孙
胡吉藏,宗教人物 / 神交引用,宗教人物,64,2,2,2,2,传统下的独白(1)；李敖语录(1),同学
萧邦,文艺音乐 / 历史类比引用 / 神交引用,文艺音乐,64,2,2,1,1,坐牢家爸爸给女儿的八十封信(2),作品、萧邦Frederic
萨特侯爵,诗文出处 / 历史类比引用 / 神交引用,诗文出处,64,2,2,1,1,中国性研究(2),作品、萨特侯爵（Marquis de Sade）
蒋慰堂,诗文出处 / 历史类比引用,诗文出处,64,2,2,1,1,中国迷信新研(2),古人、另一位是军事家蒋百里（方震）
蔡火炮,政治人物,政治人物,64,2,2,1,1,李敖自传与回忆续集(2),看守所、警察、所长、台北看守所
裴俊,被害人 / 社会案件 / 同案狱友,被害人,64,2,2,1,1,李敖书序集(2),书中、裴俊
许惠祐,情治警务 / 政治人物 / 见面,情治警务,64,2,2,1,1,李敖议坛哀思录(2),主席、委员、像
郭丽莉,政治人物 / 选举助选 / 公共论战,政治人物,64,2,2,1,1,李敖书札集(2),所谓、张俊雄、曰王义雄、曰郭丽莉
金简,公职人员 / 出版 / 历史类比引用 / 神交引用,公职人员,64,2,2,1,1,读史指南(2),诗、廷臣金简
阙聪华,同学 / 见面,同学,64,2,2,2,2,李敖议坛哀思录(1)；李敖风流自传(1),一起
陈锦芳,文艺音乐 / 神交引用,文艺音乐,64,2,2,2,2,为自由招魂(1)；大学日记后期甲集(1),朋友、政治、秘书
雷震春,政治人物 / 神交引用,政治人物,64,2,2,2,2,传统下的独白(1)；大学日记后期甲集(1),一起
韩妙玄,诗文出处 / 出版 / 创作资料协助,诗文出处,64,2,2,2,2,李敖报刊集(1)；挑战李敖(1),文星、朋友、博士
高一涵,学术 / 公共论战 / 神交引用,学术,64,2,2,2,2,上下古今谈(1)；李敖秘密书房(1),政治、一起、教授、朋友、杂志
黄仁济,学术 / 公共论战 / 神交引用,学术,64,2,2,2,2,为中国思想趋向求答案(1)；李敖语录(1),同仁、主义
黄忠福,司法人员 / 证人见证 / 诉讼,司法人员,64,2,2,1,1,李敖新刊(2),见、看守所、法院、同案
黄旭初,政治人物 / 军事人物 / 政治异议者,政治人物,64,2,2,2,2,求是新语(1)；李敖书序集(1),房产、国民党
黎锦晖,出版 / 神交引用 / 公共论战,出版,64,2,2,2,2,传统下的独白(1)；李敖语录(1),记者、攻击
丁尼,监狱行政,监狱行政,64,1,1,1,1,千秋万岁乌鸦求是合集(1),秘书、总统
丁玲冒,亲属,亲属,64,1,1,1,1,求是新语(1),家中
东床坦,姻亲,姻亲,64,1,1,1,1,千秋万岁乌鸦求是合集(1),夫人
何沉默,亲属,亲属,64,1,1,1,1,千秋万岁乌鸦求是合集(1),女儿、部长
何须马,监狱行政,监狱行政,64,1,1,1,1,千秋万岁乌鸦求是合集(1),秘书、总统
充李自,亲属,亲属,64,1,1,1,1,求是新语(1),家中
马术,师生,师生,64,1,1,1,1,求是新语(1),学生、总统
党丕修,情治警务 / 朋友 / 见面,情治警务,63,3,3,1,1,我最难忘的事和人(3),请我、大学
李培楠,情治警务 / 朋友 / 见面,情治警务,63,3,3,1,1,我最难忘的事和人(3),一起
毛万里,情治警务 / 朋友 / 见面,情治警务,63,3,3,1,1,我最难忘的事和人(3),警察
江排长（预官日记）,军事人物 / 见面 / 称谓待考,军事人物,63,3,3,1,2,一个预备军官的日记(3),主席
何震,情治警务 / 同案狱友,情治警务,63,2,2,1,1,我最难忘的事和人(2),见、家里、总统、女儿、共产党
叶葇母亲,小说剧本人物 / 亲属 / 文艺音乐,小说剧本人物,63,2,2,1,1,上山·上山·爱(2),学生、妈妈、大学、一起、姐姐、杂志
唐贤龙,媒体,媒体,63,2,2,1,2,李敖大哥大(2),记者、书里、引用
宫崎寅藏,政治人物 / 神交引用,政治人物,63,2,2,2,2,李敖全集(1)；李敖秘密书房(1),见、著作、朋友、读
家哲,同学,同学,63,2,1,2,2,大学日记后期甲集(1)；一个预备军官的日记(1),同班
徐诚增,朋友 / 见面 / 出版,朋友,63,2,2,1,2,大学日记后期乙集(2),出版、大学、诗
柳无忌,学术 / 诗文出处 / 学术考证引用 / 历史类比引用 / 神交引用,学术,63,2,2,1,1,中国命研究(2),书中、认识、传记、文学
蔡诗渊,政治人物,政治人物,63,2,2,1,1,李敖秘密书房(2),诗、委员、民进党
从迫殷,学术,学术,63,1,1,1,1,千秋万岁乌鸦求是合集(1),学术
包装术,政治人物,政治人物,63,1,1,1,1,李敖秘密书房(1),选举
康发言,诉讼,诉讼,63,1,1,1,1,千秋万岁乌鸦求是合集(1),法院、立委、国民党
殷鉴远,出版,出版,63,1,1,1,1,千秋万岁乌鸦求是合集(1),出版
马哥施,媒体,媒体,63,1,1,1,1,李敖秘密书房(1),节目
黄行动,政治人物,政治人物,63,1,1,1,1,李敖大哥大(1),市长
应劭,诗文出处,诗文出处,62,6,1,3,3,中国命研究(3)；读史指南(2)；独白下的传统(1),书目作者表
吴伟业,诗文出处,诗文出处,62,4,1,3,3,读史指南(2)；李敖语录(1)；中国命研究(1),书目作者表
晁补之,诗文出处,诗文出处,62,4,1,3,3,读史指南(2)；李敖对话录(1)；历史与人像(1),书目作者表
乐干,情治警务 / 朋友 / 见面,情治警务,62,3,3,2,2,李敖回忆录(2)；我最难忘的事和人(1),
威廉·福克纳,出版 / 神交引用,出版,62,3,3,2,2,李敖全集(2)；虽千万人，李敖往矣(1),
岑彭,军事人物 / 神交引用,军事人物,62,3,3,2,2,李敖新刊(2)；独白下的传统(1),
万福麟,军事人物 / 政治人物 / 历史类比引用,军事人物,62,2,2,1,1,中国现代史正论(2),于学忠、万福麟、刘多荃、缪澄流、吴克仁、董英斌
乔尔琪,文艺音乐 / 神交引用,文艺音乐,62,2,2,1,1,上山·上山·爱(2),陪我、一起
乔龙文,公共论战 / 公款经费,公共论战,62,2,2,1,1,传统下的再白(2),女儿、法院、攻击、所谓、回扣
于吉（太平经）,宗教人物 / 历史类比引用 / 神交引用,宗教人物,62,2,2,1,1,要把金针度与人(2),于吉得到的神书
于长庚,政治异议者,政治异议者,62,2,2,1,1,李敖自传与回忆(2),政府、国民党、共产党、宣传、警总、法庭、判决
伍诚仁,军事人物 / 历史类比引用,军事人物,62,2,2,1,1,李敖书牍集(2),蒋锄欧、於达、伍诚仁、施北衡、李鸿春、陈百村、陈以忠、张弛、杨凤麟、尹呈辅、卢旭、竺鸣涛、黄质文、徐志道
何氏（何名隽女）,社会案件 / 亲属 / 医疗照护 / 被害人 / 历史类比引用 / 神交引用,社会案件,62,2,2,1,1,中国迷信新研(2),贡士何名隽女/姑/姑久病医药不效/割臂肉疗之
何细雨,出版 / 公共论战,出版,62,2,2,1,1,教育与脸谱(2),教授、大学、引用
余岩,政治人物 / 医疗照护 / 公共论战 / 神交引用,政治人物,62,2,2,1,1,传统下的独白(2),宣传、政治
余立奎,诗文出处 / 军事人物 / 历史类比引用,诗文出处,62,2,2,1,1,李敖书序集(2),余立奎
余行若,医疗照护 / 见面,医疗照护,62,2,2,1,1,李敖五五日记(2),去余行若眼科
俞氏（卢翼妾）,社会案件 / 亲属 / 医疗照护 / 被害人 / 历史类比引用 / 神交引用,社会案件,62,2,2,1,1,中国迷信新研(2),俞氏/节判卢翼之妾
俞照,学术 / 创作资料协助 / 学术考证引用 / 历史类比引用,学术,62,2,2,1,1,读史指南(2),中外学人如L·翟理思、桑原隲藏、胡适、梁启超、俞照、泷泽俊亮、牟润孙
俞飞鹏,军事人物 / 公职人员 / 历史类比引用,军事人物,62,2,2,1,1,李敖书牍集(2),俞济时是蒋介石小同乡、是俞飞鹏侄子
僧格林沁,军事人物 / 政治人物 / 历史类比引用 / 神交引用,军事人物,62,2,2,1,1,中国命研究(2),僧格林沁亲王之骑兵
冯治安,军事人物 / 政治人物 / 历史类比引用,军事人物,62,2,2,1,1,李敖札记(2),冯治安
冯赛珍,邻居 / 社会案件,邻居,62,2,2,1,1,李敖书启集(2),赖美息、1D冯赛珍
凌迪知,诗文出处 / 学术 / 历史类比引用 / 神交引用,诗文出处,62,2,2,1,1,读史指南(2),《唐柳芳氏族论》《东莱博议》《凌迪知万姓统谱》、顾炎武
刘侗,诗文出处 / 学术 / 历史类比引用,诗文出处,62,2,2,1,1,中国近代史新论(2),刘侗《帝京景物略》
刘台平,媒体 / 见面,媒体,62,2,2,1,1,李敖五五日记(2),刘台平
刘延涛,文艺音乐 / 历史类比引用,文艺音乐,62,2,2,1,1,中国艺术新研(2),与马寿华、郑曼青、张谷年、刘延涛、陶芸楼、高逸鸿等合组
刘捷,出版 / 学术 / 创作资料协助,出版,62,2,2,1,1,李敖随写录前集(2),刘捷与《黑龙江百科全书》
刘耀璇,军事人物 / 历史类比引用,军事人物,62,2,2,1,1,李敖书牍集(2),侍从武官刘耀璇
卓金,邻居 / 社会案件,邻居,62,2,2,1,1,李敖书启集(2),邹光中、6C吴俊贤、6D卓金
卞城王,虚拟人物 / 宗教人物 / 小说剧本人物 / 历史类比引用,虚拟人物,62,2,2,1,1,中国命研究(2),秦广王、初江王、宋帝王、忤官王、阎罗王
卡瓦斯,社会案件 / 公共论战,社会案件,62,2,2,1,1,你是景福门(2),法官、民进党、政治
卢旭,军事人物 / 历史类比引用,军事人物,62,2,2,1,1,李敖书牍集(2),蒋锄欧、於达、伍诚仁、施北衡、李鸿春、陈百村、陈以忠、张弛、杨凤麟、尹呈辅、卢旭、竺鸣涛、黄质文、徐志道
古述之,诗文出处 / 历史类比引用,诗文出处,62,2,2,1,1,中国现代史定论(2),031/古述之/闽变由爆发到瓦解
史文桂,军事人物 / 历史类比引用,军事人物,62,2,2,1,1,李敖书牍集(2),王懋功、谷正伦、司可庄、王长海、史文桂、徐祖诒、陈骥、曹福林、黄永安、刘汝明、刘雨卿
司可庄,军事人物 / 历史类比引用,军事人物,62,2,2,1,1,李敖书牍集(2),王懋功、谷正伦、司可庄、王长海、史文桂、徐祖诒、陈骥、曹福林、黄永安、刘汝明、刘雨卿
吉鸿昌,军事人物 / 政治人物 / 历史类比引用,军事人物,62,2,2,1,1,李敖札记(2),吉鸿昌
吕宜霖,诗文出处 / 出版,诗文出处,62,2,2,1,1,李敖书序集续集(2),吕宜霖
吴俊贤,邻居 / 社会案件,邻居,62,2,2,1,1,李敖书启集(2),邹光中、6C吴俊贤、6D卓金
吴健强,媒体 / 见面,媒体,62,2,2,1,1,李敖五五日记(2),在台视录影。与李纯恩、甄妮、李懿惠、吴健强谈
吴先生（中兴学生）,小说剧本人物 / 见面 / 称谓待考,小说剧本人物,62,2,2,1,1,上山·上山·爱(2),请我、打电话、电话、同学、告诉我、一起、朋友
吴光瑜,公职人员,公职人员,62,2,2,1,1,李敖随写录前集(2),吴光瑜
吴克,学术 / 诗文出处 / 公共论战 / 历史类比引用,学术,62,2,2,1,1,中国现代史定论(2),布恩翰（James Burnhan）、吴克（Richard Walker）等远东专家
吴宏哲,见面,见面,62,2,2,1,1,大学日记后期甲集(2),吴宏哲
吴敦（推事）,司法人员 / 诉讼 / 创作资料协助,司法人员,62,2,2,1,1,李敖书函集(2),四十八位推事
吴文迫,媒体 / 出版,媒体,62,2,2,1,1,李敖对话录(2),吴文迫策划
吴氏（吴宁女）,社会案件 / 亲属 / 医疗照护 / 被害人 / 历史类比引用 / 神交引用,社会案件,62,2,2,1,1,中国迷信新研(2),侍郞吴宁女/姑/姑疾亟
吴荣先,学术 / 诗文出处 / 学术考证引用 / 历史类比引用 / 神交引用,学术,62,2,2,1,1,历史与人像(2),马端临《文献通考》、吴荣先《吾学录初编》
周宗烈,诗文出处 / 证人见证 / 党务宣传 / 历史类比引用,诗文出处,62,2,2,1,1,中国现代史正论(2),照周宗烈“创党前后”回忆
周昉,文艺音乐 / 历史类比引用 / 神交引用,文艺音乐,62,2,2,1,1,中国艺术新研(2),周昉调婴图
周正华,见面 / 朋友,见面,62,2,2,1,1,大学日记后期甲集(2),周正华
周玉明,媒体 / 诗文出处 / 人权救援 / 公共论战,媒体,62,2,2,1,1,李敖书札集(2),方素敏对台湾的爱（周玉明）
唐宝玥,神交引用,神交引用,62,2,2,1,1,教育与脸谱(2),夫人、见、女儿
唐廷枢,政治人物 / 神交引用,政治人物,62,2,2,1,1,教育与脸谱(2),事务
唐赛儿,政治异议者 / 宗教人物 / 社会案件 / 历史类比引用 / 神交引用,政治异议者,62,2,2,1,1,中国迷信新研(2),蒲台妖妇唐赛儿作乱
姚崇（后秦将领）,军事人物 / 历史类比引用 / 神交引用,军事人物,62,2,2,1,1,为历史拨云(2),与苌将姚崇争麦
姚熙隆,军事人物 / 历史类比引用 / 神交引用,军事人物,62,2,2,1,1,为历史拨云(2),苌遣其将姚熙隆
姚通吉,邻居 / 社会案件,邻居,62,2,2,1,1,李敖书启集(2),张道宏、12D姚通吉
孔嘉,朋友 / 见面,朋友,62,2,2,1,1,我最难忘的事和人(2),弟弟、见
孔多塞,学术 / 政治人物 / 历史类比引用 / 神交引用,学术,62,2,2,1,1,历史与人像(2),孔多塞（Condorcet）
孙兆禄,烈士殉难 / 神交引用,烈士殉难,62,2,2,1,1,独白下的传统(2),太太、一起、父亲、见
孙端娟,邻居 / 社会案件,邻居,62,2,2,1,1,李敖书启集(2),黄淑姬、10C孙端娟
孙良诚,军事人物 / 政治人物 / 历史类比引用,军事人物,62,2,2,1,1,李敖札记(2),孙良诚
宋楚瑜夫人,称谓待考 / 婚姻相关 / 社会案件,称谓待考,62,2,2,1,1,世论新语(2),见、夫人
宓西尔,出版 / 神交引用,出版,62,2,2,1,1,上山·上山·爱(2),情人
小赫伯特·胡佛,政治人物 / 神交引用,政治人物,62,2,2,1,1,教育与脸谱(2),儿子、夫人、总统
尚其亨,公职人员 / 政治人物 / 历史类比引用,公职人员,62,2,2,1,1,中国近代史新论(2),以尚其亨、李盛铎代替徐世昌、绍英
尹呈辅,军事人物 / 历史类比引用,军事人物,62,2,2,1,1,李敖书牍集(2),蒋锄欧、於达、伍诚仁、施北衡、李鸿春、陈百村、陈以忠、张弛、杨凤麟、尹呈辅、卢旭、竺鸣涛、黄质文、徐志道
崔鏏,文艺音乐 / 历史类比引用,文艺音乐,62,2,2,1,1,中国近代史新论(2),民间则张恕、曹重、崔鏏之作
庄淑真,邻居 / 社会案件,邻居,62,2,2,1,1,李敖书启集(2),庄淑真、8D洪启苓
庞炳勋,军事人物 / 政治人物 / 历史类比引用,军事人物,62,2,2,1,1,李敖札记(2),庞炳勋
廖传枢,军事人物 / 诗文出处,军事人物,62,2,2,1,1,李敖随写录前集(2),廖传枢
廖金城,军事人物 / 见面,军事人物,62,2,2,1,1,一个预备军官的日记(2),廖金城
张凌云,军事人物 / 政治人物 / 历史类比引用,军事人物,62,2,2,1,1,李敖札记(2),张凌云
张尔岐,诗文出处 / 学术 / 公共论战 / 历史类比引用,诗文出处,62,2,2,1,1,中国近代史新论(2),张尔岐在他的《蒿庵闲话》
张庚,文艺音乐 / 诗文出处 / 历史类比引用,文艺音乐,62,2,2,1,1,中国近代史新论(2),张庚《画征录》
张延辉,神交引用,神交引用,62,2,2,1,2,一个预备军官的日记(2),历史上、交情
张德云,创作资料协助 / 历史类比引用,创作资料协助,62,2,2,1,1,中国现代史定论(2),王家窝棚张德云家
张权,同案狱友 / 被害人 / 医疗照护 / 人权救援,同案狱友,62,2,2,1,1,李敖书简集(2),死了毛松枫，今年1月14日死了张权，19日死了林志新
张炎（十九路军）,军事人物 / 历史类比引用,军事人物,62,2,2,1,1,中国现代史定论(2),四军张炎，尚完全
张维玺,军事人物 / 政治人物 / 历史类比引用,军事人物,62,2,2,1,1,李敖札记(2),张维玺
张道宏,邻居 / 社会案件,邻居,62,2,2,1,1,李敖书启集(2),张道宏、12D姚通吉
张顺良,同案狱友 / 财产债务,同案狱友,62,2,2,1,1,李敖自传与回忆续集(2),管理员、课长
徐悲鸿,学术 / 文艺音乐 / 历史类比引用 / 神交引用,学术,62,2,2,1,1,中国艺术新研(2),徐悲鸿之聘
徐祖诒,军事人物 / 历史类比引用,军事人物,62,2,2,1,1,李敖书牍集(2),王懋功、谷正伦、司可庄、王长海、史文桂、徐祖诒、陈骥、曹福林、黄永安、刘汝明、刘雨卿
徐鲁源,学术 / 诗文出处 / 历史类比引用 / 神交引用,学术,62,2,2,1,1,大学札记(2),徐鲁源
德璀琳,神交引用,神交引用,62,2,2,1,1,教育与脸谱(2),代理、碰到
慎夫人,神交引用,神交引用,62,2,2,1,1,传统下的独白(2),夫人
戴兆笨,社会案件 / 亲属 / 医疗照护 / 历史类比引用 / 神交引用,社会案件,62,2,2,1,1,中国迷信新研(2),戴兆笨，安徽旌德人
戴庆芳,社会案件 / 亲属 / 医疗照护 / 被害人 / 历史类比引用 / 神交引用,社会案件,62,2,2,1,1,中国迷信新研(2),婺源县志》记戴庆芳为婆婆割股
方声洞,烈士殉难 / 政治异议者 / 通信 / 历史类比引用,烈士殉难,62,2,2,1,2,第73烈士(2),父亲、政府、书中、书里、姐姐
方来进,政治人物 / 党务宣传,政治人物,62,2,2,1,1,李敖随写录前集(2),民进党昨天第五届第一次党员代表大会
於达,军事人物 / 历史类比引用,军事人物,62,2,2,1,1,李敖书牍集(2),蒋锄欧、於达、伍诚仁、施北衡、李鸿春、陈百村、陈以忠、张弛、杨凤麟、尹呈辅、卢旭、竺鸣涛、黄质文、徐志道
施北衡,军事人物 / 历史类比引用,军事人物,62,2,2,1,1,李敖书牍集(2),蒋锄欧、於达、伍诚仁、施北衡、李鸿春、陈百村、陈以忠、张弛、杨凤麟、尹呈辅、卢旭、竺鸣涛、黄质文、徐志道
晁盖,虚拟人物,虚拟人物,62,2,2,1,1,独白下的传统(2),哥哥、像、见
曹福林,军事人物 / 历史类比引用,军事人物,62,2,2,1,1,李敖书牍集(2),王懋功、谷正伦、司可庄、王长海、史文桂、徐祖诒、陈骥、曹福林、黄永安、刘汝明、刘雨卿
曹翰,军事人物 / 历史类比引用 / 神交引用,军事人物,62,2,2,1,1,读史指南(2),宋太宗对曹翰
曾元,亲属 / 历史类比引用 / 神交引用,亲属,62,2,2,1,1,李敖书札集(2),学生、儿子、爸爸
朱温,政治人物 / 军事人物 / 历史类比引用 / 神交引用,政治人物,62,2,2,1,1,为历史拨云(2),朱温“聚
李势,政治人物 / 神交引用,政治人物,62,2,2,2,2,传统下的独白(1)；李敖新刊(1),见、妹妹、太太、夫人、娶
李夕涛,诗文出处 / 媒体 / 医疗照护 / 公共论战,诗文出处,62,2,2,1,1,历史与人像(2),李夕涛《台湾人口繁殖世界第一》
李天经,科学家 / 公职人员 / 创作资料协助 / 历史类比引用,科学家,62,2,2,1,1,中国近代史新论(2),李天经、汤若望、龙华民
李懿惠,媒体 / 见面,媒体,62,2,2,1,1,李敖五五日记(2),在台视录影。与李纯恩、甄妮、李懿惠、吴健强谈
李振兴,亲属 / 创作资料协助,亲属,62,2,2,1,1,李敖随写录前集(2),李振兴君
李明（滇缅边区）,军事人物 / 同案狱友 / 历史类比引用,军事人物,62,2,2,1,1,李敖笑傲江湖(2),这个李明，现在谁都不晓得李明哪里去了
李氏（徐心箴妾）,社会案件 / 亲属 / 医疗照护 / 被害人 / 历史类比引用 / 神交引用,社会案件,62,2,2,1,1,中国迷信新研(2),都匀人徐心箴之妾
李氏（李六秀女）,社会案件 / 亲属 / 医疗照护 / 被害人 / 历史类比引用 / 神交引用,社会案件,62,2,2,1,1,中国迷信新研(2),黄石李六秀之女/父/父病剧
李汉础,诗文出处 / 历史类比引用,诗文出处,62,2,2,1,1,李敖书序集(2),李汉础
李肖白,情治警务 / 见面,情治警务,62,2,2,1,1,我最难忘的事和人(2),太太、所长、见、见面
李茂全,政治人物 / 党务宣传,政治人物,62,2,2,1,1,李敖随写录前集(2),民进党昨天第五届第一次党员代表大会
李鸿春,军事人物 / 历史类比引用,军事人物,62,2,2,1,1,李敖书牍集(2),蒋锄欧、於达、伍诚仁、施北衡、李鸿春、陈百村、陈以忠、张弛、杨凤麟、尹呈辅、卢旭、竺鸣涛、黄质文、徐志道
杨云鸾,亲属 / 历史类比引用 / 神交引用,亲属,62,2,2,1,1,中国迷信新研(2),杨云鸾女/父/父病
杨凤麟,军事人物 / 历史类比引用,军事人物,62,2,2,1,1,李敖书牍集(2),蒋锄欧、於达、伍诚仁、施北衡、李鸿春、陈百村、陈以忠、张弛、杨凤麟、尹呈辅、卢旭、竺鸣涛、黄质文、徐志道
林世鹏,邻居 / 社会案件,邻居,62,2,2,1,1,李敖书函集(2),C座之四楼（许金川）、十一楼（吴子衔）、十二楼（李丽卿）、十四楼（林世鹏）
林冲,虚拟人物,虚拟人物,62,2,2,2,2,李敖秘藏日记(1)；为历史拨云(1),
林文豪,宗教人物 / 公共论战,宗教人物,62,2,2,1,1,求是新语(2),总干事、像、一起
桑田巫,宗教人物 / 医疗照护 / 历史类比引用 / 称谓待考 / 神交引用,宗教人物,62,2,2,1,1,中国迷信新研(2),桑田地方的巫人请教
梁冠英,军事人物 / 政治人物 / 历史类比引用,军事人物,62,2,2,1,1,李敖札记(2),梁冠英
梁恭辰,学术 / 诗文出处 / 学术考证引用 / 历史类比引用 / 神交引用,学术,62,2,2,1,1,历史与人像(2),梁恭辰《北东园笔录续编》、徐珂《清稗类钞》
江赫沖,虚拟人物 / 宗教人物 / 历史类比引用 / 神交引用,虚拟人物,62,2,2,1,1,读史指南(2),“雷公”名“江赫沖”“阎王爷”名“闪多”“达摩”名“刹利帝菩提多罗”
汤邦彦,亲属 / 历史类比引用 / 神交引用,亲属,62,2,2,1,1,中国迷信新研(2),汤氏/左司谏汤邦彦女
汪南溟,亲属 / 历史类比引用 / 神交引用,亲属,62,2,2,1,1,中国迷信新研(2),汪氏/左司马汪南溟之孙女
汪氏（汪南溟孙女）,社会案件 / 亲属 / 医疗照护 / 被害人 / 历史类比引用 / 神交引用,社会案件,62,2,2,1,1,中国迷信新研(2),汪氏/左司马汪南溟之孙女
沈定一,政治人物 / 历史类比引用,政治人物,62,2,2,1,1,中国现代史正论(2),出席西山会议的，有我和林先生（森）、居正、覃振、石青阳、石瑛、戴传贤、沈定一、邵元冲、叶楚伧先生
沈德符,诗文出处 / 学术 / 邻居 / 历史类比引用 / 神交引用,诗文出处,62,2,2,1,1,中国近代史新论(2),沈德符，他曾是利玛窦的邻居
沈慧贤,社会案件 / 历史类比引用 / 创作资料协助,社会案件,62,2,2,1,1,李敖书笺集(2),一个名沈慧贤
沈文焕,亲属 / 历史类比引用 / 神交引用,亲属,62,2,2,1,1,中国迷信新研(2),沈文焕女/父/父患翻胃垂危
沈氏（沈文焕女）,社会案件 / 亲属 / 医疗照护 / 被害人 / 历史类比引用 / 神交引用,社会案件,62,2,2,1,1,中国迷信新研(2),沈文焕女/父/父患翻胃垂危
沈瓞民,诗文出处 / 历史类比引用 / 神交引用,诗文出处,62,2,2,1,1,李敖书笺集(2),据辛亥老人沈瓞民《记光复会二三事》
洪启苓,邻居 / 社会案件,邻居,62,2,2,1,1,李敖书启集(2),庄淑真、8D洪启苓
洪贵美,见面,见面,62,2,2,1,1,大学日记后期甲集(2),洪贵美
洪辉雄,见面,见面,62,2,2,1,1,大学日记后期甲集(2),洪辉雄
潘其英,亲属 / 历史类比引用 / 神交引用,亲属,62,2,2,1,1,中国迷信新研(2),潘其英女/母/母疾
潘氏（潘其英女）,社会案件 / 亲属 / 医疗照护 / 被害人 / 历史类比引用 / 神交引用,社会案件,62,2,2,1,1,中国迷信新研(2),潘其英女/母/母疾
特别护士（五五日记）,医疗照护 / 见面 / 称谓待考,医疗照护,62,2,2,1,1,李敖五五日记(2),特别护士、附添均认出我
王世发,社会案件 / 历史类比引用 / 创作资料协助,社会案件,62,2,2,1,1,李敖书笺集(2),一个叫王世发
王世贞,诗文出处 / 历史类比引用 / 神交引用,诗文出处,62,2,2,1,1,李敖书牍集(2),王世贞《调谑编》记苏轼
王东原,军事人物 / 公职人员 / 历史类比引用,军事人物,62,2,2,1,1,李敖书笺集(2),总裁办公室军事组（组长是王东原）
王嘉瑜,邻居 / 社会案件 / 创作资料协助,邻居,62,2,2,1,1,李敖书启集(2),陈良骥（王嘉瑜代）
王氏（王韦女李璨媳）,社会案件 / 亲属 / 医疗照护 / 被害人 / 历史类比引用 / 神交引用,社会案件,62,2,2,1,1,中国迷信新研(2),太仆少卿王韦女长史李璨媳
王长海,军事人物 / 历史类比引用,军事人物,62,2,2,1,1,李敖书牍集(2),王懋功、谷正伦、司可庄、王长海、史文桂、徐祖诒、陈骥、曹福林、黄永安、刘汝明、刘雨卿
田金凯,军事人物 / 政治人物 / 历史类比引用,军事人物,62,2,2,1,1,李敖札记(2),田金凯
皮格马利恩,虚拟人物,虚拟人物,62,2,2,1,1,虚拟的十七岁(2),爱上、像
祁英,社会案件,社会案件,62,2,2,1,1,为中国思想趋向求答案(2),夫人、读、妻
秦邦宪,政治人物 / 创作资料协助 / 历史类比引用,政治人物,62,2,2,1,1,中国现代史正论(2),秦邦宪的报告
程心明,军事人物 / 政治人物 / 历史类比引用,军事人物,62,2,2,1,1,李敖札记(2),程心明
竺鸣涛,军事人物 / 历史类比引用,军事人物,62,2,2,1,1,李敖书牍集(2),蒋锄欧、於达、伍诚仁、施北衡、李鸿春、陈百村、陈以忠、张弛、杨凤麟、尹呈辅、卢旭、竺鸣涛、黄质文、徐志道
维根斯坦,学术 / 神交引用,学术,62,2,2,2,2,李敖文存(1)；虚拟的十七岁(1),哲学、请他、教授、大学、像
罗贝多·贝尼尼,文艺音乐 / 神交引用,文艺音乐,62,2,2,1,1,上山·上山·爱(2),见、刑求、导演
罗逊,文艺音乐 / 历史类比引用 / 神交引用,文艺音乐,62,2,2,1,1,中国艺术新研(2),元章始学罗逊
老兵计程车司机,老兵士官 / 见面 / 称谓待考,老兵士官,62,2,2,2,2,李语录(1)；李敖语录(1),对我说
胡务熙,情治警务 / 公共论战,情治警务,62,2,2,1,1,为自由招魂(2),
萧仲恭,政治人物 / 社会案件 / 神交引用,政治人物,62,2,2,1,1,为中国思想趋向求答案(2),儿子
萧裕正,政治人物 / 党务宣传,政治人物,62,2,2,1,1,李敖随写录前集(2),民进党昨天第五届第一次党员代表大会
蒋组长（译电组）,军事人物 / 证人见证 / 历史类比引用,军事人物,62,2,2,1,1,中国现代史定论(2),译电组蒋组长又被俘
蒋锄欧,军事人物 / 历史类比引用,军事人物,62,2,2,1,1,李敖书牍集(2),蒋锄欧、於达、伍诚仁、施北衡、李鸿春、陈百村、陈以忠、张弛、杨凤麟、尹呈辅、卢旭、竺鸣涛、黄质文、徐志道
蔡云集,媒体 / 诗文出处 / 社会案件 / 历史类比引用,媒体,62,2,2,1,1,李敖书笺集(2),蔡云集的“难民生活情形
蔡屏藩,诗文出处 / 学术考证引用 / 历史类比引用,诗文出处,62,2,2,1,1,中国命研究(2),据蔡屏藩《陕西革命先烈事略》
蔡辅宏,宗教人物 / 公共论战,宗教人物,62,2,2,1,1,求是新语(2),总干事、一起
许能适,政治人物 / 党务宣传,政治人物,62,2,2,1,1,李敖随写录前集(2),民进党昨天第五届第一次党员代表大会
许金川,邻居 / 社会案件,邻居,62,2,2,1,1,李敖书函集(2),C座之四楼（许金川）、十一楼（吴子衔）、十二楼（李丽卿）、十四楼（林世鹏）
谢三升,政治人物 / 公职人员 / 公共论战,政治人物,62,2,2,1,1,李敖对话录(2),谢三升
赖泽舜,见面,见面,62,2,2,1,1,大学日记后期甲集(2),赖泽舜
赖美息,邻居 / 社会案件,邻居,62,2,2,1,1,李敖书启集(2),赖美息、1D冯赛珍
赵希鼎,诗文出处 / 证人见证 / 历史类比引用,诗文出处,62,2,2,1,1,中国现代史正论(2),赵希鼎：《西安事变的片断回忆》
赵熙,公职人员 / 诗文出处 / 文艺音乐 / 师生 / 历史类比引用 / 神交引用,公职人员,62,2,2,1,1,中国艺术新研(2),赵熙（1867-1948）
辛永秀,邻居 / 社会案件,邻居,62,2,2,1,1,李敖书启集(2),辛永秀、11C吴子衔
邹德泳,学术 / 诗文出处 / 历史类比引用 / 神交引用,学术,62,2,2,1,1,大学札记(2),邹德泳
郑之诚,诗文出处 / 历史类比引用,诗文出处,62,2,2,1,1,李敖札记(2),郑之诚《古董琐记》
酒井隆,军事人物 / 神交引用,军事人物,62,2,2,2,2,你是景福门(1)；李敖秘藏日记(1),司令、参谋、读
钟寿仁,文艺音乐 / 历史类比引用,文艺音乐,62,2,2,1,1,中国艺术新研(2),钟寿仁
钟巴相,宗教人物 / 创作资料协助 / 刑求受害 / 历史类比引用,宗教人物,62,2,2,1,1,中国近代史新论(2),钟巴相——中国人
钟梅音,通信 / 出版 / 公共论战,通信,62,2,2,1,1,教育与脸谱(2),电话、出版、文星、女士
钱良择,诗文出处 / 公职人员 / 历史类比引用,诗文出处,62,2,2,1,1,中国近代史新论(2),据钱良择《出塞纪略》
闵明我,宗教人物 / 科学家 / 诗文出处 / 历史类比引用 / 神交引用,宗教人物,62,2,2,1,1,中国近代史新论(2),闵明我在信中写说
阿芳（五五日记）,亲属 / 见面 / 称谓待考,亲属,62,2,2,1,1,李敖五五日记(2),老太、阿芳及放全家来坐
陆效文,被害人 / 社会案件 / 同案狱友,被害人,62,2,2,1,1,李敖书序集(2),陆效文
陆时化,诗文出处 / 文艺音乐 / 历史类比引用 / 神交引用,诗文出处,62,2,2,1,1,中国艺术新研(2),陆时化《书画说铃》
陈亚芳,亲属 / 社会案件 / 公共论战,亲属,62,2,2,1,1,求是新语(2),国民党、夫人、中将、妻、思想
陈以忠,军事人物 / 历史类比引用,军事人物,62,2,2,1,1,李敖书牍集(2),蒋锄欧、於达、伍诚仁、施北衡、李鸿春、陈百村、陈以忠、张弛、杨凤麟、尹呈辅、卢旭、竺鸣涛、黄质文、徐志道
陈昌献,被害人 / 社会案件 / 同案狱友,被害人,62,2,2,1,1,李敖书序集(2),陈昌献
陈明庆,媒体,媒体,62,2,2,1,1,李敖访谈录1990-2018(2),摄影──陈明庆·蔡鸿文
陈明道,亲属 / 历史类比引用 / 神交引用,亲属,62,2,2,1,1,中国迷信新研(2),东海郡吏陈明道女年方十岁
陈树林,邻居 / 社会案件,邻居,62,2,2,1,1,李敖书启集(2),蔡宪荣、13D陈树林
陈森,诗文出处 / 历史类比引用 / 神交引用,诗文出处,62,2,2,1,1,读史指南(2),陈森（少逸）《品花宝鉴》
陈氏（陈志竣女）,社会案件 / 亲属 / 医疗照护 / 被害人 / 历史类比引用 / 神交引用,社会案件,62,2,2,1,1,中国迷信新研(2),贡士陈志竣女/母/母疾医药弗效
陈氏（陈明道女）,社会案件 / 亲属 / 医疗照护 / 被害人 / 历史类比引用 / 神交引用,社会案件,62,2,2,1,1,中国迷信新研(2),东海郡吏陈明道女年方十岁
陈氏（陈钦舜女）,社会案件 / 亲属 / 医疗照护 / 被害人 / 历史类比引用 / 神交引用,社会案件,62,2,2,1,1,中国迷信新研(2),施州左卫陈钦舜女/父/父病
陈百村,军事人物 / 历史类比引用,军事人物,62,2,2,1,1,李敖书牍集(2),蒋锄欧、於达、伍诚仁、施北衡、李鸿春、陈百村、陈以忠、张弛、杨凤麟、尹呈辅、卢旭、竺鸣涛、黄质文、徐志道
陈美吟,邻居 / 社会案件,邻居,62,2,2,1,1,李敖书启集(2),钟金原、7D陈美吟
陈良骥,邻居 / 社会案件,邻居,62,2,2,1,1,李敖书启集(2),陈良骥（王嘉瑜代）
陈道东,被害人 / 社会案件 / 同案狱友,被害人,62,2,2,1,1,李敖书序集(2),陈道东
陈锡璋,学术 / 诗文出处 / 历史类比引用,学术,62,2,2,1,1,中国现代史定论(2),029/陈锡璋/苏俄在中国名辞索引及诠释
陶芸楼,文艺音乐 / 历史类比引用,文艺音乐,62,2,2,1,1,中国艺术新研(2),与马寿华、郑曼青、张谷年、刘延涛、陶芸楼、高逸鸿等合组
韩林儿,政治人物 / 神交引用,政治人物,62,2,2,1,1,传统下的独白(2),女儿
须要选,政治人物,政治人物,62,2,1,2,2,挑战李敖(1)；李敖大哥大(1),总统、政府、政治
饶大卫,学术 / 诗文出处 / 公共论战 / 历史类比引用,学术,62,2,2,1,1,中国现代史定论(2),泰勒（George E. Taylor）、饶大卫（David Rowe）
马仙桥（勾魂摄魄）,宗教人物 / 社会案件 / 历史类比引用 / 称谓待考,宗教人物,62,2,2,1,1,中国迷信新研(2),马仙桥奉请
马氏（马脉女）,社会案件 / 亲属 / 医疗照护 / 被害人 / 历史类比引用 / 神交引用,社会案件,62,2,2,1,1,中国迷信新研(2),全州城马脉女/父/父病
马道人,宗教人物 / 社会案件 / 历史类比引用 / 神交引用,宗教人物,62,2,2,1,1,中国迷信新研(2),有马道人为孽于嘉湖间
马鸿宾,军事人物 / 政治人物 / 历史类比引用,军事人物,62,2,2,1,1,李敖札记(2),马鸿宾
高逸鸿,文艺音乐 / 历史类比引用,文艺音乐,62,2,2,1,1,中国艺术新研(2),与马寿华、郑曼青、张谷年、刘延涛、陶芸楼、高逸鸿等合组
魏凤楼,军事人物 / 政治人物 / 历史类比引用,军事人物,62,2,2,1,1,李敖札记(2),魏凤楼
黄世晖,诗文出处 / 历史类比引用,诗文出处,62,2,2,1,1,中国迷信新研(2),一位是教育家蔡元培（孑民）
黄永安,军事人物 / 历史类比引用,军事人物,62,2,2,1,1,李敖书牍集(2),王懋功、谷正伦、司可庄、王长海、史文桂、徐祖诒、陈骥、曹福林、黄永安、刘汝明、刘雨卿
黄淑姬,邻居 / 社会案件,邻居,62,2,2,1,1,李敖书启集(2),黄淑姬、10C孙端娟
黄百禄,邻居 / 社会案件,邻居,62,2,2,1,1,李敖书启集(2),田嘉美、4C洪淑娟、4D黄百禄
黄盛桐,财产债务 / 诉讼 / 证人见证,财产债务,62,2,2,1,1,李敖书简集(2),黄盛桐、高家齐、黄觉、朱婉馨、许家骥、陈锡敏、袁应环、胡汝森
齐庆斌,情治警务 / 朋友,情治警务,62,2,2,1,1,我最难忘的事和人(2),警察、将军、司令、电话、朋友、家里
胡说无,公共论战,公共论战,62,1,1,1,1,千秋万岁乌鸦求是合集(1),国民党、文学
何宜武,政治人物 / 公共论战,政治人物,61,2,2,2,2,你是景福门(1)；李敖书启集(1),院长、秘书、法院、部长、政府
克莱坦娜斯特拉,虚拟人物 / 历史类比引用 / 情感 / 神交引用,虚拟人物,61,2,2,1,1,爱情的秘密(2),见
刘瑞符,情治警务 / 人权救援,情治警务,61,2,2,1,1,我最难忘的事和人(2),参谋
史泓,情治警务,情治警务,61,2,2,1,1,我最难忘的事和人(2),委员
吴鲁芹,出版 / 学术 / 神交引用,出版,61,2,2,2,2,传统下的独白(1)；早年日记(1),所谓、论文、作品
周学普,朋友 / 见面,朋友,61,2,2,1,1,早年日记(2),警总、警察、读
宋英宗,政治人物 / 神交引用,政治人物,61,2,2,2,2,独白下的传统(1)；中国艺术新研(1),爸爸、儿子
尚渭父,朋友 / 见面,朋友,61,2,2,1,1,我最难忘的事和人(2),警察、见、弟弟
张篁溪,诗文出处 / 出版 / 历史类比引用,诗文出处,61,2,2,1,1,中国近代史新论(2),杂志
曹世英,军事人物 / 政治异议者 / 历史类比引用 / 神交引用,军事人物,61,2,2,1,1,中国命研究(2),司令
李嗣真,诗文出处 / 文艺音乐 / 历史类比引用 / 神交引用,诗文出处,61,2,2,1,1,中国艺术新研(2),学者
杨仁愷,学术 / 神交引用,学术,61,2,2,1,1,李敖风流自传(2),到我家、主编、教授、研究、大学
梅文鼎,科学家 / 学术 / 诗文出处 / 历史类比引用 / 神交引用,科学家,61,2,2,1,2,要把金针度与人(2),见、读
洪顺隆,诗文出处 / 学术考证引用 / 学术,诗文出处,61,2,2,1,1,中国性研究(2),研究、诗
特号老顽固,称谓待考 / 公共论战,称谓待考,61,2,2,2,2,传统下的独白(1)；李敖书翰集(1),来信、学生、编辑部、编辑、杂志、文星
王凤岚,军事人物 / 见面,军事人物,61,2,2,1,2,一个预备军官的日记(2),师长
王枕华,政治人物 / 司法人员 / 公共论战,政治人物,61,2,2,2,2,求是新语(1)；我梦碎，所以我梦醒(1),诗、委员、将军
王锦昌,媒体 / 出版 / 公共论战,媒体,61,2,2,1,1,为自由招魂(2),编辑、同事、编辑部、总编辑
程昱,神交引用 / 政治人物,神交引用,61,2,2,2,2,李敖文存二集(1)；上下古今谈(1),读、见
糜文开,诗文出处 / 学术考证引用 / 学术,诗文出处,61,2,2,1,1,中国性研究(2),研究、诗
许岱宗,证人见证 / 同案狱友,证人见证,61,2,2,1,1,红色11(2),证人、共产党、调查局
谷寿夫,军事人物 / 社会案件 / 神交引用,军事人物,61,2,2,1,1,为中国思想趋向求答案(2),委员
车垓,学术 / 诗文出处 / 学术考证引用 / 历史类比引用 / 神交引用,学术,61,2,2,1,1,历史与人像(2),见
辛庆忌,军事人物 / 神交引用,军事人物,61,2,2,1,1,独白下的传统(2),一起、将军
郭瑞銮,社会案件,社会案件,61,2,2,1,1,为中国思想趋向求答案(2),电话、警察、书中
阿沛·阿旺晋美,政治人物 / 公共论战 / 神交引用,政治人物,61,2,2,1,2,我是天安门(2),委员
鲁班,历史类比引用 / 神交引用,历史类比引用,61,2,2,1,2,一个预备军官的日记(2),认识、朋友、台大
吕坤名,神交引用,神交引用,61,1,1,1,1,千秋万岁乌鸦求是合集(1),读、名言
陈明光,司法人员,司法人员,61,1,1,1,1,李敖秘密书房(1),法官、检察官、像
卡沙斯,媒体 / 政治异议者 / 神交引用,媒体,60,3,3,1,1,波波颂(3),像
宋璟,政治人物 / 神交引用,政治人物,60,3,3,1,1,教育与脸谱(3),像
师父帮,神交引用,神交引用,60,3,2,1,1,李敖秘密书房(3),像
库兹怀尔,科学家 / 出版 / 神交引用,科学家,60,3,3,1,1,虚拟的十七岁(3),像
穆木天,出版 / 公共论战 / 神交引用,出版,60,3,3,1,1,为自由招魂(3),文学
陈尧佐,学术 / 政治人物 / 神交引用,学术,60,3,3,1,1,独白下的传统(3),像
马斯内,文艺音乐 / 神交引用,文艺音乐,60,3,3,1,1,虚拟的十七岁(3),文学
魏特,诗文出处 / 宗教人物 / 历史类比引用,诗文出处,60,3,3,1,1,中国近代史新论(3),历史上
伊亲近,亲属,亲属,60,2,1,1,1,李敖秘密书房(2),家里
保罗·赖丰丹内,出版 / 学术 / 神交引用,出版,60,2,2,1,1,上山·上山·爱(2),研究
克瑞茨,出版 / 神交引用,出版,60,2,2,1,1,为中国思想趋向求答案(2),文学
刘子业,政治人物 / 神交引用,政治人物,60,2,2,2,2,李敖文存二集(1)；李敖语录(1),诗、所谓
吴石,军事人物 / 同案狱友,军事人物,60,2,2,2,2,我最难忘的事和人(1)；为自由招魂(1),牢房、像
张学铭,军事人物 / 政治人物 / 亲属 / 历史类比引用,军事人物,60,2,2,1,1,中国现代史正论(2),同学、市长、警察、参谋、像
张福元,出版 / 创作资料协助,出版,60,2,2,1,1,早年日记(2),警察、读
惠更斯,科学家 / 学术 / 神交引用,科学家,60,2,2,1,1,虚拟的十七岁(2),学术
教皇李奥八世,宗教人物 / 政治人物 / 历史类比引用 / 神交引用,宗教人物,60,2,2,1,1,上山·上山·爱(2),总统
李凤超,情治警务 / 公共论战,情治警务,60,2,2,2,2,上下古今谈(1)；李敖秘藏日记(1),女友、警察
李晓慧,创作资料协助 / 公共论战,创作资料协助,60,2,2,1,1,李敖大哥大(2),民进党、小姐
李贵良,学术 / 学术行政,学术,60,2,2,1,1,李敖全集(2),文学、教授、博士、史学、大学、台大、代理、哲学
杜浚,学术 / 出版 / 神交引用,学术,60,2,2,1,1,波波颂(2),序、主义
来歙,军事人物 / 神交引用,军事人物,60,2,2,2,2,李敖新刊(1)；为历史拨云(1),土地
杨逵,出版 / 政治异议者 / 公共论战 / 神交引用,出版,60,2,2,2,2,为自由招魂(1)；李敖笑傲江湖(1),政治、像
汤思泮,见面 / 创作资料协助,见面,60,2,2,1,1,早年日记(2),读
波尔,科学家 / 学术 / 神交引用,科学家,60,2,2,2,2,虚拟的十七岁(1)；李敖秘密书房(1),朋友、诗、像
海根,宗教人物 / 神交引用,宗教人物,60,2,2,2,2,为自由招魂(1)；李敖秘密书房(1),事务、诗
潘振球,学术行政 / 政治人物,学术行政,60,2,2,2,2,上下古今谈(1)；李敖书启集(1),学生、主席
约翰·斯威夫特,政治人物 / 公共论战 / 历史类比引用 / 神交引用,政治人物,60,2,2,1,1,阳痿美国(2),大学
罗耀拉,宗教人物 / 历史类比引用,宗教人物,60,2,2,2,2,大学日记后期乙集(1)；李敖笑傲江湖(1),特务、警备总部
艾迪费雪,媒体 / 神交引用,媒体,60,2,2,1,2,传统下的独白(2),妻、娶、结婚、说过
蒋智由,学术 / 神交引用,学术,60,2,2,2,2,李敖全集(1)；中国近代史新论(1),学生
阿伦·莱恩,出版 / 财产债务 / 神交引用,出版,60,2,2,1,1,李敖全集(2),出版
阿里·弗莱舍尔,媒体 / 政治人物 / 公共论战 / 历史类比引用 / 神交引用,媒体,60,2,2,1,1,阳痿美国(2),序、总统
陆锡熊,学术 / 公职人员 / 诗文出处 / 历史类比引用 / 神交引用,学术,60,2,2,2,2,李敖书札集(1)；要把金针度与人(1),查禁
陈仙洲,情治警务 / 军事人物,情治警务,60,2,2,1,1,我最难忘的事和人(2),共产党
马有没,师生,师生,60,2,1,1,1,李敖秘密书房(2),教授
高克毅,媒体 / 出版 / 神交引用,媒体,60,2,2,1,1,李敖文存二集(2),杂志
魏峥说,学术行政,学术行政,60,2,1,1,1,李敖大哥大(2),院长
黄炳麟,律师代理,律师代理,60,2,1,1,1,李敖大哥大(2),律师、先生
从侮辱,神交引用,神交引用,60,1,1,1,1,千秋万岁乌鸦求是合集(1),像
刘旺财,律师代理 / 公共论战,律师代理,60,1,1,1,1,你笨蛋，你笨蛋(1),律师、法庭、政府、国民党、政治
台凤司,司法人员,司法人员,60,1,1,1,1,李敖秘密书房(1),法官、总统
向首席,司法人员,司法人员,60,1,1,1,1,千秋万岁乌鸦求是合集(1),证人、检察官
左松超,学术 / 公共论战,学术,60,1,1,1,1,求是新语(1),学生、教授、博士、大学
师三位,律师代理,律师代理,60,1,1,1,1,挑战李敖(1),报纸、事务、律师、读
师转成,司法人员,司法人员,60,1,1,1,1,挑战李敖(1),研究、法官、律师
常宗豪,学术,学术,60,1,1,1,1,求是新语(1),学生、教授、博士、大学、诗、文学
张庚清,司法人员,司法人员,60,1,1,1,1,一个预备军官的日记(1),检察官
李宗德,律师代理,律师代理,60,1,1,1,1,李敖秘密书房(1),事务、律师
李白华,律师代理,律师代理,60,1,1,1,1,李敖情书集(1),告诉我、太太、法官、律师、法庭
柯晴男,司法人员 / 诉讼,司法人员,60,1,1,1,1,世论新语(1),检察官、起诉、委员
柳士豪,学术 / 医疗照护 / 师生 / 神交引用,学术,60,1,1,1,1,虚拟的十七岁(1),老师、师生、台大
皮述民,学术 / 公共论战,学术,60,1,1,1,1,求是新语(1),学生、教授、博士、大学
罗素四,神交引用,神交引用,60,1,1,1,1,千秋万岁乌鸦求是合集(1),哲学
蔡明华,律师代理,律师代理,60,1,1,1,1,李敖大哥大(1),律师、判决、像
许振荣,学术,学术,60,1,1,1,1,教育与脸谱(1),教授、教书、研究、论文、台大、像
赵四嫁,司法人员,司法人员,60,1,1,1,1,一个预备军官的日记(1),见、书记官
邱燮友,学术 / 公共论战,学术,60,1,1,1,1,求是新语(1),学生、教授、博士、大学、诗
钱去雇,律师代理,律师代理,60,1,1,1,1,李敖笑傲江湖(1),律师
韦金满,学术 / 公共论战,学术,60,1,1,1,1,求是新语(1),学生、教授、博士、大学
黄坤尧,学术,学术,60,1,1,1,1,求是新语(1),学生、教授、博士、大学、诗、文学
丁福保,学术 / 医疗照护 / 神交引用,学术,59,2,2,2,2,传统下的独白(1)；要把金针度与人(1),序
巴尔扎克,出版 / 神交引用,出版,59,2,2,2,2,波波颂(1)；上下古今谈(1),研究、像
希奥德拉,政治人物 / 媒体 / 神交引用,政治人物,59,2,2,2,2,李敖文存二集(1)；李敖语录(1),总统
弗朗西斯,出版 / 历史类比引用 / 神交引用,出版,59,2,2,2,2,爱情的秘密(1)；历史与人像(1),见、思想、主义
张岫岚,政治人物 / 公共论战,政治人物,59,2,2,2,2,我最难忘的事和人(1)；求是新语(1),同学
文征明,文艺音乐 / 历史类比引用 / 神交引用,文艺音乐,59,2,2,2,2,大学札记(1)；中国艺术新研(1),见
斯坦贝克,出版 / 神交引用,出版,59,2,2,2,2,李敖文存二集(1)；李敖秘密书房(1),见、出版
方以直,出版 / 公共论战,出版,59,2,2,2,2,上下古今谈(1)；一个预备军官的日记(1),见
李叶超,朋友 / 人权救援,朋友,59,2,2,1,1,我最难忘的事和人(2),警察、诗、朋友
李挺,医疗照护 / 出版 / 神交引用,医疗照护,59,2,2,2,2,为中国思想趋向求答案(1)；李敖大哥大(1),报纸
赵雅博,学术 / 宗教人物,学术,59,2,2,1,1,李敖全集(2),文学、教授、研究、博士、大学、哲学
那位民,律师代理,律师代理,59,2,1,2,2,李敖书牍集(1)；挑战李敖(1),律师、去函、法院、立委、民进党
邵宗海,学术 / 公共论战,学术,59,2,2,2,2,求是新语(1)；李敖书启集(1),台大
金发放,师生,师生,59,2,1,2,2,李敖自传与回忆(1)；李敖大哥大(1),老师、教授、同学、研究、师长
傅伟勋,师生,师生,59,1,1,1,1,李敖笑傲江湖(1),教授、同学、大学、哲学
别请施,师生,师生,59,1,1,1,1,李敖秘密书房(1),到我家、老师、家里、电视
史华慈,师生,师生,59,1,1,1,1,千秋万岁乌鸦求是合集(1),教授、研究、大学、台大、思想
史文勒,师生,师生,59,1,1,1,1,千秋万岁乌鸦求是合集(1),教授
吴兆棠,学术行政 / 公共论战,学术行政,59,1,1,1,1,教育与脸谱(1),教授、博士、本院
国保级,师生,师生,59,1,1,1,1,挑战李敖(1),教授、研究、中央研究院、院内
张长义,师生,师生,59,1,1,1,1,李敖书信集(1),教授、研究、台大、所长
王唯工,师生,师生,59,1,1,1,1,李敖秘密书房(1),教授、研究
王荣祖,师生,师生,59,1,1,1,1,李敖秘密书房(1),教授、研究、像
白无玉,师生,师生,59,1,1,1,1,李敖秘密书房(1),老师
苏蘅两,师生,师生,59,1,1,1,1,千秋万岁乌鸦求是合集(1),教授、报导、政治
蔡章麟,司法人员 / 学术 / 历史类比引用 / 神交引用,司法人员,59,1,1,1,1,虽千万人，李敖往矣(1),见、见到、教授、大学
解聘王,师生,师生,59,1,1,1,1,挑战李敖(1),学生、同事、研究、博士、大学
许做副,政治人物,政治人物,59,1,1,1,1,挑战李敖(1),总统、委员、立委、民进党
谢善之,师生,师生,59,1,1,1,1,李敖秘藏日记(1),教授、报纸、委员
谢谢韩,师生,师生,59,1,1,1,1,挑战李敖(1),教授、电视、主席
郑玉波,学术 / 诗文出处 / 司法人员 / 神交引用,学术,59,1,1,1,1,李敖书简集(1),教授
须跟李,师生,师生,59,1,1,1,1,李敖秘密书房(1),教授
鱼玄机,诗文出处,诗文出处,58,4,1,2,2,读史指南(3)；中国性研究(1),书目作者表
周弘然,学术 / 出版 / 公共论战,学术,58,3,3,1,1,文化论战丹火录(3),
希拉·蕾恩,文艺音乐 / 神交引用,文艺音乐,58,3,3,1,1,上山·上山·爱(3),
张华,诗文出处,诗文出处,58,3,1,2,2,读史指南(2)；要把金针度与人(1),书目作者表
惠栋,诗文出处,诗文出处,58,3,1,2,2,读史指南(2)；要把金针度与人(1),书目作者表
毕方济,宗教人物 / 刑求受害 / 历史类比引用 / 神交引用,宗教人物,58,3,3,1,2,中国近代史新论(3),
洪适,诗文出处,诗文出处,58,3,1,2,2,读史指南(2)；历史与人像(1),书目作者表
王志超,情治警务 / 朋友 / 见面,情治警务,58,3,3,1,1,我最难忘的事和人(3),
王有为,同学 / 朋友 / 见面,同学,58,3,3,1,1,我最难忘的事和人(3),
田尔耕,公职人员 / 历史类比引用,公职人员,58,3,3,1,1,中国近代史新论(3),
陆费墀,诗文出处,诗文出处,58,3,1,2,2,读史指南(2)；要把金针度与人(1),书目作者表
全体要,政治人物,政治人物,58,2,1,2,2,千秋万岁乌鸦求是合集(1)；挑战李敖(1),主席、党部、国民党、主义
刘彧,政治人物 / 神交引用,政治人物,58,2,2,2,2,李敖文存二集(1)；李敖语录(1),所谓
司部分,司法人员,司法人员,58,2,1,2,2,李敖秘密书房(1)；李敖大哥大(1),检察官、法务部、部长
孔愉,政治人物 / 神交引用,政治人物,58,2,2,2,2,李敖文存(1)；李敖语录(1),思想
安妮·林白,出版 / 神交引用,出版,58,2,2,2,2,虚拟的十七岁(1)；为历史拨云(1),诗
家尊重,编辑,编辑,58,2,1,2,2,李敖秘密书房(1)；李敖颠倒众生(1),编辑、总编辑、采访、检察官、律师
家诬蔑,军事人物,军事人物,58,2,1,2,2,李敖议坛哀思录(1)；挑战李敖(1),将军、司令、像
寇谦之,宗教人物 / 神交引用,宗教人物,58,2,2,2,2,传统下的独白(1)；大学日记后期甲集(1),所谓
屈师,神交引用,神交引用,58,2,2,2,2,李敖文存(1)；李敖语录(1),思想
张宗演,宗教人物 / 神交引用,宗教人物,58,2,2,2,2,传统下的独白(1)；大学日记后期甲集(1),古代
戴德,诗文出处,诗文出处,58,2,1,2,2,李敖自传与回忆(1)；读史指南(1),书目作者表
步来做,亲属,亲属,58,2,1,2,2,李敖笑傲江湖(1)；李敖大哥大(1),父亲
毛宝,军事人物 / 神交引用,军事人物,58,2,2,2,2,李敖文存(1)；李敖语录(1),思想
王矮虎,虚拟人物,虚拟人物,58,2,2,1,1,独白下的传统(2),像
蔡九,虚拟人物,虚拟人物,58,2,2,1,1,独白下的传统(2),
谢镜清,军校学生 / 见面,军校学生,58,2,2,1,2,一个预备军官的日记(2),读
郗愔,宗教人物 / 神交引用,宗教人物,58,2,2,2,2,传统下的独白(1)；大学日记后期甲集(1),所谓
隋侯,神交引用,神交引用,58,2,2,2,2,李敖文存(1)；李敖语录(1),思想
黄节,学术 / 神交引用,学术,58,2,2,2,2,李敖全集(1)；李敖新刊(1),国民党
从诅咒,政治人物,政治人物,58,1,1,1,1,千秋万岁乌鸦求是合集(1),总统、政府
伍一心,情治警务 / 军事人物 / 见面,情治警务,58,1,1,1,1,李敖回忆录(1),会面、编辑、总编辑、警总、文星、政战、上校、少将
和专栏,出版,出版,58,1,1,1,1,千秋万岁乌鸦求是合集(1),杂志、报纸、总统、作家
国评议,政治人物,政治人物,58,1,1,1,1,千秋万岁乌鸦求是合集(1),教授、总统、委员、国民党、所谓
国防务,政治人物,政治人物,58,1,1,1,1,李敖秘密书房(1),主席、委员
家发展,政治人物,政治人物,58,1,1,1,1,李敖大哥大(1),总统、委员
朱尊重,政治人物,政治人物,58,1,1,1,1,千秋万岁乌鸦求是合集(1),总统、委员
查退职,政治人物,政治人物,58,1,1,1,1,李敖大哥大(1),总统、委员
东西找,出版,出版,57,2,1,2,2,李敖秘密书房(1)；李敖大哥大(1),序、像
别人捡,出版,出版,57,2,1,2,2,李敖议坛哀思录(1)；挑战李敖(1),序、所谓
和皇帝,政治人物,政治人物,57,2,1,2,2,历史与人像(1)；李敖秘密书房(1),总统、像
宗仁,政治人物,政治人物,57,2,1,2,2,李敖笑傲江湖(1)；李敖大哥大(1),总统
平常来,见面,见面,57,2,1,2,2,挑战李敖(1)；李敖秘密书房(1),一起、国民党
康为忻,通信 / 公共论战,通信,57,2,2,1,1,上下古今谈(2),编辑、读
彭宏炳,见面,见面,57,2,1,2,2,早年日记(1)；一个预备军官的日记(1),见
戴笠有,出版,出版,57,2,1,2,2,我最难忘的事和人(1)；李敖笑傲江湖(1),出版
方式颇,学术,学术,57,2,1,2,2,为历史拨云(1)；中国性研究(1),学者、政府、政治
时答应,见面,见面,57,2,1,2,2,李敖笑傲江湖(1)；挑战李敖(1),见、总统、批评
明星老,政治人物,政治人物,57,2,1,2,2,波波颂(1)；虽千万人，李敖往矣(1),政府
李达海,政治人物,政治人物,57,2,1,2,2,李敖秘藏日记(1)；李敖书启集(1),部长、国民党
林荣耀,见面,见面,57,2,1,2,2,大学日记后期甲集(1)；李敖书信集(1),碰到、文学、像
查明赐,政治人物,政治人物,57,2,1,2,2,千秋万岁乌鸦求是合集(1)；一个预备军官的日记(1),总统
能提倡,政治人物,政治人物,57,2,1,2,2,李敖随写录前集(1)；李敖大哥大(1),主席
谢谢启,政治人物,政治人物,57,2,1,2,2,挑战李敖(1)；李敖大哥大(1),委员
边介绍,见面,见面,57,2,1,2,2,李敖书启集(1)；挑战李敖(1),见、博士
金山乡,学术,学术,57,2,1,2,2,李敖秘密书房(1)；李敖大哥大(1),学术
阴谋有,见面,见面,57,2,1,2,2,李敖文存二集(1)；李敖秘密书房(1),见、像
陈抟,宗教人物 / 神交引用,宗教人物,57,2,2,2,2,独白下的传统(1)；要把金针度与人(1),著作、作品
鲁道夫,政治人物,政治人物,57,2,1,2,2,阳痿美国(1)；李敖笑傲江湖(1),总统
万换取,政治人物,政治人物,57,1,1,1,1,李敖大哥大(1),总统
从福特,政治人物,政治人物,57,1,1,1,1,千秋万岁乌鸦求是合集(1),总统、思想
任考试,政治人物,政治人物,57,1,1,1,1,千秋万岁乌鸦求是合集(1),院长
刘万增,邻居 / 社会案件,邻居,57,1,1,1,1,李敖书函集(1),委员、诗
华招召,媒体,媒体,57,1,1,1,1,李敖秘密书房(1),记者、主席、选举
华比做,政治人物,政治人物,57,1,1,1,1,挑战李敖(1),总统
叶洪伟,媒体,媒体,57,1,1,1,1,李敖随写录前集(1),导演
向吴汉,军事人物,军事人物,57,1,1,1,1,李敖秘密书房(1),将军
周功鑫,学术行政 / 见面 / 证人见证,学术行政,57,1,1,1,1,虽千万人，李敖往矣(1),陪我、院长、节目、电视
周国树,监狱行政,监狱行政,57,1,1,1,1,李敖自传与回忆续集(1),书记官、法务部、所长、副所长、秘书、管理员、戒护、戒护课长
国代开,媒体,媒体,57,1,1,1,1,李敖秘密书房(1),记者、读
国詹森,政治人物,政治人物,57,1,1,1,1,挑战李敖(1),一起、总统
国雷根,政治人物,政治人物,57,1,1,1,1,挑战李敖(1),总统、共产党
宁愿跟,媒体,媒体,57,1,1,1,1,挑战李敖(1),见、一起、记者
安去选,政治人物,政治人物,57,1,1,1,1,李敖笑傲江湖(1),总统
家喊蒋,政治人物,政治人物,57,1,1,1,1,挑战李敖(1),总统
家谈副,政治人物,政治人物,57,1,1,1,1,挑战李敖(1),研究、大学、中央研究院、院长
封杀谷,军事人物,军事人物,57,1,1,1,1,李敖笑傲江湖(1),将军、封杀
席再做,政治人物,政治人物,57,1,1,1,1,李敖秘密书房(1),主席、国民党、像
席驳李,政治人物,政治人物,57,1,1,1,1,挑战李敖(1),主席、国民党、读
张群做,政治人物,政治人物,57,1,1,1,1,挑战李敖(1),一起、秘书、总统、特务、像
成民选,政治人物,政治人物,57,1,1,1,1,李敖笑傲江湖(1),总统
时臭骂,政治人物,政治人物,57,1,1,1,1,李敖回忆录(1),朋友、总统
明说蒋,见面,见面,57,1,1,1,1,李敖大哥大(1),见、见到、夫人
林诗义,邻居 / 社会案件,邻居,57,1,1,1,1,李敖书函集(1),委员、诗
梁华盛,军事人物,军事人物,57,1,1,1,1,李敖大哥大(1),将军
满意李,政治人物,政治人物,57,1,1,1,1,挑战李敖(1),总统
王昇做,政治人物,政治人物,57,1,1,1,1,李敖大哥大(1),总统、国民党、政治
王祖荫,军事人物,军事人物,57,1,1,1,1,李敖议坛哀思录(1),上校
瑞波尔,小说剧本人物 / 军事人物 / 神交引用,小说剧本人物,57,1,1,1,1,阳痿美国(1),博士、总统、将军
相拥由,媒体,媒体,57,1,1,1,1,千秋万岁乌鸦求是合集(1),离婚、记者
石做副,政治人物,政治人物,57,1,1,1,1,李敖大哥大(1),总统
程三楼,政治人物,政治人物,57,1,1,1,1,挑战李敖(1),院长
胡镇球,军事人物,军事人物,57,1,1,1,1,李敖颠倒众生(1),请他、打电话、电话、中将
能影射,政治人物,政治人物,57,1,1,1,1,千秋万岁乌鸦求是合集(1),总统、读
解释林,政治人物,政治人物,57,1,1,1,1,李敖大哥大(1),部长
詹森副,政治人物,政治人物,57,1,1,1,1,挑战李敖(1),总统
谢布什,政治人物,政治人物,57,1,1,1,1,李敖大哥大(1),总统
谢谢谷,军事人物,军事人物,57,1,1,1,1,李敖笑傲江湖(1),将军
边印尼,政治人物,政治人物,57,1,1,1,1,李敖大哥大(1),总统
连正武,邻居 / 社会案件,邻居,57,1,1,1,1,李敖书函集(1),委员、诗
那拉比,政治人物,政治人物,57,1,1,1,1,千秋万岁乌鸦求是合集(1),总统
闻布什,政治人物,政治人物,57,1,1,1,1,李敖大哥大(1),总统
阮少华,邻居 / 社会案件,邻居,57,1,1,1,1,李敖书函集(1),委员、诗
陆跟杜,军事人物,军事人物,57,1,1,1,1,李敖笑傲江湖(1),一起、太太、将军
陈廷柳,同案狱友,同案狱友,57,1,1,1,1,李敖自传与回忆续集(1),所长、课长、戒护课长、管理员、戒护、杂役
马主任,政治人物,政治人物,57,1,1,1,1,千秋万岁乌鸦求是合集(1),法院、委员
侯祯祥,情治警务 / 朋友,情治警务,56,2,2,1,1,我最难忘的事和人(2),代理
兰风,社会案件 / 军事人物,社会案件,56,2,2,1,1,李敖风流自传(2),
别人借,朋友,朋友,56,2,1,2,2,李敖访谈录1990-2018(1)；李敖秘密书房(1),朋友、像
吴健吾,朋友 / 见面,朋友,56,2,2,1,1,我最难忘的事和人(2),朋友、家里
吴安之,朋友 / 见面,朋友,56,2,2,1,1,我最难忘的事和人(2),朋友、告诉我、家里、太太、总统
帕勒克斯,虚拟人物 / 宗教人物 / 历史类比引用 / 神交引用,虚拟人物,56,2,2,1,1,爱情的秘密(2),
帝喾,政治人物 / 神交引用,政治人物,56,2,2,2,2,独白下的传统(1)；中国命研究(1),所谓
张平,出版 / 见面 / 创作资料协助,出版,56,2,2,1,1,早年日记(2),警总、杂志
张彝鼎,同学 / 朋友 / 见面,同学,56,2,2,1,1,我最难忘的事和人(2),委员、党部
徐业道,情治警务 / 见面,情治警务,56,2,2,1,1,我最难忘的事和人(2),见、见面
徐向前,军事人物 / 政治人物 / 神交引用,军事人物,56,2,2,2,2,我是天安门(1)；李敖新刊(1),历史上
文氓教,神交引用,神交引用,56,2,1,1,1,千秋万岁乌鸦求是合集(2),所谓
时俱异,神交引用,神交引用,56,2,1,1,1,千秋万岁乌鸦求是合集(2),主义
曾雪玉,证人见证 / 亲属 / 社会案件,证人见证,56,2,2,1,1,世论新语(2),家中、说过
李海涵,朋友 / 见面,朋友,56,2,2,1,1,我最难忘的事和人(2),委员、党部
李瑞腾,出版 / 学术,出版,56,2,2,2,2,李敖相关(1)；李敖书启集(1),作品
沙吒利,虚拟人物,虚拟人物,56,2,2,1,1,传统下的独白(2),恋爱、诗
牛焕辰,同学 / 朋友 / 见面,同学,56,2,2,1,1,我最难忘的事和人(2),朋友、家里、总统
王德荫,情治警务 / 朋友 / 见面,情治警务,56,2,2,1,1,我最难忘的事和人(2),见、一起、牢房
王蒙,神交引用,神交引用,56,2,2,2,2,传统下的独白(1)；李敖访谈录1990-2018(1),文学
王鲁翘,情治警务 / 朋友,情治警务,56,2,2,1,1,我最难忘的事和人(2),认识、朋友、家里、警察、司令
珍妮丝·珍,文艺音乐 / 神交引用,文艺音乐,56,2,2,1,1,虚拟的十七岁(2),
罗烽,出版 / 公共论战 / 神交引用,出版,56,2,2,1,1,为自由招魂(2),出版、书店、文学
肖邦,文艺音乐 / 神交引用,文艺音乐,56,2,2,2,2,李敖文存(1)；为自由招魂(1),文学
舒群,出版 / 公共论战 / 神交引用,出版,56,2,2,1,1,为自由招魂(2),出版、书店、文学
谷小姐,虚拟人物 / 称谓待考,虚拟人物,56,2,2,1,1,李语录(2),
贾秀升,情治警务 / 朋友 / 见面,情治警务,56,2,2,1,1,我最难忘的事和人(2),家里
郭巩疆,情治警务 / 朋友 / 见面,情治警务,56,2,2,1,1,我最难忘的事和人(2),陪我、告诉我、大学、事务、律师
雷鸣远,宗教人物 / 政治人物,宗教人物,56,2,2,1,1,我最难忘的事和人(2),家里、委员
韩希圣,朋友 / 见面,朋友,56,2,2,1,1,我最难忘的事和人(2),院长、委员
马志超,情治警务 / 朋友 / 见面,情治警务,56,2,2,1,1,我最难忘的事和人(2),朋友、家里
黎仲实,政治异议者 / 军事人物 / 历史类比引用,政治异议者,56,2,2,1,1,第73烈士(2),
国立六,亲属,亲属,56,1,1,1,1,李敖笑傲江湖(1),父亲、妈妈、姐姐、像
张子能,社会案件 / 婚姻相关 / 历史类比引用 / 神交引用,社会案件,56,1,1,1,1,历史与人像(1),见、夫人、娶
张泽云,财产债务,财产债务,56,1,1,1,1,李敖自传与回忆续集(1),借贷、借钱、支票、记者、先生
方否认,看守戒护,看守戒护,56,1,1,1,1,李敖大哥大(1),看守所、管理员、舍房
李新冰,看守戒护 / 诉讼,看守戒护,56,1,1,1,1,李敖自传与回忆续集(1),看守所、台北看守所、管理员、岗哨、起诉
李讷八,亲属,亲属,56,1,1,1,1,求是新语(1),爸爸、妈妈、哥哥、说过
王振球,学术行政 / 公款经费 / 公共论战,学术行政,56,1,1,1,1,传统下的再白(1),同仁、扣回佣、福利金、学术、贵院、院方、总务科
程台生,看守戒护 / 诉讼,看守戒护,56,1,1,1,1,李敖自传与回忆续集(1),看守所、台北看守所、管理员、岗哨、起诉
经理跟,姻亲,姻亲,56,1,1,1,1,李敖秘密书房(1),朋友、女儿、太太、结婚、离婚
胡适妈,亲属,亲属,56,1,1,1,1,李敖秘密书房(1),见、爸爸、妈妈、女儿、太太、结婚
胡适怕,见面,见面,56,1,1,1,1,李敖秘密书房(1),碰到、太太、夫人、记者
连管监,监狱行政,监狱行政,56,1,1,1,1,李敖笑傲江湖(1),监狱、典狱长、福利社
陈清华,看守戒护 / 诉讼,看守戒护,56,1,1,1,1,李敖自传与回忆续集(1),看守所、台北看守所、管理员、岗哨、起诉
俞弁,医疗照护 / 出版 / 神交引用,医疗照护,55,2,2,1,1,为中国思想趋向求答案(2),出版
卡斯托,虚拟人物 / 宗教人物 / 历史类比引用 / 神交引用,虚拟人物,55,2,2,1,1,爱情的秘密(2),见
巴斯卡,科学家 / 学术 / 神交引用,科学家,55,2,2,1,1,虚拟的十七岁(2),学术
巴特拉,军事人物,军事人物,55,2,1,1,1,我梦碎，所以我梦醒(2),上校、中将、参谋
康替尼,文艺音乐 / 出版 / 神交引用,文艺音乐,55,2,2,1,1,上山·上山·爱(2),研究
张佛泉,学术 / 出版 / 公共论战 / 神交引用,学术,55,2,2,1,1,文化论战丹火录(2),文星
施约瑟,宗教人物 / 出版 / 神交引用,宗教人物,55,2,2,1,1,虚拟的十七岁(2),出版
杜果人,出版 / 公共论战,出版,55,2,2,1,1,文化论战丹火录(2),政治、论战
梁思永,学术 / 公共论战,学术,55,2,2,1,2,教育与脸谱(2),学者
胡伯岳,朋友 / 见面,朋友,55,2,2,1,1,我最难忘的事和人(2),委员
苗告宝,朋友 / 见面,朋友,55,2,2,1,1,我最难忘的事和人(2),委员
郭宝钧,学术 / 公共论战,学术,55,2,2,1,2,教育与脸谱(2),学者
郭履洲,情治警务 / 朋友 / 见面,情治警务,55,2,2,1,1,我最难忘的事和人(2),警察
郭芝苑,文艺音乐 / 出版 / 神交引用,文艺音乐,55,2,2,1,1,为自由招魂(2),见
陈实功,医疗照护 / 出版 / 神交引用,医疗照护,55,2,2,1,1,为中国思想趋向求答案(2),见、像
陈汝淦,同学 / 朋友 / 见面,同学,55,2,2,1,1,我最难忘的事和人(2),同学
骆宾基,出版 / 公共论战 / 神交引用,出版,55,2,2,1,1,为自由招魂(2),记者
丘国利,看守戒护 / 证人见证,看守戒护,55,1,1,1,1,李敖自传与回忆续集(1),管理员、主任管理员、公诉
倪渭卿,师生,师生,55,1,1,1,1,李敖笑傲江湖(1),学生、教授、同住、父亲、研究、大学、先生
全没独,司法人员,司法人员,55,1,1,1,1,千秋万岁乌鸦求是合集(1),见、法官、审判官
吴启民,司法人员,司法人员,55,1,1,1,1,李敖大哥大(1),法官、审判长、判决、民进党
和庭长,司法人员,司法人员,55,1,1,1,1,千秋万岁乌鸦求是合集(1),法官、庭长、法院、说过
国代又,政治人物,政治人物,55,1,1,1,1,挑战李敖(1),法院、总统、委员、选举
国去搞,学术,学术,55,1,1,1,1,李敖笑傲江湖(1),博士
孙森,军事人物 / 情治警务 / 公共论战,军事人物,55,1,1,1,1,为自由招魂(1),警总、调查局、法务部、政战、上校、少将
居住由,学术行政,学术行政,55,1,1,1,1,挑战李敖(1),土地、研究、中央研究院、院长
庄景琦,公职人员 / 创作资料协助 / 证人见证,公职人员,55,1,1,1,1,李敖书序集(1),同学、母亲、姐姐、太太、部长、先生
庞松舟,政治人物 / 公共论战,政治人物,55,1,1,1,1,为自由招魂(1),院长、秘书、总统、部长
弗兰克浮特,司法人员 / 学术 / 历史类比引用 / 神交引用,司法人员,55,1,1,1,1,爱情的秘密(1),学生、教授、哲学
张明细,司法人员,司法人员,55,1,1,1,1,李敖秘密书房(1),法官、检察官
彭振刚,编辑,编辑,55,1,1,1,1,千秋万岁乌鸦求是合集(1),编辑、发行、总编辑、杂志、法官、国民党
徐智雄,司法人员 / 见面,司法人员,55,1,1,1,1,李敖议坛哀思录(1),院长、法官、主席、委员、先生
惠特妮,通信,通信,55,1,1,1,1,李敖秘密书房(1),写信、回信、像
成兄,政治人物,政治人物,55,1,1,1,1,挑战李敖(1),朋友、秘书、总统、主席、委员
成鼎,司法人员,司法人员,55,1,1,1,1,李敖回忆录(1),审判长、审判官、判决、复判、司令
时代越,监狱行政,监狱行政,55,1,1,1,1,李敖情书集(1),见、法务部、看守所、部长、政府
时叶圣,律师代理,律师代理,55,1,1,1,1,李敖笑傲江湖(1),见、朋友、见证、律师
李桓,司法人员,司法人员,55,1,1,1,1,李敖回忆录(1),审判长、审判官、判决、复判、司令
李焕升,看守戒护 / 证人见证,看守戒护,55,1,1,1,1,李敖自传与回忆续集(1),管理员、主任管理员、公诉
杨肇熉,司法人员 / 诉讼 / 历史类比引用,司法人员,55,1,1,1,1,李敖报刊集(1),院长、法官、庭长、法院、委员、书中
林丰翔,同案狱友 / 财产债务,同案狱友,55,1,1,1,1,李敖自传与回忆续集(1),管理员、临时管理员
林忠义,亲属,亲属,55,1,1,1,1,李敖大哥大(1),爸爸、儿子、学术、政府、先生
查成立,司法人员,司法人员,55,1,1,1,1,李敖大哥大(1),法官、检察官、政府
殷到哈,学术,学术,55,1,1,1,1,千秋万岁乌鸦求是合集(1),教授、研究、大学、台大、思想
毛世馨,监狱行政,监狱行政,55,1,1,1,1,李敖自传与回忆续集(1),陪他、看守所、名籍室、杂役
王惺三,司法人员,司法人员,55,1,1,1,1,李敖自传与回忆(1),同学、报纸、检察官、推事、立委
王拓开,见面,见面,55,1,1,1,1,李敖大哥大(1),拜访、到我家、一起、家里
王文俊,姻亲,姻亲,55,1,1,1,1,李敖自传与回忆(1),老师、教书、嫁给
王炳奎,财产债务 / 公共论战,财产债务,55,1,1,1,1,求是新语(1),学生、教授、文学、先生
王金生,财产债务 / 公共论战,财产债务,55,1,1,1,1,求是新语(1),学生、教授、学者、先生
班兼荣,姻亲,姻亲,55,1,1,1,1,千秋万岁乌鸦求是合集(1),见、一起、同班、朋友、妻、夫人
白痴萧,见面,见面,55,1,1,1,1,挑战李敖(1),见、见面、陪他、部长
相信钟,监狱行政,监狱行政,55,1,1,1,1,挑战李敖(1),法务部、监狱、部长、先生
相奸者,姻亲,姻亲,55,1,1,1,1,挑战李敖(1),结婚、离婚
石原见,见面,见面,55,1,1,1,1,李敖大哥大(1),见、见面、拜访
石原视,见面,见面,55,1,1,1,1,挑战李敖(1),见、见面、请他
祖先讨,亲属,亲属,55,1,1,1,1,挑战李敖(1),哥哥、弟弟
管制高,学术行政,学术行政,55,1,1,1,1,李敖大哥大(1),研究、中央研究院、院长
缪伦,军事人物 / 情治警务 / 公共论战,军事人物,55,1,1,1,1,为自由招魂(1),警总、调查局、政战、上校、少将
罗勃特·马丁,媒体 / 公共论战 / 神交引用,媒体,55,1,1,1,1,为自由招魂(1),见、访问、记者、报导、接见、总统
罗建群,司法人员 / 诉讼,司法人员,55,1,1,1,1,李敖快意恩仇录(1),法官、法院、判决、上诉
胡佛争,姻亲,姻亲,55,1,1,1,1,李敖笑傲江湖(1),太太、夫人、总统
臧荫松,出版,出版,55,1,1,1,1,历史与人像(1),见、编辑、主编、出版
苏隆惠,司法人员,司法人员,55,1,1,1,1,李敖大哥大(1),法官、审判长、判决、民进党
范长存,创作资料协助 / 历史类比引用,创作资料协助,55,1,1,1,1,中国现代史定论(1),姻亲、主席、委员、政府、像
范馨香,姻亲,姻亲,55,1,1,1,1,挑战李敖(1),太太、妻、法官、党部、国民党
萧亨国,司法人员 / 诉讼,司法人员,55,1,1,1,1,李敖快意恩仇录(1),法官、法院、判决、上诉
萧凯,司法人员,司法人员,55,1,1,1,1,李敖回忆录(1),审判长、审判官、判决、复判
蒋家太,姻亲,姻亲,55,1,1,1,1,李敖笑傲江湖(1),爸爸、妻、夫人
蒋家没,亲属,亲属,55,1,1,1,1,李敖大哥大(1),爸爸、儿子
蓝献林,司法人员,司法人员,55,1,1,1,1,李敖大哥大(1),审判长、推事、判决
薛松雨,司法人员,司法人员,55,1,1,1,1,李敖大哥大(1),审判长、推事、判决
詹姆斯·杜渥,神交引用,神交引用,55,1,1,1,1,李敖自传与回忆续集(1),看守所、台北看守所、杂役
詹姆斯·法兰克,神交引用,神交引用,55,1,1,1,1,李敖自传与回忆(1),老师、教授、博士、论文、大学
谭润吾,监狱行政,监狱行政,55,1,1,1,1,李敖自传与回忆续集(1),监狱、台北监狱、课员
连战拥,通信,通信,55,1,1,1,1,李敖秘密书房(1),见、打电话、电话、家里
通通跟,政治人物,政治人物,55,1,1,1,1,挑战李敖(1),见、见面、院长、总统、部长
郑南,编辑,编辑,55,1,1,1,1,李敖大哥大(1),编辑、发行、总编辑、杂志
郑毓秀,司法人员 / 诉讼 / 历史类比引用,司法人员,55,1,1,1,1,李敖报刊集(1),院长、法官、庭长、法院、书中
都来谈,学术,学术,55,1,1,1,1,李敖秘密书房(1),教授、研究、大学、台大、中央研究院
阎致远,朋友 / 见面,朋友,55,1,1,1,1,我最难忘的事和人(1),见、见面、请我、送我、先生
陈叔达,历史类比引用 / 政治人物 / 神交引用,历史类比引用,55,1,1,1,1,李敖札记(1),见、哥哥、弟弟、民进党、所谓
陈蕴奇,政治人物,政治人物,55,1,1,1,1,李敖自传与回忆(1),院长、政府、党部
陈西滢,诗文出处 / 出版 / 神交引用,诗文出处,55,1,1,1,1,李敖书翰集(1),出版、书店、文星、文学、先生
陈金树,同案狱友 / 财产债务,同案狱友,55,1,1,1,1,李敖自传与回忆续集(1),管理员、临时管理员
高友唐,公职人员 / 诉讼 / 历史类比引用 / 公共论战,公职人员,55,1,1,1,1,李敖报刊集(1),院长、法官、庭长、法院、委员
高层接,财产信托,财产信托,55,1,1,1,1,李敖大哥大(1),信托、记者
李群玉,诗文出处,诗文出处,54,3,1,1,1,读史指南(3),书目作者表
陈师道,诗文出处,诗文出处,54,3,1,1,1,读史指南(3),书目作者表
丁度,诗文出处,诗文出处,54,2,1,1,1,读史指南(2),书目作者表
万春华,证人见证 / 见面,证人见证,54,2,2,1,2,李敖议坛哀思录(2),朋友
万树,诗文出处,诗文出处,54,2,1,1,1,读史指南(2),书目作者表
仇十洲,学术 / 神交引用,学术,54,2,2,2,2,传统下的独白(1)；李敖语录(1),
从张俊,姻亲,姻亲,54,2,1,1,2,李敖大哥大(2),妻、委员、民进党
令狐德棻,诗文出处,诗文出处,54,2,1,1,1,读史指南(2),书目作者表
何休,诗文出处,诗文出处,54,2,1,1,1,读史指南(2),书目作者表
何逊,诗文出处,诗文出处,54,2,1,1,1,读史指南(2),书目作者表
元结,诗文出处,诗文出处,54,2,1,1,1,读史指南(2),书目作者表
刘劭,诗文出处,诗文出处,54,2,1,1,1,读史指南(2),书目作者表
刘启光,媒体 / 政治人物 / 公共论战,媒体,54,2,2,2,2,为自由招魂(1)；李敖大哥大(1),
刘宝楠,诗文出处,诗文出处,54,2,1,1,1,读史指南(2),书目作者表
刘焉,政治人物 / 军事人物 / 神交引用,政治人物,54,2,2,2,2,传统下的独白(1)；大学日记后期甲集(1),
刘蜕,诗文出处,诗文出处,54,2,1,1,1,读史指南(2),书目作者表
卢仝,诗文出处,诗文出处,54,2,1,1,1,读史指南(2),书目作者表
卢纶,诗文出处 / 历史类比引用 / 神交引用,诗文出处,54,2,2,2,2,你笨蛋，你笨蛋(1)；李敖的情诗(1),
史炤,诗文出处,诗文出处,54,2,1,1,1,读史指南(2),书目作者表
吕横,诗文出处,诗文出处,54,2,1,1,1,读史指南(2),书目作者表
吕温,诗文出处,诗文出处,54,2,1,1,1,读史指南(2),书目作者表
吴兢,诗文出处,诗文出处,54,2,1,1,1,读史指南(2),书目作者表
吴文英,诗文出处,诗文出处,54,2,1,1,1,读史指南(2),书目作者表
吴普,诗文出处,诗文出处,54,2,1,1,1,读史指南(2),书目作者表
吴荣光,诗文出处,诗文出处,54,2,1,1,1,读史指南(2),书目作者表
吴莱,诗文出处,诗文出处,54,2,1,1,1,读史指南(2),书目作者表
吴锦丽,姻亲,姻亲,54,2,1,1,1,李敖秘密书房(2),见、夫人、研究、中央研究院、电视、总统
吴雯,诗文出处,诗文出处,54,2,1,1,1,读史指南(2),书目作者表
唐公房,宗教人物 / 神交引用,宗教人物,54,2,2,2,2,波波颂(1)；上山·上山·爱(1),
唐慎微,诗文出处,诗文出处,54,2,1,1,1,读史指南(2),书目作者表
姚遂,诗文出处,诗文出处,54,2,1,1,1,读史指南(2),书目作者表
姚铉,诗文出处,诗文出处,54,2,1,1,1,读史指南(2),书目作者表
姜夔,诗文出处,诗文出处,54,2,1,1,1,读史指南(2),书目作者表
孔安国,诗文出处,诗文出处,54,2,1,1,1,读史指南(2),书目作者表
孔广森,诗文出处,诗文出处,54,2,1,1,1,读史指南(2),书目作者表
孙万荣,军事人物 / 政治人物 / 神交引用,军事人物,54,2,2,2,2,李敖文存二集(1)；波波颂(1),
孙冯翼,诗文出处,诗文出处,54,2,1,1,1,读史指南(2),书目作者表
孙奭,诗文出处,诗文出处,54,2,1,1,1,读史指南(2),书目作者表
孙樵,诗文出处,诗文出处,54,2,1,1,1,读史指南(2),书目作者表
孙默,诗文出处,诗文出处,54,2,1,1,1,读史指南(2),书目作者表
孟昶,政治人物 / 神交引用,政治人物,54,2,2,2,2,李敖新刊(1)；千秋万岁乌鸦求是合集(1),
孟郊,诗文出处,诗文出处,54,2,1,1,1,读史指南(2),书目作者表
宗懔,诗文出处,诗文出处,54,2,1,1,1,读史指南(2),书目作者表
岑参,诗文出处,诗文出处,54,2,1,1,1,读史指南(2),书目作者表
崔致远,诗文出处,诗文出处,54,2,1,1,1,读史指南(2),书目作者表
崔豹,诗文出处,诗文出处,54,2,1,1,1,读史指南(2),书目作者表
庄水昆,军事人物 / 社会案件 / 情感,军事人物,54,2,2,2,2,李敖的情诗(1)；李敖情书集(1),
张云房,诗文出处,诗文出处,54,2,1,1,1,读史指南(2),书目作者表
张正常,宗教人物 / 神交引用,宗教人物,54,2,2,2,2,传统下的独白(1)；大学日记后期甲集(1),
张正随,宗教人物 / 神交引用,宗教人物,54,2,2,2,2,传统下的独白(1)；大学日记后期甲集(1),
张继先,宗教人物 / 神交引用,宗教人物,54,2,2,2,2,传统下的独白(1)；大学日记后期甲集(1),
张耒,诗文出处,诗文出处,54,2,1,1,1,读史指南(2),书目作者表
张读,学术 / 神交引用,学术,54,2,2,1,1,独白下的传统(2),读
张镇邦,同案狱友 / 朋友,同案狱友,54,2,2,1,1,我最难忘的事和人(2),朋友
徐幹,诗文出处,诗文出处,54,2,1,1,1,读史指南(2),书目作者表
徐楙,诗文出处,诗文出处,54,2,1,1,1,读史指南(2),书目作者表
惠洪,诗文出处,诗文出处,54,2,1,1,1,读史指南(2),书目作者表
戴表元,诗文出处,诗文出处,54,2,1,1,1,读史指南(2),书目作者表
房祺,诗文出处,诗文出处,54,2,1,1,1,读史指南(2),书目作者表
拉丝洛普,文艺音乐 / 出版 / 神交引用,文艺音乐,54,2,2,2,2,虚拟的十七岁(1)；为历史拨云(1),
明升,政治人物 / 神交引用,政治人物,54,2,2,2,2,李敖新刊(1)；李敖大哥大(1),
晁煜,同案狱友 / 监所医疗,同案狱友,54,2,2,2,2,李敖自传与回忆续集(1)；李敖回忆录(1),
曹贞吉,诗文出处,诗文出处,54,2,1,1,1,读史指南(2),书目作者表
曾慥,诗文出处,诗文出处,54,2,1,1,1,读史指南(2),书目作者表
朱孔彰,诗文出处,诗文出处,54,2,1,1,1,读史指南(2),书目作者表
朱彬,诗文出处,诗文出处,54,2,1,1,1,读史指南(2),书目作者表
权德舆,诗文出处,诗文出处,54,2,1,1,1,读史指南(2),书目作者表
李咸用,诗文出处,诗文出处,54,2,1,1,1,读史指南(2),书目作者表
李善,诗文出处,诗文出处,54,2,1,1,1,读史指南(2),书目作者表
李大伟,学术 / 公共论战,学术,54,2,2,2,2,求是新语(1)；李敖大哥大(1),
李尽忠,军事人物 / 政治人物 / 神交引用,军事人物,54,2,2,2,2,李敖文存二集(1)；波波颂(1),
李德裕,诗文出处,诗文出处,54,2,1,1,1,读史指南(2),书目作者表
李景,诗文出处,诗文出处,54,2,1,1,1,读史指南(2),书目作者表
李林松,诗文出处,诗文出处,54,2,1,1,1,读史指南(2),书目作者表
李百药,诗文出处,诗文出处,54,2,1,1,1,读史指南(2),书目作者表
杜道坚,诗文出处,诗文出处,54,2,1,1,1,读史指南(2),书目作者表
杨元感,政治人物 / 军事人物 / 神交引用,政治人物,54,2,2,2,2,李敖文存二集(1)；波波颂(1),
杨士勋,诗文出处,诗文出处,54,2,1,1,1,读史指南(2),书目作者表
杨朝英,诗文出处,诗文出处,54,2,1,1,1,读史指南(2),书目作者表
杨载,诗文出处,诗文出处,54,2,1,1,1,读史指南(2),书目作者表
林太守,司法人员 / 神交引用,司法人员,54,2,2,2,2,传统下的独白(1)；大学日记后期甲集(1),
柳开,诗文出处,诗文出处,54,2,1,1,1,读史指南(2),书目作者表
柳贯,诗文出处,诗文出处,54,2,1,1,1,读史指南(2),书目作者表
格林沃尔,出版 / 神交引用,出版,54,2,2,1,1,为中国思想趋向求答案(2),文学
欧阳詹,诗文出处,诗文出处,54,2,1,1,1,读史指南(2),书目作者表
武陵王纪,政治人物 / 神交引用,政治人物,54,2,2,2,2,李敖文存二集(1)；波波颂(1),
段成式,诗文出处,诗文出处,54,2,1,1,1,读史指南(2),书目作者表
段长基,诗文出处,诗文出处,54,2,1,1,1,读史指南(2),书目作者表
殷璠,诗文出处,诗文出处,54,2,1,1,1,读史指南(2),书目作者表
毕沅,诗文出处,诗文出处,54,2,1,1,1,读史指南(2),书目作者表
毛晋,诗文出处,诗文出处,54,2,1,1,1,读史指南(2),书目作者表
汪曰桢,诗文出处,诗文出处,54,2,1,1,1,读史指南(2),书目作者表
汪琬,诗文出处,诗文出处,54,2,1,1,1,读史指南(2),书目作者表
沈亚之,诗文出处,诗文出处,54,2,1,1,1,读史指南(2),书目作者表
洪兴祖,诗文出处,诗文出处,54,2,1,1,1,读史指南(2),书目作者表
浦起龙,诗文出处,诗文出处,54,2,1,1,1,读史指南(2),书目作者表
焦延寿,诗文出处,诗文出处,54,2,1,1,1,读史指南(2),书目作者表
王恽,诗文出处,诗文出处,54,2,1,1,1,读史指南(2),书目作者表
王棠,学术 / 神交引用,学术,54,2,2,2,2,传统下的独白(1)；大学日记后期甲集(1),
王沂孙,诗文出处,诗文出处,54,2,1,1,1,读史指南(2),书目作者表
王诩,诗文出处,诗文出处,54,2,1,1,1,读史指南(2),书目作者表
王隆,诗文出处,诗文出处,54,2,1,1,1,读史指南(2),书目作者表
皇甫嵩,军事人物 / 神交引用,军事人物,54,2,2,2,2,传统下的独白(1)；大学日记后期甲集(1),
皇甫湜,诗文出处,诗文出处,54,2,1,1,1,读史指南(2),书目作者表
盖摩,科学家 / 神交引用,科学家,54,2,2,1,1,虚拟的十七岁(2),朋友
穆修,诗文出处,诗文出处,54,2,1,1,1,读史指南(2),书目作者表
章樵,诗文出处,诗文出处,54,2,1,1,1,读史指南(2),书目作者表
罗泌,诗文出处,诗文出处,54,2,1,1,1,读史指南(2),书目作者表
罗隐,诗文出处,诗文出处,54,2,1,1,1,读史指南(2),书目作者表
翁元圻,诗文出处,诗文出处,54,2,1,1,1,读史指南(2),书目作者表
胡培载,诗文出处,诗文出处,54,2,1,1,1,读史指南(2),书目作者表
臧懋循,诗文出处,诗文出处,54,2,1,1,1,读史指南(2),书目作者表
舒梦兰,诗文出处,诗文出处,54,2,1,1,1,读史指南(2),书目作者表
芮挺苇,诗文出处,诗文出处,54,2,1,1,1,读史指南(2),书目作者表
苏伯衡,诗文出处,诗文出处,54,2,1,1,1,读史指南(2),书目作者表
苏天爵,诗文出处,诗文出处,54,2,1,1,1,读史指南(2),书目作者表
苏洵,诗文出处,诗文出处,54,2,1,1,1,读史指南(2),书目作者表
范寗,诗文出处,诗文出处,54,2,1,1,1,读史指南(2),书目作者表
范梈,诗文出处,诗文出处,54,2,1,1,1,读史指南(2),书目作者表
荀况,诗文出处,诗文出处,54,2,1,1,1,读史指南(2),书目作者表
萧子响,政治人物 / 神交引用,政治人物,54,2,2,2,2,李敖文存二集(1)；波波颂(1),
董炎良,通信,通信,54,2,1,1,1,李敖情书集(2),认识、寄给、朋友
袁康,诗文出处,诗文出处,54,2,1,1,1,读史指南(2),书目作者表
袁枢,诗文出处,诗文出处,54,2,1,1,1,读史指南(2),书目作者表
袁桷,诗文出处,诗文出处,54,2,1,1,1,读史指南(2),书目作者表
计有功,诗文出处,诗文出处,54,2,1,1,1,读史指南(2),书目作者表
许梿,诗文出处,诗文出处,54,2,1,1,1,读史指南(2),书目作者表
许浑,诗文出处,诗文出处,54,2,1,1,1,读史指南(2),书目作者表
谭廷献,诗文出处,诗文出处,54,2,1,1,1,读史指南(2),书目作者表
贝琼,诗文出处,诗文出处,54,2,1,1,1,读史指南(2),书目作者表
赵岐,诗文出处,诗文出处,54,2,1,1,1,读史指南(2),书目作者表
赵执信,诗文出处,诗文出处,54,2,1,1,1,读史指南(2),书目作者表
赵晔,诗文出处,诗文出处,54,2,1,1,1,读史指南(2),书目作者表
赵玲玲,学术 / 公共论战,学术,54,2,2,2,2,求是新语(1)；李敖书启集(1),
邱处机,诗文出处,诗文出处,54,2,1,1,1,读史指南(2),书目作者表
郁金堂,神交引用,神交引用,54,2,1,2,2,你笨蛋，你笨蛋(1)；一个预备军官的日记(1),像
郑珍,诗文出处,诗文出处,54,2,1,1,1,读史指南(2),书目作者表
郭茂倩,诗文出处,诗文出处,54,2,1,1,1,读史指南(2),书目作者表
郭麐,诗文出处,诗文出处,54,2,1,1,1,读史指南(2),书目作者表
采蘅子,学术 / 神交引用,学术,54,2,2,2,2,传统下的独白(1)；为中国思想趋向求答案(1),
钟文烝,诗文出处,诗文出处,54,2,1,1,1,读史指南(2),书目作者表
钱贪污,司法人员,司法人员,54,2,1,1,2,李敖大哥大(2),法官、政治
阮阅,诗文出处,诗文出处,54,2,1,1,1,读史指南(2),书目作者表
陆贽,诗文出处,诗文出处,54,2,1,1,1,读史指南(2),书目作者表
陈寿祺,诗文出处,诗文出处,54,2,1,1,1,读史指南(2),书目作者表
陈澧,诗文出处,诗文出处,54,2,1,1,1,读史指南(2),书目作者表
陈立,诗文出处,诗文出处,54,2,1,1,1,读史指南(2),书目作者表
陈维崧,诗文出处,诗文出处,54,2,1,1,1,读史指南(2),书目作者表
陈逸安,亲属,亲属,54,2,1,1,2,李敖秘密书房(2),妈妈
陈鹤,诗文出处,诗文出处,54,2,1,1,1,读史指南(2),书目作者表
露易莎,政治人物 / 历史类比引用 / 神交引用,政治人物,54,2,2,1,1,爱情的秘密(2),诗
靳荣藩,诗文出处,诗文出处,54,2,1,1,1,读史指南(2),书目作者表
韩婴,诗文出处,诗文出处,54,2,1,1,1,读史指南(2),书目作者表
顾野王,诗文出处,诗文出处,54,2,1,1,1,读史指南(2),书目作者表
马总,诗文出处,诗文出处,54,2,1,1,1,读史指南(2),书目作者表
马新贻,政治人物 / 军事人物 / 社会案件 / 历史类比引用,政治人物,54,2,2,2,2,第73烈士(1)；为历史拨云(1),
高仲武,诗文出处,诗文出处,54,2,1,1,1,读史指南(2),书目作者表
高似孙,诗文出处,诗文出处,54,2,1,1,1,读史指南(2),书目作者表
高启,诗文出处,诗文出处,54,2,1,1,1,读史指南(2),书目作者表
魏毅生,情治警务 / 朋友 / 见面,情治警务,54,2,2,1,1,我最难忘的事和人(2),朋友
黄升,诗文出处,诗文出处,54,2,1,1,1,读史指南(2),书目作者表
黄善夫,出版 / 神交引用,出版,54,2,2,2,2,李敖文存(1)；要把金针度与人(1),
黄汝成,诗文出处,诗文出处,54,2,1,1,1,读史指南(2),书目作者表
黄滔,诗文出处,诗文出处,54,2,1,1,1,读史指南(2),书目作者表
黄燮,诗文出处,诗文出处,54,2,1,1,1,读史指南(2),书目作者表
黎庶昌,诗文出处,诗文出处,54,2,1,1,1,读史指南(2),书目作者表
齐召南,诗文出处,诗文出处,54,2,1,1,1,读史指南(2),书目作者表
齐己,诗文出处,诗文出处,54,2,1,1,1,读史指南(2),书目作者表
龚鼎孳,诗文出处,诗文出处,54,2,1,1,1,读史指南(2),书目作者表
AB座邻居（李敖书启集）,邻居 / 社会案件 / 财产债务 / 称谓待考,邻居,54,1,1,1,1,李敖书启集(1),致AB座邻居
Cathy Pilli,同学 / 创作资料协助,同学,54,1,1,1,1,坐牢家爸爸给女儿的八十封信(1),Cathy Pilli
Harold Isaacs,媒体 / 诗文出处 / 历史类比引用,媒体,54,1,1,1,1,中国现代史定论(1),Harold Isaacs返港
Hyacinth,宗教人物 / 诗文出处 / 学术考证引用 / 历史类比引用,宗教人物,54,1,1,1,1,中国近代史新论(1),俄国传教士Hyacinth的实地调查
Immanuel C.Y.Hsu,诗文出处 / 学术 / 历史类比引用,诗文出处,54,1,1,1,1,中国现代史正论(1),Immanuel C.Y.Hsu: The Rise of Modern China
Leslie（旅美六人）,通信 / 创作资料协助 / 称谓待考,通信,54,1,1,1,1,李敖札记(1),会云、黄三、继梅、以棋、绪华、Leslie
Lyman P. Van Slyke,诗文出处 / 学术 / 历史类比引用,诗文出处,54,1,1,1,1,中国现代史正论(1),Lyman P. Van Slyke: Enemies and Friends
Lynn A. Miles,出版 / 创作资料协助,出版,54,1,1,1,1,李敖书札集(1),陈平景与Lynn A. Miles
MISS张,情感 / 称谓待考,情感,54,1,1,1,1,大学日记后期乙集(1),MISS张
MISS苏,情感 / 称谓待考,情感,54,1,1,1,1,大学日记后期乙集(1),MISS苏
Maria Halpin,情感 / 历史类比引用 / 神交引用,情感,54,1,1,1,1,坐牢家爸爸给女儿的八十封信(1),Maria Halpin小姐
Mr. Arms（台糖公司顾问）,创作资料协助 / 历史类比引用 / 称谓待考,创作资料协助,54,1,1,1,1,李敖书牍集(1),由台糖公司顾问Mr. Arms陪如玲及我
Mrs. S. J. Hale,编辑 / 诗文出处 / 历史类比引用 / 神交引用,编辑,54,1,1,1,1,坐牢家爸爸给女儿的八十封信(1),女编辑Mrs. S. J. Hale
Stone,情感 / 见面 / 称谓待考,情感,54,1,1,1,1,大学日记后期乙集(1),Stone
□□教授（李敖书笺集）,学术 / 通信 / 称谓待考,学术,54,1,1,1,1,李敖书笺集(1),□□教授我兄道鉴
一位正常女子（李敖书函集）,通信 / 创作资料协助 / 称谓待考,通信,54,1,1,1,1,李敖书函集(1),一位正常女子 敬上
丁林玉贵,司法人员 / 见面,司法人员,54,1,1,1,1,李敖五五日记(1),送十一庭丁林玉贵书
丁树声,学术 / 神交引用,学术,54,1,1,1,1,我梦碎，所以我梦醒(1),研究、中央研究院、古人、先生
丁锦清,司法人员 / 诉讼,司法人员,54,1,1,1,1,李敖书启集(1),法官、法院
三爷（李敖书翰集）,创作资料协助 / 通信 / 称谓待考,创作资料协助,54,1,1,1,1,李敖书翰集(1),可转告三爷
丘雍,诗文出处,诗文出处,54,1,1,1,1,读史指南(1),书目作者表
严家诰,同案狱友,同案狱友,54,1,1,1,1,我最难忘的事和人(1),见、牢房
严正谴,师生,师生,54,1,1,1,1,李敖大哥大(1),教授
中央日报案被告律师（五五日记）,律师代理 / 诉讼 / 称谓待考,律师代理,54,1,1,1,1,李敖五五日记(1),被告律师都当庭表示
中央研究院一员（李敖书翰集）,通信 / 学术 / 称谓待考,通信,54,1,1,1,1,李敖书翰集(1),回信给中央研究院的一员
中村久四郎,学术 / 诗文出处 / 学术考证引用 / 历史类比引用,学术,54,1,1,1,1,中国近代史新论(1),中村久四郎著《耕织图》
主父偃,政治人物 / 历史类比引用 / 神交引用,政治人物,54,1,1,1,1,中国命研究(1),主父偃偷了这篇稿子
乐广,政治人物 / 学术 / 历史类比引用 / 神交引用,政治人物,54,1,1,1,1,为历史拨云(1),《晋书乐广传》
乔治·德克梅吉恩,政治人物 / 公共论战,政治人物,54,1,1,1,1,李敖札记(1),乔治·德克梅吉恩
乔磊,媒体 / 见面,媒体,54,1,1,1,1,李敖访谈录1990-2018(1),乔磊
九仙,军校学生 / 见面 / 称谓待考,军校学生,54,1,1,1,1,一个预备军官的日记(1),九仙
二姐夫（李敖书翰集）,亲属 / 创作资料协助 / 称谓待考,亲属,54,1,1,1,1,李敖书翰集(1),二姐夫为我的努力失败
于申德,姻亲 / 亲属,姻亲,54,1,1,1,1,李敖回忆录(1),夫人、政治
云儿（红楼梦）,虚拟人物 / 小说剧本人物 / 历史类比引用,虚拟人物,54,1,1,1,1,中国性研究(1),云儿笑道
五十年党员同志（李敖书牍集）,政治人物 / 创作资料协助 / 选举助选 / 称谓待考,政治人物,54,1,1,1,1,李敖书牍集(1),有一位跟我相识已经将近五十年的“党员同志”
五姨（五五日记）,亲属 / 见面 / 称谓待考,亲属,54,1,1,1,1,李敖五五日记(1),朱校长、五姨、叶建丽夫妇、兆扬夫妇、张牙医夫妇、小屯
五官王,虚拟人物 / 宗教人物 / 小说剧本人物 / 历史类比引用,虚拟人物,54,1,1,1,1,中国命研究(1),秦广王、初江王、宋帝王、忤官王、阎罗王
亨利福特二世,财产债务 / 历史类比引用 / 神交引用,财产债务,54,1,1,1,1,李敖书简集(1),董事长亨利福特二世
亨利（李敖书笺集）,通信 / 朋友 / 同案狱友 / 称谓待考,通信,54,1,1,1,1,李敖书笺集(1),亨利老兄：
京房,诗文出处,诗文出处,54,1,1,1,1,读史指南(1),书目作者表
介子推,历史类比引用 / 政治人物 / 神交引用,历史类比引用,54,1,1,1,1,读史指南(1),褒姒的笑、管仲的智、齐桓的信、曹沫的无赖、晏蛾儿的愚忠、介子推的清高、晏子的识大体、伍子胥的鞭尸、苏秦的合纵、蔺相如的完璧归赵
从事抗,姻亲,姻亲,54,1,1,1,1,千秋万岁乌鸦求是合集(1),结婚、检察官、党部、特务
以棋,通信 / 创作资料协助 / 称谓待考,通信,54,1,1,1,1,李敖札记(1),会云、黄三、继梅、以棋、绪华、Leslie
仰慕阁,监狱行政,监狱行政,54,1,1,1,1,挑战李敖(1),秘书、主席、党部
任阁揆,学术行政,学术行政,54,1,1,1,1,千秋万岁乌鸦求是合集(1),见、院长、法院、总统、国民党
伊丽莎白·泰勒,媒体 / 文艺音乐 / 朋友,媒体,54,1,1,1,1,李敖札记(1),伊丽莎白泰勒
伊冯娜,姻亲,姻亲,54,1,1,1,1,李敖秘密书房(1),结婚
伊拉斯莫斯,诗文出处 / 学术 / 历史类比引用 / 神交引用,诗文出处,54,1,1,1,1,李敖情书集(1),伊拉斯莫斯
伊芙·居里,诗文出处 / 亲属 / 历史类比引用 / 神交引用,诗文出处,54,1,1,1,1,坐牢家爸爸给女儿的八十封信(1),小女儿Eve
伊雷娜·居里,科学家 / 亲属 / 历史类比引用 / 神交引用,科学家,54,1,1,1,1,坐牢家爸爸给女儿的八十封信(1),大女儿Iréne
伍夫维兹,政治人物 / 公共论战,政治人物,54,1,1,1,1,李敖札记(1),伍夫维兹
伏格尔,师生,师生,54,1,1,1,1,李敖五五日记(1),访问、教授、大学、主席
伏胜,诗文出处,诗文出处,54,1,1,1,1,读史指南(1),书目作者表
休斯,财产债务 / 历史类比引用 / 神交引用,财产债务,54,1,1,1,1,李敖书笺集(1),休斯（Howard Hughes）
伯希和,学术 / 诗文出处 / 学术考证引用 / 历史类比引用 / 神交引用,学术,54,1,1,1,1,读史指南(1),由伯希和（M. Paul Pelliot）
伯里克利斯,政治人物 / 历史类比引用 / 神交引用,政治人物,54,1,1,1,1,为历史拨云(1),雅典政治家伯里克利斯
何名隽,亲属 / 历史类比引用 / 神交引用,亲属,54,1,1,1,1,中国迷信新研(1),贡士何名隽女/姑/姑久病医药不效/割臂肉疗之
何尚宝遵,亲属 / 历史类比引用 / 神交引用,亲属,54,1,1,1,1,中国迷信新研(1),何尚宝遵之后/夫及母/夫病、母病/两次刲股以进
何平,亲属 / 财产债务,亲属,54,1,1,1,1,李敖书序集续集(1),何平
何晏,诗文出处,诗文出处,54,1,1,1,1,读史指南(1),书目作者表
何超,诗文出处,诗文出处,54,1,1,1,1,读史指南(1),书目作者表
何辑五,神交引用,神交引用,54,1,1,1,1,我梦碎，所以我梦醒(1),见、晤、弟弟、先生
余主管,刑求人员 / 称谓待考,刑求人员,54,1,1,1,1,李敖自传与回忆续集(1),皮鞭打
余代行,学术行政,学术行政,54,1,1,1,1,千秋万岁乌鸦求是合集(1),见、院长、法院
余谈死,学术行政,学术行政,54,1,1,1,1,千秋万岁乌鸦求是合集(1),见、院长、法院
佩里克利斯,政治人物 / 历史类比引用 / 神交引用,政治人物,54,1,1,1,1,李敖书笺集(1),佩里克利斯（Pericles）
便衣人员（秘藏日记）,情治警务 / 机构警卫 / 称谓待考,情治警务,54,1,1,1,1,李敖秘藏日记(1),管区警察和一便衣
保安队陈姓者（李敖书翰集）,情治警务 / 公职人员 / 称谓待考,情治警务,54,1,1,1,1,李敖书翰集(1),保安队一陈姓者
信疆（李敖札记）,诉讼 / 见面 / 创作资料协助 / 称谓待考,诉讼,54,1,1,1,1,李敖札记(1),信疆在座
倚马,诗文出处 / 媒体 / 历史类比引用,诗文出处,54,1,1,1,1,中国现代史定论(1),012/倚马/蒋光鼐向人民捐献
傅专,政治异议者 / 朋友 / 历史类比引用,政治异议者,54,1,1,1,1,中国近代史新论(1),与刘泽湘、史良、傅专辈游
傅岳芬,政治人物,政治人物,54,1,1,1,1,李敖新刊(1),报纸、总统、政府、读
傅振伦,学术 / 诗文出处 / 历史类比引用,学术,54,1,1,1,1,李敖书笺集(1),傅编纂振伦
僧佑,诗文出处,诗文出处,54,1,1,1,1,读史指南(1),书目作者表
克劳塞维茨,诗文出处 / 军事人物 / 历史类比引用 / 神交引用,诗文出处,54,1,1,1,1,李敖Talk秀(1),CLAUSEWITZ
克洛包得金,科学家 / 探险航行 / 诗文出处 / 历史类比引用,科学家,54,1,1,1,1,中国近代史新论(1),米登道甫、克洛包得金
克莱斯特,诗文出处 / 历史类比引用 / 神交引用,诗文出处,54,1,1,1,1,李敖书笺集(1),克莱斯特（Henrich von Kleist）
党史工,监狱行政,监狱行政,54,1,1,1,1,千秋万岁乌鸦求是合集(1),学术、秘书、委员、国民党
全书达,编辑,编辑,54,1,1,1,1,千秋万岁乌鸦求是合集(1),发行、主编、总统、思想
六姑家小表妹（坐牢家爸爸）,亲属 / 创作资料协助 / 称谓待考,亲属,54,1,1,1,1,坐牢家爸爸给女儿的八十封信(1),六姑家的小表妹
六姑父（坐牢家爸爸）,亲属 / 创作资料协助 / 称谓待考,亲属,54,1,1,1,1,坐牢家爸爸给女儿的八十封信(1),像六姑父一样
关瑞熊,出版 / 同学,出版,54,1,1,1,1,教育与脸谱(1),同学、编辑、总编辑、出版、读
关详情,政治人物,政治人物,54,1,1,1,1,千秋万岁乌鸦求是合集(1),总统、委员
兵介仕,政治人物 / 政治异议者 / 见面,政治人物,54,1,1,1,1,李敖秘藏日记(1),兵介仕
冀朝鼎,学术 / 公职人员 / 公共论战 / 历史类比引用,学术,54,1,1,1,1,中国现代史定论(1),冀朝鼎之流的杰作
冒守康,同案狱友 / 刑求受害 / 人权救援,同案狱友,54,1,1,1,1,李敖书简集(1),名字是张汉旗、江林成、彭锡龙、赖鼎明、周太元、詹存贤、钟春雄、冒守康、李芳山、江荣仓、高政雄、吴宜铭、陈金皇
冯碧,亲属 / 历史类比引用 / 神交引用,亲属,54,1,1,1,1,中国迷信新研(1),冯碧妻/母/母病/夜祷天地持刀割股
冯胜,军事人物 / 政治人物 / 历史类比引用 / 神交引用,军事人物,54,1,1,1,1,读史指南(1),李善长、胡惟庸、蓝玉、傅友德、冯胜
冯贤贤,见面,见面,54,1,1,1,1,挑战李敖(1),拜访、到我家、电话、助理、家里、电视、总统、公共
冷枚,文艺音乐 / 历史类比引用 / 神交引用,文艺音乐,54,1,1,1,1,中国近代史新论(1),冷枚与陈枚各以绘耕织图见称
凃冬和,政治人物 / 公职人员 / 人权救援 / 创作资料协助,政治人物,54,1,1,1,1,李敖书札集(1),凃冬和议员
凌旻,亲属 / 历史类比引用 / 神交引用,亲属,54,1,1,1,1,中国迷信新研(1),诸生凌旻妻/姑/姑病
刑天,虚拟人物 / 历史类比引用 / 神交引用,虚拟人物,54,1,1,1,1,李敖随写录后集(1),刑天
刘乃仁,学术行政,学术行政,54,1,1,1,1,波波颂(1),院长、委员
刘伟民,同案狱友 / 刑求受害,同案狱友,54,1,1,1,1,李敖自传与回忆续集(1),绑担架、检察官
刘千云,媒体 / 出版 / 诉讼 / 公共论战,媒体,54,1,1,1,1,你是景福门(1),发行、杂志、政府、宣传
刘君（武大CY）,左派转向 / 党务宣传 / 证人见证 / 历史类比引用,左派转向,54,1,1,1,1,中国现代史定论(1),参加谈话的，还有武大的一位刘君
刘国祯,亲属 / 历史类比引用 / 神交引用,亲属,54,1,1,1,1,中国迷信新研(1),葛氏/诸生刘国祯妻
刘季兴,亲属 / 历史类比引用 / 神交引用,亲属,54,1,1,1,1,中国迷信新研(1),刘季兴妻/姑/姑病
刘志聪,司法人员 / 诉讼,司法人员,54,1,1,1,1,李敖五五日记(1),刘志聪
刘文龙,媒体 / 见面,媒体,54,1,1,1,1,李敖秘藏日记(1),刘文龙
刘斗墟,学术 / 创作资料协助 / 历史类比引用,学术,54,1,1,1,1,中国近代史新论(1),时刘公斗墟在座
刘昆耀,亲属 / 历史类比引用 / 神交引用,亲属,54,1,1,1,1,中国迷信新研(1),诸生刘昆耀女胡仕俊妻
刘明堂,媒体 / 公共论战,媒体,54,1,1,1,1,你是景福门(1),记者、报导、政府
刘明奎,军事人物,军事人物,54,1,1,1,1,李敖随写录前集(1),刘副师长明奎
刘淑芳,诗文出处 / 公共论战,诗文出处,54,1,1,1,1,李敖书函集(1),凤山刘淑芳
刘焦林,见面,见面,54,1,1,1,1,李敖五五日记(1),访问、碰到
刘燕,见面,见面,54,1,1,1,1,李敖大哥大(1),见、见面、朋友、杂志、文星、记者
刘瑞琳,师生 / 创作资料协助,师生,54,1,1,1,1,李敖书函集(1),谢谢廖美翔、陈静芳和刘瑞琳老师
刘缜华,政治人物 / 公职人员 / 军事人物 / 历史类比引用,政治人物,54,1,1,1,1,李敖书牍集(1),安徽省刘主席缜华
刘美人（李敖书笺集）,通信 / 称谓待考,通信,54,1,1,1,1,李敖书笺集(1),电话
刘钧,政治人物 / 公职人员 / 历史类比引用 / 神交引用,政治人物,54,1,1,1,1,中国迷信新研(1),刘孝忠，并州太原人
刘颜,亲属 / 历史类比引用 / 神交引用,亲属,54,1,1,1,1,中国迷信新研(1),贡士刘颜女王康臣妻
初江王,虚拟人物 / 宗教人物 / 小说剧本人物 / 历史类比引用,虚拟人物,54,1,1,1,1,中国命研究(1),秦广王、初江王、宋帝王、忤官王、阎罗王
别人纠,师生,师生,54,1,1,1,1,李敖秘密书房(1),教授
别政坛,政治人物,政治人物,54,1,1,1,1,李敖秘密书房(1),委员、立委
别替胡,师生,师生,54,1,1,1,1,挑战李敖(1),老师、政治、先生
刹利帝菩提多罗,宗教人物 / 历史类比引用 / 神交引用,宗教人物,54,1,1,1,1,读史指南(1),“雷公”名“江赫沖”“阎王爷”名“闪多”“达摩”名“刹利帝菩提多罗”
加恩,诗文出处 / 学术考证引用 / 历史类比引用,诗文出处,54,1,1,1,1,中国近代史新论(1),据加恩的说法，萨瓦在北京
努尔哈赤,政治人物 / 军事人物 / 历史类比引用 / 神交引用,政治人物,54,1,1,1,1,读史指南(1),太祖努尔哈赤、太宗皇太极、世祖顺治
勃兰特,政治人物 / 政治异议者 / 历史类比引用 / 神交引用,政治人物,54,1,1,1,1,坐牢家爸爸给女儿的八十封信(1),西德的总理勃兰特
包括施,亲属,亲属,54,1,1,1,1,李敖秘密书房(1),编辑、姐姐
包珈忆,亲属,亲属,54,1,1,1,1,李敖大哥大(1),家里、总统
北岛,诗文出处 / 出版 / 历史类比引用 / 神交引用,诗文出处,54,1,1,1,1,李敖访谈录1990-2018(1),北岛
医缓,医疗照护 / 历史类比引用 / 称谓待考 / 神交引用,医疗照护,54,1,1,1,1,中国迷信新研(1),秦国派名叫“缓”的医生去治
华严,诗文出处 / 出版 / 公共论战,诗文出处,54,1,1,1,1,李敖书简集(1),严侨（华严的哥哥）
华宇,亲属 / 历史类比引用 / 神交引用,亲属,54,1,1,1,1,中国迷信新研(1),诸生华宇妻/姑/姑感中风疾
华德医生,社会案件 / 历史类比引用 / 公共论战 / 神交引用,社会案件,54,1,1,1,1,李敖书札集(1),皮条客华德医生
单姓警员,情治警务 / 见面 / 称谓待考,情治警务,54,1,1,1,1,早年日记(1),姓单
卞璘,亲属 / 历史类比引用 / 神交引用,亲属,54,1,1,1,1,中国迷信新研(1),邑绅卞璘妻/夫/夫染时疫
卡拉普,虚拟人物 / 文艺音乐 / 历史类比引用,虚拟人物,54,1,1,1,1,李敖书笺集(1),小偷卡拉普的女友
卡蜜儿,文艺音乐 / 情感 / 历史类比引用 / 神交引用,文艺音乐,54,1,1,1,1,李敖Talk秀(1),罗丹与卡蜜儿
卢翼,亲属 / 历史类比引用 / 神交引用,亲属,54,1,1,1,1,中国迷信新研(1),俞氏/节判卢翼之妾
卢辩,诗文出处,诗文出处,54,1,1,1,1,读史指南(1),书目作者表
厂民,诗文出处 / 历史类比引用,诗文出处,54,1,1,1,1,中国现代史定论(1),004/厂民/当代中国人物志（二十六年）
古亭女中老师（李敖书翰集）,师生 / 创作资料协助 / 称谓待考,师生,54,1,1,1,1,李敖书翰集(1),她的老师告诉黄雪邨的小儿子的大舅子的
古应芬,政治人物,政治人物,54,1,1,1,1,李敖新刊(1),总统、政府、国民党、读、先生
台中法院法官（五五日记）,司法人员 / 诉讼 / 称谓待考,司法人员,54,1,1,1,1,李敖五五日记(1),台中法院法官来电
台凤怎,财产债务,财产债务,54,1,1,1,1,李敖秘密书房(1),土地
台北市自来水厂职员（李敖书翰集）,公职人员 / 通信 / 诉讼 / 创作资料协助 / 称谓待考,公职人员,54,1,1,1,1,李敖书翰集(1),贵厂曾派一职员
台商等,政治人物,政治人物,54,1,1,1,1,挑战李敖(1),主席、委员、所谓
台海带,政治人物,政治人物,54,1,1,1,1,挑战李敖(1),总统、部长
台湾铁路管理局局长（李敖书笺集）,公职人员 / 通信 / 社会案件 / 称谓待考,公职人员,54,1,1,1,1,李敖书笺集(1),台湾铁路管理局局长先生
台银去,财产债务,财产债务,54,1,1,1,1,挑战李敖(1),支票、秘书
台银董,监狱行政,监狱行政,54,1,1,1,1,千秋万岁乌鸦求是合集(1),秘书、委员
史东,媒体 / 出版 / 历史类比引用 / 神交引用,媒体,54,1,1,1,1,李敖报刊集(1),史东的报纸
史密斯同学（寓言人物）,虚拟人物 / 小说剧本人物 / 神交引用,虚拟人物,54,1,1,1,1,大学札记(1),学生、同学
史德两,姻亲,姻亲,54,1,1,1,1,挑战李敖(1),结婚
史紫忱,姻亲,姻亲,54,1,1,1,1,李敖快意恩仇录(1),夫人、特务、国民党、主义、先生
史通,同案狱友 / 创作资料协助 / 通信,同案狱友,54,1,1,1,1,中国性研究(1),史通看了，写信给我
右军,诗文出处 / 历史类比引用,诗文出处,54,1,1,1,1,李敖书序集续集(1),右军
叶建廷,司法人员,司法人员,54,1,1,1,1,李敖大哥大(1),见、法官、法院
叶明阳,学术行政,学术行政,54,1,1,1,1,李敖大哥大(1),认识、研究、院长
叶海烟,学术 / 学术行政 / 公共论战,学术,54,1,1,1,1,挑战李敖(1),校长刘源俊那里抗议
司机如,姻亲,姻亲,54,1,1,1,1,千秋万岁乌鸦求是合集(1),太太
司机谢,姻亲,姻亲,54,1,1,1,1,千秋万岁乌鸦求是合集(1),告诉我、太太、国民党、先生
司法怎,学术行政,学术行政,54,1,1,1,1,挑战李敖(1),院长、法院、国民党
司马曜,政治人物 / 历史类比引用 / 神交引用,政治人物,54,1,1,1,1,读史指南(1),东晋孝武帝司马曜
同治,政治人物 / 公职人员 / 历史类比引用 / 神交引用,政治人物,54,1,1,1,1,中国迷信新研(1),清穆宗同治即位后，他的亲生母懿贵妃
吕南,亲属 / 历史类比引用 / 神交引用,亲属,54,1,1,1,1,中国迷信新研(1),庄氏/吕南妻
吕小姐（求是报）,媒体 / 编辑 / 通信 / 创作资料协助 / 称谓待考,媒体,54,1,1,1,1,李敖书函集(1),报社吕小姐转告
吕德又,通信,通信,54,1,1,1,1,李敖情书集(1),来信、朋友、秘书
吴宁,亲属 / 历史类比引用 / 神交引用,亲属,54,1,1,1,1,中国迷信新研(1),侍郞吴宁女/姑/姑疾亟
吴实,亲属 / 历史类比引用 / 神交引用,亲属,54,1,1,1,1,中国迷信新研(1),芮氏/吴实妻
吴家玮,学术,学术,54,1,1,1,1,我最难忘的事和人(1),学者、大学、说过、先生
吴戈卿,见面,见面,54,1,1,1,1,李敖五五日记(1),见、一起、记者
吴楼,亲属 / 历史类比引用 / 神交引用,亲属,54,1,1,1,1,中国迷信新研(1),吴楼女/父/父病殆
吴琳,社会案件 / 历史类比引用 / 神交引用 / 亲属,社会案件,54,1,1,1,1,中国迷信新研(1),周氏，郡庠生吴琳妻
吴稚晖,神交引用 / 出版,神交引用,54,1,1,1,1,为历史拨云(1),他的朋友陈颂平先生
吴章炯,刑求人员,刑求人员,54,1,1,1,1,李敖颠倒众生(1),朋友、保安处、警备总部、中将、司令
吴茂先,情治警务,情治警务,54,1,1,1,1,我最难忘的事和人(1),太太、所长
吴谦仁,司法人员 / 诉讼,司法人员,54,1,1,1,1,李敖回忆录(1),法官
员霖（李敖书信集）,通信 / 称谓待考,通信,54,1,1,1,1,李敖书信集(1),员霖兄好
周伯温,文艺音乐 / 历史类比引用,文艺音乐,54,1,1,1,1,李敖随写录后集(1),周伯温
周吴秋冬,亲属 / 财产债务 / 社会案件,亲属,54,1,1,1,1,李敖秘密书房(1),周吴秋冬是周百炼监察院院长的太太
周埕,亲属 / 历史类比引用 / 神交引用,亲属,54,1,1,1,1,中国迷信新研(1),周埕妻/姑/姑病危
周增,亲属 / 历史类比引用 / 神交引用,亲属,54,1,1,1,1,中国迷信新研(1),李咸英/周增妻
周小妹（江绍原小品例名）,虚拟人物 / 历史类比引用,虚拟人物,54,1,1,1,1,为历史拨云(1),打倒周小妹
周念行,出版 / 朋友,出版,54,1,1,1,1,我最难忘的事和人(1),牢房、读、先生
周斌,军事人物 / 被害人 / 历史类比引用,军事人物,54,1,1,1,1,李敖书笺集(1),周斌团长
周祥,亲属 / 历史类比引用 / 神交引用,亲属,54,1,1,1,1,中国迷信新研(1),周祥妻/姑/姑病不起方士曰人肝方可疗
和钟庸,亲属,亲属,54,1,1,1,1,千秋万岁乌鸦求是合集(1),校对、朋友、爸爸、研究、台大、文学、先生
哈维,科学家 / 历史类比引用 / 神交引用,科学家,54,1,1,1,1,坐牢家爸爸给女儿的八十封信(1),哈维（William Harvey）
哈都赤,社会案件 / 亲属 / 医疗照护 / 宗教人物 / 历史类比引用 / 神交引用,社会案件,54,1,1,1,1,中国迷信新研(1),哈都赤，大都固安州人
唐仲友,学术 / 创作资料协助 / 历史类比引用 / 神交引用,学术,54,1,1,1,1,历史与人像(1),见、教授、妻、诗
唐处长（新闻处）,公职人员 / 见面 / 称谓待考,公职人员,54,1,1,1,1,李敖札记(1),唐处长不在
唐荫,亲属 / 公职人员 / 医疗照护 / 历史类比引用 / 神交引用,亲属,54,1,1,1,1,中国迷信新研(1),唐俨，全州诸生也
商纣,历史类比引用 / 政治人物 / 神交引用,历史类比引用,54,1,1,1,1,中国性研究(1),商纣是以“荧惑女宠”妲己亡了国
商高,科学家 / 学术 / 历史类比引用 / 神交引用,科学家,54,1,1,1,1,要把金针度与人(1),周公与商高（商朝的旧贵族）的对话
喀喇,学术 / 创作资料协助 / 历史类比引用,学术,54,1,1,1,1,中国近代史新论(1),雍正五年，俄罗斯遣其官生鲁克佛多、德宣宛、喀喇、希木
四姑家姐姐哥哥（坐牢家爸爸）,亲属 / 创作资料协助 / 称谓待考,亲属,54,1,1,1,1,坐牢家爸爸给女儿的八十封信(1),在（四姑家）姐姐哥哥休息时向他们请教
国会权,学术行政,学术行政,54,1,1,1,1,李敖秘密书房(1),院长、法院、总统
国际接,师生,师生,54,1,1,1,1,李敖笑傲江湖(1),教授、大学
图老（李敖书笺集）,历史类比引用 / 神交引用 / 称谓待考,历史类比引用,54,1,1,1,1,李敖书笺集(1),刘继庄，提到他朋友“图老”
垂贞,通信 / 称谓待考,通信,54,1,1,1,1,李敖秘藏日记(1),国泰、垂贞、贵木
埃拉托色尼,科学家 / 历史类比引用 / 神交引用,科学家,54,1,1,1,1,坐牢家爸爸给女儿的八十封信(1),Aristarchus and Eratosthenes
堵路,政治人物,政治人物,54,1,1,1,1,挑战李敖(1),见、总统、市长
夏怡,亲属 / 通信 / 创作资料协助,亲属,54,1,1,1,1,李敖书简集(1),外孙女夏怡小姐
夏济安,学术 / 诗文出处 / 师生 / 神交引用,学术,54,1,1,1,1,李敖书翰集(1),你还记得你的老师夏济安吧
外国征书者（李敖书翰集）,出版 / 创作资料协助 / 称谓待考,出版,54,1,1,1,1,李敖书翰集(1),某外国人征求李敖全部著作
多尔衮,政治人物 / 军事人物 / 历史类比引用 / 神交引用,政治人物,54,1,1,1,1,李敖书牍集(1),多尔衮图像两张
大乔,亲属 / 历史类比引用,亲属,54,1,1,1,1,李敖笑傲江湖(1),大乔当然就嫁给了孙策
大势至菩萨,虚拟人物 / 宗教人物 / 神交引用,虚拟人物,54,1,1,1,1,为历史拨云(1),阿弥陀佛和大势至菩萨
天琪（李敖书翰集）,亲属 / 通信 / 称谓待考,亲属,54,1,1,1,1,李敖书翰集(1),汉茂、天琪：
太坊元勋,亲属 / 历史类比引用 / 神交引用,亲属,54,1,1,1,1,中国迷信新研(1),邢氏/太坊元勋妻贫
奕劻,政治人物 / 公职人员 / 历史类比引用 / 神交引用,政治人物,54,1,1,1,1,历史与人像(1),命奕劻为管理大臣
奥锡慈吉,诗文出处 / 政治异议者 / 历史类比引用 / 神交引用,诗文出处,54,1,1,1,1,坐牢家爸爸给女儿的八十封信(1),奥锡慈吉
女法官（五五日记）,司法人员 / 诉讼 / 称谓待考,司法人员,54,1,1,1,1,李敖五五日记(1),与女法官冲突
女英,历史类比引用 / 情感 / 神交引用,历史类比引用,54,1,1,1,1,中国性研究(1),姐姐叫娥皇，妹妹叫女英
如玲（李先闻妻）,亲属 / 创作资料协助 / 历史类比引用 / 称谓待考,亲属,54,1,1,1,1,李敖书牍集(1),由台糖公司顾问Mr. Arms陪如玲及我
姐夫（李敖书函集）,亲属 / 通信 / 称谓待考,亲属,54,1,1,1,1,李敖书函集(1),你和姐夫等来台湾探亲
姚舜夫,亲属 / 历史类比引用 / 神交引用,亲属,54,1,1,1,1,中国迷信新研(1),诸生姚舜夫妻/姑及夫及母
姜穆,诉讼,诉讼,54,1,1,1,1,李敖自传与回忆(1),证人、判决、保防、政战、书中、所谓
姜绍谟,情治警务 / 军事人物 / 历史类比引用,情治警务,54,1,1,1,1,李敖笑傲江湖(1),还有一个唐宗、姜绍谟、张建邦跟元富
威廉大帝,政治人物 / 军事人物 / 历史类比引用 / 神交引用,政治人物,54,1,1,1,1,李敖情书集(1),威廉大帝
娥皇,历史类比引用 / 情感 / 神交引用,历史类比引用,54,1,1,1,1,中国性研究(1),姐姐叫娥皇，妹妹叫女英
嫦娥,虚拟人物 / 历史类比引用 / 神交引用,虚拟人物,54,1,1,1,1,李敖书序集续集(1),嫦娥
子游,学术 / 历史类比引用 / 神交引用,学术,54,1,1,1,1,为历史拨云(1),澹台灭明“行不由径
孔繁兴,媒体,媒体,54,1,1,1,1,李敖访谈录1990-2018(1),孔繁兴
孙开元,师生,师生,54,1,1,1,1,李敖大哥大(1),助理、投稿、台大、总统、政治、读、小姐
孙浩,政治人物 / 历史类比引用 / 神交引用,政治人物,54,1,1,1,1,读史指南(1),孙权的孙子孙浩
孙祜,文艺音乐 / 创作资料协助 / 历史类比引用,文艺音乐,54,1,1,1,1,中国近代史新论(1),画院名家沈源、孙祜
孙程,亲属 / 历史类比引用 / 神交引用,亲属,54,1,1,1,1,中国迷信新研(1),康氏/孙程妻
孙绵芳,情感,情感,54,1,1,1,1,大学日记后期甲集(1),恋爱
孟戈,诗文出处 / 公共论战 / 神交引用,诗文出处,54,1,1,1,1,李敖书牍集(1),孟戈在《法律不能改变既成事实
孟森,学术 / 诗文出处 / 历史类比引用 / 神交引用,学术,54,1,1,1,1,中国艺术新研(1),史学家孟森笔下的《董小宛考》
季孙,政治人物 / 历史类比引用 / 神交引用,政治人物,54,1,1,1,1,李敖书札集(1),大夫季孙送给我的
学英书局李小姐（李敖书笺集）,出版 / 创作资料协助 / 证人见证 / 称谓待考,出版,54,1,1,1,1,李敖书笺集(1),学英书局负责之钱祖富及店员李小姐
孺子婴,政治人物 / 历史类比引用 / 神交引用,政治人物,54,1,1,1,1,读史指南(1),前汉自刘邦开国到孺子婴亡国
宁调元,政治异议者 / 诗文出处 / 同案狱友 / 历史类比引用,政治异议者,54,1,1,1,1,中国近代史新论(1),时宁调元以萍、醴党案被逮
守屋（福州总领事）,公职人员 / 历史类比引用,公职人员,54,1,1,1,1,中国现代史定论(1),驻华日使有吉及驻福州日总领事守屋
安健民,见面,见面,54,1,1,1,1,大学日记后期甲集(1),见、见到、秘书、先生
安坑监狱政工官（李敖书札集）,监狱行政 / 情治警务 / 公职人员 / 称谓待考,监狱行政,54,1,1,1,1,李敖书札集(1),安坑监狱政工官驱逐
安娜（高行健译者）,出版 / 创作资料协助 / 历史类比引用,出版,54,1,1,1,1,李敖访谈录1990-2018(1),安娜翻译
宋昌,政治人物 / 历史类比引用 / 神交引用,政治人物,54,1,1,1,1,为历史拨云(1),宋昌说“所言公
宋明义,财产债务 / 公职人员 / 创作资料协助,财产债务,54,1,1,1,1,李敖书笺集(1),宋总理明义报告
宋珉来,师生,师生,54,1,1,1,1,李敖秘密书房(1),教授
宋琬,诗文出处,诗文出处,54,1,1,1,1,读史指南(1),书目作者表
宋美珍,通信,通信,54,1,1,1,1,李敖五五日记(1),来信
宋联合,政治人物,政治人物,54,1,1,1,1,李敖秘密书房(1),委员、立委、国民党、像
宜君,社会案件 / 被害人 / 历史类比引用 / 神交引用,社会案件,54,1,1,1,1,中国迷信新研(1),妻宜君，故成王孙
宣传没,党务宣传,党务宣传,54,1,1,1,1,李敖语录(1),见、国民党、宣传
宪村（李敖书简集）,通信 / 创作资料协助 / 出版 / 称谓待考,通信,54,1,1,1,1,李敖书简集(1),请代问候宪村
家属终,诉讼,诉讼,54,1,1,1,1,千秋万岁乌鸦求是合集(1),记者、判决、上诉
家属讲,司法人员,司法人员,54,1,1,1,1,李敖秘密书房(1),检察官、律师、法院、起诉
家父联,亲属,亲属,54,1,1,1,1,李敖笑傲江湖(1),关怀、问我、爸爸
家退票,司法人员,司法人员,54,1,1,1,1,李敖笑傲江湖(1),法官
容试验,学术行政,学术行政,54,1,1,1,1,李敖大哥大(1),大学、院长、政治
容镜头,学术行政,学术行政,54,1,1,1,1,千秋万岁乌鸦求是合集(1),见、院长、总统
寒山,诗文出处,诗文出处,54,1,1,1,1,读史指南(1),书目作者表
寺泽国子,媒体 / 出版,媒体,54,1,1,1,1,李敖随写录前集(1),寺泽国子
小七（李敖书笺集）,创作资料协助 / 亲属 / 称谓待考,创作资料协助,54,1,1,1,1,李敖书笺集(1),有小六、小七
小乔,亲属 / 历史类比引用,亲属,54,1,1,1,1,李敖笑傲江湖(1),小乔嫁给周瑜
小八夫人（李敖书函集）,亲属 / 通信 / 创作资料协助 / 称谓待考,亲属,54,1,1,1,1,李敖书函集(1),细节已由小八夫妇洽接
小六（李敖书笺集）,创作资料协助 / 亲属 / 称谓待考,创作资料协助,54,1,1,1,1,李敖书笺集(1),有小六、小七
小尹,见面 / 公共论战 / 称谓待考,见面,54,1,1,1,1,李敖秘藏日记(1),小尹会了账
小彭（坐牢家爸爸）,创作资料协助 / 称谓待考,创作资料协助,54,1,1,1,1,坐牢家爸爸给女儿的八十封信(1),托小彭以他电器同业身份买
小文（周清玉信）,见面 / 创作资料协助 / 公共论战 / 称谓待考,见面,54,1,1,1,1,李敖书简集(1),黄玉娇和小魏、小文到我家
小滕（软禁残记）,见面 / 称谓待考,见面,54,1,1,1,1,李敖秘藏日记(1),小滕来
小老虎（雷家成员）,亲属 / 称谓待考,亲属,54,1,1,1,1,李敖书札集(1),小老虎跑来跑去
小魏妻（李敖书札集）,亲属 / 通信 / 称谓待考,亲属,54,1,1,1,1,李敖书札集(1),小魏和新娘子：
小魏（周清玉信）,见面 / 创作资料协助 / 公共论战 / 称谓待考,见面,54,1,1,1,1,李敖书简集(1),黄玉娇和小魏、小文到我家
尚秀芳,亲属,亲属,54,1,1,1,1,千秋万岁乌鸦求是合集(1),弟弟、太太、国民党、共产党、女士
尚跟女,师生,师生,54,1,1,1,1,李敖笑傲江湖(1),老师、像
尤侗,诗文出处 / 学术 / 历史类比引用 / 神交引用,诗文出处,54,1,1,1,1,读史指南(1),何义门、王世祯、尤侗等都加袭用
尤感忧,师生,师生,54,1,1,1,1,千秋万岁乌鸦求是合集(1),教授、研究、大学、总统
尹文,诗文出处,诗文出处,54,1,1,1,1,读史指南(1),书目作者表
尼禄,政治人物 / 历史类比引用 / 神交引用,政治人物,54,1,1,1,1,坐牢家爸爸给女儿的八十封信(1),罗马皇帝尼禄
居之虐,姻亲,姻亲,54,1,1,1,1,挑战李敖(1),离婚
居励今,学术 / 神交引用,学术,54,1,1,1,1,李敖文存(1),教书、大学、读、先生
居然林,司法人员,司法人员,54,1,1,1,1,李敖笑傲江湖(1),检察官、法院、起诉、国民党
屈莱果,学术 / 诗文出处 / 历史类比引用 / 神交引用,学术,54,1,1,1,1,虽千万人，李敖往矣(1),教授、出版、大学、国民党
岐伯,医疗照护 / 诗文出处 / 历史类比引用 / 神交引用,医疗照护,54,1,1,1,1,中国迷信新研(1),岐伯复生
岳森,政治人物 / 公职人员 / 历史类比引用,政治人物,54,1,1,1,1,中国现代史正论(1),朱培德、陈树人、甘乃光、周恩来、岳森、吴铁城、陈孚木、李福林、陈公博等九人组织廖案检察委员会
岳生璧,亲属 / 历史类比引用 / 神交引用,亲属,54,1,1,1,1,中国迷信新研(1),俞氏/诸生岳生璧妻
岳翼民,邻居 / 社会案件,邻居,54,1,1,1,1,李敖书函集(1),D座之一楼（107山西面食馆）、三楼（程灝）、十三楼（人在南部）、十四楼（岳翼民）
岸信介,政治人物 / 公职人员 / 历史类比引用,政治人物,54,1,1,1,1,中国现代史正论(1),今天被国民党奉若上宾的岸信介
崔瑗,学术 / 诗文出处 / 历史类比引用 / 神交引用,学术,54,1,1,1,1,要把金针度与人(1),谓崔瑗曰
左守贵,亲属 / 历史类比引用 / 神交引用,亲属,54,1,1,1,1,中国迷信新研(1),左守贵妻/姑/姑病
币原喜重郎,政治人物 / 公职人员 / 历史类比引用,政治人物,54,1,1,1,1,中国现代史定论(1),亲谒币原求借外力以占东北之陈友仁
布尔吉巴,政治人物 / 政治异议者 / 历史类比引用 / 神交引用,政治人物,54,1,1,1,1,坐牢家爸爸给女儿的八十封信(1),总统布尔吉巴
布恩翰,学术 / 诗文出处 / 公共论战 / 历史类比引用,学术,54,1,1,1,1,中国现代史定论(1),布恩翰（James Burnhan）、吴克（Richard Walker）等远东专家
布拉许夫人,人权救援 / 医疗照护 / 历史类比引用 / 神交引用,人权救援,54,1,1,1,1,历史与人像(1),舒子宽女士的《桑格夫人和布拉许夫人》
师兄萧,师生,师生,54,1,1,1,1,挑战李敖(1),老师、先生
师李济,通信,通信,54,1,1,1,1,李敖秘密书房(1),请他、写信、老师、研究、论文、中央研究院、所长、著作
师父怎,师生,师生,54,1,1,1,1,李敖秘密书房(1),教授、所长、像
师赶走,司法人员,司法人员,54,1,1,1,1,李敖秘密书房(1),检察官、律师、法院、起诉
师高,司法人员,司法人员,54,1,1,1,1,李敖秘密书房(1),见、法官、律师
希勒曼,学术 / 历史类比引用 / 神交引用,学术,54,1,1,1,1,坐牢家爸爸给女儿的八十封信(1),考古家希勒曼
希木,学术 / 创作资料协助 / 历史类比引用,学术,54,1,1,1,1,中国近代史新论(1),雍正五年，俄罗斯遣其官生鲁克佛多、德宣宛、喀喇、希木
帕斯卡,学术 / 诗文出处 / 历史类比引用 / 神交引用,学术,54,1,1,1,1,坐牢家爸爸给女儿的八十封信(1),法国哲学家Pascal
常人异,姻亲,姻亲,54,1,1,1,1,千秋万岁乌鸦求是合集(1),嫁给
干所有,师生,师生,54,1,1,1,1,挑战李敖(1),教授、院长、文学
幸东印,律师代理,律师代理,54,1,1,1,1,大学日记后期甲集(1),律师
广田讲,亲属,亲属,54,1,1,1,1,李敖大哥大(1),爸爸、夫人、探监、部长
庄严之子（李敖同学）,同学 / 亲属 / 创作资料协助 / 历史类比引用,同学,54,1,1,1,1,中国艺术新研(1),庄严儿子又与李敖同学
庄国明,律师代理 / 诉讼,律师代理,54,1,1,1,1,李敖对话录(1),庄国明
庄建国,看守戒护 / 财产债务,看守戒护,54,1,1,1,1,李敖自传与回忆续集(1),管理员
庄慕陵,姻亲,姻亲,54,1,1,1,1,一个预备军官的日记(1),夫人、序、先生
应忠实,律师代理,律师代理,54,1,1,1,1,李敖笑傲江湖(1),律师
应指出,政治人物,政治人物,54,1,1,1,1,李敖大哥大(1),总统、主席、民进党、批评
应请收,师生,师生,54,1,1,1,1,千秋万岁乌鸦求是合集(1),见、教授、大学
庞统,政治人物 / 军事人物 / 历史类比引用 / 神交引用,政治人物,54,1,1,1,1,读史指南(1),庞统并没献连环计
康斯托克,政治人物 / 公共论战 / 历史类比引用 / 神交引用,政治人物,54,1,1,1,1,历史与人像(1),康斯托克（Anthony Comstock
廖俊杰,媒体 / 编辑 / 创作资料协助,媒体,54,1,1,1,1,李敖书笺集(1),文化组主任廖俊杰先生
廖英鸣,师生,师生,54,1,1,1,1,一个预备军官的日记(1),教授
廷杰,公职人员 / 司法人员 / 历史类比引用,公职人员,54,1,1,1,1,中国近代史新论(1),尚书廷杰本墨守旧律者
开普勒,科学家 / 历史类比引用 / 神交引用,科学家,54,1,1,1,1,坐牢家爸爸给女儿的八十封信(1),Johannes Kepler
张三谈,亲属,亲属,54,1,1,1,1,挑战李敖(1),儿子
张与可,亲属 / 历史类比引用 / 神交引用,亲属,54,1,1,1,1,中国迷信新研(1),诸生张与可妻/父/父病笃/祷天刲股为糜以进
张作相,政治人物,政治人物,54,1,1,1,1,李敖自传与回忆(1),爸爸、大学、委员
张元,学术 / 创作资料协助,学术,54,1,1,1,1,李敖书牍集(1),卢荷生先生、张秀蓉小姐、车爱光先生、张元先生、张永堂先生、魏宏利先生
张国霖,同案狱友 / 财产债务 / 诉讼,同案狱友,54,1,1,1,1,李敖情书集(1),张国霖
张如雪,社会案件 / 婚姻相关,社会案件,54,1,1,1,1,为中国思想趋向求答案(1),离婚、律师
张婉度,亲属,亲属,54,1,1,1,1,李敖大哥大(1),儿子、院长、政治、像、女士
张子奇,政治人物 / 见面,政治人物,54,1,1,1,1,我最难忘的事和人(1),见、见面、市长、先生
张子岐,政治人物 / 社会案件 / 诉讼 / 公共论战,政治人物,54,1,1,1,1,李敖报刊集(1),张子岐一案
张宏业,媒体,媒体,54,1,1,1,1,我梦碎，所以我梦醒(1),记者、报导、民进党、批评
张应来,通信,通信,54,1,1,1,1,李敖五五日记(1),电话
张所长,学术行政,学术行政,54,1,1,1,1,千秋万岁乌鸦求是合集(1),院长、所长
张揖,诗文出处,诗文出处,54,1,1,1,1,读史指南(1),书目作者表
张明阳,财产债务,财产债务,54,1,1,1,1,挑战李敖(1),土地、先生
张杰,媒体,媒体,54,1,1,1,1,李敖访谈录1990-2018(1),朋友、情书、记者
张氏（沈维新妻）,社会案件 / 亲属 / 医疗照护 / 被害人 / 历史类比引用 / 神交引用,社会案件,54,1,1,1,1,中国迷信新研(1),沈维新妻/夫/夫病/刲股和羹以进
张泰,亲属 / 历史类比引用 / 神交引用,亲属,54,1,1,1,1,中国迷信新研(1),斯氏/儒士张泰妻
张温（东吴）,历史类比引用 / 政治人物 / 神交引用,历史类比引用,54,1,1,1,1,中国性研究(1),张温问秦宓曰
张煜全,师生,师生,54,1,1,1,1,李敖新刊(1),学生、大学
张煦本,媒体 / 出版 / 公共论战,媒体,54,1,1,1,1,为自由招魂(1),编辑部、编辑、总编辑
张矫,亲属 / 历史类比引用 / 神交引用,亲属,54,1,1,1,1,中国迷信新研(1),林氏/张矫妻
张福慧,情感,情感,54,1,1,1,1,大学日记后期甲集(1),送我、情书
张耀元,政治人物,政治人物,54,1,1,1,1,挑战李敖(1),见、委员、选举、先生
张锦华,师生,师生,54,1,1,1,1,李敖大哥大(1),教授、台大、民进党
张香华,师生,师生,54,1,1,1,1,求是新语(1),学生、夫人、诗、女士
归庄,诗文出处 / 文艺音乐 / 历史类比引用 / 神交引用,诗文出处,54,1,1,1,1,读史指南(1),在归庄《万古愁》曲子里
归有光,诗文出处,诗文出处,54,1,1,1,1,读史指南(1),书目作者表
彭士望,学术 / 诗文出处 / 历史类比引用 / 神交引用,学术,54,1,1,1,1,中国命研究(1),与梁溪顾培、衡山王夫之、南昌彭士望为师友
彭威晶,媒体 / 通信 / 公共论战,媒体,54,1,1,1,1,李敖书启集(1),彭记者威晶大启
彭真,政治人物 / 历史类比引用,政治人物,54,1,1,1,1,大学日记后期乙集(1),来信、研究、主义
彼得大帝,政治人物 / 公职人员 / 历史类比引用 / 神交引用,政治人物,54,1,1,1,1,中国近代史新论(1),伊德司（Ides又叫雅布兰
徐乾学,学术 / 诗文出处 / 公职人员 / 历史类比引用 / 神交引用,学术,54,1,1,1,1,中国命研究(1),往来昆山徐乾学之门
徐全,亲属 / 历史类比引用 / 神交引用,亲属,54,1,1,1,1,中国迷信新研(1),徐全女早丧母
徐副秘,亲属,亲属,54,1,1,1,1,李敖秘密书房(1),父亲、秘书、党部
徐培资,人权救援 / 见面,人权救援,54,1,1,1,1,李敖五五日记(1),律师顾立雄、中国人权协会总干事徐培资
徐彦,诗文出处,诗文出处,54,1,1,1,1,读史指南(1),书目作者表
徐春孙,亲属 / 历史类比引用 / 神交引用,亲属,54,1,1,1,1,中国迷信新研(1),孝廉徐春孙女鸿胪李长策妻
徐水德,学术行政,学术行政,54,1,1,1,1,李敖大哥大(1),院长、法院、思想、古代
徐源,亲属 / 历史类比引用 / 神交引用,亲属,54,1,1,1,1,中国迷信新研(1),徐源女/姑/姑久病不愈
徐珮仪,亲属 / 婚姻相关,亲属,54,1,1,1,1,李敖随写录后集(1),结婚
徐瑗,见面 / 朋友,见面,54,1,1,1,1,大学日记后期乙集(1),教授
徐訏握,亲属,亲属,54,1,1,1,1,李敖情书集(1),同班、朋友、问我、父亲
徐颖,媒体,媒体,54,1,1,1,1,李敖访谈录1990-2018(1),见、电话、爸爸、记者、采访
德博,宗教人物 / 文艺音乐 / 创作资料协助 / 历史类比引用,宗教人物,54,1,1,1,1,中国近代史新论(1),北堂法国耶稣会会友德博
德宣宛,学术 / 创作资料协助 / 历史类比引用,学术,54,1,1,1,1,中国近代史新论(1),雍正五年，俄罗斯遣其官生鲁克佛多、德宣宛、喀喇、希木
恩克巴图,政治人物 / 历史类比引用,政治人物,54,1,1,1,1,中国现代史正论(1),谭延闿、柏文蔚、王法勤、于右任、恩克巴图、丁惟汾先生和汪兆铭
恩泽（李先闻长女）,亲属 / 历史类比引用 / 称谓待考,亲属,54,1,1,1,1,李敖书牍集(1),长女恩泽
恽敬,诗文出处,诗文出处,54,1,1,1,1,读史指南(1),书目作者表
惠予同,学术行政,学术行政,54,1,1,1,1,李敖大哥大(1),院长、政府
惠泽（李先闻小女）,亲属 / 历史类比引用 / 称谓待考,亲属,54,1,1,1,1,李敖书牍集(1),小妹惠泽
惠璇（陈宏俊妻）,亲属 / 通信 / 创作资料协助 / 称谓待考,亲属,54,1,1,1,1,李敖书函集(1),惠璇，她是我看到的最伟大的太太
慕容熙,历史类比引用 / 政治人物 / 情感 / 神交引用,历史类比引用,54,1,1,1,1,中国性研究(1),慕容熙的跣步送亡妻
成主席,律师代理,律师代理,54,1,1,1,1,李敖笑傲江湖(1),一起、代理、主席
成功大学资深教授（李敖书笺集）,学术 / 通信 / 称谓待考,学术,54,1,1,1,1,李敖书笺集(1),成功大学的资深教授
成查禁,司法人员,司法人员,54,1,1,1,1,李敖笑傲江湖(1),法官、法院、警备总部、查禁
成龙马,亲属,亲属,54,1,1,1,1,李敖大哥大(1),儿子
戴勋章,财产债务,财产债务,54,1,1,1,1,李敖大哥大(1),土地、总统
戴君仁,学术 / 学术行政,学术,54,1,1,1,1,李敖全集(1),见、教授、台大、文学、先生
戴奥真尼斯,学术 / 历史类比引用 / 神交引用,学术,54,1,1,1,1,坐牢家爸爸给女儿的八十封信(1),Diogenes白天点了灯笼
托洛斯基,政治人物 / 政治异议者 / 历史类比引用 / 神交引用,政治人物,54,1,1,1,1,李敖书牍集(1),托洛斯基的政敌斯大林
抢书大队（秘藏日记）,情治警务 / 机构警卫 / 称谓待考,情治警务,54,1,1,1,1,李敖秘藏日记(1),抢书大队
拉奥孔,虚拟人物 / 宗教人物 / 历史类比引用 / 神交引用,虚拟人物,54,1,1,1,1,坐牢家爸爸给女儿的八十封信(1),Apollo的Priest叫Laocoon
拉斯基,学术 / 诗文出处 / 历史类比引用 / 神交引用,学术,54,1,1,1,1,李敖书翰集(1),拉斯基（Laski）
拾得,诗文出处,诗文出处,54,1,1,1,1,读史指南(1),书目作者表
拿武士刀的人（李敖书笺集）,情治警务 / 出版管制 / 公共论战 / 称谓待考,情治警务,54,1,1,1,1,李敖书笺集(1),“拿武士刀的人”不准
揭徯斯,诗文出处,诗文出处,54,1,1,1,1,读史指南(1),书目作者表
支吾答,师生,师生,54,1,1,1,1,千秋万岁乌鸦求是合集(1),学生
支援萧,姻亲,姻亲,54,1,1,1,1,李敖大哥大(1),太太
敖夫人,姻亲,姻亲,54,1,1,1,1,千秋万岁乌鸦求是合集(1),夫人
文丽,姻亲,姻亲,54,1,1,1,1,李敖快意恩仇录(1),见、太太
斯氏（张泰妻）,社会案件 / 亲属 / 医疗照护 / 被害人 / 历史类比引用 / 神交引用,社会案件,54,1,1,1,1,中国迷信新研(1),斯氏/儒士张泰妻
斯蒂芬·道格拉斯,政治人物 / 历史类比引用 / 神交引用,政治人物,54,1,1,1,1,坐牢家爸爸给女儿的八十封信(1),Stephen A. Douglas
斯里先生（J. Noah H. Slee）,亲属 / 婚姻相关 / 历史类比引用 / 神交引用,亲属,54,1,1,1,1,历史与人像(1),斯里（J. Noah H. Slee）先生
施世纶,历史类比引用 / 政治人物 / 司法人员,历史类比引用,54,1,1,1,1,李敖札记(1),抚军世纶
施政意,学术行政,学术行政,54,1,1,1,1,千秋万岁乌鸦求是合集(1),见、院长、法院、国民党
时乱判,司法人员,司法人员,54,1,1,1,1,李敖笑傲江湖(1),法官、像
时公告,财产债务,财产债务,54,1,1,1,1,李敖笑傲江湖(1),土地、政府
时查出,刑求人员,刑求人员,54,1,1,1,1,李敖大哥大(1),调查局
时深庆,师生,师生,54,1,1,1,1,李敖情书集(1),老师
时章子,亲属,亲属,54,1,1,1,1,李敖大哥大(1),儿子
时罗兰,姻亲,姻亲,54,1,1,1,1,千秋万岁乌鸦求是合集(1),夫人
时要告,刑求受害,刑求受害,54,1,1,1,1,李敖大哥大(1),拳头
时请辞,学术行政,学术行政,54,1,1,1,1,千秋万岁乌鸦求是合集(1),一起、院长、秘书、委员、国民党、政治
明亚副军长（李敖书笺集）,军事人物 / 历史类比引用 / 称谓待考,军事人物,54,1,1,1,1,李敖书笺集(1),理副军长明亚
明华,律师代理,律师代理,54,1,1,1,1,李敖大哥大(1),见、律师、判决
明天傍,师生,师生,54,1,1,1,1,李敖大哥大(1),教授
春梅（金瓶梅）,虚拟人物 / 小说剧本人物 / 历史类比引用,虚拟人物,54,1,1,1,1,中国性研究(1),春梅不在跟前
显克维支,诗文出处 / 历史类比引用 / 神交引用,诗文出处,54,1,1,1,1,坐牢家爸爸给女儿的八十封信(1),显克维支Henryk Sienkiewicz
晋元帝,政治人物 / 历史类比引用 / 神交引用,政治人物,54,1,1,1,1,读史指南(1),晋元帝偏安江左
晋安帝,政治人物 / 历史类比引用 / 神交引用,政治人物,54,1,1,1,1,读史指南(1),杀了三十七岁的晋安帝、三十六岁的晋恭帝
晋怀帝,政治人物 / 历史类比引用 / 神交引用,政治人物,54,1,1,1,1,读史指南(1),怀帝、愍帝被掳北去
晋恭帝,政治人物 / 历史类比引用 / 神交引用,政治人物,54,1,1,1,1,读史指南(1),杀了三十七岁的晋安帝、三十六岁的晋恭帝
晋愍帝,政治人物 / 历史类比引用 / 神交引用,政治人物,54,1,1,1,1,读史指南(1),怀帝、愍帝被掳北去
晋文公,政治人物 / 公职人员 / 历史类比引用 / 神交引用,政治人物,54,1,1,1,1,中国迷信新研(1),介之推至忠也，自割其股，以食文公
晓波（李敖书翰集）,朋友 / 通信 / 创作资料协助 / 称谓待考,朋友,54,1,1,1,1,李敖书翰集(1),托晓波买点礼物送你
普瑞弗莫,政治人物 / 历史类比引用 / 公共论战 / 神交引用,政治人物,54,1,1,1,1,李敖书札集(1),内政部长普瑞弗莫
景丰龄,姻亲,姻亲,54,1,1,1,1,一个预备军官的日记(1),夫人、先生
曹俊,政治人物 / 同学 / 公共论战 / 证人见证,政治人物,54,1,1,1,1,李敖书牍集(1),温士源、梁肃戎、韩桐、邵华、曹俊五位先生
曹勉之,情感,情感,54,1,1,1,1,大学日记后期甲集(1),恋爱、读、先生
曹慕管,证人见证 / 历史类比引用,证人见证,54,1,1,1,1,李敖札记(1),曹慕管
曹氏有,姻亲,姻亲,54,1,1,1,1,千秋万岁乌鸦求是合集(1),见、娶
曹沫,军事人物 / 历史类比引用 / 神交引用,军事人物,54,1,1,1,1,读史指南(1),褒姒的笑、管仲的智、齐桓的信、曹沫的无赖、晏蛾儿的愚忠、介子推的清高、晏子的识大体、伍子胥的鞭尸、苏秦的合纵、蔺相如的完璧归赵
曹起成,财产债务 / 财产信托 / 通信,财产债务,54,1,1,1,1,李敖书简集(1),中国信托公司”各董事的信
曼肯,媒体 / 诗文出处 / 历史类比引用 / 公共论战,媒体,54,1,1,1,1,李敖笑傲江湖(1),曼肯这个人胡适先生很欣赏
曾俊义夫人,称谓待考 / 婚姻相关 / 社会案件,称谓待考,54,1,1,1,1,世论新语(1),见、夫人
曾先生（警总接触）,情治警务 / 见面 / 称谓待考,情治警务,54,1,1,1,1,早年日记(1),曾先生
曾厚成,通信,通信,54,1,1,1,1,一个预备军官的日记(1),见、写信
曾平,媒体,媒体,54,1,1,1,1,李敖访谈录1990-2018(1),父亲、记者
曾我部静雄,学术 / 诗文出处 / 学术考证引用 / 历史类比引用 / 神交引用,学术,54,1,1,1,1,历史与人像(1),曾我部静雄的一篇《溺女考》
曾老吸,亲属 / 财产债务 / 社会案件,亲属,54,1,1,1,1,世论新语(1),土地、主席、先生
曾虚白父亲（李敖书翰集）,亲属 / 出版 / 诗文出处 / 称谓待考,亲属,54,1,1,1,1,李敖书翰集(1),尊大人所遗译著之业
望八老先生（李敖书简集）,通信 / 创作资料协助 / 学术行政 / 称谓待考,通信,54,1,1,1,1,李敖书简集(1),四季转来一位“望八”老先生的信
朱安,亲属 / 历史类比引用 / 神交引用,亲属,54,1,1,1,1,李敖访谈录1990-2018(1),朱安
朱火旺,被害人 / 社会案件,被害人,54,1,1,1,1,为历史拨云(1),朱火旺命案家属
朱立民,学术行政,学术行政,54,1,1,1,1,李敖大哥大(1),台大、院长、文学、像
朱觉,亲属 / 历史类比引用 / 神交引用,亲属,54,1,1,1,1,中国迷信新研(1),诸生朱觉妻/父/父病笃
李中,诗文出处,诗文出处,54,1,1,1,1,读史指南(1),书目作者表
李丽琴,亲属,亲属,54,1,1,1,1,李敖秘藏日记(1),碰到、爸爸
李六秀,亲属 / 历史类比引用 / 神交引用,亲属,54,1,1,1,1,中国迷信新研(1),黄石李六秀之女/父/父病剧
李南辉,通信,通信,54,1,1,1,1,早年日记(1),写信
李嗣璁,学术行政,学术行政,54,1,1,1,1,千秋万岁乌鸦求是合集(1),院长、判决
李国祁,师生,师生,54,1,1,1,1,李敖笑傲江湖(1),教授、编辑、总编辑、研究、大学、中央研究院、委员、国民党
李坤仪,亲属 / 财产债务 / 公共论战,亲属,54,1,1,1,1,李敖笑傲江湖(1),这房子给了他的孙女李坤仪
李小姐（广告公司）,媒体 / 见面 / 称谓待考,媒体,54,1,1,1,1,李敖五五日记(1),广告公司李小姐
李循,诗文出处 / 学术考证引用 / 医疗照护,诗文出处,54,1,1,1,1,历史与人像(1),李循和先生的《目前推行家庭计划的国家及其成就》
李敖三姐夫（坐牢家爸爸）,亲属 / 学术行政 / 创作资料协助 / 称谓待考,亲属,54,1,1,1,1,坐牢家爸爸给女儿的八十封信(1),三姑三姑父在师范大学时的文学院院长
李文外公（坐牢家爸爸）,亲属 / 创作资料协助 / 称谓待考,亲属,54,1,1,1,1,坐牢家爸爸给女儿的八十封信(1),外公外婆家一次
李昂开,情感,情感,54,1,1,1,1,李敖大哥大(1),朋友、情人
李昌期,亲属 / 历史类比引用 / 神交引用,亲属,54,1,1,1,1,中国迷信新研(1),东莞人贡士何汉臣女十岁嫁于李昌期家为童养媳
李智,亲属 / 历史类比引用 / 神交引用,亲属,54,1,1,1,1,中国迷信新研(1),李智女因家无男子
李朝宗,情治警务 / 诉讼,情治警务,54,1,1,1,1,李敖自传与回忆(1),证人、判决、保防、政战、书中、所谓
李涛辩,律师代理,律师代理,54,1,1,1,1,挑战李敖(1),辩护
李焕秘,学术行政,学术行政,54,1,1,1,1,千秋万岁乌鸦求是合集(1),见、院长、秘书、委员
李珍,诗文出处 / 出版 / 历史类比引用,诗文出处,54,1,1,1,1,中国现代史定论(1),纪念专辑中李珍所谓廖耀湘
李瑞环,政治人物 / 公共论战,政治人物,54,1,1,1,1,李敖五五日记(1),父亲
李璨,亲属 / 历史类比引用 / 神交引用,亲属,54,1,1,1,1,中国迷信新研(1),太仆少卿王韦女长史李璨媳
李祖鹤,见面,见面,54,1,1,1,1,早年日记(1),见、见到、送我、杂志
李笠翁,诗文出处 / 历史类比引用 / 学术 / 神交引用,诗文出处,54,1,1,1,1,李敖书翰集(1),李笠翁
李耀,亲属 / 历史类比引用 / 神交引用,亲属,54,1,1,1,1,中国迷信新研(1),丁氏/李耀妻
李芸菁,见面,见面,54,1,1,1,1,早年日记(1),见、碰到
李调查,刑求人员,刑求人员,54,1,1,1,1,挑战李敖(1),调查局、国民党
李进诚,司法人员,司法人员,54,1,1,1,1,李敖秘密书房(1),检察官、律师、法院、起诉
李铭秋,公职人员 / 媒体 / 公共论战,公职人员,54,1,1,1,1,李敖书启集(1),台中市府新闻室主任李铭秋
李锦美,司法人员,司法人员,54,1,1,1,1,李敖秘密书房(1),证人、法官、法庭
杜预之,姻亲,姻亲,54,1,1,1,1,千秋万岁乌鸦求是合集(1),见、娶
杨万里,诗文出处,诗文出处,54,1,1,1,1,读史指南(1),书目作者表
杨云黛,财产债务,财产债务,54,1,1,1,1,挑战李敖(1),支票、秘书、女士
杨倞,诗文出处,诗文出处,54,1,1,1,1,读史指南(1),书目作者表
杨基先,律师代理 / 政治人物 / 历史类比引用,律师代理,54,1,1,1,1,李敖书序集续集(1),杨基先
杨妖姬,同案狱友,同案狱友,54,1,1,1,1,李敖情书集(1),同房、告诉我
杨定,亲属 / 历史类比引用 / 神交引用,亲属,54,1,1,1,1,中国迷信新研(1),永嘉杨定女/母/母疾笃
杨师程,亲属 / 公职人员 / 历史类比引用 / 神交引用,亲属,54,1,1,1,1,中国迷信新研(1),御史杨师程女/母/母病
杨得安,亲属 / 历史类比引用 / 神交引用,亲属,54,1,1,1,1,中国迷信新研(1),杨泰奴/仁和杨得安女
杨徽声,亲属 / 历史类比引用 / 神交引用,亲属,54,1,1,1,1,中国迷信新研(1),诸生杨徽声妻/姑/姑久持斋素
杨朝佐,财产债务 / 通信 / 创作资料协助,财产债务,54,1,1,1,1,李敖书笺集(1),国泰信托公司信用卡部经理杨朝佐
杨氏（杨师程女）,社会案件 / 亲属 / 医疗照护 / 被害人 / 历史类比引用 / 神交引用,社会案件,54,1,1,1,1,中国迷信新研(1),御史杨师程女/母/母病
杨琴玲,媒体 / 见面,媒体,54,1,1,1,1,李敖五五日记(1),总经理黄建福、节目部经理杨琴玲及曾谁芬
杨素,政治人物 / 军事人物 / 历史类比引用 / 神交引用,政治人物,54,1,1,1,1,中国迷信新研(1),杨素等追查时
杨联升,通信,通信,54,1,1,1,1,李敖快意恩仇录(1),见、来信
杨进,亲属 / 历史类比引用 / 神交引用,亲属,54,1,1,1,1,中国迷信新研(1),李士廉妻杨进女/父及翁
杨顺美,媒体 / 见面,媒体,54,1,1,1,1,李敖五五日记(1),台视杨顺美、吴祥三
杰克·伦敦,诗文出处 / 文艺音乐 / 历史类比引用 / 神交引用,诗文出处,54,1,1,1,1,中国近代史新论(1),章宗祥。同在这一年，生了司徒雷登和杰克·伦敦
林光民,财产债务,财产债务,54,1,1,1,1,早年日记(1),支票、推事、先生
林庆宗,司法人员,司法人员,54,1,1,1,1,李敖大哥大(1),检察官、法务部、历史上
林慧峰,姻亲,姻亲,54,1,1,1,1,李敖回忆录(1),妻
林损,师生,师生,54,1,1,1,1,李敖秘密书房(1),教授、大学
林森鸿,媒体 / 见面,媒体,54,1,1,1,1,李敖秘藏日记(1),认识、一起、发行、杂志
林植夫,政治人物 / 公职人员 / 历史类比引用,政治人物,54,1,1,1,1,中国现代史定论(1),主席、委员、宣传
林毅夫,学术 / 公职人员 / 历史类比引用 / 神交引用,学术,54,1,1,1,1,李敖访谈录1990-2018(1),教授、大学
林河南,同案狱友 / 财产债务,同案狱友,54,1,1,1,1,李敖自传与回忆续集(1),管理员
林炳钦,出版,出版,54,1,1,1,1,李敖秘密书房(1),出版社、出版、书里、先生
林王碧云,邻居 / 社会案件,邻居,54,1,1,1,1,李敖书启集(1),林王碧云分别签名
林瑞雄,学术 / 政治人物 / 公共论战,学术,54,1,1,1,1,我梦碎，所以我梦醒(1),见、教授、大学
林金村,司法人员,司法人员,54,1,1,1,1,李敖笑傲江湖(1),法官、法院
林阿金,姻亲,姻亲,54,1,1,1,1,一个预备军官的日记(1),妻、名言
查冤情,监狱行政,监狱行政,54,1,1,1,1,千秋万岁乌鸦求是合集(1),见、看守所、委员
查查查,司法人员,司法人员,54,1,1,1,1,李敖大哥大(1),检察官
查理·固特异,科学家 / 财产债务 / 历史类比引用 / 神交引用,科学家,54,1,1,1,1,李敖书简集(1),美国发明家查理·固特异
查理·马利,探险航行 / 科学家 / 历史类比引用 / 神交引用,探险航行,54,1,1,1,1,李敖书简集(1),探险家查理·马利（Charles Marie）
查理二世,政治人物 / 历史类比引用 / 神交引用,政治人物,54,1,1,1,1,坐牢家爸爸给女儿的八十封信(1),King Charles II
柳芳,诗文出处 / 学术 / 历史类比引用 / 神交引用,诗文出处,54,1,1,1,1,读史指南(1),《唐柳芳氏族论》《东莱博议》《凌迪知万姓统谱》、顾炎武
格朗特,学术 / 诗文出处 / 历史类比引用 / 神交引用,学术,54,1,1,1,1,历史与人像(1),格朗特（John Graunt）
桑岛（日本外务省）,公职人员 / 历史类比引用,公职人员,54,1,1,1,1,中国现代史定论(1),广田外相、重光次官、桑岛亚细亚局长
桑钦,诗文出处,诗文出处,54,1,1,1,1,读史指南(1),书目作者表
桓玄,军事人物 / 政治人物 / 历史类比引用 / 神交引用,军事人物,54,1,1,1,1,读史指南(1),王敦以武昌兵做底牌，桓温、桓玄以江陵兵做底牌，苏峻以京口兵做底牌，最后刘裕以京口兵通吃
梁伯川,监狱行政,监狱行政,54,1,1,1,1,一个预备军官的日记(1),监狱、先生
梁冀,历史类比引用 / 政治人物 / 神交引用,历史类比引用,54,1,1,1,1,中国性研究(1),妹妹、将军
梁天仁,见面 / 创作资料协助,见面,54,1,1,1,1,李敖随写录后集(1),见、见面、同住、情治、先生
梁枢,亲属 / 历史类比引用 / 神交引用,亲属,54,1,1,1,1,中国迷信新研(1),梁枢妻/姑/姑病/刲骨以进
梁福民,医疗照护 / 见面,医疗照护,54,1,1,1,1,李敖五五日记(1),梁福民诊治
梁肃戎夫人（李敖书简集）,亲属 / 被害人 / 人权救援 / 刑求受害 / 称谓待考,亲属,54,1,1,1,1,李敖书简集(1),先生夫人饱受日本宪兵凌辱
梅厄夫人,政治人物 / 历史类比引用 / 神交引用,政治人物,54,1,1,1,1,李敖书牍集(1),梅厄夫人说以色列
梭拉图,媒体 / 诗文出处 / 历史类比引用 / 神交引用,媒体,54,1,1,1,1,李敖书信集(1),梭拉图撰写
棣王琰,政治人物 / 被害人 / 历史类比引用 / 神交引用,政治人物,54,1,1,1,1,中国迷信新研(1),唐玄宗的老四棣王琰不喜欢他的太太韦氏
楚平王,政治人物 / 历史类比引用 / 神交引用,政治人物,54,1,1,1,1,为历史拨云(1),楚平王杀了
楼钥,诗文出处,诗文出处,54,1,1,1,1,读史指南(1),书目作者表
樊仲云,学术 / 公共论战 / 历史类比引用,学术,54,1,1,1,1,中国近代史新论(1),这十教授是：王新命、何炳松、武堉干、孙寒冰、黄文山、陶希圣、章益、陈高佣、樊仲云、萨孟武
模特儿（秘藏日记）,见面 / 称谓待考,见面,54,1,1,1,1,李敖秘藏日记(1),“模特儿”送花
欧丽维,亲属,亲属,54,1,1,1,1,一个预备军官的日记(1),见、家中、结婚、像
欧美做,学术行政,学术行政,54,1,1,1,1,李敖秘密书房(1),研究、中央研究院
步辐射,师生,师生,54,1,1,1,1,挑战李敖(1),教授、台大
武汉CY负责人（胡秋原入团）,左派转向 / 党务宣传 / 证人见证 / 历史类比引用,左派转向,54,1,1,1,1,中国现代史定论(1),据说是留俄学生，武汉“中学”负责人
武者小路,诗文出处 / 历史类比引用 / 神交引用,诗文出处,54,1,1,1,1,李敖书牍集(1),好像是武者小路说的吧
殷琪来,亲属,亲属,54,1,1,1,1,李敖大哥大(1),爸爸、像
毕懋宗,亲属 / 历史类比引用 / 神交引用,亲属,54,1,1,1,1,中国迷信新研(1),文学毕懋宗妻/姑/姑病笃
毛亨,诗文出处,诗文出处,54,1,1,1,1,读史指南(1),书目作者表
毛寿先,师生,师生,54,1,1,1,1,李敖大哥大(1),教授、先生
毛庆祥,公职人员 / 创作资料协助 / 证人见证 / 历史类比引用,公职人员,54,1,1,1,1,中国现代史正论(1),见、见到、告诉我、秘书、委员、政治
民进党著名律师（李敖书牍集）,律师代理 / 政治异议者 / 公共论战 / 称谓待考,律师代理,54,1,1,1,1,李敖书牍集(1),一位民进党著名律师严正警告他
水泥混,见面,见面,54,1,1,1,1,李敖大哥大(1),见、一起
永瑢,诗文出处,诗文出处,54,1,1,1,1,读史指南(1),书目作者表
汉尼拔,军事人物 / 政治人物 / 历史类比引用 / 神交引用,军事人物,54,1,1,1,1,坐牢家爸爸给女儿的八十封信(1),汉尼拔（Hannibal）
汉文帝,政治人物 / 历史类比引用 / 神交引用,政治人物,54,1,1,1,1,李敖书序集(1),汉文帝
江启宏,财产债务 / 诉讼,财产债务,54,1,1,1,1,李敖秘藏日记(1),支票、律师、法院、控告
汤碧云,媒体 / 出版,媒体,54,1,1,1,1,李敖全集(1),学生、记者
汪先生（秘藏日记）,见面 / 称谓待考,见面,54,1,1,1,1,李敖秘藏日记(1),汪先生代付
汪必达,亲属 / 历史类比引用 / 神交引用,亲属,54,1,1,1,1,中国迷信新研(1),丁氏/诸生汪必达妻
汪炘,政治异议者 / 创作资料协助 / 同案狱友 / 历史类比引用,政治异议者,54,1,1,1,1,中国近代史新论(1),由于在“桐城会馆”捕到吴樾同党汪炘
沈兰,亲属 / 历史类比引用 / 神交引用,亲属,54,1,1,1,1,中国迷信新研(1),沈兰妻/姑/姑病
沈慧雅,律师代理 / 诉讼,律师代理,54,1,1,1,1,李敖随写录后集(1),沈慧雅
沈源,文艺音乐 / 创作资料协助 / 历史类比引用,文艺音乐,54,1,1,1,1,中国近代史新论(1),画院名家沈源、孙祜
沈秉堃,军事人物 / 政治人物 / 历史类比引用,军事人物,54,1,1,1,1,中国近代史新论(1),与文溥共参湘桂援鄂联军事，以司令沈秉堃无远志
沙尔菲米尼,诗文出处 / 政治异议者 / 历史类比引用 / 神交引用,诗文出处,54,1,1,1,1,李敖访谈录1990-2018(1),沙尔菲米尼
法云,诗文出处,诗文出处,54,1,1,1,1,读史指南(1),书目作者表
法韦尔,诗文出处 / 学术考证引用 / 历史类比引用,诗文出处,54,1,1,1,1,中国近代史新论(1),据法韦尔在《北京志》中所说
泰勒,学术 / 诗文出处 / 公共论战 / 历史类比引用,学术,54,1,1,1,1,中国现代史定论(1),泰勒（George E. Taylor）、饶大卫（David Rowe）
泰山王,虚拟人物 / 宗教人物 / 小说剧本人物 / 历史类比引用,虚拟人物,54,1,1,1,1,中国命研究(1),秦广王、初江王、宋帝王、忤官王、阎罗王
泷泽俊亮,学术 / 创作资料协助 / 学术考证引用 / 历史类比引用,学术,54,1,1,1,1,读史指南(1),中外学人如L·翟理思、桑原隲藏、胡适、梁启超、俞照、泷泽俊亮、牟润孙
泽楚（李先闻次子）,亲属 / 历史类比引用 / 称谓待考,亲属,54,1,1,1,1,李敖书牍集(1),次子泽楚
泽豫（李先闻长子）,亲属 / 历史类比引用 / 称谓待考,亲属,54,1,1,1,1,李敖书牍集(1),长子泽豫
洪金珠,媒体,媒体,54,1,1,1,1,李敖秘密书房(1),访问、记者、文学
海伦（希腊神话）,虚拟人物 / 小说剧本人物 / 历史类比引用 / 情感 / 神交引用,虚拟人物,54,1,1,1,1,坐牢家爸爸给女儿的八十封信(1),Helen那次只是第六次
涂淑慧,媒体,媒体,54,1,1,1,1,李敖访谈录1990-2018(1),涂淑慧采访整理
涅索斯,虚拟人物 / 宗教人物 / 历史类比引用 / 神交引用,虚拟人物,54,1,1,1,1,坐牢家爸爸给女儿的八十封信(1),Centaur叫Nessus
润麒,亲属 / 历史类比引用 / 神交引用,亲属,54,1,1,1,1,李敖书序集(1),润麒
淡水线列车长（李敖书笺集）,公职人员 / 社会案件 / 称谓待考,公职人员,54,1,1,1,1,李敖书笺集(1),此一车次列车长（身高约160到165
清河孝王庆,政治人物 / 被害人 / 亲属 / 历史类比引用 / 神交引用,政治人物,54,1,1,1,1,中国迷信新研(1),清河孝王庆，母宋贵人
温保权,师生,师生,54,1,1,1,1,李敖秘密书房(1),教授、政治、像
温峤,历史类比引用 / 政治人物 / 情感 / 神交引用,历史类比引用,54,1,1,1,1,中国性研究(1),温峤之娶王氏、何氏
游开亨,司法人员,司法人员,54,1,1,1,1,千秋万岁乌鸦求是合集(1),法官、说过、先生
溥佳,亲属 / 诗文出处 / 历史类比引用 / 神交引用,亲属,54,1,1,1,1,李敖书序集(1),溥佳
溥杰,亲属 / 诗文出处 / 历史类比引用 / 神交引用,亲属,54,1,1,1,1,李敖书序集(1),溥杰
滑凤,亲属 / 历史类比引用 / 神交引用,亲属,54,1,1,1,1,中国迷信新研(1),余姚人滑凤妻其夫从商在外十一年不返
漆树芬,诗文出处 / 左派转向 / 历史类比引用,诗文出处,54,1,1,1,1,中国现代史定论(1),我说到漆树芬的书
潘鸿,亲属 / 历史类比引用 / 神交引用,亲属,54,1,1,1,1,中国迷信新研(1),葛氏/岩镇文学潘鸿妻
焕源,出版 / 见面 / 称谓待考,出版,54,1,1,1,1,早年日记(1),焕源
焦达峰,军事人物 / 政治异议者 / 烈士殉难 / 历史类比引用,军事人物,54,1,1,1,1,中国近代史新论(1),文溥说湘都督焦达峰，遣玉堂率兵援鄂
爱男生的女生（李敖书函集）,通信 / 创作资料协助 / 称谓待考,通信,54,1,1,1,1,李敖书函集(1),爱男生的女生 上
牟润孙,学术 / 创作资料协助 / 学术考证引用 / 历史类比引用,学术,54,1,1,1,1,读史指南(1),中外学人如L·翟理思、桑原隲藏、胡适、梁启超、俞照、泷泽俊亮、牟润孙
狄青,军事人物 / 历史类比引用 / 神交引用,军事人物,54,1,1,1,1,读史指南(1),宋仁宗的文臣韩琦，公然给大将狄青好看
独孤及,诗文出处,诗文出处,54,1,1,1,1,读史指南(1),书目作者表
玉子云,亲属 / 历史类比引用 / 神交引用,亲属,54,1,1,1,1,中国迷信新研(1),玉子云妻/姑及夫/姑病夫亦病
玉德崇,亲属 / 历史类比引用 / 神交引用,亲属,54,1,1,1,1,中国迷信新研(1),林氏/玉德崇妻
王七哥（江绍原小品例名）,虚拟人物 / 历史类比引用,虚拟人物,54,1,1,1,1,为历史拨云(1),受了王七哥的气
王七嫂（江绍原小品例名）,虚拟人物 / 历史类比引用,虚拟人物,54,1,1,1,1,为历史拨云(1),王七老婆
王中尉（李敖书牍集）,军事人物 / 同案狱友 / 创作资料协助 / 称谓待考,军事人物,54,1,1,1,1,李敖书牍集(1),台湾警备总司令部王中尉亲口告诉我
王兆民妻（李敖书翰集）,亲属 / 称谓待考,亲属,54,1,1,1,1,李敖书翰集(1),二叔、婶双安
王凤,姻亲,姻亲,54,1,1,1,1,中国迷信新研(1),夫人、将军
王咸,亲属 / 历史类比引用 / 神交引用,亲属,54,1,1,1,1,中国迷信新研(1),诸生王咸妻/姑/姑疾剧
王宁生,通信,通信,54,1,1,1,1,李敖情书集(1),寄给
王安,科学家 / 学术 / 历史类比引用 / 公共论战,科学家,54,1,1,1,1,李敖书札集(1),王安来台投资资讯工业
王安王,亲属,亲属,54,1,1,1,1,挑战李敖(1),朋友、儿子、古代
王家汲,亲属 / 历史类比引用 / 神交引用,亲属,54,1,1,1,1,中国迷信新研(1),诸生王家汲女/父/父疾/割股救之
王康臣,亲属 / 历史类比引用 / 神交引用,亲属,54,1,1,1,1,中国迷信新研(1),贡士刘颜女王康臣妻
王廷毗,亲属 / 历史类比引用 / 神交引用,亲属,54,1,1,1,1,中国迷信新研(1),时氏/贡士王廷毗妻
王彭,诗文出处 / 历史类比引用 / 神交引用,诗文出处,54,1,1,1,1,读史指南(1),苏轼《东坡志林》里引王彭的话
王律师（中合股东会）,律师代理 / 诉讼 / 称谓待考,律师代理,54,1,1,1,1,李敖书简集(1),一位“王律师”出现了
王映霞,亲属,亲属,54,1,1,1,1,李敖情书集(1),哥哥
王朝云,亲属 / 历史类比引用 / 神交引用,亲属,54,1,1,1,1,李敖书牍集(1),至朝云
王正方,媒体 / 见面,媒体,54,1,1,1,1,李敖五五日记(1),夫人、导演
王毖,历史类比引用 / 情感 / 神交引用,历史类比引用,54,1,1,1,1,中国性研究(1),王毖先娶妻息
王泮,公职人员 / 创作资料协助 / 历史类比引用,公职人员,54,1,1,1,1,中国近代史新论(1),王泮刻版
王琪,情治警务 / 刑求人员 / 同案狱友,情治警务,54,1,1,1,1,中国命研究(1),调查局的王琪
王稷,亲属 / 历史类比引用 / 神交引用,亲属,54,1,1,1,1,中国迷信新研(1),王稷妻/姑/姑患心痛
王肃,诗文出处,诗文出处,54,1,1,1,1,读史指南(1),书目作者表
王节,亲属 / 历史类比引用 / 神交引用,亲属,54,1,1,1,1,中国迷信新研(1),蔡氏/王节妻
王豪,见面,见面,54,1,1,1,1,早年日记(1),见、碰到
王连长（李敖书笺集）,军事人物 / 称谓待考 / 历史类比引用,军事人物,54,1,1,1,1,李敖书笺集(1),机枪连长姓王
王都,亲属 / 历史类比引用 / 神交引用,亲属,54,1,1,1,1,中国迷信新研(1),王都妻/翁/翁疾/刲股以疗
王钟配,学术行政,学术行政,54,1,1,1,1,李敖大哥大(1),院长、民进党
王锡宝,司法人员,司法人员,54,1,1,1,1,李敖笑傲江湖(1),法官、法院
王长虹,通信,通信,54,1,1,1,1,求是新语(1),写信、告诉我、政府、先生
王韦,亲属 / 公职人员 / 历史类比引用 / 神交引用,亲属,54,1,1,1,1,中国迷信新研(1),太仆少卿王韦女长史李璨媳
王鸣海,编辑,编辑,54,1,1,1,1,李敖五五日记(1),见、出版社、出版品、出版
王鸿礼,看守戒护 / 创作资料协助,看守戒护,54,1,1,1,1,坐牢家爸爸给女儿的八十封信(1),监狱里的班长王鸿礼上士
王鼎,亲属 / 历史类比引用 / 神交引用,亲属,54,1,1,1,1,中国迷信新研(1),诸生王鼎妻/姑/姑病笃/涕泣告天剖腹剜肝和羹以进
珀涅罗珀,虚拟人物 / 小说剧本人物 / 历史类比引用 / 情感 / 神交引用,虚拟人物,54,1,1,1,1,坐牢家爸爸给女儿的八十封信(1),老婆Penelope
班优秀,师生,师生,54,1,1,1,1,千秋万岁乌鸦求是合集(1),学生、同学、同班
班禅,宗教人物 / 政治人物 / 历史类比引用,宗教人物,54,1,1,1,1,李敖笑傲江湖(1),宗喀巴所创的格鲁派
班魏建,亲属,亲属,54,1,1,1,1,李敖秘密书房(1),同班、父亲、诗
琪莱,社会案件 / 被害人 / 历史类比引用 / 神交引用,社会案件,54,1,1,1,1,李敖书札集(1),英国“琪莱事件”
琳达·克丽丝汀,媒体 / 文艺音乐 / 情感,媒体,54,1,1,1,1,李敖札记(1),琳达克丽丝汀
瓞生,诗文出处 / 历史类比引用,诗文出处,54,1,1,1,1,中国现代史定论(1),008/瓞生/世界大事年表（三十四年）
甯育华,媒体 / 见面,媒体,54,1,1,1,1,李敖访谈录1990-2018(1),周玉蔻、甯育华、林绍琪
田思全,亲属 / 历史类比引用 / 神交引用,亲属,54,1,1,1,1,中国迷信新研(1),汤氏/诸生田思全妻
田柏,亲属 / 历史类比引用 / 神交引用,亲属,54,1,1,1,1,中国迷信新研(1),田柏妻/姑/姑久病/割腹中肝为羹
田玲玲,姻亲,姻亲,54,1,1,1,1,李敖书札集(1),夫人、报导、女士
申屠嘉,政治人物 / 历史类比引用 / 神交引用,政治人物,54,1,1,1,1,为历史拨云(1),申屠嘉说
白伦留,姻亲,姻亲,54,1,1,1,1,李敖大哥大(1),夫人、记者、采访
白回来,政治人物,政治人物,54,1,1,1,1,李敖大哥大(1),主席、委员
皇太极,政治人物 / 军事人物 / 历史类比引用 / 神交引用,政治人物,54,1,1,1,1,读史指南(1),太祖努尔哈赤、太宗皇太极、世祖顺治
皎然,诗文出处,诗文出处,54,1,1,1,1,读史指南(1),书目作者表
皮日休,诗文出处,诗文出处,54,1,1,1,1,读史指南(1),书目作者表
相竞争,姻亲,姻亲,54,1,1,1,1,李敖笑傲江湖(1),夫人、总统、名言
真德秀,诗文出处,诗文出处,54,1,1,1,1,读史指南(1),书目作者表
眭澔平,媒体 / 公共论战,媒体,54,1,1,1,1,挑战李敖(1),眭澔平先生跟李四端先生以前是大学同学
瞿韶华,政治人物 / 公共论战,政治人物,54,1,1,1,1,你是景福门(1),秘书、部长
石坚夫人（李敖书简集）,亲属 / 被害人 / 人权救援 / 刑求受害 / 称谓待考,亲属,54,1,1,1,1,李敖书简集(1),石坚夫人
石城县太爷（李敖书札集）,公职人员 / 通信 / 称谓待考,公职人员,54,1,1,1,1,李敖书札集(1),石城县太爷：
石田干之助,学术 / 诗文出处 / 学术考证引用 / 历史类比引用,学术,54,1,1,1,1,中国近代史新论(1),石田干之助在《郎世宁传考略》
碧特莱丝·韦伯夫人,学术 / 诗文出处 / 历史类比引用 / 神交引用,学术,54,1,1,1,1,坐牢家爸爸给女儿的八十封信(1),Beatrice Webb
祖逖,军事人物 / 政治异议者 / 历史类比引用 / 神交引用,军事人物,54,1,1,1,1,读史指南(1),闻鸡起舞的祖逖
祝丕荣,亲属,亲属,54,1,1,1,1,李敖大哥大(1),告诉我、儿子、先生
祝胡适,通信,通信,54,1,1,1,1,李敖秘密书房(1),写信、老师、研究、论文、中央研究院、所长、先生
神秘送信人（李敖书笺集）,通信 / 创作资料协助 / 称谓待考,通信,54,1,1,1,1,李敖书笺集(1),神秘送信人
福开森,创作资料协助 / 公共论战 / 历史类比引用,创作资料协助,54,1,1,1,1,中国近代史新论(1),公馆里帮福开森译文件
秦伯,政治人物 / 医疗照护 / 历史类比引用 / 称谓待考 / 神交引用,政治人物,54,1,1,1,1,中国迷信新研(1),秦国派名叫“缓”的医生去治
秦宓,历史类比引用 / 诗文出处 / 神交引用,历史类比引用,54,1,1,1,1,中国性研究(1),张温问秦宓曰
程希孟,公职人员 / 政治人物 / 历史类比引用,公职人员,54,1,1,1,1,中国现代史定论(1),主席、委员、宣传
程志方,通信,通信,54,1,1,1,1,李敖书启集(1),写信、出版社、出版、先生
程洪宗,亲属 / 历史类比引用 / 神交引用,亲属,54,1,1,1,1,中国迷信新研(1),程氏/诸生程洪宗女
程溧,亲属 / 历史类比引用 / 神交引用,亲属,54,1,1,1,1,中国迷信新研(1),汪氏/程溧妻
窦宪,军事人物 / 政治人物 / 历史类比引用 / 神交引用,军事人物,54,1,1,1,1,读史指南(1),窦宪征匈奴
章义来,学术,学术,54,1,1,1,1,李敖秘密书房(1),见、研究、学者
章尊良,财产债务,财产债务,54,1,1,1,1,李敖自传与回忆续集(1),房地
章琼,亲属 / 历史类比引用 / 神交引用,亲属,54,1,1,1,1,中国迷信新研(1),盛氏/章琼妻昌化人
端方,公职人员 / 政治人物 / 历史类比引用,公职人员,54,1,1,1,1,中国近代史新论(1),派徐世昌（时已内调）、伍廷芳、载泽、端方、戴鸿慈等五大臣
第六区队长,军事人物 / 见面 / 称谓待考,军事人物,54,1,1,1,1,一个预备军官的日记(1),第六区队长
简短,师生,师生,54,1,1,1,1,李敖大哥大(1),教授、大学
管到,司法人员,司法人员,54,1,1,1,1,李敖秘密书房(1),检察官、法务部、部长
管制到,学术行政,学术行政,54,1,1,1,1,李敖大哥大(1),研究、中央研究院、警察
管特务,情治警务,情治警务,54,1,1,1,1,李敖笑傲江湖(1),记者、部长、特务、警察
米文和,军事人物 / 历史类比引用,军事人物,54,1,1,1,1,李敖书笺集(1),师长米文和被俘
米歇尔·科尔哈斯,虚拟人物 / 诗文出处 / 历史类比引用,虚拟人物,54,1,1,1,1,李敖书笺集(1),米歇尔·科尔哈斯
米高铎,虚拟人物 / 小说剧本人物 / 神交引用,虚拟人物,54,1,1,1,1,大学日记后期甲集(1),父亲
粟岁丰,被害人 / 社会案件 / 同案狱友,被害人,54,1,1,1,1,李敖书序集(1),粟岁丰
索甲仁波切,宗教人物 / 诗文出处 / 公共论战,宗教人物,54,1,1,1,1,李敖笑傲江湖(1),《西藏生死书》
索警告,司法人员,司法人员,54,1,1,1,1,李敖大哥大(1),检察官
约瑟夫·普里斯特利,科学家 / 历史类比引用 / 神交引用,科学家,54,1,1,1,1,李敖书简集(1),英国科学家约瑟夫·普里斯特利
约翰·穆勒,学术 / 诗文出处 / 历史类比引用 / 神交引用,学术,54,1,1,1,1,李敖报刊集(1),约翰·穆勒
纳兰性德,诗文出处,诗文出处,54,1,1,1,1,读史指南(1),书目作者表
经李安,司法人员,司法人员,54,1,1,1,1,李敖大哥大(1),法官
经济官,见面,见面,54,1,1,1,1,挑战李敖(1),见、见到、学者
经由立,师生,师生,54,1,1,1,1,李敖秘密书房(1),助理、经费、法院、委员
经诠释,师生,师生,54,1,1,1,1,李敖大哥大(1),教授、大学、诗
经邀相,政治人物,政治人物,54,1,1,1,1,挑战李敖(1),见、总统、市长
继梅,通信 / 创作资料协助 / 称谓待考,通信,54,1,1,1,1,李敖札记(1),会云、黄三、继梅、以棋、绪华、Leslie
绪华,通信 / 创作资料协助 / 称谓待考,通信,54,1,1,1,1,李敖札记(1),会云、黄三、继梅、以棋、绪华、Leslie
维菁,通信 / 公共论战,通信,54,1,1,1,1,教育与脸谱(1),写信、儿子、文星、先生
罗忠诒,师生,师生,54,1,1,1,1,李敖新刊(1),学生、大学
罗曼罗兰,诗文出处 / 历史类比引用 / 神交引用,诗文出处,54,1,1,1,1,给马戈的五十封信(1),罗曼罗兰之英雄论
羊汝德,诗文出处 / 媒体 / 历史类比引用 / 神交引用,诗文出处,54,1,1,1,1,李敖书札集(1),羊汝德《林语堂北山乐隐图》
羊祜有,学术行政,学术行政,54,1,1,1,1,李敖笑傲江湖(1),院长
羊舌赤,政治人物 / 历史类比引用 / 神交引用,政治人物,54,1,1,1,1,为历史拨云(1),羊舌职死了
美狄丝,虚拟人物 / 宗教人物 / 历史类比引用 / 神交引用,虚拟人物,54,1,1,1,1,坐牢家爸爸给女儿的八十封信(1),妈妈Metis
翁松燃妻（李敖书翰集）,亲属 / 通信 / 称谓待考,亲属,54,1,1,1,1,李敖书翰集(1),翁松燃及其洋婆已返美
翁正春,公职人员 / 历史类比引用,公职人员,54,1,1,1,1,中国近代史新论(1),礼部侍郎翁正春等
翁纪,亲属 / 历史类比引用 / 神交引用,亲属,54,1,1,1,1,中国迷信新研(1),翁氏/翁纪之孙
耀泰兄（李敖书牍集）,通信 / 朋友 / 创作资料协助 / 称谓待考,通信,54,1,1,1,1,李敖书牍集(1),照片收到，谢谢你和耀泰兄
老婶（李敖书函集）,亲属 / 通信 / 称谓待考,亲属,54,1,1,1,1,李敖书函集(1),老婶及府上各位大好
老弁（临清厌炮）,军事人物 / 社会案件 / 历史类比引用 / 称谓待考,军事人物,54,1,1,1,1,中国迷信新研(1),忽一老弁，急呼妓女上城
老林（软禁残记）,见面 / 称谓待考,见面,54,1,1,1,1,李敖秘藏日记(1),老林
老郭（软禁残记）,见面 / 证人见证 / 称谓待考,见面,54,1,1,1,1,李敖秘藏日记(1),老郭来
耶律楚材,诗文出处,诗文出处,54,1,1,1,1,读史指南(1),书目作者表
肯雅塔,政治人物 / 政治异议者 / 历史类比引用 / 神交引用,政治人物,54,1,1,1,1,坐牢家爸爸给女儿的八十封信(1),总统肯雅塔
胜英（李敖书翰集）,通信 / 创作资料协助 / 称谓待考,通信,54,1,1,1,1,李敖书翰集(1),胜英先生：
胡佛表,通信,通信,54,1,1,1,1,千秋万岁乌鸦求是合集(1),写信、台大、委员、批评、主义
胡天叙,亲属 / 历史类比引用 / 神交引用,亲属,54,1,1,1,1,中国迷信新研(1),诸生胡天叙妻/翁/翁病剧
胡爸爸,见面,见面,54,1,1,1,1,李敖秘藏日记(1),碰到、请他、回电、爸爸
胡祖庆,学术 / 政治人物 / 见面,学术,54,1,1,1,1,李敖议坛哀思录(1),本院、委员、政府、先生
胡萨克,政治人物 / 历史类比引用 / 神交引用,政治人物,54,1,1,1,1,虽千万人，李敖往矣(1),见、接见、总统、说过
胡蝶跳,见面,见面,54,1,1,1,1,李敖大哥大(1),见、认识
胡远,政治人物 / 党务宣传 / 历史类比引用,政治人物,54,1,1,1,1,中国现代史定论(1),中共闽西书记胡远
胡适同,姻亲,姻亲,54,1,1,1,1,李敖秘密书房(1),结婚
能破例,学术行政,学术行政,54,1,1,1,1,千秋万岁乌鸦求是合集(1),院长、政府
能骂人,司法人员,司法人员,54,1,1,1,1,文化论战丹火录(1),检察官
腰怀明,亲属 / 历史类比引用 / 神交引用,亲属,54,1,1,1,1,中国迷信新研(1),腰怀明妻/姑及翁
臧劝,亲属 / 历史类比引用 / 神交引用,亲属,54,1,1,1,1,中国迷信新研(1),任氏/诸生臧劝妻
舒屋山人,诗文出处 / 历史类比引用 / 神交引用,诗文出处,54,1,1,1,1,读史指南(1),舒屋山人《新编二十六史通俗演义》
艾健,医疗照护 / 公共论战 / 神交引用,医疗照护,54,1,1,1,1,传统下的独白(1),编辑部、编辑、文星、先生
艾碧珈,师生,师生,54,1,1,1,1,李敖自传与回忆(1),老师、先生
芮锵,亲属 / 历史类比引用 / 神交引用,亲属,54,1,1,1,1,中国迷信新研(1),芮氏/芮锵之女
花蕊夫人,历史类比引用 / 情感 / 神交引用,历史类比引用,54,1,1,1,1,中国性研究(1),花蕊夫人的被劫入宫
苏俄犹太人（李敖书翰集）,人权救援 / 被害人 / 称谓待考,人权救援,54,1,1,1,1,李敖书翰集(1),苏俄的犹太人
苏小姐（白宫大厦服务台）,邻居 / 创作资料协助 / 社会案件 / 称谓待考,邻居,54,1,1,1,1,李敖书函集(1),管理服务台苏小姐
苏张之丙,学术 / 创作资料协助 / 通信,学术,54,1,1,1,1,李敖书启集(1),Mrs. C. P. Sobelman（苏张之丙女士）
苏联谈,姻亲,姻亲,54,1,1,1,1,李敖大哥大(1),大舅子、总统、所谓
苏菲亚罗兰,文艺音乐 / 媒体 / 历史类比引用 / 神交引用,文艺音乐,54,1,1,1,1,李敖Talk秀(1),电影明星苏菲亚罗兰
苏过,诗文出处,诗文出处,54,1,1,1,1,读史指南(1),书目作者表
苏队长（李敖书笺集）,军事人物 / 称谓待考 / 历史类比引用,军事人物,54,1,1,1,1,李敖书笺集(1),一个姓苏的在台北做小本估衣生意
苑玉玺,医疗照护 / 见面,医疗照护,54,1,1,1,1,李敖五五日记(1),经苑玉玺大夫诊断
苗秀芳,通信,通信,54,1,1,1,1,李敖五五日记(1),请我、电话、太太
苦苓,诗文出处 / 媒体 / 通信,诗文出处,54,1,1,1,1,李敖书启集(1),嘱苦苓老弟
范望,诗文出处,诗文出处,54,1,1,1,1,读史指南(1),书目作者表
范玖,亲属 / 历史类比引用 / 神交引用,亲属,54,1,1,1,1,中国迷信新研(1),范玖妻/姑/姑病
荣寿,师生,师生,54,1,1,1,1,李敖秘藏日记(1),教授、太太、总统、思想
荣抗议,师生,师生,54,1,1,1,1,李敖大哥大(1),老师、节目、法官
莎乐美,情感 / 创作资料协助 / 历史类比引用 / 神交引用,情感,54,1,1,1,1,中国性研究(1),尼采的情人莎乐美
莫洛博士,虚拟人物 / 小说剧本人物 / 神交引用,虚拟人物,54,1,1,1,1,李敖报刊集(1),莫洛博士岛
营志宏,政治人物 / 通信 / 创作资料协助 / 公共论战,政治人物,54,1,1,1,1,挑战李敖(1),营志宏先生就送来了
营春浚,亲属 / 历史类比引用 / 神交引用,亲属,54,1,1,1,1,中国迷信新研(1),江妆容/乡民营春浚妻
萧榕,媒体 / 见面,媒体,54,1,1,1,1,李敖五五日记(1),财讯尹士英、吴永毅、彭美媛、萧榕来访问
萨都刺,诗文出处,诗文出处,54,1,1,1,1,读史指南(1),书目作者表
董劻,亲属 / 历史类比引用 / 神交引用,亲属,54,1,1,1,1,中国迷信新研(1),盛氏/文学董劻妻
蒋公正,学术行政,学术行政,54,1,1,1,1,李敖笑傲江湖(1),序、院长、法院、总统、国民党
蒋孝镇,公职人员 / 历史类比引用,公职人员,54,1,1,1,1,李敖书牍集(1),蒋副科长孝镇
蒋家盖,亲属,亲属,54,1,1,1,1,挑战李敖(1),儿子
蒋嵘华,司法人员,司法人员,54,1,1,1,1,李敖书启集(1),法官、法院
蒋英国,财产债务,财产债务,54,1,1,1,1,李敖秘密书房(1),土地、像
蒙哥,政治人物 / 军事人物 / 历史类比引用 / 神交引用,政治人物,54,1,1,1,1,读史指南(1),元太祖成吉思汗、太宗阿阔台、定宗贵由、宪宗蒙哥
蓝明,见面,见面,54,1,1,1,1,早年日记(1),碰到、请他
蓬巴杜,姻亲,姻亲,54,1,1,1,1,一个预备军官的日记(1),夫人、节目、政治
蔡保斌,亲属,亲属,54,1,1,1,1,一个预备军官的日记(1),同学、妹妹、北大、政治、主义
蔡文崧,诉讼,诉讼,54,1,1,1,1,李敖自传与回忆续集(1),见、女儿、福利社、接见
蔡氏（陈宗母）,亲属 / 医疗照护 / 历史类比引用 / 神交引用,亲属,54,1,1,1,1,中国迷信新研(1),陈宗，永嘉人
蔡肇利,亲属 / 历史类比引用 / 神交引用,亲属,54,1,1,1,1,中国迷信新研(1),蔡肇利妻夫亡
蔡钧,公职人员 / 政治人物 / 历史类比引用,公职人员,54,1,1,1,1,中国近代史新论(1),向清廷驻日本东京的公使蔡钧控诉邹容
薛丫头（李敖书翰集）,通信 / 创作资料协助 / 称谓待考,通信,54,1,1,1,1,李敖书翰集(1),薛丫头有来信
薛尔毅,司法人员,司法人员,54,1,1,1,1,世论新语(1),推事、上诉、诬告
藤原保明,军事人物 / 公职人员 / 历史类比引用,军事人物,54,1,1,1,1,中国现代史正论(1),关东军代表是藤原保明，参加员是仪我诚也、柴山兼四郎
袁熙,亲属 / 军事人物 / 历史类比引用,亲属,54,1,1,1,1,李敖笑傲江湖(1),袁绍的儿媳妇，叫袁熙的太太
裴存藩夫人（李敖书启集）,亲属 / 通信 / 创作资料协助 / 称谓待考,亲属,54,1,1,1,1,李敖书启集(1),致裴存藩夫人
西斯蒙迭,学术 / 历史类比引用 / 神交引用,学术,54,1,1,1,1,李敖书牍集(1),马克思发挥西斯蒙迭的见解
覃振,政治人物 / 历史类比引用,政治人物,54,1,1,1,1,中国现代史正论(1),出席西山会议的，有我和林先生（森）、居正、覃振、石青阳、石瑛、戴传贤、沈定一、邵元冲、叶楚伧先生
观近斋,学术 / 创作资料协助 / 历史类比引用,学术,54,1,1,1,1,中国近代史新论(1),大兴合汪怡堂同年、医学科杨君、满洲教授观近斋
解军政,学术行政,学术行政,54,1,1,1,1,挑战李敖(1),院长、总统
解放南,政治人物,政治人物,54,1,1,1,1,李敖笑傲江湖(1),委员、政府、军长、共产党
解更成,财产债务,财产债务,54,1,1,1,1,千秋万岁乌鸦求是合集(1),见、债务、读
解释司,学术行政,学术行政,54,1,1,1,1,李敖秘密书房(1),院长、法院
詹姆斯·赫尔,媒体 / 文艺音乐 / 情感,媒体,54,1,1,1,1,李敖札记(1),詹姆斯赫尔
詹森,政治人物,政治人物,54,1,1,1,1,李敖秘密书房(1),总统、选举
警总便衣人员（秘藏日记）,情治警务 / 机构警卫 / 称谓待考,情治警务,54,1,1,1,1,李敖秘藏日记(1),警总便衣人员
计列表,政治人物,政治人物,54,1,1,1,1,李敖大哥大(1),总统、选举
计程车李先生（李敖书笺集）,见面 / 军事人物 / 创作资料协助 / 称谓待考,见面,54,1,1,1,1,李敖书笺集(1),计程车司机李先生
许中士（周璞脱险）,军事人物 / 创作资料协助 / 历史类比引用,军事人物,54,1,1,1,1,中国现代史定论(1),六十五团特务排之许中士
许恪士,学术 / 学术行政,学术,54,1,1,1,1,李敖全集(1),见、学术、台大、政治、先生
许惕若,亲属 / 历史类比引用 / 神交引用,亲属,54,1,1,1,1,中国迷信新研(1),诸生许惕若妻/姑/姑疾笃
许清云,学术 / 学术行政 / 公共论战,学术,54,1,1,1,1,挑战李敖(1),校长刘源俊那里抗议
许阿铿瑟斯,虚拟人物 / 宗教人物 / 历史类比引用 / 神交引用,虚拟人物,54,1,1,1,1,坐牢家爸爸给女儿的八十封信(1),希腊的美少年Hyacinthus
诚亲王（胤祉）,政治人物 / 亲属 / 学术 / 历史类比引用 / 神交引用,政治人物,54,1,1,1,1,读史指南(1),第三个儿子诚亲王读书
诸辑录,见面,见面,54,1,1,1,1,千秋万岁乌鸦求是合集(1),见、见到、夫人、国民党
谢妈妈,亲属,亲属,54,1,1,1,1,李敖秘密书房(1),妈妈、委员、国民党
谢显堂,见面,见面,54,1,1,1,1,大学日记后期甲集(1),福利社
谢祖坟,政治人物,政治人物,54,1,1,1,1,千秋万岁乌鸦求是合集(1),总统、部长、国民党、台独
谢葆真,亲属 / 被害人 / 历史类比引用,亲属,54,1,1,1,1,中国艺术新研(1),一起、女儿、夫人、秘书、女士
谢谢赵,政治人物,政治人物,54,1,1,1,1,李敖大哥大(1),法院、委员、选举、国民党、民进党、先生
谢谢郎,学术行政,学术行政,54,1,1,1,1,挑战李敖(1),院长、政府、政治、批评、思想、像、先生
谢阿娇,媒体,媒体,54,1,1,1,1,李敖秘密书房(1),朋友、节目、电视
谢霭,亲属 / 历史类比引用 / 神交引用,亲属,54,1,1,1,1,中国迷信新研(1),谢氏/千户谢霭女
谭祖贤,学术 / 创作资料协助 / 公职人员,学术,54,1,1,1,1,读史指南(1),事务、先生
谯玄,政治异议者 / 历史类比引用 / 神交引用,政治异议者,54,1,1,1,1,读史指南(1),卓茂、谯玄不跟王莽合作
贝托鲁奇,文艺音乐 / 诗文出处 / 历史类比引用 / 神交引用,文艺音乐,54,1,1,1,1,李敖书序集(1),贝托鲁奇
贤次（李敖书札集）,通信 / 朋友 / 称谓待考,通信,54,1,1,1,1,李敖书札集(1),英惠、贤次好
贵由,政治人物 / 军事人物 / 历史类比引用 / 神交引用,政治人物,54,1,1,1,1,读史指南(1),元太祖成吉思汗、太宗阿阔台、定宗贵由、宪宗蒙哥
费·唐娜薇,文艺音乐 / 历史类比引用 / 神交引用,文艺音乐,54,1,1,1,1,李敖对话录(1),费丹娜薇
费侠,亲属,亲属,54,1,1,1,1,李敖笑傲江湖(1),妹妹、太太、财产、委员、特务、国民党
费奥多罗,公职人员 / 政治人物 / 历史类比引用,公职人员,54,1,1,1,1,中国近代史新论(1),俄国费奥多罗（Theodore
费德林,出版,出版,54,1,1,1,1,李敖笑傲江湖(1),主编、出版、传记
贾宝禄,见面,见面,54,1,1,1,1,李敖五五日记(1),见、见面、总干事
贾护,诗文出处 / 历史类比引用 / 神交引用,诗文出处,54,1,1,1,1,中国迷信新研(1),刘歆贾护之《汉记》
赫德,公职人员 / 历史类比引用 / 神交引用,公职人员,54,1,1,1,1,李敖书笺集(1),总税务司赫德
赫斯,政治人物 / 军事人物 / 历史类比引用 / 神交引用,政治人物,54,1,1,1,1,坐牢家爸爸给女儿的八十封信(1),难友赫斯
赵伟民,学术行政,学术行政,54,1,1,1,1,李敖自传与回忆(1),院长
赵先生（全祖望典故）,政治异议者 / 历史类比引用 / 神交引用 / 称谓待考,政治异议者,54,1,1,1,1,李敖书简集(1),全祖望写《节愍赵先生传纠谬》
赵四小姐,亲属 / 历史类比引用 / 创作资料协助,亲属,54,1,1,1,1,李敖书启集(1),汉公伉俪
赵婴,历史类比引用 / 政治人物 / 情感 / 神交引用,历史类比引用,54,1,1,1,1,中国性研究(1),赵婴的私通，引出赵氏孤儿
赵宁主,出版,出版,54,1,1,1,1,李敖笑傲江湖(1),出版社、出版、国民党、像
赵敏恒,通信,通信,54,1,1,1,1,一个预备军官的日记(1),电话、记者
赵普收,学术行政,学术行政,54,1,1,1,1,李敖大哥大(1),院长、像
赵桂,亲属 / 历史类比引用 / 神交引用,亲属,54,1,1,1,1,中国迷信新研(1),华氏/赵桂妻
赵毅,通信 / 公共论战,通信,54,1,1,1,1,为自由招魂(1),来信、学生、先生
赵璋,财产债务 / 财产信托 / 通信,财产债务,54,1,1,1,1,李敖书简集(1),中国信托公司”各董事的信
赵福绥,军事人物,军事人物,54,1,1,1,1,李敖随写录前集(1),赵副团长福绥
赵禹跟,学术行政,学术行政,54,1,1,1,1,李敖大哥大(1),院长、政府
赵秘书长（梁肃戎信）,公职人员 / 党务宣传 / 通信 / 公共论战 / 称谓待考,公职人员,54,1,1,1,1,李敖书简集(1),赵秘书长曾打电话给他
路粹,诗文出处 / 政治人物 / 历史类比引用 / 神交引用,诗文出处,54,1,1,1,1,中国命研究(1),路粹罗织孔融罪名
车开甚,亲属,亲属,54,1,1,1,1,千秋万岁乌鸦求是合集(1),见、女儿
转轮王,虚拟人物 / 宗教人物 / 小说剧本人物 / 历史类比引用,虚拟人物,54,1,1,1,1,中国命研究(1),秦广王、初江王、宋帝王、忤官王、阎罗王
辜振甫夫人（李敖书简集）,亲属 / 财产债务 / 称谓待考,亲属,54,1,1,1,1,李敖书简集(1),叶青青《珍珠集》
辩机,诗文出处,诗文出处,54,1,1,1,1,读史指南(1),书目作者表
边备用,律师代理,律师代理,54,1,1,1,1,李敖笑傲江湖(1),律师
达摩,宗教人物 / 历史类比引用 / 神交引用,宗教人物,54,1,1,1,1,读史指南(1),“雷公”名“江赫沖”“阎王爷”名“闪多”“达摩”名“刹利帝菩提多罗”
达林,学术 / 诗文出处 / 历史类比引用,学术,54,1,1,1,1,中国现代史定论(1),苏俄研究者达林（David Dallin）教授
连任共,通信,通信,54,1,1,1,1,李敖秘密书房(1),致函、总统、政府
连断句,学术,学术,54,1,1,1,1,李敖笑傲江湖(1),学者、大学、委员
适夷,诗文出处 / 出版 / 历史类比引用 / 神交引用,诗文出处,54,1,1,1,1,李敖书序集(1),适夷
通译等,司法人员,司法人员,54,1,1,1,1,李敖大哥大(1),见、法官
通辑,司法人员,司法人员,54,1,1,1,1,千秋万岁乌鸦求是合集(1),检察官、政府、警备总部、宣传
通通判,司法人员,司法人员,54,1,1,1,1,李敖笑傲江湖(1),法官、脚镣、起诉
道安,宗教人物 / 诗文出处 / 历史类比引用,宗教人物,54,1,1,1,1,李敖书笺集(1),道安述联，谢冠生书
道宣,诗文出处,诗文出处,54,1,1,1,1,读史指南(1),书目作者表
道式,诗文出处,诗文出处,54,1,1,1,1,读史指南(1),书目作者表
邓子涵,政治人物,政治人物,54,1,1,1,1,世论新语(1),主席、县长
那位青年（李敖札记）,见面 / 证人见证 / 称谓待考,见面,54,1,1,1,1,李敖札记(1),那位青年
那党主,政治人物,政治人物,54,1,1,1,1,李敖秘密书房(1),总统、主席、国民党
那叫胡,师生,师生,54,1,1,1,1,李敖秘密书房(1),教授、弟弟、大学、先生
那姓警员,情治警务 / 见面 / 称谓待考,情治警务,54,1,1,1,1,早年日记(1),姓那
那学生,师生,师生,54,1,1,1,1,李敖秘密书房(1),学生
邱彰诽,诉讼,诉讼,54,1,1,1,1,挑战李敖(1),法院、判决
邱茂男,刑求受害,刑求受害,54,1,1,1,1,李敖秘密书房(1),刑求、国民党、先生
邱近思,通信,通信,54,1,1,1,1,李敖五五日记(1),一起、电话
邵逸夫,媒体 / 文艺音乐 / 出版,媒体,54,1,1,1,1,李敖笑傲江湖(1),香港邵氏做导演
郁某（李敖书翰集）,创作资料协助 / 称谓待考,创作资料协助,54,1,1,1,1,李敖书翰集(1),郁某照片
郑主管,刑求人员 / 称谓待考,刑求人员,54,1,1,1,1,李敖自传与回忆续集(1),皮鞭打
郑伯伯,见面,见面,54,1,1,1,1,李敖秘藏日记(1),碰到、请他、爸爸
郑喜夫,通信,通信,54,1,1,1,1,教育与脸谱(1),见、见到、来信、杂志、文星、委员、读、先生
郑宏斌,媒体,媒体,54,1,1,1,1,我梦碎，所以我梦醒(1),记者、报导、民进党、批评
郑昶,学术 / 诗文出处 / 文艺音乐 / 历史类比引用,学术,54,1,1,1,1,中国近代史新论(1),郑昶在《中国美术史》
郑法官（党与法）,司法人员 / 创作资料协助 / 社会案件 / 历史类比引用,司法人员,54,1,1,1,1,中国现代史正论(1),郑法官恐生意外
郑泰明,学术,学术,54,1,1,1,1,挑战李敖(1),同学、研究、大学
郑英敏,学术行政 / 学术,学术行政,54,1,1,1,1,李敖全集(1),学生
郑进丰,政治人物 / 党务宣传,政治人物,54,1,1,1,1,李敖随写录前集(1),郑进丰
郝伯伯,学术行政,学术行政,54,1,1,1,1,挑战李敖(1),院长、节目
郝伯母,亲属,亲属,54,1,1,1,1,挑战李敖(1),爸爸
郭卫,司法人员,司法人员,54,1,1,1,1,李敖情书集(1),法官
郭可,亲属 / 历史类比引用 / 神交引用,亲属,54,1,1,1,1,中国迷信新研(1),陆氏/诸生郭可妻
郭外川,政治人物 / 人权救援,政治人物,54,1,1,1,1,我最难忘的事和人(1),秘书、党部、先生
郭宦,亲属 / 历史类比引用 / 神交引用,亲属,54,1,1,1,1,中国迷信新研(1),延安人贡士郭宦妹
郭辅,亲属 / 历史类比引用 / 神交引用,亲属,54,1,1,1,1,中国迷信新研(1),郭三庄/郭辅女郑东都妻
都会忍,政治人物,政治人物,54,1,1,1,1,李敖大哥大(1),总统、委员
都去打,司法人员,司法人员,54,1,1,1,1,李敖秘密书房(1),法官、立委
都有台,律师代理,律师代理,54,1,1,1,1,李敖秘密书房(1),律师
都甲等,司法人员,司法人员,54,1,1,1,1,李敖大哥大(1),法官、法庭、政府
释达进,宗教人物 / 选举助选 / 创作资料协助,宗教人物,54,1,1,1,1,李敖札记(1),老师太释达进
里昂屠夫（李敖书札集）,军事人物 / 刑求人员 / 历史类比引用 / 神交引用 / 称谓待考,军事人物,54,1,1,1,1,李敖书札集(1),前纳粹“里昂屠夫”
金常董（中合公司）,财产债务 / 财产信托 / 称谓待考,财产债务,54,1,1,1,1,李敖书简集(1),辜常董及金常董共赴南部
金庸先,见面,见面,54,1,1,1,1,挑战李敖(1),到我家、我家来、跟我说、儿子
金立委,政治人物,政治人物,54,1,1,1,1,李敖秘密书房(1),委员、立委、国民党、像
金邦正,师生,师生,54,1,1,1,1,李敖新刊(1),学生、大学
金香蕙,社会案件 / 历史类比引用 / 神交引用,社会案件,54,1,1,1,1,中国艺术新研(1),金香蕙
钟坚,学术 / 创作资料协助 / 公共论战,学术,54,1,1,1,1,李敖颠倒众生(1),清华大学原子科学系教授钟坚说
钟浩东,政治异议者 / 同案狱友,政治异议者,54,1,1,1,1,我最难忘的事和人(1),牢房、像
钟玉渊,通信,通信,54,1,1,1,1,挑战李敖(1),拜访、电话、电视、总统、公共、先生
钟祥（文星作者）,诗文出处 / 学术 / 公共论战,诗文出处,54,1,1,1,1,李敖报刊集(1),钟祥先生
钮惕生,朋友 / 证人见证 / 创作资料协助 / 历史类比引用,朋友,54,1,1,1,1,中国近代史新论(1),告诉董茂堂、许吕肖、钮惕生
钱三强,科学家 / 历史类比引用,科学家,54,1,1,1,1,李敖笑傲江湖(1),飞弹系统的领导人，科学家是钱三强
钱塘冯氏,社会案件 / 亲属 / 医疗照护 / 被害人 / 宗教人物 / 历史类比引用 / 神交引用,社会案件,54,1,1,1,1,中国迷信新研(1),最早是唐穆宗长庆三年（823）的钱塘冯氏
钱夫妇,姻亲,姻亲,54,1,1,1,1,李敖大哥大(1),太太
钱穆夫,姻亲,姻亲,54,1,1,1,1,李敖大哥大(1),夫人、学者、市长、政府
钱穆洗,姻亲,姻亲,54,1,1,1,1,李敖大哥大(1),夫人、市长
铁保,公职人员 / 诗文出处 / 文艺音乐 / 历史类比引用 / 神交引用,公职人员,54,1,1,1,1,中国艺术新研(1),铁保（1752-1824）
铁托,政治人物 / 历史类比引用 / 神交引用,政治人物,54,1,1,1,1,李敖书牍集(1),《狄托主义——克里姆林宫外的幽灵》
银角大王,虚拟人物 / 历史类比引用 / 神交引用,虚拟人物,54,1,1,1,1,为历史拨云(1),银角大王
闪多,虚拟人物 / 宗教人物 / 历史类比引用 / 神交引用,虚拟人物,54,1,1,1,1,读史指南(1),“雷公”名“江赫沖”“阎王爷”名“闪多”“达摩”名“刹利帝菩提多罗”
阙诒流,见面,见面,54,1,1,1,1,一个预备军官的日记(1),见、认识、学生、台大、看守所
阮逸,诗文出处,诗文出处,54,1,1,1,1,读史指南(1),书目作者表
阿发（王阿毛诅咒对象）,虚拟人物 / 历史类比引用,虚拟人物,54,1,1,1,1,为历史拨云(1),阿发黄病打死
阿拉丁,虚拟人物 / 小说剧本人物 / 历史类比引用,虚拟人物,54,1,1,1,1,坐牢家爸爸给女儿的八十封信(1),阿拉丁（Aladdin）神灯故事
阿斯佩希雅,历史类比引用 / 神交引用,历史类比引用,54,1,1,1,1,李敖书笺集(1),阿斯佩希雅（Aspasia）
阿明（中国性研究）,同案狱友 / 创作资料协助 / 媒体 / 称谓待考,同案狱友,54,1,1,1,1,中国性研究(1),台中看守所出狱的“阿明”
阿林（李敖书笺集）,社会案件 / 历史类比引用 / 称谓待考,社会案件,54,1,1,1,1,李敖书笺集(1),一个名阿林的
阿英,诗文出处 / 学术 / 历史类比引用 / 神交引用,诗文出处,54,1,1,1,1,李敖书序集(1),阿英
阿里斯塔克斯,科学家 / 历史类比引用 / 神交引用,科学家,54,1,1,1,1,坐牢家爸爸给女儿的八十封信(1),Aristarchus and Eratosthenes
阿阔台,政治人物 / 军事人物 / 历史类比引用 / 神交引用,政治人物,54,1,1,1,1,读史指南(1),元太祖成吉思汗、太宗阿阔台、定宗贵由、宪宗蒙哥
陆侃如,学术 / 诗文出处 / 历史类比引用,学术,54,1,1,1,1,中国命研究(1),有搞中国文学史的陆侃如、冯沅君
陆某（沈氏夫）,亲属 / 历史类比引用 / 神交引用,亲属,54,1,1,1,1,中国迷信新研(1),陆某妻/母/母病
陆澄,亲属 / 历史类比引用 / 神交引用,亲属,54,1,1,1,1,中国迷信新研(1),陆嘉真/陆澄女
陈仲统,医疗照护 / 见面 / 人权救援,医疗照护,54,1,1,1,1,你笨蛋，你笨蛋(1),见、教授、母亲、夫人、秘书
陈兆基新娘子（李敖书笺集）,亲属 / 通信 / 称谓待考,亲属,54,1,1,1,1,李敖书笺集(1),新娘子一并大好
陈其年,诗文出处,诗文出处,54,1,1,1,1,读史指南(1),书目作者表
陈养粹,亲属 / 历史类比引用 / 神交引用,亲属,54,1,1,1,1,中国迷信新研(1),贡士陈养粹妻/夫/夫病危
陈医师,师生,师生,54,1,1,1,1,李敖秘密书房(1),老师
陈卓,学术 / 见面,学术,54,1,1,1,1,李敖随写录后集(1),教授、大学、台大、所长
陈南之,学术行政,学术行政,54,1,1,1,1,千秋万岁乌鸦求是合集(1),访问、院长、所长、女士
陈参谋长（五十五军）,军事人物 / 称谓待考 / 历史类比引用,军事人物,54,1,1,1,1,李敖书笺集(1),五十五军陈参谋长
陈发表,通信,通信,54,1,1,1,1,挑战李敖(1),电话、儿子
陈周淑华,亲属 / 财产债务 / 社会案件 / 公共论战,亲属,54,1,1,1,1,李敖秘密书房(1),陈周淑华是监察院院长周百炼的女儿
陈增,公职人员 / 社会案件 / 通信,公职人员,54,1,1,1,1,李敖书笺集(1),村长陈增先生
陈宪纪,亲属 / 历史类比引用 / 神交引用,亲属,54,1,1,1,1,中国迷信新研(1),诸生陈宪纪妻/姑/姑病
陈庆瑜,政治人物 / 公共论战,政治人物,54,1,1,1,1,为自由招魂(1),见、秘书、主席、委员
陈延忠,亲属 / 财产债务 / 社会案件,亲属,54,1,1,1,1,李敖秘密书房(1),大公子叫陈建忠，二公子陈延忠，三公子叫陈清忠
陈张丽仙,亲属 / 财产债务 / 社会案件,亲属,54,1,1,1,1,李敖秘密书房(1),陈张丽仙，还有伪造陈查某的堂弟陈石
陈彦增妻（李敖书翰集）,亲属 / 称谓待考,亲属,54,1,1,1,1,李敖书翰集(1),陈彦增太太也去世
陈彭年,诗文出处,诗文出处,54,1,1,1,1,读史指南(1),书目作者表
陈志竣,亲属 / 历史类比引用 / 神交引用,亲属,54,1,1,1,1,中国迷信新研(1),贡士陈志竣女/母/母疾医药弗效
陈政富,见面,见面,54,1,1,1,1,李敖五五日记(1),碰到、找我、电话、报导
陈有生,师生 / 证人见证,师生,54,1,1,1,1,李敖书序集(1),老师、北大、先生
陈枚,文艺音乐 / 历史类比引用 / 神交引用,文艺音乐,54,1,1,1,1,中国近代史新论(1),冷枚与陈枚各以绘耕织图见称
陈满,亲属 / 历史类比引用 / 神交引用,亲属,54,1,1,1,1,中国迷信新研(1),都氏/安吉人陈满妻
陈炳煌,媒体 / 政治异议者 / 人权救援,媒体,54,1,1,1,1,你笨蛋，你笨蛋(1),访问、教授、记者、国民党、先生
陈秋霖,政治人物 / 公职人员 / 历史类比引用,政治人物,54,1,1,1,1,中国现代史正论(1),夫人、委员、党部
陈罗双喜,证人见证 / 社会案件,证人见证,54,1,1,1,1,李敖随写录前集(1),陈罗双喜
陈耀焜,政治人物 / 公职人员 / 历史类比引用,政治人物,54,1,1,1,1,中国现代史定论(1),主席、委员、宣传
陈膺华,军事人物 / 创作资料协助 / 历史类比引用,军事人物,54,1,1,1,1,中国现代史定论(1),抵达秦皇岛六十师陈膺华部
陈荣树,媒体 / 文艺音乐,媒体,54,1,1,1,1,中国性研究(1),刘家昌挖李翰祥的摄影师陈荣树
陈荣贵,通信,通信,54,1,1,1,1,李敖五五日记(1),会面、来信、节目
陈诚争,党务宣传,党务宣传,54,1,1,1,1,千秋万岁乌鸦求是合集(1),见、党务
陈达,学术 / 诗文出处 / 学术考证引用,学术,54,1,1,1,1,中国性研究(1),社会学家陈达
陈进江,军校学生 / 见面,军校学生,54,1,1,1,1,一个预备军官的日记(1),陈进江
陈选,诗文出处,诗文出处,54,1,1,1,1,读史指南(1),书目作者表
陈遇,亲属 / 历史类比引用 / 神交引用,亲属,54,1,1,1,1,中国迷信新研(1),叶乘龙女文学陈遇妻
陈金水,政治异议者 / 公共论战,政治异议者,54,1,1,1,1,你是景福门(1),土地、委员
陈钦舜,亲属 / 军事人物 / 历史类比引用 / 神交引用,亲属,54,1,1,1,1,中国迷信新研(1),施州左卫陈钦舜女/父/父病
陈顺,社会案件 / 被害人 / 历史类比引用,社会案件,54,1,1,1,1,中国现代史正论(1),凶手陈顺当场被捕
陈鼓应弟子某女士（李敖书笺集）,政治异议者 / 公共论战 / 称谓待考,政治异议者,54,1,1,1,1,李敖书笺集(1),陈鼓应弟子某女士
陶子钦,公共论战 / 神交引用,公共论战,54,1,1,1,1,你是景福门(1),见、见到、朋友、法官、军法
陶澍,诗文出处,诗文出处,54,1,1,1,1,读史指南(1),书目作者表
随车货运服务人员（李敖书笺集）,公职人员 / 社会案件 / 创作资料协助 / 称谓待考,公职人员,54,1,1,1,1,李敖书笺集(1),随车管行李货运的服务人员
雷倩到,见面,见面,54,1,1,1,1,李敖大哥大(1),见、认识、节目
雷倩带,党务宣传,党务宣传,54,1,1,1,1,李敖大哥大(1),见、博士、宣传
雷倩讲,党务宣传,党务宣传,54,1,1,1,1,李敖大哥大(1),见、博士、宣传
雷志云,看守戒护 / 刑求人员,看守戒护,54,1,1,1,1,李敖自传与回忆续集(1),会面、大打其耳光、律师、管理员、军法、国民党、政治
雷慕沙,学术 / 诗文出处 / 学术考证引用 / 历史类比引用,学术,54,1,1,1,1,中国近代史新论(1),Abel Remusat曾云
雷震来,学术行政,学术行政,54,1,1,1,1,李敖大哥大(1),朋友、研究、中央研究院、像
韩访问,姻亲,姻亲,54,1,1,1,1,李敖大哥大(1),访问、夫人、总统
顺治,政治人物 / 历史类比引用 / 神交引用,政治人物,54,1,1,1,1,读史指南(1),太祖努尔哈赤、太宗皇太极、世祖顺治
顾张氏,社会案件 / 亲属 / 医疗照护 / 被害人 / 历史类比引用 / 神交引用,社会案件,54,1,1,1,1,中国迷信新研(1),爸爸、太太、总统
香妃,历史类比引用 / 情感 / 神交引用,历史类比引用,54,1,1,1,1,中国性研究(1),香妃入关
马基维利,诗文出处 / 政治人物 / 历史类比引用 / 神交引用,诗文出处,54,1,1,1,1,李敖书序集续集(1),马基维利
马继壮,军事人物,军事人物,54,1,1,1,1,李敖随写录前集(1),马继壮
马翌,政治人物 / 历史类比引用 / 神交引用,政治人物,54,1,1,1,1,读史指南(1),马翌的对话是
马脉,亲属 / 历史类比引用 / 神交引用,亲属,54,1,1,1,1,中国迷信新研(1),全州城马脉女/父/父病
马默,历史类比引用 / 政治人物,历史类比引用,54,1,1,1,1,李敖札记(1),马默守登州
高丘,亲属 / 历史类比引用 / 神交引用,亲属,54,1,1,1,1,中国迷信新研(1),庠生高丘妻/姑愈/姑病
高云鹏,军事人物 / 证人见证 / 历史类比引用,军事人物,54,1,1,1,1,中国现代史正论(1),副师长高云鹏跑去见陈诚
高墉,媒体 / 诗文出处 / 公共论战,媒体,54,1,1,1,1,李敖书牍集(1),高墉写的一篇《李敖的是非功过》
高士轩,朋友 / 证人见证,朋友,54,1,1,1,1,虽千万人，李敖往矣(1),好友、太太
高尔迪乌斯,虚拟人物 / 历史类比引用 / 神交引用,虚拟人物,54,1,1,1,1,坐牢家爸爸给女儿的八十封信(1),Gordian knot
高收入,财产债务,财产债务,54,1,1,1,1,挑战李敖(1),房地、大学
高曼夫人,诗文出处 / 宗教人物 / 神交引用,诗文出处,54,1,1,1,1,李敖书牍集(1),高曼夫人
高院三推事（李敖书札集）,司法人员 / 诉讼 / 公共论战 / 称谓待考,司法人员,54,1,1,1,1,李敖书札集(1),林晃、黄剑青、顾锦才三推事
魏了翁,诗文出处,诗文出处,54,1,1,1,1,读史指南(1),书目作者表
魏华樵,律师代理 / 诉讼,律师代理,54,1,1,1,1,李敖书函集(1),台中魏华樵律师
魏岩涛,学术 / 学术行政 / 公共论战,学术,54,1,1,1,1,你笨蛋，你笨蛋(1),夫人、博士、委员、所谓
魏端,军校学生 / 见面,军校学生,54,1,1,1,1,一个预备军官的日记(1),魏端
魏红（李敖书札集）,亲属 / 称谓待考,亲属,54,1,1,1,1,李敖书札集(1),魏红是牡丹的一种
鲁克佛多,学术 / 创作资料协助 / 历史类比引用,学术,54,1,1,1,1,中国近代史新论(1),雍正五年，俄罗斯遣其官生鲁克佛多、德宣宛、喀喇、希木
鲁南出版社陈老板（李敖书翰集）,出版 / 诉讼 / 称谓待考,出版,54,1,1,1,1,李敖书翰集(1),鲁南出版社的陈老板
鲁夫人,历史类比引用 / 神交引用,历史类比引用,54,1,1,1,1,上山·上山·爱(1),一起、夫人
鲍德瑞克,文艺音乐 / 媒体 / 历史类比引用 / 神交引用,文艺音乐,54,1,1,1,1,李敖Talk秀(1),鲍德瑞克是个有名的电影明星
鲍耀明,通信,通信,54,1,1,1,1,李敖秘藏日记(1),见、写信、思想、像
鹰哥摩圣诺,文艺音乐 / 媒体 / 历史类比引用,文艺音乐,54,1,1,1,1,李敖书笺集(1),爱云芬芝与鹰哥摩圣诺
鹿钟麟,军事人物 / 政治人物 / 历史类比引用,军事人物,54,1,1,1,1,李敖访谈录1990-2018(1),鹿钟麟
麦尔,学术 / 诗文出处 / 学术考证引用 / 历史类比引用 / 神交引用,学术,54,1,1,1,1,读史指南(1),麦尔先生的话
麻雀永,学术,学术,54,1,1,1,1,李敖秘密书房(1),一起、研究、学者、中央研究院
黄东熊,学术行政,学术行政,54,1,1,1,1,李敖笑傲江湖(1),大学、院长、政治
黄丽珠,情感 / 社会案件,情感,54,1,1,1,1,李敖随写录前集(1),黄丽珠
黄仪,学术 / 诗文出处 / 历史类比引用 / 神交引用,学术,54,1,1,1,1,中国命研究(1),顾祖禹、黄仪亦引参《一统志》事
黄冠豪,律师代理 / 诉讼,律师代理,54,1,1,1,1,李敖随写录后集(1),黄冠豪
黄凯,学术行政,学术行政,54,1,1,1,1,李敖自传与回忆(1),院长
黄华侄儿（李敖书笺集）,亲属 / 社会案件 / 称谓待考,亲属,54,1,1,1,1,李敖书笺集(1),黄华的侄儿也被叫了去
黄小姐（李敖札记）,见面 / 称谓待考,见面,54,1,1,1,1,李敖札记(1),黄小姐
黄巢,军事人物 / 政治异议者 / 历史类比引用 / 神交引用,军事人物,54,1,1,1,1,读史指南(1),平黄巢之乱
黄建福,媒体 / 见面,媒体,54,1,1,1,1,李敖五五日记(1),总经理黄建福、节目部经理杨琴玲及曾谁芬
黄忠,军事人物 / 历史类比引用 / 神交引用,军事人物,54,1,1,1,1,读史指南(1),黄忠并没死于征吴
黄护士（五五日记）,医疗照护 / 见面 / 称谓待考,医疗照护,54,1,1,1,1,李敖五五日记(1),中山医院黄护士
黄挺华,见面,见面,54,1,1,1,1,李敖五五日记(1),法官
黄效先,社会案件 / 诉讼,社会案件,54,1,1,1,1,李敖报刊集(1),黄效先
黄明镇,宗教人物 / 社会案件 / 公共论战,宗教人物,54,1,1,1,1,挑战李敖(1),更生团体的这个牧师黄明镇
黄某（书刊查禁警员）,情治警务 / 见面 / 称谓待考,情治警务,54,1,1,1,1,早年日记(1),黄某
黄永祥,政治人物 / 公共论战,政治人物,54,1,1,1,1,李敖随写录后集(1),同学、主席、委员
黄纯仁,师生,师生,54,1,1,1,1,一个预备军官的日记(1),教授、大学、辩护、诗
黄道舜,看守戒护 / 刑求人员,看守戒护,54,1,1,1,1,李敖自传与回忆续集(1),会面、大打其耳光、律师、管理员、国民党、政治
黄钦,亲属 / 历史类比引用 / 神交引用,亲属,54,1,1,1,1,中国迷信新研(1),黄钦之妹夫亡归母家
黄雪邨小儿子大舅子（李敖书翰集）,亲属 / 创作资料协助 / 称谓待考,亲属,54,1,1,1,1,李敖书翰集(1),她的老师告诉黄雪邨的小儿子的大舅子的
黄驿渊,媒体,媒体,54,1,1,1,1,我梦碎，所以我梦醒(1),记者、报导、民进党、批评
默罕默德,宗教人物 / 历史类比引用 / 神交引用,宗教人物,54,1,1,1,1,李敖情书集(1),默罕默德
龚永昆,刑求人员,刑求人员,54,1,1,1,1,李敖笑傲江湖(1),警总、法官、上诉、封杀
别人嘛,学术,学术,53,2,1,1,1,李敖秘密书房(2),研究、攻击、所谓、像
时效性,媒体,媒体,53,2,1,1,2,李敖秘密书房(2),电视
曾静漪,见面,见面,53,2,1,1,1,李敖访谈录1990-2018(2),访问、选举
杜元载,见面,见面,53,2,1,1,1,大学日记后期甲集(2),请他
段李敖,媒体,媒体,53,2,1,1,2,李敖大哥大(2),节目、读、历史上、先生
那假如,政治人物,政治人物,53,2,1,1,2,李敖秘密书房(2),总统、政治
丁仲丁,媒体,媒体,53,1,1,1,1,李敖秘密书房(1),电视
乔健,出版,出版,53,1,1,1,1,一个预备军官的日记(1),杂志、哲学、像
乔治·华莱士,政治人物 / 历史类比引用 / 神交引用,政治人物,53,1,1,1,1,阳痿美国(1),总统
于伟民,见面 / 朋友,见面,53,1,1,1,1,大学日记后期乙集(1),台大
于创制,政治人物,政治人物,53,1,1,1,1,千秋万岁乌鸦求是合集(1),总统
于周婴,见面,见面,53,1,1,1,1,千秋万岁乌鸦求是合集(1),见
于常人,出版,出版,53,1,1,1,1,千秋万岁乌鸦求是合集(1),序、总统
仲容孝,见面,见面,53,1,1,1,1,千秋万岁乌鸦求是合集(1),见
任人利,编辑,编辑,53,1,1,1,1,千秋万岁乌鸦求是合集(1),发行
俞叔平,学术,学术,53,1,1,1,1,为中国思想趋向求答案(1),学者、政治、先生
全力丑,媒体,媒体,53,1,1,1,1,千秋万岁乌鸦求是合集(1),电视、立委、国民党、民进党
公开去,媒体,媒体,53,1,1,1,1,千秋万岁乌鸦求是合集(1),记者
冯配,见面,见面,53,1,1,1,1,挑战李敖(1),见、总统
刘叔雅,学术,学术,53,1,1,1,1,你笨蛋，你笨蛋(1),大学
刘望苏,财产债务,财产债务,53,1,1,1,1,李敖自传与回忆续集(1),委员
刘碧良,政治人物,政治人物,53,1,1,1,1,李敖书札集(1),委员
利用吴,政治人物,政治人物,53,1,1,1,1,千秋万岁乌鸦求是合集(1),总统
别人尤,媒体,媒体,53,1,1,1,1,李敖秘密书房(1),采访
别位朋,学术,学术,53,1,1,1,1,李敖秘密书房(1),朋友、论文
别早,军事人物,军事人物,53,1,1,1,1,李敖秘密书房(1),将军、历史上、像
包围教,学术,学术,53,1,1,1,1,挑战李敖(1),大学
华人食,见面,见面,53,1,1,1,1,千秋万岁乌鸦求是合集(1),见
华聊天,政治人物,政治人物,53,1,1,1,1,挑战李敖(1),朋友、主席、台独
卢泰宇,政治人物,政治人物,53,1,1,1,1,挑战李敖(1),总统、像
危险喽,政治人物,政治人物,53,1,1,1,1,挑战李敖(1),总统
却极深,朋友,朋友,53,1,1,1,1,挑战李敖(1),朋友、交情、主席
古人打,军事人物,军事人物,53,1,1,1,1,李敖秘密书房(1),将军、古代、古人、像
台凤形,编辑,编辑,53,1,1,1,1,挑战李敖(1),仓储
台办,见面,见面,53,1,1,1,1,李敖访谈录1990-2018(1),见
史彼得,司法人员 / 政治人物 / 历史类比引用 / 神交引用,司法人员,53,1,1,1,1,阳痿美国(1),见、关怀
吉劳德,政治人物,政治人物,53,1,1,1,1,李敖秘密书房(1),委员
向环球,媒体,媒体,53,1,1,1,1,挑战李敖(1),电视
向静波,学术,学术,53,1,1,1,1,我最难忘的事和人(1),研究
吕逸文,宗教人物 / 公共论战 / 通信,宗教人物,53,1,1,1,1,李敖全集(1),见、文星、读、先生
吴世昌,学术 / 神交引用,学术,53,1,1,1,1,我梦碎，所以我梦醒(1),大学、先生
吴京统,见面,见面,53,1,1,1,1,挑战李敖(1),碰到、研究、部长
吴仪,政治人物,政治人物,53,1,1,1,1,李敖秘密书房(1),部长
吴处厚,学术 / 诗文出处 / 学术考证引用 / 历史类比引用 / 神交引用,学术,53,1,1,1,1,历史与人像(1),见
吴氏出,编辑,编辑,53,1,1,1,1,为自由招魂(1),发行
周志明,军事人物 / 见面,军事人物,53,1,1,1,1,一个预备军官的日记(1),见
哈罗德·坎贝尔,军事人物 / 公共论战 / 历史类比引用 / 神交引用,军事人物,53,1,1,1,1,阳痿美国(1),少将
唐筠卿,见面,见面,53,1,1,1,1,千秋万岁乌鸦求是合集(1),见、政府、所谓、先生
唐飞可,诉讼,诉讼,53,1,1,1,1,李敖秘密书房(1),法院、像
国之勤,见面,见面,53,1,1,1,1,千秋万岁乌鸦求是合集(1),见、总统
国会搞,政治人物,政治人物,53,1,1,1,1,挑战李敖(1),政府
国俊,政治人物,政治人物,53,1,1,1,1,李敖大哥大(1),总统
国诞生,政治人物,政治人物,53,1,1,1,1,李敖秘密书房(1),总统
威廉·亨利·哈里森,政治人物 / 主剧情人物 / 小说剧本人物 / 军事人物 / 历史类比引用,政治人物,53,1,1,1,1,阳痿美国(1),总统
孔老头,政治人物,政治人物,53,1,1,1,1,李敖情书集(1),总统
孔门孙,见面,见面,53,1,1,1,1,千秋万岁乌鸦求是合集(1),见
孙加套,军事人物,军事人物,53,1,1,1,1,千秋万岁乌鸦求是合集(1),将军
孙登,见面,见面,53,1,1,1,1,千秋万岁乌鸦求是合集(1),见
孙纶芳,学术 / 见面,学术,53,1,1,1,1,早年日记(1),研究
季孙说,见面,见面,53,1,1,1,1,千秋万岁乌鸦求是合集(1),见
安德鲁·约翰逊,政治人物 / 主剧情人物 / 小说剧本人物 / 历史类比引用,政治人物,53,1,1,1,1,阳痿美国(1),总统
宋仔,政治人物,政治人物,53,1,1,1,1,挑战李敖(1),总统
宋彦健,军事人物 / 见面,军事人物,53,1,1,1,1,一个预备军官的日记(1),见
宗教结,见面,见面,53,1,1,1,1,李敖秘密书房(1),一起、国民党
宣统再,政治人物,政治人物,53,1,1,1,1,千秋万岁乌鸦求是合集(1),总统
宫女扯,见面,见面,53,1,1,1,1,李敖秘密书房(1),一起
家权力,政治人物,政治人物,53,1,1,1,1,李敖秘密书房(1),总统
家杰,媒体,媒体,53,1,1,1,1,李敖大哥大(1),记者、立委、政治
家白贼,政治人物,政治人物,53,1,1,1,1,挑战李敖(1),总统、像
容易背,政治人物,政治人物,53,1,1,1,1,李敖秘密书房(1),总统
容纳直,政治人物,政治人物,53,1,1,1,1,千秋万岁乌鸦求是合集(1),总统、国民党
寿命分,见面,见面,53,1,1,1,1,李敖大哥大(1),一起
居伴侣,见面,见面,53,1,1,1,1,李敖秘密书房(1),一起、朋友
居正虽,政治人物,政治人物,53,1,1,1,1,千秋万岁乌鸦求是合集(1),总统、国民党、文学
居状态,见面,见面,53,1,1,1,1,挑战李敖(1),一起、朋友
巴黎铁,见面,见面,53,1,1,1,1,李敖秘密书房(1),见
席瑞索,媒体,媒体,53,1,1,1,1,世论新语(1),报导、总统
常人殊,媒体,媒体,53,1,1,1,1,千秋万岁乌鸦求是合集(1),报导、像
干到,见面,见面,53,1,1,1,1,挑战李敖(1),找我、总统
平民并,政治人物,政治人物,53,1,1,1,1,千秋万岁乌鸦求是合集(1),总统
平民组,政治人物,政治人物,53,1,1,1,1,挑战李敖(1),总统
平民辩,出版,出版,53,1,1,1,1,挑战李敖(1),序、总统
应成立,出版,出版,53,1,1,1,1,千秋万岁乌鸦求是合集(1),杂志、委员、共产党、读、主义
康居山,见面,见面,53,1,1,1,1,千秋万岁乌鸦求是合集(1),见、所谓
张伯驹,政治人物,政治人物,53,1,1,1,1,李敖大哥大(1),政府
张依仁,同学,同学,53,1,1,1,1,大学日记后期甲集(1),同学
张平男,媒体,媒体,53,1,1,1,1,李敖颠倒众生(1),记者
张忠绂,诗文出处 / 公共论战 / 历史类比引用 / 神交引用,诗文出处,53,1,1,1,1,历史与人像(1),序、批评、先生
张本人,军事人物,军事人物,53,1,1,1,1,李敖笑傲江湖(1),将军、国民党
张溥所,见面,见面,53,1,1,1,1,千秋万岁乌鸦求是合集(1),见
张狠牌,政治人物,政治人物,53,1,1,1,1,李敖大哥大(1),主席
张纮炬,学术,学术,53,1,1,1,1,李敖秘密书房(1),大学、政治、像
张群转,政治人物,政治人物,53,1,1,1,1,李敖大哥大(1),总统
张自强,诉讼,诉讼,53,1,1,1,1,李敖大哥大(1),法院、委员
张舜民,学术 / 诗文出处 / 学术考证引用 / 历史类比引用 / 神交引用,学术,53,1,1,1,1,历史与人像(1),见
张钦成,诗文出处 / 公共论战 / 学术考证引用,诗文出处,53,1,1,1,1,历史与人像(1),见、读、先生
强国走,政治人物,政治人物,53,1,1,1,1,挑战李敖(1),政府、国民党
强盗何,政治人物,政治人物,53,1,1,1,1,千秋万岁乌鸦求是合集(1),政府、国民党、政治
强迫云,军事人物,军事人物,53,1,1,1,1,李敖秘密书房(1),将军
徐平羽,学术,学术,53,1,1,1,1,李敖秘密书房(1),北大、文学、先生
徐景贤,学术 / 宗教人物,学术,53,1,1,1,1,李敖全集(1),大学、先生
成仁歌,同事,同事,53,1,1,1,1,李敖秘密书房(1),同在、诗
成立最,政治人物,政治人物,53,1,1,1,1,李敖秘密书房(1),委员
成钳制,政治人物,政治人物,53,1,1,1,1,挑战李敖(1),总统
扎卡里·泰勒,政治人物 / 主剧情人物 / 小说剧本人物 / 军事人物 / 历史类比引用,政治人物,53,1,1,1,1,阳痿美国(1),总统
文人担,政治人物,政治人物,53,1,1,1,1,挑战李敖(1),部长
文学成,神交引用,神交引用,53,1,1,1,1,千秋万岁乌鸦求是合集(1),思想、作品、主义、文学
文征俱,见面,见面,53,1,1,1,1,千秋万岁乌鸦求是合集(1),见、国民党、共产党、主义
文盲用,诉讼,诉讼,53,1,1,1,1,挑战李敖(1),起诉
方会答,政治人物,政治人物,53,1,1,1,1,挑战李敖(1),部长、国民党
方国珍,军事人物 / 神交引用,军事人物,53,1,1,1,1,传统下的独白(1),将军
施博尔,学术,学术,53,1,1,1,1,大学日记后期甲集(1),研究、记者、先生
时却将,媒体,媒体,53,1,1,1,1,李敖笑傲江湖(1),记者
时又将,媒体,媒体,53,1,1,1,1,李敖笑傲江湖(1),记者
时反咬,学术,学术,53,1,1,1,1,李敖笑傲江湖(1),大学
时处分,见面,见面,53,1,1,1,1,千秋万岁乌鸦求是合集(1),见、发行、出版、政治
时并予,媒体,媒体,53,1,1,1,1,千秋万岁乌鸦求是合集(1),报导、委员、读
时感谢,出版,出版,53,1,1,1,1,千秋万岁乌鸦求是合集(1),出版
时电令,政治人物,政治人物,53,1,1,1,1,千秋万岁乌鸦求是合集(1),总统
时跟现,媒体,媒体,53,1,1,1,1,李敖大哥大(1),电视、国民党
时辈,见面,见面,53,1,1,1,1,千秋万岁乌鸦求是合集(1),见
时退出,媒体,媒体,53,1,1,1,1,李敖大哥大(1),电视、委员、国民党
时阻止,见面,见面,53,1,1,1,1,千秋万岁乌鸦求是合集(1),见、证人
曹仁,军事人物 / 神交引用,军事人物,53,1,1,1,1,李敖文存二集(1),将军
曹宝禄,见面,见面,53,1,1,1,1,李敖秘密书房(1),见
权之讥,政治人物,政治人物,53,1,1,1,1,千秋万岁乌鸦求是合集(1),总统、批评
权力已,见面,见面,53,1,1,1,1,李敖大哥大(1),一起、告诉我、像
权威阶,出版,出版,53,1,1,1,1,千秋万岁乌鸦求是合集(1),报纸
李伯芬,见面,见面,53,1,1,1,1,一个预备军官的日记(1),碰到
李同生,见面,见面,53,1,1,1,1,李敖秘密书房(1),碰到、像、先生
李宏基,学术,学术,53,1,1,1,1,李敖自传与回忆(1),晤、主席、文学、先生
李幼椿,政治人物,政治人物,53,1,1,1,1,李敖书札集(1),委员
李志敏,学术,学术,53,1,1,1,1,李敖秘密书房(1),北大、文学
李扁无,政治人物,政治人物,53,1,1,1,1,李敖大哥大(1),委员
李泽厚,公共论战,公共论战,53,1,1,1,1,李敖五五日记(1),国民党、民进党
李涛开,媒体,媒体,53,1,1,1,1,李敖大哥大(1),节目、委员、民进党
李荣侠,出版,出版,53,1,1,1,1,一个预备军官的日记(1),杂志、读
李连,政治人物,政治人物,53,1,1,1,1,挑战李敖(1),总统
李钟,见面,见面,53,1,1,1,1,一个预备军官的日记(1),碰到
杨兰俊,学术,学术,53,1,1,1,1,李敖秘密书房(1),学者、像、先生
林义夫,政治人物,政治人物,53,1,1,1,1,李敖大哥大(1),部长
林建华,媒体,媒体,53,1,1,1,1,挑战李敖(1),电视、总统、公共、先生
林腾鹞,学术 / 见面,学术,53,1,1,1,1,李敖议坛哀思录(1),请他、先生
林英义,军事人物 / 朋友 / 见面,军事人物,53,1,1,1,1,一个预备军官的日记(1),朋友、参谋
林襄理,见面,见面,53,1,1,1,1,早年日记(1),见
林连战,见面,见面,53,1,1,1,1,挑战李敖(1),见
林钰祥,政治人物,政治人物,53,1,1,1,1,求是新语(1),选举、国民党
柏杨摆,见面,见面,53,1,1,1,1,李敖大哥大(1),一起、杂志、总统、司令
查贿,政治人物,政治人物,53,1,1,1,1,李敖大哥大(1),总统
柯劭忞,学术 / 诗文出处 / 历史类比引用 / 神交引用,学术,53,1,1,1,1,历史与人像(1),将军、诗
梁争短,政治人物,政治人物,53,1,1,1,1,李敖大哥大(1),总统、民进党
梁荣茂,见面,见面,53,1,1,1,1,李敖书简集(1),晤、台大
梁鸿英,亲属 / 创作资料协助,亲属,53,1,1,1,1,李敖随写录后集(1),见、女士
梅津美治郎,军事人物 / 政治人物 / 神交引用,军事人物,53,1,1,1,1,你是景福门(1),将军、所谓
欧美各,学术,学术,53,1,1,1,1,千秋万岁乌鸦求是合集(1),学术、委员、思想、主义
步打入,编辑,编辑,53,1,1,1,1,挑战李敖(1),仓储
步自行,编辑,编辑,53,1,1,1,1,我梦碎，所以我梦醒(1),发行
武力配,政治人物,政治人物,53,1,1,1,1,挑战李敖(1),部长
武士混,见面,见面,53,1,1,1,1,李敖秘密书房(1),一起、国民党
段胡适,媒体,媒体,53,1,1,1,1,李敖秘密书房(1),节目、主义、先生
毕福,见面,见面,53,1,1,1,1,一个预备军官的日记(1),认识
江川涛,学术,学术,53,1,1,1,1,大学日记后期甲集(1),台大、先生
汪荣组,学术,学术,53,1,1,1,1,挑战李敖(1),传记、总统
沈三白,见面,见面,53,1,1,1,1,李敖访谈录1990-2018(1),碰到
沈荣裕,见面,见面,53,1,1,1,1,李敖五五日记(1),碰到、证人
沙尔菲,学术,学术,53,1,1,1,1,李敖访谈录1990-2018(1),传记、将军
沙达特,见面,见面,53,1,1,1,1,李敖大哥大(1),一起、总统
游运作,出版,出版,53,1,1,1,1,李敖大哥大(1),序、委员、民进党
熊天瑞,军事人物 / 神交引用,军事人物,53,1,1,1,1,传统下的独白(1),将军
狄志伟,媒体,媒体,53,1,1,1,1,李敖大哥大(1),记者
王俊夫,诉讼,诉讼,53,1,1,1,1,李敖大哥大(1),法院、委员
王凤土,见面,见面,53,1,1,1,1,大学日记后期甲集(1),见、先生
王宠恵,政治人物,政治人物,53,1,1,1,1,千秋万岁乌鸦求是合集(1),总统、思想
王寒操,同事,同事,53,1,1,1,1,李敖秘藏日记(1),同事、读、先生
王文藻,军校学生 / 见面,军校学生,53,1,1,1,1,一个预备军官的日记(1),见
王树柟,学术 / 诗文出处 / 学术考证引用 / 历史类比引用 / 神交引用,学术,53,1,1,1,1,历史与人像(1),将军
王菲见,见面,见面,53,1,1,1,1,李敖秘密书房(1),见、政治
王鼎昌,政治人物,政治人物,53,1,1,1,1,李敖秘密书房(1),总统
申庆,见面,见面,53,1,1,1,1,早年日记(1),碰到
相当分,见面,见面,53,1,1,1,1,李敖大哥大(1),见、立委
相熟之,见面,见面,53,1,1,1,1,一个预备军官的日记(1),见、名言
石原越,见面,见面,53,1,1,1,1,李敖大哥大(1),请他
祝嘉祥,见面,见面,53,1,1,1,1,一个预备军官的日记(1),认识
禹如斌,政治人物,政治人物,53,1,1,1,1,一个预备军官的日记(1),问我、主席
程之养,见面,见面,53,1,1,1,1,大学日记后期甲集(1),见
管李济,学术,学术,53,1,1,1,1,千秋万岁乌鸦求是合集(1),研究、先生
管道太,见面,见面,53,1,1,1,1,李敖秘密书房(1),见、学者
约翰·泰勒,政治人物 / 主剧情人物 / 小说剧本人物 / 历史类比引用,政治人物,53,1,1,1,1,阳痿美国(1),总统
纪念钱,见面,见面,53,1,1,1,1,李敖大哥大(1),一起、学者、记者、政府、先生
经济联,政治人物,政治人物,53,1,1,1,1,挑战李敖(1),部长、像
翁瑞午,见面,见面,53,1,1,1,1,李敖秘密书房(1),一起、像
胡水旺,见面,见面,53,1,1,1,1,挑战李敖(1),请我、先生
胡风信,公共论战,公共论战,53,1,1,1,1,李敖大哥大(1),国民党、共产党
能人选,政治人物,政治人物,53,1,1,1,1,李敖大哥大(1),总统、民进党
苏文龙,政治人物,政治人物,53,1,1,1,1,挑战李敖(1),政府、警察、国民党、先生
苏正平,政治人物,政治人物,53,1,1,1,1,挑战李敖(1),总统
苏联举,政治人物,政治人物,53,1,1,1,1,挑战李敖(1),总统、共产党
苏联勾,见面,见面,53,1,1,1,1,李敖大哥大(1),一起
苏联比,政治人物,政治人物,53,1,1,1,1,挑战李敖(1),总统
苏联缔,政治人物,政治人物,53,1,1,1,1,李敖大哥大(1),政府
苏顺国,出版,出版,53,1,1,1,1,挑战李敖(1),朋友、序、书里、先生
荣到张,诉讼,诉讼,53,1,1,1,1,李敖大哥大(1),法院、民进党
荣又搞,媒体,媒体,53,1,1,1,1,李敖大哥大(1),电视
荣等说,政治人物,政治人物,53,1,1,1,1,李敖大哥大(1),委员
莫辛等,公共论战,公共论战,53,1,1,1,1,文化论战丹火录(1),政治、论战、先生
萧飕万,见面,见面,53,1,1,1,1,一个预备军官的日记(1),见、诗
蒋公戴,学术,学术,53,1,1,1,1,李敖大哥大(1),大学、书里、像
蔡豪有,出版,出版,53,1,1,1,1,挑战李敖(1),报纸、电视
蔡豪没,出版,出版,53,1,1,1,1,挑战李敖(1),报纸、电视
薄官吏,政治人物,政治人物,53,1,1,1,1,李敖笑傲江湖(1),总统、政治
衡并美,政治人物,政治人物,53,1,1,1,1,千秋万岁乌鸦求是合集(1),总统、国民党
解主要,见面,见面,53,1,1,1,1,千秋万岁乌鸦求是合集(1),见
解写完,见面,见面,53,1,1,1,1,千秋万岁乌鸦求是合集(1),见
解又模,见面,见面,53,1,1,1,1,千秋万岁乌鸦求是合集(1),见
解孩子,编辑,编辑,53,1,1,1,1,李敖秘密书房(1),编辑、朋友、文学
解最精,见面,见面,53,1,1,1,1,千秋万岁乌鸦求是合集(1),见
解来解,学术,学术,53,1,1,1,1,挑战李敖(1),博士、电视
解究竟,见面,见面,53,1,1,1,1,千秋万岁乌鸦求是合集(1),见
解经国,政治人物,政治人物,53,1,1,1,1,李敖秘密书房(1),主席、像、先生
许文瑞,同学,同学,53,1,1,1,1,挑战李敖(1),同学、大学、政治
谢谢余,学术,学术,53,1,1,1,1,挑战李敖(1),研究、总统、国民党、先生
谢谢侯,媒体,媒体,53,1,1,1,1,挑战李敖(1),节目、总统、先生
谢谢关,政治人物,政治人物,53,1,1,1,1,挑战李敖(1),总统、先生
谢谢吴,政治人物,政治人物,53,1,1,1,1,挑战李敖(1),选举、先生
谢谢孙,政治人物,政治人物,53,1,1,1,1,挑战李敖(1),委员、小姐
谢谢杨,见面,见面,53,1,1,1,1,李敖大哥大(1),认识、思想、先生
谢谢汤,政治人物,政治人物,53,1,1,1,1,挑战李敖(1),选举、先生
谢谢黄,媒体,媒体,53,1,1,1,1,李敖大哥大(1),电视、市长、像、先生
费尔摩,政治人物 / 历史类比引用 / 神交引用,政治人物,53,1,1,1,1,虚拟的十七岁(1),总统
费西平,政治人物,政治人物,53,1,1,1,1,李敖颠倒众生(1),委员
贺敖之,出版,出版,53,1,1,1,1,千秋万岁乌鸦求是合集(1),杂志、先生
贾士蘅,见面,见面,53,1,1,1,1,一个预备军官的日记(1),见、同学
赵世洵,诗文出处 / 历史类比引用 / 神交引用,诗文出处,53,1,1,1,1,为历史拨云(1),见
赵元安,见面,见面,53,1,1,1,1,大学日记后期甲集(1),认识、名言
赵怡先,媒体,媒体,53,1,1,1,1,挑战李敖(1),电视
赵怡抱,媒体,媒体,53,1,1,1,1,挑战李敖(1),电视
赵衡山,见面,见面,53,1,1,1,1,一个预备军官的日记(1),见、序
越来差,政治人物,政治人物,53,1,1,1,1,挑战李敖(1),告诉我、总统、像
路人钱,学术,学术,53,1,1,1,1,千秋万岁乌鸦求是合集(1),学术、国民党
辛苦构,政治人物,政治人物,53,1,1,1,1,挑战李敖(1),总统
边打听,政治人物,政治人物,53,1,1,1,1,李敖大哥大(1),总统
边请李,见面,见面,53,1,1,1,1,挑战李敖(1),见、先生
连主席,政治人物,政治人物,53,1,1,1,1,李敖秘密书房(1),主席、国民党
连战十,见面,见面,53,1,1,1,1,李敖大哥大(1),一起
连战肯,政治人物,政治人物,53,1,1,1,1,李敖大哥大(1),总统
连战谈,政治人物,政治人物,53,1,1,1,1,李敖大哥大(1),主席、国民党
连战餐,诉讼,诉讼,53,1,1,1,1,李敖大哥大(1),法院、委员
通电拥,政治人物,政治人物,53,1,1,1,1,李敖秘密书房(1),委员
通缉严,政治人物,政治人物,53,1,1,1,1,千秋万岁乌鸦求是合集(1),政府、国民党
通通现,见面,见面,53,1,1,1,1,李敖大哥大(1),见、总统、所谓
那妖僧,见面,见面,53,1,1,1,1,李敖秘密书房(1),一起
那王莽,政治人物,政治人物,53,1,1,1,1,李敖秘密书房(1),政府
那老先,见面,见面,53,1,1,1,1,李敖秘密书房(1),碰到
那跟许,见面,见面,53,1,1,1,1,李敖秘密书房(1),一起、先生
那选票,见面,见面,53,1,1,1,1,李敖大哥大(1),见、总统、所谓
邱彰听,情治警务,情治警务,53,1,1,1,1,李敖笑傲江湖(1),警察
邱炳坤,出版,出版,53,1,1,1,1,挑战李敖(1),报纸、国民党
郑衣德,政治人物,政治人物,53,1,1,1,1,挑战李敖(1),总统、先生
郝二位,政治人物,政治人物,53,1,1,1,1,千秋万岁乌鸦求是合集(1),部长、少将
郭美女,见面,见面,53,1,1,1,1,挑战李敖(1),见、像
郭豫伦,学术 / 见面,学术,53,1,1,1,1,虽千万人，李敖往矣(1),碰到、台大
郭金塔,出版,出版,53,1,1,1,1,李敖秘密书房(1),报纸、报导、像、先生
郭锦涛,出版,出版,53,1,1,1,1,李敖秘密书房(1),交往、报纸、报导、像、先生
都两点,媒体,媒体,53,1,1,1,1,李敖大哥大(1),记者、总统、情治、所谓
都常觉,政治人物,政治人物,53,1,1,1,1,李敖秘密书房(1),总统、政治
都很珍,见面,见面,53,1,1,1,1,李敖秘密书房(1),见、学者
金丰乡,军事人物,军事人物,53,1,1,1,1,李敖颠倒众生(1),中将
金允植,政治人物 / 公职人员 / 诗文出处 / 学术考证引用 / 历史类比引用 / 神交引用,政治人物,53,1,1,1,1,历史与人像(1),见、总统
金朝送,军事人物,军事人物,53,1,1,1,1,挑战李敖(1),将军
金权,公共论战,公共论战,53,1,1,1,1,李敖大哥大(1),国民党、政治
钱穆老,见面,见面,53,1,1,1,1,李敖大哥大(1),见、像、先生
陆即可,政治人物,政治人物,53,1,1,1,1,千秋万岁乌鸦求是合集(1),部长、文学
陈复业,见面,见面,53,1,1,1,1,挑战李敖(1),见、问我、先生
陈学昭,见面,见面,53,1,1,1,1,大学日记后期甲集(1),见、交往、所谓
陈文鑫,学术,学术,53,1,1,1,1,挑战李敖(1),传记、报导、文学、小姐
陈昌浩,政治人物 / 军事人物 / 公职人员 / 历史类比引用,政治人物,53,1,1,1,1,中国现代史定论(1),见、委员
陈炳谦,创作资料协助 / 出版 / 历史类比引用,创作资料协助,53,1,1,1,1,读史指南(1),见、先生
陈肇英,见面,见面,53,1,1,1,1,李敖笑傲江湖(1),见
陈鸿基,政治人物,政治人物,53,1,1,1,1,李敖大哥大(1),委员、国民党、民进党
雷建容,出版,出版,53,1,1,1,1,挑战李敖(1),报纸、小姐
雷震请,编辑,编辑,53,1,1,1,1,李敖秘密书房(1),发行、杂志
雷震领,见面,见面,53,1,1,1,1,挑战李敖(1),访问、政府、警备总部
霍光,历史类比引用 / 军事人物 / 神交引用,历史类比引用,53,1,1,1,1,大学日记后期乙集(1),将军、主义
韩情形,军事人物,军事人物,53,1,1,1,1,李敖大哥大(1),司令
顾问公,政治人物,政治人物,53,1,1,1,1,李敖秘密书房(1),选举
马继良,见面,见面,53,1,1,1,1,李敖秘密书房(1),认识、先生
高雄李,媒体,媒体,53,1,1,1,1,挑战李敖(1),节目、先生
齐平兄,媒体,媒体,53,1,1,1,1,挑战李敖(1),朋友、节目
东方曙,虚拟人物,虚拟人物,52,2,2,1,1,为自由招魂(2),读
左翼团,朋友,朋友,52,2,1,1,1,李敖秘密书房(2),跟我说、所谓
李辉英,出版 / 公共论战 / 神交引用,出版,52,2,2,1,1,为自由招魂(2),文学
阿里斯蒂德,政治人物 / 政治异议者 / 历史类比引用 / 神交引用,政治人物,52,2,2,1,1,阳痿美国(2),所谓
刘建德,社会案件,社会案件,52,1,1,1,1,李敖风流自传(1),共产党
台暗指,朋友,朋友,52,1,1,1,1,挑战李敖(1),跟我说
司马氏合,公共论战,公共论战,52,1,1,1,1,千秋万岁乌鸦求是合集(1),政治
和尚交,朋友,朋友,52,1,1,1,1,李敖秘密书房(1),朋友
国营两,公共论战,公共论战,52,1,1,1,1,千秋万岁乌鸦求是合集(1),国民党、主义
家属髡,公共论战,公共论战,52,1,1,1,1,千秋万岁乌鸦求是合集(1),批评
平奖落,公共论战,公共论战,52,1,1,1,1,千秋万岁乌鸦求是合集(1),政治
平等看,公共论战,公共论战,52,1,1,1,1,千秋万岁乌鸦求是合集(1),共产党、主义
平转移,公共论战,公共论战,52,1,1,1,1,李敖秘密书房(1),台独
张三交,朋友,朋友,52,1,1,1,1,李敖大哥大(1),朋友
施松辉,公共论战,公共论战,52,1,1,1,1,求是新语(1),民进党
时又当,公共论战,公共论战,52,1,1,1,1,千秋万岁乌鸦求是合集(1),政治
时来比,朋友,朋友,52,1,1,1,1,李敖大哥大(1),朋友
时要谴,公共论战,公共论战,52,1,1,1,1,李敖大哥大(1),民进党、像
曹操老,朋友,朋友,52,1,1,1,1,李敖大哥大(1),朋友
林炯隆,朋友 / 见面,朋友,52,1,1,1,1,一个预备军官的日记(1),送我
梅伦尼,朋友,朋友,52,1,1,1,1,李敖笑傲江湖(1),朋友、先生
梅特涅,公共论战,公共论战,52,1,1,1,1,李敖秘密书房(1),国民党、像
江排长,主剧情人物 / 小说剧本人物 / 老兵士官 / 军事人物,主剧情人物,52,1,1,1,1,第73烈士(1),告诉我
沈登阳,公共论战,公共论战,52,1,1,1,1,李敖颠倒众生(1),攻击、像
王柳敏,朋友,朋友,52,1,1,1,1,早年日记(1),送我
祖先磕,公共论战,公共论战,52,1,1,1,1,李敖秘密书房(1),国民党
空洞化,公共论战,公共论战,52,1,1,1,1,李敖秘密书房(1),政治、所谓
苏联平,朋友,朋友,52,1,1,1,1,李敖大哥大(1),朋友
蔡宪崇,政治人物 / 公共论战,政治人物,52,1,1,1,1,世论新语(1),政治
诸位伺,朋友,朋友,52,1,1,1,1,李敖秘密书房(1),朋友、说过
赵局长,朋友,朋友,52,1,1,1,1,挑战李敖(1),朋友
那护士,医疗照护 / 见面 / 称谓待考,医疗照护,52,1,1,1,1,大学日记后期甲集(1),送我、小姐
郭东城,军事人物 / 见面,军事人物,52,1,1,1,1,一个预备军官的日记(1),攻击
钱穆正,朋友,朋友,52,1,1,1,1,李敖大哥大(1),朋友
阎愈政,朋友,朋友,52,1,1,1,1,李敖回忆录(1),告诉我、名言、说过
陈烨说,朋友,朋友,52,1,1,1,1,李敖秘密书房(1),朋友、说过
雍容豁,朋友,朋友,52,1,1,1,1,李敖笑傲江湖(1),关怀
韩信所,朋友,朋友,52,1,1,1,1,挑战李敖(1),告诉我
鲁传鼎,朋友,朋友,52,1,1,1,1,早年日记(1),问我
黄保极,朋友,朋友,52,1,1,1,1,李敖笑傲江湖(1),告诉我
卫挺生,神交引用,神交引用,51,1,1,1,1,挑战李敖(1),书里、像、先生
吴兆鳞,军校学生 / 见面,军校学生,51,1,1,1,1,一个预备军官的日记(1),读、诗
姜贵跟,神交引用,神交引用,51,1,1,1,1,李敖秘密书房(1),文学、像
欧阳坤,同案狱友,同案狱友,51,1,1,1,1,李敖自传与回忆续集(1),看守所、所长、课长、戒护课长、戒护、杂役
陈晏庭,同案狱友,同案狱友,51,1,1,1,1,李敖自传与回忆续集(1),陪他、电话、看守所、所长、副所长、名籍室
高德源,社会案件,社会案件,51,1,1,1,1,李敖全集(1),见、父亲、母亲、弟弟、妹妹、报纸
伊塞克·夏米尔,政治人物 / 历史类比引用 / 神交引用,政治人物,50,2,2,1,1,阳痿美国(2),
伊斯迈尔,政治人物 / 神交引用,政治人物,50,2,2,1,1,你是景福门(2),
克劳代·伯纳德,科学家 / 学术 / 神交引用,科学家,50,2,2,1,1,上山·上山·爱(2),
克拉克·盖博,文艺音乐 / 神交引用,文艺音乐,50,2,2,1,1,上山·上山·爱(2),
冯幼伟,姻亲 / 创作资料协助 / 公共论战,姻亲,50,2,2,1,1,李敖笑傲江湖(2),
刘镇芳,情治警务 / 朋友 / 见面,情治警务,50,2,2,1,1,我最难忘的事和人(2),
原田熊雄,政治人物 / 出版 / 神交引用,政治人物,50,2,2,1,1,李敖新刊(2),
吴利君,情治警务 / 朋友 / 见面,情治警务,50,2,2,1,1,我最难忘的事和人(2),
周关锠,情治警务 / 朋友 / 见面,情治警务,50,2,2,1,1,我最难忘的事和人(2),
哈葛德,出版 / 神交引用,出版,50,2,2,1,1,上山·上山·爱(2),
孙华,情治警务 / 朋友 / 见面,情治警务,50,2,2,1,1,我最难忘的事和人(2),
孟坦,神交引用 / 军事人物,神交引用,50,2,2,1,1,上下古今谈(2),
尉迟迥,军事人物 / 政治人物 / 神交引用,军事人物,50,2,2,1,1,李敖新刊(2),
曹鼐,政治人物 / 学术 / 神交引用,政治人物,50,2,2,1,1,为中国思想趋向求答案(2),
曾德锦,社会案件 / 证人见证,社会案件,50,2,2,1,1,世论新语(2),
杨济华,情治警务 / 朋友 / 见面,情治警务,50,2,2,1,1,我最难忘的事和人(2),
杨清植,情治警务 / 朋友 / 见面,情治警务,50,2,2,1,1,我最难忘的事和人(2),
汪祖华,情治警务 / 朋友 / 见面,情治警务,50,2,2,1,1,我最难忘的事和人(2),
王全斌,军事人物 / 神交引用,军事人物,50,2,2,1,1,李敖新刊(2),
王弘贽,政治人物 / 神交引用,政治人物,50,2,2,1,1,李敖新刊(2),
王著（成象）,公职人员 / 历史类比引用 / 神交引用,公职人员,50,2,2,1,1,中国艺术新研(2),
白莲丞,情治警务 / 朋友 / 见面,情治警务,50,2,2,1,1,我最难忘的事和人(2),
罗伯特·克拉克,社会案件 / 同案狱友 / 人权救援 / 神交引用,社会案件,50,2,2,1,1,阳痿美国(2),
罗伯特·威廉斯,政治异议者 / 人权救援 / 神交引用,政治异议者,50,2,2,1,1,阳痿美国(2),
罗洛蒂,文艺音乐 / 神交引用,文艺音乐,50,2,2,1,1,上山·上山·爱(2),
聂琮,情治警务 / 朋友 / 见面,情治警务,50,2,2,1,1,我最难忘的事和人(2),
苏桐凤,同学 / 朋友 / 见面,同学,50,2,2,1,1,我最难忘的事和人(2),
西比留斯,文艺音乐 / 神交引用,文艺音乐,50,2,2,1,1,虚拟的十七岁(2),
解解,神交引用,神交引用,50,2,1,1,2,李敖大哥大(2),读
贺元宜,见面 / 朋友,见面,50,2,2,1,1,大学日记后期乙集(2),
赛立安,政治人物 / 军事人物 / 神交引用,政治人物,50,2,2,1,1,你是景福门(2),
郭崇韬,军事人物 / 政治人物 / 神交引用,军事人物,50,2,2,1,1,李敖新刊(2),
闵科夫斯基,科学家 / 学术 / 神交引用,科学家,50,2,2,1,2,虚拟的十七岁(2),
韩侘冑,公职人员 / 文艺音乐 / 历史类比引用 / 神交引用,公职人员,50,2,2,1,1,中国艺术新研(2),
高寒,出版 / 公共论战 / 神交引用,出版,50,2,2,1,1,为自由招魂(2),
何罗逻,历史类比引用 / 宗教人物 / 神交引用,历史类比引用,50,1,1,1,1,北京法源寺(1),像
华锡均,神交引用,神交引用,50,1,1,1,1,挑战李敖(1),书里、先生
卞昭荃,同案狱友 / 刑求受害,同案狱友,50,1,1,1,1,李敖自传与回忆续集(1),检察官、看守所、脚镣、钉脚镣、法院、同案
卫惠林,神交引用,神交引用,50,1,1,1,1,挑战李敖(1),像、先生
古代传,神交引用,神交引用,50,1,1,1,1,李敖秘密书房(1),古代
向霭蓥,神交引用,神交引用,50,1,1,1,1,早年日记(1),读
吴国联,神交引用,神交引用,50,1,1,1,1,挑战李敖(1),像
周严有,神交引用,神交引用,50,1,1,1,1,挑战李敖(1),像
和东森,神交引用,神交引用,50,1,1,1,1,李敖秘密书房(1),像
宋难看,神交引用,神交引用,50,1,1,1,1,李敖访谈录1990-2018(1),像
尚问题,神交引用,神交引用,50,1,1,1,1,李敖秘密书房(1),文学
左倾方,神交引用,神交引用,50,1,1,1,1,千秋万岁乌鸦求是合集(1),主义
廖奉恩,通信 / 神交引用,通信,50,1,1,1,1,李敖全集(1),主义
彭文龙,同案狱友 / 老兵士官 / 创作资料协助 / 见面,同案狱友,50,1,1,1,1,李敖五五日记(1),读、先生
徐鹏举,同案狱友,同案狱友,50,1,1,1,1,李敖自传与回忆续集(1),监狱、看守所、台北监狱、同案
施建生,学术 / 公共论战,学术,50,1,1,1,1,李敖五五日记(1),著作
施行有,神交引用,神交引用,50,1,1,1,1,千秋万岁乌鸦求是合集(1),历史上
时人有,神交引用,神交引用,50,1,1,1,1,千秋万岁乌鸦求是合集(1),著作
时更希,神交引用,神交引用,50,1,1,1,1,文化论战丹火录(1),思想
朱邦复,神交引用,神交引用,50,1,1,1,1,李敖Talk秀(1),像、先生
李昂打,神交引用,神交引用,50,1,1,1,1,李敖大哥大(1),哲学
李玉竹,亲属,亲属,50,1,1,1,1,李敖随写录后集(1),读、女士
梁蒋两,神交引用,神交引用,50,1,1,1,1,文化论战丹火录(1),哲学、先生
毋越尔,神交引用,神交引用,50,1,1,1,1,千秋万岁乌鸦求是合集(1),引用
毛润芝,神交引用,神交引用,50,1,1,1,1,李敖大哥大(1),读
满村听,神交引用,神交引用,50,1,1,1,1,千秋万岁乌鸦求是合集(1),诗
王斐理,神交引用,神交引用,50,1,1,1,1,千秋万岁乌鸦求是合集(1),像
王秀慧,神交引用,神交引用,50,1,1,1,1,李敖大哥大(1),诗、小姐
王莽非,神交引用,神交引用,50,1,1,1,1,挑战李敖(1),像
祖国打,神交引用,神交引用,50,1,1,1,1,李敖大哥大(1),比喻
翁京,见面 / 朋友,见面,50,1,1,1,1,大学日记后期乙集(1),诗
艾洛弗,神交引用,神交引用,50,1,1,1,1,李敖秘密书房(1),像
苏振崧,同案狱友 / 刑求受害,同案狱友,50,1,1,1,1,李敖自传与回忆续集(1),检察官、看守所、脚镣、钉脚镣、法院、同案
谢谢石,神交引用,神交引用,50,1,1,1,1,挑战李敖(1),像、先生
谢谢高,神交引用,神交引用,50,1,1,1,1,挑战李敖(1),像、先生
赵靖赵,神交引用,神交引用,50,1,1,1,1,挑战李敖(1),像、先生
越飞成,神交引用,神交引用,50,1,1,1,1,千秋万岁乌鸦求是合集(1),主义
陈亮所,神交引用,神交引用,50,1,1,1,1,千秋万岁乌鸦求是合集(1),主义
韦莲司,神交引用,神交引用,50,1,1,1,1,挑战李敖(1),像
魏峥讲,神交引用,神交引用,50,1,1,1,1,李敖大哥大(1),诗
齐桓曰,神交引用,神交引用,50,1,1,1,1,千秋万岁乌鸦求是合集(1),古人
刘继琨,机构警卫 / 证人见证 / 公款经费 / 公共论战,机构警卫,49,1,1,1,1,传统下的再白(1),女儿、公账、报公账、院长、总干事、驻卫警员
卢逸峰,政治人物 / 公共论战,政治人物,49,1,1,1,1,你是景福门(1),主席、市长、县长
叶英杰,政治人物 / 公共论战,政治人物,49,1,1,1,1,你是景福门(1),主席、市长、县长
叶葇父亲,小说剧本人物 / 亲属 / 财产债务,小说剧本人物,49,1,1,1,1,上山·上山·爱(1),见、到我家、我家来、学生、问我、爸爸
彭孺人,神交引用,神交引用,49,1,1,1,1,独白下的传统(1),一起、太太、妻
李亚樵,媒体 / 出版 / 公共论战,媒体,49,1,1,1,1,为自由招魂(1),编辑、总编辑、副总编辑
李孟谦,亲属,亲属,49,1,1,1,1,李敖自传与回忆(1),爸爸、儿子、太太
李满元,机构警卫 / 证人见证 / 公款经费 / 公共论战,机构警卫,49,1,1,1,1,传统下的再白(1),女儿、公账、报公账、院长、总干事、驻卫警员
汪宾彬,财产债务 / 诉讼,财产债务,49,1,1,1,1,李敖自传与回忆续集(1),女儿、看守所、福利社
王剑吟,情治警务,情治警务,49,1,1,1,1,李敖自传与回忆续集(1),见、调查局、刑警
王海龙,机构警卫 / 证人见证 / 公款经费 / 公共论战,机构警卫,49,1,1,1,1,传统下的再白(1),女儿、公账、报公账、院长、总干事、驻卫警员
王珪,学术 / 政治人物 / 神交引用,学术,49,1,1,1,1,独白下的传统(1),见、爸爸、儿子
白壁德,虚拟人物 / 历史类比引用 / 神交引用,虚拟人物,49,1,1,1,1,上山·上山·爱(1),爸爸、女儿
石凤翔,亲属 / 创作资料协助 / 历史类比引用,亲属,49,1,1,1,1,李敖笑傲江湖(1),爸爸、家里、结婚、台大
童聪明,看守戒护 / 财产债务,看守戒护,49,1,1,1,1,李敖自传与回忆续集(1),看守所、课长、管理员
约翰·斯科特·哈里森,亲属 / 政治人物 / 历史类比引用 / 神交引用,亲属,49,1,1,1,1,阳痿美国(1),爸爸、儿子、总统
胡天游,出版 / 社会案件 / 神交引用,出版,49,1,1,1,1,为中国思想趋向求答案(1),父亲、家里、监狱、思想
董嘉诚,监狱行政,监狱行政,49,1,1,1,1,李敖自传与回忆续集(1),看守所、课长、管理员
袁可潜,出版 / 神交引用,出版,49,1,1,1,1,为中国思想趋向求答案(1),见、妻、娶
贾黯,学术 / 政治人物 / 神交引用,学术,49,1,1,1,1,独白下的传统(1),爸爸、妈妈、引用
邹生,社会案件 / 神交引用,社会案件,49,1,1,1,1,独白下的传统(1),妻、娶
丁原,神交引用 / 军事人物,神交引用,48,1,1,1,1,上下古今谈(1),见、儿子
丁志麟,诗文出处 / 宗教人物 / 历史类比引用,诗文出处,48,1,1,1,1,中国近代史新论(1),太太
丰原,出版 / 公共论战 / 神交引用,出版,48,1,1,1,1,为自由招魂(1),
乔治·埃佛勒斯,探险航行 / 科学家 / 历史类比引用 / 神交引用,探险航行,48,1,1,1,1,虚拟的十七岁(1),所长、像
任鸿隽,学术 / 学术行政 / 公共论战 / 神交引用,学术,48,1,1,1,1,教育与脸谱(1),同学、家里、杂志
凡妮莎·贝尔,文艺音乐 / 神交引用,文艺音乐,48,1,1,1,1,虚拟的十七岁(1),妹妹、出版
刘笃高,媒体 / 出版 / 公共论战,媒体,48,1,1,1,1,为自由招魂(1),同事、编辑部、编辑、总编辑
刘鄂公,出版 / 公共论战,出版,48,1,1,1,1,为自由招魂(1),出版社、出版
加藤高明,政治人物 / 神交引用,政治人物,48,1,1,1,1,李敖新刊(1),秘书
包烈,情治警务,情治警务,48,1,1,1,1,我最难忘的事和人(1),见、见面、代理
卜达海,政治人物 / 公共论战,政治人物,48,1,1,1,1,你是景福门(1),秘书、部长
卢·亨利·胡佛,神交引用,神交引用,48,1,1,1,1,教育与脸谱(1),老师、夫人、总统
史华格,神交引用,神交引用,48,1,1,1,1,我最难忘的事和人(1),见、爸爸、像
史文恭,虚拟人物,虚拟人物,48,1,1,1,1,独白下的传统(1),哥哥、像
叶世文,政治人物 / 公共论战,政治人物,48,1,1,1,1,你是景福门(1),
叶北泉,财产债务 / 诉讼 / 证人见证,财产债务,48,1,1,1,1,李敖书简集(1),债权
叶宏智,通信,通信,48,1,1,1,1,早年日记(1),夫人
叶琼姿,公共论战,公共论战,48,1,1,1,1,你是景福门(1),太太、代理、主席、民进党
司马辽太郎,诗文出处 / 媒体 / 历史类比引用 / 公共论战,诗文出处,48,1,1,1,1,李敖笑傲江湖(1),
吕光（传播法教授）,学术 / 出版 / 神交引用,学术,48,1,1,1,1,李敖新刊(1),教授、发行、法官、判决、书中、所谓
吴凤蓝,朋友 / 见面,朋友,48,1,1,1,1,早年日记(1),见、见面、老师
吴祥,宗教人物 / 公共论战,宗教人物,48,1,1,1,1,求是新语(1),总干事
周永发,财产债务 / 公共论战,财产债务,48,1,1,1,1,李敖书笺集(1),债务
周酉村,诗文出处 / 学术考证引用 / 历史类比引用,诗文出处,48,1,1,1,1,中国近代史新论(1),出版社、土地、出版
圭畦里,科学家 / 医疗照护 / 神交引用,科学家,48,1,1,1,1,李敖全集(1),夫人、总统、文学
夏汉民,学术行政 / 政治人物 / 公共论战,学术行政,48,1,1,1,1,你是景福门(1),秘书、委员、部长
姬梅轩,朋友 / 见面,朋友,48,1,1,1,1,我最难忘的事和人(1),朋友、家里
孙原湘,学术 / 神交引用,学术,48,1,1,1,1,传统下的再白(1),朋友、情人、诗
孙德兰,学术 / 神交引用,学术,48,1,1,1,1,你是景福门(1),
孙耕南,情治警务,情治警务,48,1,1,1,1,我最难忘的事和人(1),太太、委员
安琪夫人,媒体 / 称谓待考 / 神交引用,媒体,48,1,1,1,1,传统下的独白(1),夫人
小劳莱,出版 / 神交引用,出版,48,1,1,1,1,李敖文存二集(1),
尤元基,情治警务,情治警务,48,1,1,1,1,李敖自传与回忆续集(1),见、保安处
尤蒙顿,媒体 / 神交引用,媒体,48,1,1,1,1,波波颂(1),太太
尹荆山,证人见证 / 公共论战 / 神交引用,证人见证,48,1,1,1,1,我是天安门(1),见、一起、家里、主席
巴扎尼,政治异议者 / 军事人物 / 公共论战,政治异议者,48,1,1,1,1,你是景福门(1),秘书
庞毕度夫人,历史类比引用 / 情感 / 神交引用,历史类比引用,48,1,1,1,1,虚拟的十七岁(1),夫人、像
张之江,军事人物 / 政治人物 / 历史类比引用,军事人物,48,1,1,1,1,李敖书笺集(1),师长、旅长
张伟,情治警务 / 见面,情治警务,48,1,1,1,1,早年日记(1),见、晤
张国疆,情治警务 / 公共论战,情治警务,48,1,1,1,1,上下古今谈(1),
张宣泽,同案狱友 / 政治人物,同案狱友,48,1,1,1,1,我最难忘的事和人(1),秘书、牢房、政府
张志铭,学术 / 公共论战,学术,48,1,1,1,1,求是新语(1),学者、台大、所谓
张牙医（李敖书简集）,医疗照护 / 通信 / 称谓待考,医疗照护,48,1,1,1,1,李敖书简集(1),电话、太太
张达,军事人物 / 神交引用,军事人物,48,1,1,1,1,传统下的独白(1),见、恋爱
张达钧,出版 / 军事人物,出版,48,1,1,1,1,我最难忘的事和人(1),来信、书中
徐人骥,情治警务 / 见面,情治警务,48,1,1,1,1,我最难忘的事和人(1),见、见面
徐圣谟,诗文出处 / 学术考证引用 / 历史类比引用,诗文出处,48,1,1,1,1,中国近代史新论(1),出版社、土地、出版
施纯仁,医疗照护 / 政治人物 / 公共论战,医疗照护,48,1,1,1,1,你是景福门(1),秘书、部长
曹德宣,公共论战,公共论战,48,1,1,1,1,文化论战丹火录(1),博士、学术
曾申,亲属 / 历史类比引用 / 神交引用,亲属,48,1,1,1,1,李敖书札集(1),学生、儿子
曾进仁,社会案件 / 公共论战,社会案件,48,1,1,1,1,你是景福门(1),法官、法院、民进党、像
李佩书,政治异议者 / 军事人物 / 亲属 / 历史类比引用,政治异议者,48,1,1,1,1,第73烈士(1),电报
李友芝,朋友 / 见面,朋友,48,1,1,1,1,我最难忘的事和人(1),朋友、家里、总统
李容洙,人权救援 / 证人见证 / 公共论战,人权救援,48,1,1,1,1,虽千万人，李敖往矣(1),太太
李朴生,学术 / 出版 / 公共论战,学术,48,1,1,1,1,教育与脸谱(1),编辑、总编辑
李汉元,情治警务,情治警务,48,1,1,1,1,我最难忘的事和人(1),认识、朋友、家里、警察、司令
李申夫,历史类比引用 / 诗文出处 / 神交引用,历史类比引用,48,1,1,1,1,大学札记(1),写信、弟弟
李睡仙,出版 / 社会案件 / 神交引用,出版,48,1,1,1,1,为中国思想趋向求答案(1),碰到、儿子、结婚
李肃,神交引用 / 军事人物,神交引用,48,1,1,1,1,上下古今谈(1),见、儿子
李荣胜,创作资料协助 / 出版,创作资料协助,48,1,1,1,1,北京法源寺(1),出版社、出版、史学
杜斯基,政治人物 / 公共论战,政治人物,48,1,1,1,1,你是景福门(1),
杨觉民,朋友 / 见面,朋友,48,1,1,1,1,我最难忘的事和人(1),朋友、家里
林佛儿,出版,出版,48,1,1,1,1,李敖回忆录(1),请我、出版社、出版
林咏泉,出版 / 公共论战 / 神交引用,出版,48,1,1,1,1,为自由招魂(1),
林春贻,宗教人物 / 公共论战,宗教人物,48,1,1,1,1,求是新语(1),总干事、像
柯培元,政治人物 / 学术 / 神交引用,政治人物,48,1,1,1,1,你是景福门(1),土地
柯贤忠,监所医疗 / 政治人物,监所医疗,48,1,1,1,1,我最难忘的事和人(1),院长
楚卿,出版 / 公共论战,出版,48,1,1,1,1,教育与脸谱(1),巴掌、文星、大学
武树华,朋友 / 见面,朋友,48,1,1,1,1,我最难忘的事和人(1),朋友、家里、总统
江趋丹,证人见证 / 创作资料协助 / 历史类比引用,证人见证,48,1,1,1,1,中国近代史新论(1),见、学生、探监
汤局长,情治警务 / 称谓待考,情治警务,48,1,1,1,1,我最难忘的事和人(1),代理、警察、司令
沈善庆,财产债务 / 诉讼 / 证人见证,财产债务,48,1,1,1,1,李敖书简集(1),债权
派劳,出版 / 神交引用,出版,48,1,1,1,1,虚拟的十七岁(1),妈妈
潘东坡,出版 / 公共论战,出版,48,1,1,1,1,教育与脸谱(1),巴掌、大学
潘琦君,出版 / 见面,出版,48,1,1,1,1,李敖自传与回忆(1),见、家里
王刚,司法人员,司法人员,48,1,1,1,1,红色11(1),法官
王桂燕,社会案件,社会案件,48,1,1,1,1,李敖风流自传(1),
王玉宾,朋友 / 见面,朋友,48,1,1,1,1,我最难忘的事和人(1),朋友、家里
王荫泰,政治人物,政治人物,48,1,1,1,1,我最难忘的事和人(1),教授、朋友、大学
玛丽一世,政治人物 / 神交引用,政治人物,48,1,1,1,1,波波颂(1),嫁给
玛格丽特·史密斯,亲属 / 历史类比引用 / 神交引用,亲属,48,1,1,1,1,阳痿美国(1),太太
珍妮·海布特,文艺音乐 / 情感 / 神交引用,文艺音乐,48,1,1,1,1,上山·上山·爱(1),妻
理查·范萧,出版 / 神交引用,出版,48,1,1,1,1,虚拟的十七岁(1),情人
申有枝,朋友 / 见面,朋友,48,1,1,1,1,我最难忘的事和人(1),朋友、家里、总统
秋郎,称谓待考 / 朋友 / 见面,称谓待考,48,1,1,1,1,李敖的情诗(1),请我、夫人
程石泉,公共论战,公共论战,48,1,1,1,1,文化论战丹火录(1),学生、学术、读
童秀明,朋友 / 见面,朋友,48,1,1,1,1,我最难忘的事和人(1),朋友、家里
罗勃·杜德利,政治人物 / 情感 / 历史类比引用 / 神交引用,政治人物,48,1,1,1,1,虚拟的十七岁(1),情人
罗氏女,虚拟人物 / 神交引用,虚拟人物,48,1,1,1,1,上下古今谈(1),妻
罗益世,公共论战,公共论战,48,1,1,1,1,你是景福门(1),太太、代理、主席、民进党、政治
罗老传,财产债务 / 诉讼 / 证人见证,财产债务,48,1,1,1,1,李敖书简集(1),债权
耶律弥勒,社会案件 / 神交引用,社会案件,48,1,1,1,1,为中国思想趋向求答案(1),见、儿子
胡鸿章,朋友 / 见面,朋友,48,1,1,1,1,我最难忘的事和人(1),朋友、家里
范疆,军事人物 / 神交引用,军事人物,48,1,1,1,1,传统下的独白(1),见、恋爱
萧枫,媒体 / 出版 / 公共论战,媒体,48,1,1,1,1,为自由招魂(1),同事、编辑部、编辑、总编辑
蔡伉,学术 / 政治人物 / 神交引用,学术,48,1,1,1,1,独白下的传统(1),爸爸
蔡正伦,诗文出处 / 学术考证引用 / 历史类比引用,诗文出处,48,1,1,1,1,中国近代史新论(1),出版社、土地、出版
谢骏扬,看守戒护,看守戒护,48,1,1,1,1,李敖自传与回忆续集(1),杂役
赛德波,学术 / 公共论战,学术,48,1,1,1,1,你是景福门(1),
赵清泉,证人见证,证人见证,48,1,1,1,1,李敖自传与回忆续集(1),认识、朋友、证人、结证、所谓
近卫泰子,出版 / 神交引用,出版,48,1,1,1,1,李敖新刊(1),妻、秘书
近卫秀麿,文艺音乐 / 神交引用,文艺音乐,48,1,1,1,1,李敖新刊(1),妻、秘书
邓广铭,学术 / 公共论战,学术,48,1,1,1,1,教育与脸谱(1),大学、所长
郭俊次,政治人物 / 公共论战,政治人物,48,1,1,1,1,李敖新刊(1),秘书
阿基劳斯,学术 / 历史类比引用 / 神交引用,学术,48,1,1,1,1,虚拟的十七岁(1),
阿拉伯德,学术 / 情感 / 神交引用,学术,48,1,1,1,1,传统下的独白(1),情书
陈万枝,财产债务 / 诉讼 / 证人见证,财产债务,48,1,1,1,1,李敖书简集(1),债权
陈光耀,医疗照护 / 见面,医疗照护,48,1,1,1,1,我最难忘的事和人(1),
陈太初,同案狱友,同案狱友,48,1,1,1,1,我最难忘的事和人(1),牢房
陈庆堂,同案狱友 / 刑求受害 / 诉讼,同案狱友,48,1,1,1,1,李敖自传与回忆续集(1),会面、大打其耳光、律师、管理员
陈德禹,学术 / 公共论战,学术,48,1,1,1,1,求是新语(1),学者、台大、所谓
陈志奇,学术 / 公共论战,学术,48,1,1,1,1,求是新语(1),学者、台大、所谓
陈春生,学术 / 公共论战,学术,48,1,1,1,1,求是新语(1),学者、台大、所谓
陈策,军事人物 / 创作资料协助 / 历史类比引用,军事人物,48,1,1,1,1,李敖笑傲江湖(1),弟弟、像
陈镇国,师生 / 社会案件 / 公共论战,师生,48,1,1,1,1,李敖全集(1),学生、大学、文学
陈雪琴,社会案件 / 公共论战,社会案件,48,1,1,1,1,上下古今谈(1),妻
霍来庭,朋友 / 见面,朋友,48,1,1,1,1,我最难忘的事和人(1),朋友、家里
马美美,财产债务 / 见面,财产债务,48,1,1,1,1,李敖议坛哀思录(1),朋友、秘书、政治
高仲元,财产债务 / 诉讼,财产债务,48,1,1,1,1,李敖自传与回忆续集(1),
麦克纳马拉,政治人物 / 军事人物 / 神交引用,政治人物,48,1,1,1,1,阳痿美国(1),总统、部长
黄宽,医疗照护 / 学术 / 神交引用,医疗照护,48,1,1,1,1,传统下的独白(1),学生、博士
丁一倪,学术 / 公共论战,学术,47,1,1,1,1,求是新语(1),学者、所谓
丁继曾,同学 / 情治警务 / 见面,同学,47,1,1,1,1,我最难忘的事和人(1),同学
休贝德,宗教人物 / 神交引用,宗教人物,47,1,1,1,1,波波颂(1),见
侯镜如,军事人物,军事人物,47,1,1,1,1,我最难忘的事和人(1),军长
克莱夫·贝尔,文艺音乐 / 学术 / 神交引用,文艺音乐,47,1,1,1,1,虚拟的十七岁(1),出版
冯桂芬,学术 / 政治人物 / 神交引用,学术,47,1,1,1,1,李敖全集(1),见
刘仲康,出版 / 情治警务,出版,47,1,1,1,1,我最难忘的事和人(1),政府、攻击、著作
刘孝标,学术 / 神交引用,学术,47,1,1,1,1,传统下的独白(1),见、杂志
刘必荣,学术 / 公共论战,学术,47,1,1,1,1,求是新语(1),台大
包宗和,学术 / 公共论战,学术,47,1,1,1,1,求是新语(1),学者、所谓
史为鉴,学术 / 出版 / 见面,学术,47,1,1,1,1,李敖自传与回忆(1),台大
史择言,情治警务,情治警务,47,1,1,1,1,我最难忘的事和人(1),委员
叶廷琯,学术 / 出版 / 神交引用,学术,47,1,1,1,1,为中国思想趋向求答案(1),见
叶明德,学术 / 公共论战,学术,47,1,1,1,1,求是新语(1),台大
吴曼君,学术 / 公共论战,学术,47,1,1,1,1,文化论战丹火录(1),见、读
吴琼恩,学术 / 公共论战,学术,47,1,1,1,1,求是新语(1),台大
基斯林,文艺音乐 / 神交引用,文艺音乐,47,1,1,1,1,上山·上山·爱(1),见、像
多奥尤,政治异议者 / 公共论战,政治异议者,47,1,1,1,1,你是景福门(1),研究
奚明,媒体 / 公共论战 / 神交引用,媒体,47,1,1,1,1,传统下的独白(1),见
姜宗棠,出版 / 见面,出版,47,1,1,1,1,早年日记(1),见、警察
寿先生,情治警务 / 见面 / 称谓待考,情治警务,47,1,1,1,1,早年日记(1),晤
小埃及人,媒体 / 神交引用,媒体,47,1,1,1,1,李敖文存二集(1),节目、所谓
布德,出版 / 公共论战 / 神交引用,出版,47,1,1,1,1,为自由招魂(1),采访
弗赖,文艺音乐 / 学术 / 神交引用,文艺音乐,47,1,1,1,1,虚拟的十七岁(1),传记
张含英,学术行政 / 神交引用,学术行政,47,1,1,1,1,波波颂(1),大学、所谓
张文献,政治人物 / 公共论战,政治人物,47,1,1,1,1,求是新语(1),总统
张牙医（李敖Talk秀）,医疗照护 / 邻居 / 称谓待考,医疗照护,47,1,1,1,1,李敖Talk秀(1),告诉我、杂志
斯特雷奇,出版 / 神交引用,出版,47,1,1,1,1,虚拟的十七岁(1),传记
明居正,学术 / 公共论战,学术,47,1,1,1,1,求是新语(1),学者、所谓
朱亮祖,军事人物 / 神交引用,军事人物,47,1,1,1,1,传统下的独白(1),将军
朱新民,学术 / 公共论战,学术,47,1,1,1,1,求是新语(1),台大
李之鼎,诗文出处 / 学术考证引用 / 历史类比引用 / 神交引用,诗文出处,47,1,1,1,1,读史指南(1),见
李国雄,学术 / 公共论战,学术,47,1,1,1,1,求是新语(1),台大
李子述,称谓待考 / 神交引用,称谓待考,47,1,1,1,1,传统下的独白(1),博士
李德哈达,军事人物 / 学术 / 神交引用,军事人物,47,1,1,1,1,传统下的独白(1),书店、传记、读
李诗益,政治人物 / 公共论战,政治人物,47,1,1,1,1,求是新语(1),委员、诗
杨朝麟,司法人员 / 神交引用,司法人员,47,1,1,1,1,波波颂(1),诉状
杨逢泰,学术 / 公共论战,学术,47,1,1,1,1,求是新语(1),台大
林碧炤,学术 / 公共论战,学术,47,1,1,1,1,求是新语(1),台大
柯明谋,政治人物 / 公共论战,政治人物,47,1,1,1,1,求是新语(1),委员、诗
梅培德,政治人物 / 公共论战,政治人物,47,1,1,1,1,求是新语(1),总统
欧茜西,学术 / 公共论战,学术,47,1,1,1,1,求是新语(1),台大
江秀清,政治异议者 / 同案狱友 / 公共论战,政治异议者,47,1,1,1,1,你笨蛋，你笨蛋(1),见、法院、委员
汪宇平,出版 / 公共论战 / 神交引用,出版,47,1,1,1,1,为自由招魂(1),采访
洪文栋,媒体 / 诉讼,媒体,47,1,1,1,1,波波颂(1),杂志
温松康,同学 / 朋友 / 见面,同学,47,1,1,1,1,我最难忘的事和人(1),同学
潘秀仁,同学 / 朋友 / 见面,同学,47,1,1,1,1,我最难忘的事和人(1),同学
焦先,神交引用,神交引用,47,1,1,1,1,传统下的独白(1),见、像
王世懋,医疗照护 / 出版 / 神交引用,医疗照护,47,1,1,1,1,为中国思想趋向求答案(1),见、诗
王世贤,出版 / 见面,出版,47,1,1,1,1,早年日记(1),见、警察
王吉民,医疗照护 / 神交引用,医疗照护,47,1,1,1,1,为中国思想趋向求答案(1),文星、古代
王玉珍,政治人物 / 公共论战,政治人物,47,1,1,1,1,求是新语(1),委员、诗
王芳华,见面,见面,47,1,1,1,1,我最难忘的事和人(1),见
田培林,学术 / 公共论战,学术,47,1,1,1,1,文化论战丹火录(1),见
石梦溪,政治异议者 / 同案狱友 / 公共论战,政治异议者,47,1,1,1,1,你笨蛋，你笨蛋(1),见、法院、委员
石永王,政治人物 / 学术 / 历史类比引用 / 神交引用,政治人物,47,1,1,1,1,虽千万人，李敖往矣(1),学者、像
程南渊,学术 / 公共论战,学术,47,1,1,1,1,求是新语(1),国民党、政治
箫信如,情治警务 / 朋友,情治警务,47,1,1,1,1,我最难忘的事和人(1),请我
约米尼,军事人物 / 学术 / 神交引用,军事人物,47,1,1,1,1,传统下的独白(1),书店、传记、读
罗国雄,政治人物 / 公共论战,政治人物,47,1,1,1,1,你是景福门(1),县长
胡厚宣,学术 / 公共论战,学术,47,1,1,1,1,教育与脸谱(1),出版、著作、引用、所谓
菁如,媒体 / 出版 / 神交引用,媒体,47,1,1,1,1,传统下的独白(1),出版、读
菲菲兰慕,媒体 / 神交引用,媒体,47,1,1,1,1,李敖文存二集(1),节目
蒲仲强,媒体 / 公共论战,媒体,47,1,1,1,1,波波颂(1),委员
袁寄滨,同学 / 情治警务 / 见面,同学,47,1,1,1,1,我最难忘的事和人(1),同学
詹火生,学术 / 公共论战,学术,47,1,1,1,1,求是新语(1),台大
许炳南,政治人物 / 公共论战,政治人物,47,1,1,1,1,求是新语(1),同仁、总统
谢贵诚,同学 / 情治警务 / 见面,同学,47,1,1,1,1,我最难忘的事和人(1),同学
赵一苇,公共论战,公共论战,47,1,1,1,1,文化论战丹火录(1),见、读
赵子昂,文艺音乐 / 历史类比引用 / 神交引用,文艺音乐,47,1,1,1,1,大学札记(1),见
赵富瑞,朋友 / 见面,朋友,47,1,1,1,1,我最难忘的事和人(1),朋友、总统
赵纯孝,政治人物 / 公共论战,政治人物,47,1,1,1,1,求是新语(1),总统
边裕渊,学术 / 公共论战,学术,47,1,1,1,1,求是新语(1),台大
金一,学术 / 人权救援 / 神交引用,学术,47,1,1,1,1,传统下的独白(1),出版、攻击
金无怠,情治警务 / 神交引用,情治警务,47,1,1,1,1,波波颂(1),大学
陆仲安,医疗照护 / 神交引用,医疗照护,47,1,1,1,1,李敖全集(1),博士
陈光宪,学术 / 公共论战,学术,47,1,1,1,1,求是新语(1),国民党、政治
陈天佑,政治人物 / 公共论战 / 情治警务,政治人物,47,1,1,1,1,上下古今谈(1),将军
陈庆华,政治人物 / 公共论战 / 诉讼,政治人物,47,1,1,1,1,上下古今谈(1),警察
陈恒盛,政治人物 / 公共论战,政治人物,47,1,1,1,1,求是新语(1),委员、诗
陈捷华,学术 / 出版 / 神交引用,学术,47,1,1,1,1,为中国思想趋向求答案(1),见
陈玉科,学术 / 公共论战,学术,47,1,1,1,1,教育与脸谱(1),序
陈经魁,见面 / 公共论战,见面,47,1,1,1,1,李敖秘藏日记(1),见、国民党
陈谦,同学 / 情治警务 / 见面,同学,47,1,1,1,1,我最难忘的事和人(1),同学
靳云鹏,军事人物 / 政治人物 / 公职人员 / 历史类比引用,军事人物,47,1,1,1,1,中国近代史新论(1),警察
顾孟余,政治人物 / 学术 / 公共论战 / 神交引用,政治人物,47,1,1,1,1,我是天安门(1),国民党、共产党
马国琳,学术 / 公共论战,学术,47,1,1,1,1,教育与脸谱(1),序
马敬华,同学 / 情治警务 / 见面,同学,47,1,1,1,1,我最难忘的事和人(1),同学
马空群,政治人物 / 公共论战,政治人物,47,1,1,1,1,求是新语(1),总统
高松亲王,政治人物 / 神交引用,政治人物,47,1,1,1,1,李敖新刊(1),法庭、著作
高永光,学术 / 公共论战,学术,47,1,1,1,1,求是新语(1),台大
麦朝成,学术 / 公共论战,学术,47,1,1,1,1,求是新语(1),国民党、政治
黄德来,宗教人物 / 公共论战 / 通信,宗教人物,47,1,1,1,1,李敖全集(1),见
黄越钦,学术 / 公共论战,学术,47,1,1,1,1,求是新语(1),台大
三娘,虚拟人物,虚拟人物,46,1,1,1,1,独白下的传统(1),
何耀寰,政治人物 / 公共论战,政治人物,46,1,1,1,1,你是景福门(1),国民党
刘勤,军事人物 / 见面,军事人物,46,1,1,1,1,千秋万岁乌鸦求是合集(1),告诉我
史惟亮,文艺音乐 / 公共论战 / 神交引用,文艺音乐,46,1,1,1,1,为自由招魂(1),政治
呼延庆,虚拟人物,虚拟人物,46,1,1,1,1,独白下的传统(1),
和凝,学术 / 神交引用,学术,46,1,1,1,1,传统下的再白(1),朋友、诗
安妮·佛瑞儿,媒体 / 公共论战,媒体,46,1,1,1,1,波波颂(1),国民党
徐宝璜,学术 / 媒体 / 公共论战 / 神交引用,学术,46,1,1,1,1,上下古今谈(1),政治
托塔天王,虚拟人物 / 宗教人物 / 神交引用,虚拟人物,46,1,1,1,1,北京法源寺(1),
杨仁煌,政治人物 / 公共论战,政治人物,46,1,1,1,1,你是景福门(1),国民党
杨香武,虚拟人物 / 江湖人物 / 神交引用,虚拟人物,46,1,1,1,1,北京法源寺(1),
梭维斯特,神交引用,神交引用,46,1,1,1,1,我最难忘的事和人(1),朋友、哲学
王征,公共论战 / 神交引用,公共论战,46,1,1,1,1,上下古今谈(1),政治
王立生,情治警务 / 朋友 / 见面,情治警务,46,1,1,1,1,我最难忘的事和人(1),朋友
王调勋,情治警务 / 朋友 / 见面,情治警务,46,1,1,1,1,我最难忘的事和人(1),朋友
老安德森,虚拟人物 / 神交引用,虚拟人物,46,1,1,1,1,上山·上山·爱(1),
荆向荣,情治警务 / 朋友 / 见面,情治警务,46,1,1,1,1,我最难忘的事和人(1),朋友
薛丁山,虚拟人物,虚拟人物,46,1,1,1,1,独白下的传统(1),
薛仁贵,虚拟人物,虚拟人物,46,1,1,1,1,独白下的传统(1),
袁随园,学术 / 出版 / 神交引用,学术,46,1,1,1,1,波波颂(1),国民党
裴如海,虚拟人物 / 宗教人物 / 历史类比引用 / 神交引用,虚拟人物,46,1,1,1,1,上山·上山·爱(1),
许先登,情治警务 / 朋友 / 见面,情治警务,46,1,1,1,1,我最难忘的事和人(1),朋友
陈七,历史类比引用 / 称谓待考 / 神交引用,历史类比引用,46,1,1,1,1,李敖的情诗(1),问我
陈文述,学术 / 神交引用,学术,46,1,1,1,1,传统下的再白(1),朋友、诗
陈淑华,通信 / 出版 / 见面,通信,46,1,1,1,1,波波颂(1),送我
陈茂榜,财产债务 / 公共论战,财产债务,46,1,1,1,1,李敖书札集(1),国民党
陶尼,学术 / 出版 / 神交引用,学术,46,1,1,1,1,教育与脸谱(1),政治
马思聪,文艺音乐 / 政治异议者 / 公共论战 / 神交引用,文艺音乐,46,1,1,1,1,为自由招魂(1),政治
鸿钧老祖,虚拟人物 / 宗教人物 / 神交引用,虚拟人物,46,1,1,1,1,北京法源寺(1),像
黄天霸,虚拟人物 / 江湖人物 / 神交引用,虚拟人物,46,1,1,1,1,北京法源寺(1),
黄昭凯,政治人物 / 党务宣传 / 公共论战,政治人物,46,1,1,1,1,你是景福门(1),民进党
史蒂夫·斯皮尔伯格,媒体 / 文艺音乐 / 神交引用,媒体,45,1,1,1,1,虚拟的十七岁(1),所谓、像
喻昌,医疗照护 / 神交引用,医疗照护,45,1,1,1,1,传统下的独白(1),所谓、像
戴思恭,医疗照护 / 神交引用,医疗照护,45,1,1,1,1,传统下的独白(1),所谓、像
李焕燊,出版 / 公共论战,出版,45,1,1,1,1,文化论战丹火录(1),书中、说过
梵谷,文艺音乐 / 神交引用,文艺音乐,45,1,1,1,1,虚拟的十七岁(1),作品、像
歧伯,医疗照护 / 神交引用,医疗照护,45,1,1,1,1,传统下的独白(1),所谓、像
赫立克,出版 / 神交引用,出版,45,1,1,1,1,虚拟的十七岁(1),哲学、诗
陆懋修,医疗照护 / 神交引用,医疗照护,45,1,1,1,1,传统下的独白(1),所谓、像
陈子庄,学术 / 出版 / 神交引用,学术,45,1,1,1,1,李敖全集(1),书中、诗
Dabry,神交引用,神交引用,44,1,1,1,1,为中国思想趋向求答案(1),古代
严遵美,学术 / 神交引用,学术,44,1,1,1,1,波波颂(1),书中
亚历山大皇帝,政治人物 / 军事人物 / 历史类比引用 / 神交引用,政治人物,44,1,1,1,1,虚拟的十七岁(1),像
亚理斯多芬,出版 / 历史类比引用 / 神交引用,出版,44,1,1,1,1,虚拟的十七岁(1),诗
刘宋厚,医疗照护 / 出版 / 神交引用,医疗照护,44,1,1,1,1,为中国思想趋向求答案(1),书中
刘易斯·华莱士,出版 / 政治人物 / 历史类比引用 / 神交引用,出版,44,1,1,1,1,阳痿美国(1),读
北魏太武帝,政治人物 / 军事人物 / 神交引用,政治人物,44,1,1,1,1,传统下的独白(1),所谓
史丁,文艺音乐 / 神交引用,文艺音乐,44,1,1,1,1,上山·上山·爱(1),像
叶举,军事人物 / 政治人物 / 历史类比引用,军事人物,44,1,1,1,1,李敖笑傲江湖(1),所谓
吴德功,出版 / 学术 / 神交引用,出版,44,1,1,1,1,为中国思想趋向求答案(1),像
巢元方,医疗照护 / 神交引用,医疗照护,44,1,1,1,1,传统下的独白(1),历史上
布尔狄龙,出版 / 神交引用,出版,44,1,1,1,1,虚拟的十七岁(1),诗
张元素,医疗照护 / 神交引用,医疗照护,44,1,1,1,1,传统下的独白(1),像
张维贞,政治人物 / 公共论战,政治人物,44,1,1,1,1,求是新语(1),诗
徐之才,医疗照护 / 神交引用,医疗照护,44,1,1,1,1,传统下的独白(1),历史上
戴布森,出版 / 神交引用,出版,44,1,1,1,1,虚拟的十七岁(1),诗
斯诺登（文学形象）,虚拟人物 / 小说剧本人物 / 神交引用,虚拟人物,44,1,1,1,1,大学札记(1),像
方广,医疗照护 / 出版 / 神交引用,医疗照护,44,1,1,1,1,为中国思想趋向求答案(1),书中
无能,虚拟人物,虚拟人物,44,1,1,1,1,传统下的独白(1),主义
杨群先,政治人物 / 公共论战,政治人物,44,1,1,1,1,求是新语(1),诗
林玉昆,政治人物 / 公共论战,政治人物,44,1,1,1,1,求是新语(1),诗
查拉斯图特拉,宗教人物 / 神交引用,宗教人物,44,1,1,1,1,传统下的独白(1),读
树壁法师,宗教人物 / 神交引用,宗教人物,44,1,1,1,1,求是新语(1),像
棣华,通信 / 朋友,通信,44,1,1,1,1,波波颂(1),像
欧勒,科学家 / 学术 / 神交引用,科学家,44,1,1,1,1,虚拟的十七岁(1),文学
洪俊德,政治人物 / 公共论战,政治人物,44,1,1,1,1,求是新语(1),诗
王士禛,学术 / 出版 / 神交引用,学术,44,1,1,1,1,波波颂(1),书中
王澍霖,政治人物 / 公共论战,政治人物,44,1,1,1,1,求是新语(1),诗
王韬,出版 / 神交引用,出版,44,1,1,1,1,为中国思想趋向求答案(1),主义
章靳以,出版 / 公共论战 / 神交引用,出版,44,1,1,1,1,为自由招魂(1),所谓
米开郎基罗,文艺音乐 / 神交引用,文艺音乐,44,1,1,1,1,虚拟的十七岁(1),像
罗知悌,医疗照护 / 神交引用,医疗照护,44,1,1,1,1,传统下的独白(1),像
褚澄,医疗照护 / 神交引用,医疗照护,44,1,1,1,1,传统下的独白(1),历史上
郑伯奇,出版 / 公共论战 / 神交引用,出版,44,1,1,1,1,为自由招魂(1),所谓
陆奥宗光,政治人物 / 出版 / 神交引用,政治人物,44,1,1,1,1,李敖新刊(1),著作
陈司成,医疗照护 / 出版 / 神交引用,医疗照护,44,1,1,1,1,为中国思想趋向求答案(1),著作
陈锡章,政治人物 / 公共论战,政治人物,44,1,1,1,1,求是新语(1),诗
露妮,文艺音乐 / 神交引用,文艺音乐,44,1,1,1,1,上山·上山·爱(1),像
韩国鐄,学术 / 出版 / 文艺音乐 / 神交引用,学术,44,1,1,1,1,为自由招魂(1),作品
韩师璞,政治人物 / 神交引用,政治人物,44,1,1,1,1,独白下的传统(1),书里
黄锡和,政治人物 / 公共论战,政治人物,44,1,1,1,1,教育与脸谱(1),说过
黎晋伟,公共论战,公共论战,44,1,1,1,1,文化论战丹火录(1),思想
黛比雷诺,媒体 / 神交引用,媒体,44,1,1,1,1,传统下的独白(1),说过
Arthur Waley,学术 / 出版 / 神交引用,学术,42,1,1,1,1,为中国思想趋向求答案(1),
丁谦,学术 / 神交引用,学术,42,1,1,1,1,李敖全集(1),
丘琴,出版 / 公共论战 / 神交引用,出版,42,1,1,1,1,为自由招魂(1),
中山女中校长,小说剧本人物 / 学术行政 / 证人见证,小说剧本人物,42,1,1,1,1,虚拟的十七岁(1),
丽泰·海华丝,媒体 / 文艺音乐 / 神交引用,媒体,42,1,1,1,1,虚拟的十七岁(1),
于华庭,朋友 / 见面,朋友,42,1,1,1,1,我最难忘的事和人(1),
何峨芳,情治警务 / 朋友 / 见面,情治警务,42,1,1,1,1,我最难忘的事和人(1),
何芝园,情治警务 / 朋友 / 见面,情治警务,42,1,1,1,1,我最难忘的事和人(1),
何龙庆,情治警务 / 朋友 / 见面,情治警务,42,1,1,1,1,我最难忘的事和人(1),
保罗·佛赛尔,学术 / 出版 / 神交引用,学术,42,1,1,1,1,虚拟的十七岁(1),
俞泽生,政治人物 / 朋友,政治人物,42,1,1,1,1,我最难忘的事和人(1),
傅文郁,社会案件 / 诉讼 / 公共论战,社会案件,42,1,1,1,1,上下古今谈(1),
关吉罡,出版 / 公共论战 / 神交引用,出版,42,1,1,1,1,为自由招魂(1),
冯丹白,学术 / 公共论战,学术,42,1,1,1,1,求是新语(1),
冯大轰,同学 / 朋友 / 见面,同学,42,1,1,1,1,我最难忘的事和人(1),
凯斯特勒,出版 / 神交引用,出版,42,1,1,1,1,波波颂(1),
刘光进,军事人物 / 神交引用,军事人物,42,1,1,1,1,李敖新刊(1),
刘士烈,同学 / 朋友 / 见面,同学,42,1,1,1,1,我最难忘的事和人(1),
刘敬宣,军事人物 / 神交引用,军事人物,42,1,1,1,1,李敖新刊(1),
刘百闵,学术 / 公共论战,学术,42,1,1,1,1,文化论战丹火录(1),
刘钦礼,情治警务 / 朋友 / 见面,情治警务,42,1,1,1,1,我最难忘的事和人(1),
劳合·乔治,政治人物 / 神交引用,政治人物,42,1,1,1,1,教育与脸谱(1),
医务室护士,小说剧本人物 / 医疗照护,小说剧本人物,42,1,1,1,1,虚拟的十七岁(1),
卢巴雪夫,虚拟人物 / 政治异议者,虚拟人物,42,1,1,1,1,波波颂(1),
史惟贞,宗教人物 / 被害人 / 历史类比引用 / 神交引用,宗教人物,42,1,1,1,1,中国近代史新论(1),
叶伯棠,学术 / 公共论战,学术,42,1,1,1,1,求是新语(1),
叶阳明,学术 / 公共论战,学术,42,1,1,1,1,求是新语(1),
司空曙,诗文出处 / 历史类比引用 / 神交引用,诗文出处,42,1,1,1,1,李敖的情诗(1),
司马错,军事人物 / 神交引用,军事人物,42,1,1,1,1,李敖新刊(1),
吕仕伦,情治警务 / 朋友 / 见面,情治警务,42,1,1,1,1,我最难忘的事和人(1),
吴仲圭,文艺音乐 / 历史类比引用 / 神交引用,文艺音乐,42,1,1,1,1,中国艺术新研(1),
吴思俭,情治警务 / 朋友 / 见面,情治警务,42,1,1,1,1,我最难忘的事和人(1),
吴文程,学术 / 公共论战,学术,42,1,1,1,1,求是新语(1),
吴石氏,社会案件 / 神交引用,社会案件,42,1,1,1,1,为中国思想趋向求答案(1),
吴阿民,媒体 / 公共论战,媒体,42,1,1,1,1,你是景福门(1),
周醒黄,政治异议者 / 军事人物 / 历史类比引用,政治异议者,42,1,1,1,1,第73烈士(1),
国府种德,学术 / 神交引用,学术,42,1,1,1,1,李敖全集(1),
夏仲昭,文艺音乐 / 历史类比引用 / 神交引用,文艺音乐,42,1,1,1,1,中国艺术新研(1),
姚丛吾,学术 / 出版 / 神交引用,学术,42,1,1,1,1,为中国思想趋向求答案(1),
姚奔,出版 / 公共论战 / 神交引用,出版,42,1,1,1,1,为自由招魂(1),
孔爱玉,社会案件 / 婚姻相关,社会案件,42,1,1,1,1,为中国思想趋向求答案(1),
孙侔,神交引用,神交引用,42,1,1,1,1,独白下的传统(1),
季南金,出版 / 神交引用,出版,42,1,1,1,1,李敖全集(1),
宇飞,出版 / 公共论战 / 神交引用,出版,42,1,1,1,1,为自由招魂(1),
安娜·赫尔德,媒体 / 神交引用,媒体,42,1,1,1,1,李敖文存二集(1),
宋平子,出版 / 神交引用,出版,42,1,1,1,1,李敖全集(1),
尚厚庵,朋友 / 见面,朋友,42,1,1,1,1,我最难忘的事和人(1),
尤信雄,学术 / 公共论战,学术,42,1,1,1,1,求是新语(1),
山田耕筰,文艺音乐 / 神交引用,文艺音乐,42,1,1,1,1,为自由招魂(1),
崔涂,诗文出处 / 历史类比引用 / 神交引用,诗文出处,42,1,1,1,1,李敖的情诗(1),
左思元,同学 / 朋友 / 见面,同学,42,1,1,1,1,我最难忘的事和人(1),
师田手,出版 / 公共论战 / 神交引用,出版,42,1,1,1,1,为自由招魂(1),
席尔丝,文艺音乐 / 神交引用,文艺音乐,42,1,1,1,1,虚拟的十七岁(1),
康延泽,军事人物 / 神交引用,军事人物,42,1,1,1,1,李敖新刊(1),
弗雷德里克·刘易斯·艾伦,学术 / 神交引用,学术,42,1,1,1,1,传统下的独白(1),
张石光,出版 / 公共论战 / 神交引用,出版,42,1,1,1,1,为自由招魂(1),
张祥普,学术 / 神交引用,学术,42,1,1,1,1,文化论战丹火录(1),
张秀雄,学术 / 公共论战,学术,42,1,1,1,1,求是新语(1),
张秃子,社会案件 / 神交引用,社会案件,42,1,1,1,1,独白下的传统(1),
张郁廉,出版 / 公共论战 / 神交引用,出版,42,1,1,1,1,为自由招魂(1),
徐含笑,社会案件 / 诉讼 / 公共论战,社会案件,42,1,1,1,1,上下古今谈(1),
徐春甫,医疗照护 / 出版 / 神交引用,医疗照护,42,1,1,1,1,为中国思想趋向求答案(1),
思文君,神交引用,神交引用,42,1,1,1,1,传统下的独白(1),
房秉符,同学 / 朋友 / 见面,同学,42,1,1,1,1,我最难忘的事和人(1),
施钟响,政治人物 / 公共论战,政治人物,42,1,1,1,1,求是新语(1),
无智,虚拟人物,虚拟人物,42,1,1,1,1,传统下的独白(1),
昂特迈耶,出版 / 历史类比引用 / 神交引用,出版,42,1,1,1,1,爱情的秘密(1),
普林尼,学术 / 历史类比引用 / 神交引用,学术,42,1,1,1,1,虚拟的十七岁(1),
曹孝先,政治人物 / 神交引用,政治人物,42,1,1,1,1,独白下的传统(1),
曹浩森,军事人物 / 证人见证 / 神交引用,军事人物,42,1,1,1,1,李敖新刊(1),
曾醒,政治异议者 / 军事人物 / 亲属 / 历史类比引用,政治异议者,42,1,1,1,1,第73烈士(1),
朱尔迈,学术 / 出版 / 神交引用,学术,42,1,1,1,1,为中国思想趋向求答案(1),
朱百年,神交引用,神交引用,42,1,1,1,1,独白下的传统(1),
朱经农,学术 / 学术行政 / 公共论战 / 神交引用,学术,42,1,1,1,1,上下古今谈(1),
朱耀武,朋友 / 见面,朋友,42,1,1,1,1,我最难忘的事和人(1),
朱霞芬,历史类比引用 / 文艺音乐 / 神交引用,历史类比引用,42,1,1,1,1,北京法源寺(1),
朱龄石,军事人物 / 神交引用,军事人物,42,1,1,1,1,李敖新刊(1),
李友平,同学 / 朋友 / 见面,同学,42,1,1,1,1,我最难忘的事和人(1),
李叶,情治警务 / 朋友 / 见面,情治警务,42,1,1,1,1,我最难忘的事和人(1),
李少光,政治人物 / 公共论战,政治人物,42,1,1,1,1,求是新语(1),
李希纯,情治警务 / 朋友 / 见面,情治警务,42,1,1,1,1,我最难忘的事和人(1),
李应生,政治异议者 / 军事人物 / 历史类比引用,政治异议者,42,1,1,1,1,第73烈士(1),
李思聪,同学 / 朋友 / 见面,同学,42,1,1,1,1,我最难忘的事和人(1),
李曾逊,情治警务 / 朋友 / 见面,情治警务,42,1,1,1,1,我最难忘的事和人(1),
李满红,出版 / 公共论战 / 神交引用,出版,42,1,1,1,1,为自由招魂(1),
李葳,出版 / 公共论战 / 神交引用,出版,42,1,1,1,1,为自由招魂(1),
李雷,出版 / 公共论战 / 神交引用,出版,42,1,1,1,1,为自由招魂(1),
杨丙辰,诗文出处 / 出版 / 历史类比引用,诗文出处,42,1,1,1,1,中国近代史新论(1),
杨作芝,同学 / 朋友 / 见面,同学,42,1,1,1,1,我最难忘的事和人(1),
杨安,军事人物 / 神交引用,军事人物,42,1,1,1,1,李敖新刊(1),
杨宗培,政治人物 / 公共论战,政治人物,42,1,1,1,1,求是新语(1),
杨庭芳,朋友 / 见面,朋友,42,1,1,1,1,我最难忘的事和人(1),
杨晦,出版 / 公共论战 / 神交引用,出版,42,1,1,1,1,为自由招魂(1),
杨朔,出版 / 公共论战 / 神交引用,出版,42,1,1,1,1,为自由招魂(1),
杨治泰,同学 / 朋友 / 见面,同学,42,1,1,1,1,我最难忘的事和人(1),
杨莹,学术 / 公共论战,学术,42,1,1,1,1,求是新语(1),
杨蔚,情治警务 / 朋友 / 见面,情治警务,42,1,1,1,1,我最难忘的事和人(1),
杨遇春,情治警务 / 朋友 / 见面,情治警务,42,1,1,1,1,我最难忘的事和人(1),
杨隆祜,情治警务 / 朋友 / 见面,情治警务,42,1,1,1,1,我最难忘的事和人(1),
杨震裔,情治警务 / 朋友 / 见面,情治警务,42,1,1,1,1,我最难忘的事和人(1),
林尧民,情治警务 / 朋友 / 见面,情治警务,42,1,1,1,1,我最难忘的事和人(1),
林斐理,宗教人物 / 刑求受害 / 历史类比引用 / 神交引用,宗教人物,42,1,1,1,1,中国近代史新论(1),
林津津,社会案件 / 诉讼 / 公共论战,社会案件,42,1,1,1,1,上下古今谈(1),
林珏,出版 / 公共论战 / 神交引用,出版,42,1,1,1,1,为自由招魂(1),
查理·霍华德,媒体 / 神交引用,媒体,42,1,1,1,1,李敖文存二集(1),
柯九思,公职人员 / 文艺音乐 / 历史类比引用 / 神交引用,公职人员,42,1,1,1,1,中国艺术新研(1),
柯建安,情治警务 / 朋友 / 见面,情治警务,42,1,1,1,1,我最难忘的事和人(1),
格拉宾,出版 / 历史类比引用 / 神交引用,出版,42,1,1,1,1,爱情的秘密(1),
梁伯鸾,学术 / 神交引用,学术,42,1,1,1,1,波波颂(1),
梁贤继,政治人物 / 公共论战,政治人物,42,1,1,1,1,求是新语(1),
梁起,政治异议者 / 军事人物 / 亲属 / 历史类比引用,政治异议者,42,1,1,1,1,第73烈士(1),
楼英,医疗照护 / 出版 / 神交引用,医疗照护,42,1,1,1,1,为中国思想趋向求答案(1),
武成祖,同学 / 朋友 / 见面,同学,42,1,1,1,1,我最难忘的事和人(1),
段子恒,宗教人物 / 公共论战 / 神交引用,宗教人物,42,1,1,1,1,李敖全集(1),
比尔·盖兹,财产债务 / 科学家 / 神交引用,财产债务,42,1,1,1,1,虚拟的十七岁(1),
毛义,神交引用,神交引用,42,1,1,1,1,独白下的传统(1),
汤玛斯·贝凯特,宗教人物 / 政治人物 / 历史类比引用 / 神交引用,宗教人物,42,1,1,1,1,上山·上山·爱(1),
沈度,历史类比引用 / 文艺音乐 / 学术 / 神交引用,历史类比引用,42,1,1,1,1,北京法源寺(1),
沈遘,学术 / 政治人物 / 神交引用,学术,42,1,1,1,1,独白下的传统(1),
洪七公,虚拟人物,虚拟人物,42,1,1,1,1,李敖文存(1),
洪旭,社会案件 / 媒体,社会案件,42,1,1,1,1,波波颂(1),
济滋,出版 / 神交引用,出版,42,1,1,1,1,虚拟的十七岁(1),
海贝植,医疗照护 / 出版 / 神交引用,医疗照护,42,1,1,1,1,为中国思想趋向求答案(1),
温卡多纳,文艺音乐 / 神交引用,文艺音乐,42,1,1,1,1,为自由招魂(1),
游国麟,社会案件,社会案件,42,1,1,1,1,我最难忘的事和人(1),
源广扬,政治人物 / 公共论战,政治人物,42,1,1,1,1,求是新语(1),
潘巧云,虚拟人物,虚拟人物,42,1,1,1,1,李敖文存二集(1),
潘月樵,媒体 / 公共论战 / 神交引用,媒体,42,1,1,1,1,李敖全集(1),
熊宗立,医疗照护 / 出版 / 神交引用,医疗照护,42,1,1,1,1,为中国思想趋向求答案(1),
爱德华八世,政治人物 / 神交引用,政治人物,42,1,1,1,1,传统下的再白(1),
王伯秋,学术 / 公共论战 / 神交引用,学术,42,1,1,1,1,上下古今谈(1),
王兆槐,情治警务 / 朋友 / 见面,情治警务,42,1,1,1,1,我最难忘的事和人(1),
王利秋,朋友 / 见面,朋友,42,1,1,1,1,我最难忘的事和人(1),
王奂,政治人物 / 神交引用,政治人物,42,1,1,1,1,波波颂(1),
王玺,医疗照护 / 出版 / 神交引用,医疗照护,42,1,1,1,1,为中国思想趋向求答案(1),
王瑶卿,历史类比引用 / 文艺音乐 / 神交引用,历史类比引用,42,1,1,1,1,北京法源寺(1),
王立哉,学术 / 公共论战,学术,42,1,1,1,1,教育与脸谱(1),
王竹祺,政治人物 / 公共论战,政治人物,42,1,1,1,1,求是新语(1),
王肯堂,医疗照护 / 出版 / 神交引用,医疗照护,42,1,1,1,1,为中国思想趋向求答案(1),
王荣国,情治警务 / 朋友 / 见面,情治警务,42,1,1,1,1,我最难忘的事和人(1),
王语今,出版 / 公共论战 / 神交引用,出版,42,1,1,1,1,为自由招魂(1),
王足,军事人物 / 神交引用,军事人物,42,1,1,1,1,李敖新刊(1),
王陶,学术 / 政治人物 / 神交引用,学术,42,1,1,1,1,独白下的传统(1),
玛丽·安德逊,文艺音乐 / 神交引用,文艺音乐,42,1,1,1,1,虚拟的十七岁(1),
玛莉·雪莱,出版 / 神交引用,出版,42,1,1,1,1,虚拟的十七岁(1),
田尚明,公共论战,公共论战,42,1,1,1,1,文化论战丹火录(1),
田荣祖,同学 / 朋友 / 见面,同学,42,1,1,1,1,我最难忘的事和人(1),
白河次郎,学术 / 神交引用,学术,42,1,1,1,1,李敖全集(1),
秦士,虚拟人物,虚拟人物,42,1,1,1,1,波波颂(1),
秦稚芬,历史类比引用 / 文艺音乐 / 神交引用,历史类比引用,42,1,1,1,1,北京法源寺(1),
程克祥,情治警务 / 朋友 / 见面,情治警务,42,1,1,1,1,我最难忘的事和人(1),
窦梦麟,医疗照护 / 出版 / 神交引用,医疗照护,42,1,1,1,1,为中国思想趋向求答案(1),
端木蕻良,出版 / 公共论战 / 神交引用,出版,42,1,1,1,1,为自由招魂(1),
简明勇,学术 / 公共论战,学术,42,1,1,1,1,求是新语(1),
罗如望,宗教人物 / 刑求受害 / 历史类比引用 / 神交引用,宗教人物,42,1,1,1,1,中国近代史新论(1),
罗文富,政治人物 / 公共论战,政治人物,42,1,1,1,1,求是新语(1),
罗曼纳斯,学术 / 神交引用,学术,42,1,1,1,1,你是景福门(1),
罗杰·谢尔曼,政治人物 / 历史类比引用 / 神交引用,政治人物,42,1,1,1,1,阳痿美国(1),
罗荪,出版 / 公共论战 / 神交引用,出版,42,1,1,1,1,为自由招魂(1),
罗西尼,文艺音乐 / 神交引用,文艺音乐,42,1,1,1,1,虚拟的十七岁(1),
胜田主计,出版 / 神交引用,出版,42,1,1,1,1,李敖新刊(1),
胡文虎,财产债务 / 出版 / 神交引用,财产债务,42,1,1,1,1,李敖全集(1),
舒翔,情治警务 / 朋友 / 见面,情治警务,42,1,1,1,1,我最难忘的事和人(1),
苏伯显,学术 / 公共论战,学术,42,1,1,1,1,求是新语(1),
范炳文,同学 / 朋友 / 见面,同学,42,1,1,1,1,我最难忘的事和人(1),
范睢,政治人物 / 神交引用,政治人物,42,1,1,1,1,李敖全集(1),
茱蒂·福斯特,媒体 / 文艺音乐 / 神交引用,媒体,42,1,1,1,1,虽千万人，李敖往矣(1),
萧勃,情治警务 / 朋友 / 见面,情治警务,42,1,1,1,1,我最难忘的事和人(1),
萧纪,政治人物 / 神交引用,政治人物,42,1,1,1,1,李敖新刊(1),
萧行易,学术 / 公共论战,学术,42,1,1,1,1,求是新语(1),
蓟子训,神交引用,神交引用,42,1,1,1,1,传统下的再白(1),
蔡采秀,文艺音乐 / 神交引用,文艺音乐,42,1,1,1,1,为自由招魂(1),
薄庆玖,学术 / 公共论战,学术,42,1,1,1,1,求是新语(1),
薛立斋,医疗照护 / 出版 / 神交引用,医疗照护,42,1,1,1,1,为中国思想趋向求答案(1),
袁晴晖,政治人物 / 公共论战,政治人物,42,1,1,1,1,求是新语(1),
裴里特埃,出版 / 公共论战 / 神交引用,出版,42,1,1,1,1,你是景福门(1),
许谦,学术 / 神交引用,学术,42,1,1,1,1,独白下的传统(1),
谢文津,同学 / 朋友 / 见面,同学,42,1,1,1,1,我最难忘的事和人(1),
谢昆山,政治人物 / 公共论战,政治人物,42,1,1,1,1,求是新语(1),
谢鲲,神交引用,神交引用,42,1,1,1,1,传统下的独白(1),
谭明诚,情治警务 / 朋友 / 见面,情治警务,42,1,1,1,1,我最难忘的事和人(1),
谭锡畴,学术 / 神交引用,学术,42,1,1,1,1,教育与脸谱(1),
谯纵,政治人物 / 神交引用,政治人物,42,1,1,1,1,李敖新刊(1),
谷家华,政治人物 / 公共论战,政治人物,42,1,1,1,1,求是新语(1),
贝尔曼,文艺音乐 / 神交引用,文艺音乐,42,1,1,1,1,虽千万人，李敖往矣(1),
贺元,情治警务 / 朋友 / 见面,情治警务,42,1,1,1,1,我最难忘的事和人(1),
贾伟节,学术 / 神交引用,学术,42,1,1,1,1,波波颂(1),
赵檀越,虚拟人物,虚拟人物,42,1,1,1,1,李敖文存二集(1),
赵洵,出版 / 公共论战 / 神交引用,出版,42,1,1,1,1,为自由招魂(1),
辛代,出版 / 公共论战 / 神交引用,出版,42,1,1,1,1,为自由招魂(1),
辛劳,出版 / 公共论战 / 神交引用,出版,42,1,1,1,1,为自由招魂(1),
邢峦,军事人物 / 政治人物 / 神交引用,军事人物,42,1,1,1,1,李敖新刊(1),
邵长蘅,学术 / 出版 / 神交引用,学术,42,1,1,1,1,为中国思想趋向求答案(1),
邹绿芷,出版 / 公共论战 / 神交引用,出版,42,1,1,1,1,为自由招魂(1),
郑修元,情治警务 / 朋友 / 见面,情治警务,42,1,1,1,1,我最难忘的事和人(1),
郝家驹,同学 / 朋友 / 见面,同学,42,1,1,1,1,我最难忘的事和人(1),
郭宗泰,情治警务 / 朋友 / 见面,情治警务,42,1,1,1,1,我最难忘的事和人(1),
郭寿华,情治警务 / 朋友 / 见面,情治警务,42,1,1,1,1,我最难忘的事和人(1),
郭林宗,学术 / 神交引用,学术,42,1,1,1,1,波波颂(1),
金人,出版 / 公共论战 / 神交引用,出版,42,1,1,1,1,为自由招魂(1),
金肇野,出版 / 公共论战 / 神交引用,出版,42,1,1,1,1,为自由招魂(1),
钟贡勋,情治警务 / 朋友 / 见面,情治警务,42,1,1,1,1,我最难忘的事和人(1),
钱乙,医疗照护 / 神交引用,医疗照护,42,1,1,1,1,传统下的独白(1),
铁弦,出版 / 公共论战 / 神交引用,出版,42,1,1,1,1,为自由招魂(1),
闵仲叔,学术 / 神交引用,学术,42,1,1,1,1,波波颂(1),
阿瑟·戈登,出版 / 虚拟人物 / 历史类比引用 / 神交引用,出版,42,1,1,1,1,爱情的秘密(1),
陆锡光,学术 / 公共论战,学术,42,1,1,1,1,教育与脸谱(1),
陈一新,学术 / 公共论战,学术,42,1,1,1,1,求是新语(1),
陈君佩,公共论战 / 神交引用,公共论战,42,1,1,1,1,李敖全集(1),
陈哲芳,政治人物 / 公共论战,政治人物,42,1,1,1,1,求是新语(1),
陈宦,军事人物 / 政治人物 / 神交引用,军事人物,42,1,1,1,1,李敖全集(1),
陈康祺,诗文出处 / 学术 / 历史类比引用 / 神交引用,诗文出处,42,1,1,1,1,中国近代史新论(1),
陈毓钧,学术 / 公共论战,学术,42,1,1,1,1,求是新语(1),
陈金贵,学术 / 公共论战,学术,42,1,1,1,1,求是新语(1),
雷加,出版 / 公共论战 / 神交引用,出版,42,1,1,1,1,为自由招魂(1),
霍立人,情治警务 / 朋友 / 见面,情治警务,42,1,1,1,1,我最难忘的事和人(1),
青木,通信 / 朋友 / 财产债务,通信,42,1,1,1,1,李敖文存二集(1),
韦宪文,同学 / 朋友 / 见面,同学,42,1,1,1,1,我最难忘的事和人(1),
韩克温,朋友 / 见面,朋友,42,1,1,1,1,我最难忘的事和人(1),
韩维,学术 / 政治人物 / 神交引用,学术,42,1,1,1,1,独白下的传统(1),
风露,出版 / 公共论战 / 神交引用,出版,42,1,1,1,1,为自由招魂(1),
马上,出版 / 公共论战 / 神交引用,出版,42,1,1,1,1,为自由招魂(1),
马彬和,神交引用,神交引用,42,1,1,1,1,传统下的独白(1),
马润潮,见面,见面,42,1,1,1,1,大学日记后期乙集(1),
高兰,出版 / 公共论战 / 神交引用,出版,42,1,1,1,1,为自由招魂(1),
高向果,同学 / 朋友 / 见面,同学,42,1,1,1,1,我最难忘的事和人(1),
魏野,学术 / 神交引用,学术,42,1,1,1,1,独白下的传统(1),
鲁哀公,政治人物 / 神交引用,政治人物,42,1,1,1,1,波波颂(1),
麦克瑞,出版 / 历史类比引用 / 神交引用,出版,42,1,1,1,1,爱情的秘密(1),
黄侠毅,政治异议者 / 军事人物 / 历史类比引用,政治异议者,42,1,1,1,1,第73烈士(1),
黄芫轩,政治人物 / 公共论战,政治人物,42,1,1,1,1,求是新语(1),
黄药师,虚拟人物,虚拟人物,42,1,1,1,1,李敖文存(1),
黑丁,出版 / 公共论战 / 神交引用,出版,42,1,1,1,1,为自由招魂(1),
齐同,出版 / 公共论战 / 神交引用,出版,42,1,1,1,1,为自由招魂(1),
龚廷贤,医疗照护 / 出版 / 神交引用,医疗照护,42,1,1,1,1,为中国思想趋向求答案(1),
广东,待复核,待复核,99,63,12,19,24,李敖自传与回忆续集(34)；北京法源寺(7)；我是天安门(3)；李敖笑傲江湖(3)；要把金针度与人(2)；我最难忘的事和人(1)；李敖回忆录(1)；波波颂(1),见、像、监狱、见面、妻、委员、警总、告诉我
别人打,待复核,待复核,99,26,15,11,24,挑战李敖(7)；阳痿美国(4)；李敖秘密书房(4)；虽千万人，李敖往矣(3)；李敖笑傲江湖(2)；北京法源寺(1)；第73烈士(1)；李敖语录(1),像、国民党、见、法官、法院、请我、节目、记者
和李登,待复核,待复核,99,9,5,4,8,挑战李敖(5)；李敖访谈录1990-2018(2)；李敖秘密书房(1)；李敖颠倒众生(1),主席、部长、民进党、朋友、回扣、秘书、国民党、认识
通行,待复核,待复核,99,8,6,7,7,李敖自传与回忆(2)；李敖文存(1)；你笨蛋，你笨蛋(1)；李敖书笺集(1)；李敖书启集(1)；李敖笑傲江湖(1)；挑战李敖(1),读、宣传、查禁、学术、发行、出版、著作、律师
顾虑到,待复核,待复核,99,8,4,8,8,我最难忘的事和人(1)；李敖快意恩仇录(1)；为自由招魂(1)；一个预备军官的日记(1)；李敖对话录(1)；李敖书简集(1)；挑战李敖(1)；李敖秘密书房(1),政治、警察、拜访、来信、像
时写,待复核,待复核,99,7,4,5,6,李敖访谈录1990-2018(3)；李敖文存(1)；李敖五五日记(1)；李敖对话录(1)；中国性研究(1),作品、写信、学生、监狱、像、儿子、北大、记者
邓变脸,待复核,待复核,99,7,7,1,1,李敖秘密书房(7),朋友、序
鲁迅先,待复核,待复核,99,7,5,5,5,李敖访谈录1990-2018(3)；我最难忘的事和人(1)；李敖秘藏日记(1)；挑战李敖(1)；李敖秘密书房(1),电报、序、国民党、学生、诗、宣传、像、思想
任何资,待复核,待复核,99,6,4,5,6,李敖秘密书房(2)；李敖自传与回忆续集(1)；李敖新刊(1)；李敖札记(1)；李敖书简集(1),见、院长、法院、委员、女儿、读、告诉我
那种性,待复核,待复核,99,5,4,4,5,李敖秘密书房(2)；上山·上山·爱(1)；中国性研究(1)；挑战李敖(1),健康检查、总统、像、电视、所谓、监狱
郭台铭,待复核,待复核,97,8,4,3,6,李敖访谈录1990-2018(4)；虽千万人，李敖往矣(3)；李敖风流自传(1),读、见、像、部长、妈妈、妹妹
国度,待复核,待复核,96,6,3,5,6,千秋万岁乌鸦求是合集(2)；为中国思想趋向求答案(1)；李敖语录(1)；李敖书牍集(1)；李敖秘密书房(1),报导、主席、思想、主义、一起、教授
国家立,待复核,待复核,96,5,3,5,5,你是景福门(1)；千秋万岁乌鸦求是合集(1)；阳痿美国(1)；挑战李敖(1)；李敖秘密书房(1),司令、土地、见、政治
常百姓,待复核,待复核,95,7,3,7,7,李敖快意恩仇录(1)；爱情的秘密(1)；虽千万人，李敖往矣(1)；李敖随写录前集(1)；李敖访谈录1990-2018(1)；中国现代史定论(1)；挑战李敖(1),发行、出版、见、节目、共产党、思想
时当然,待复核,待复核,93,5,3,4,5,李敖秘密书房(2)；李敖风流自传(1)；李敖访谈录1990-2018(1)；李敖书启集(1),访谈、监狱、法院、法庭
傅园,待复核,待复核,92,5,3,5,5,李敖风流自传(1)；早年日记(1)；大学日记后期乙集(1)；一个预备军官的日记(1)；李敖访谈录1990-2018(1),朋友、报纸、文学、大学
刘玉珠,待复核 / 公共论战,待复核,90,7,7,2,2,李敖笑傲江湖(4)；我最难忘的事和人(3),学生、像、朋友、飞机上有个女的，叫刘玉珠
家会笑,待复核,待复核,90,5,2,5,5,李敖议坛哀思录(1)；李敖笑傲江湖(1)；挑战李敖(1)；李敖秘密书房(1)；李敖颠倒众生(1),院长、民进党、像、法官、政治
成文化,待复核,待复核,88,5,3,4,4,文化论战丹火录(2)；李敖议坛哀思录(1)；李敖秘密书房(1)；李敖颠倒众生(1),所谓、一起、总统、像
苏联做,待复核,待复核,88,5,3,3,4,我是天安门(3)；挑战李敖(1)；李敖秘密书房(1),国民党、主义、朋友、见、碰到、大舅子
应该满,待复核,待复核,88,4,3,4,4,千秋万岁乌鸦求是合集(1)；上山·上山·爱(1)；挑战李敖(1)；李敖秘密书房(1),碰到、电视、总统、像
李戡专,待复核,待复核,87,2,2,1,1,李敖访谈录1990-2018(2),大学、主席
容易去,待复核,待复核,86,5,3,3,5,李敖秘密书房(3)；李敖快意恩仇录(1)；挑战李敖(1),情人、小情人、报纸、记者、像
家庭关,待复核,待复核,85,6,2,5,5,李敖访谈录1990-2018(2)；为中国思想趋向求答案(1)；千秋万岁乌鸦求是合集(1)；李敖对话录(1)；挑战李敖(1),妻、结婚、离婚、见、报导、总统、像
应该翻,待复核,待复核,85,6,3,2,5,李敖笑傲江湖(4)；李敖秘密书房(2),杂志、法官、老师、说过
能使用,待复核,待复核,85,6,3,3,3,李敖自传与回忆续集(3)；李敖秘密书房(2)；大学日记后期甲集(1),见、院长、所谓
陈朝容,待复核,待复核,84,7,3,2,5,李敖议坛哀思录(6)；挑战李敖(1),立委、国民党、民进党、台独、情治
关爱,待复核,待复核,84,6,2,5,6,李敖访谈录1990-2018(2)；李敖快意恩仇录(1)；上山·上山·爱(1)；挑战李敖(1)；李敖秘密书房(1),写信、父亲
别人排,待复核,待复核,84,4,3,3,4,李敖秘密书房(2)；北京法源寺(1)；李敖颠倒众生(1),国民党、委员、古代、像
应该立,待复核,待复核,83,7,2,5,6,挑战李敖(3)；李敖议坛哀思录(1)；北京法源寺(1)；中国命研究(1)；李敖颠倒众生(1),序、总统、秘书、国民党
都要写,待复核,待复核,83,6,2,6,6,独白下的传统(1)；李语录(1)；李敖语录(1)；虽千万人，李敖往矣(1)；一个预备军官的日记(1)；挑战李敖(1),一起、古人、教授、朋友
常讨厌,待复核,待复核,82,8,2,7,8,李敖秘密书房(2)；李敖快意恩仇录(1)；传统下的独白(1)；李敖语录(1)；一个预备军官的日记(1)；李敖访谈录1990-2018(1)；挑战李敖(1),一起、出版、国民党、读、学术
许会说,待复核,待复核,82,6,2,6,6,李敖自传与回忆(1)；李敖风流自传(1)；李敖文存二集(1)；你笨蛋，你笨蛋(1)；中国现代史定论(1)；挑战李敖(1),政治、教授、像
成名人,待复核,待复核,82,5,2,5,5,李敖文存(1)；文化论战丹火录(1)；李敖语录(1)；一个预备军官的日记(1)；挑战李敖(1),见、总统
国之初,待复核,待复核,80,4,2,4,4,阳痿美国(1)；李敖秘藏日记(1)；中国艺术新研(1)；李敖秘密书房(1),见、法官、检察官、委员、像
强求,待复核,待复核,80,4,2,4,4,李敖语录(1)；大学札记(1)；一个预备军官的日记(1)；中国性研究(1),对我说、恋爱、爸爸、少将、国民党
钱到哪,待复核,待复核,80,4,2,3,4,李敖秘密书房(2)；李敖议坛哀思录(1)；挑战李敖(1),女儿、太太
马斯,待复核,待复核,79,6,2,4,5,波波颂(3)；阳痿美国(1)；大学札记(1)；李敖秘密书房(1),总统、事务、读
那有人,待复核,待复核,79,5,2,2,5,李敖秘密书房(4)；李敖访谈录1990-2018(1),读、总统、台独、政治
房顶,待复核,待复核,77,4,2,4,4,李敖自传与回忆(1)；李敖新刊(1)；红色11(1)；一个预备军官的日记(1),国民党、主义、碰到
须要跟,待复核,待复核,77,4,2,3,4,李敖秘密书房(2)；李敖笑傲江湖(1)；挑战李敖(1),作品、教授、朋友
秦汉光,待复核,待复核,76,4,2,3,3,李敖五五日记(2)；李敖风流自传(1)；红色11(1),电话、国强寄秦汉光
申请退,待复核,待复核,75,3,2,3,3,你笨蛋，你笨蛋(1)；红色11(1)；李敖情书集(1),上诉、回信、律师、政治
平事迹,待复核,待复核,74,3,2,3,3,教育与脸谱(1)；历史与人像(1)；挑战李敖(1),见、研究、总统、公共
时代表,待复核,待复核,74,3,2,3,3,给马戈的五十封信(1)；挑战李敖(1)；李敖秘密书房(1),大学、国民党、共产党、诗
欧洲十,待复核,待复核,74,3,2,3,3,虚拟的十七岁(1)；李敖笑傲江湖(1)；挑战李敖(1),将军、总统
能够参,待复核,待复核,74,3,2,3,3,红色11(1)；挑战李敖(1)；李敖秘密书房(1),见、节目、总统
别人卖,待复核,待复核,72,5,2,3,4,李敖秘密书房(3)；中国性研究(1)；挑战李敖(1),电视、国民党、主义、像
能跟李,待复核,待复核,72,5,2,3,5,李敖秘密书房(3)；千秋万岁乌鸦求是合集(1)；大学札记(1),文学、像、访问、问我、共产党、先生
冯志翔,待复核,待复核,72,4,2,2,2,李敖书信集(3)；李敖秘藏日记(1),总统、编辑、主编、出版、总干事、像
和尚发,待复核,待复核,72,4,2,3,4,李敖秘密书房(2)；李敖快意恩仇录(1)；千秋万岁乌鸦求是合集(1),老师、古人、古代
别人接,待复核,待复核,72,3,2,3,3,第73烈士(1)；李敖五五日记(1)；李敖秘密书房(1),学生、古代
成决定,待复核,待复核,72,3,2,3,3,李敖随写录前集(1)；李敖笑傲江湖(1)；李敖秘密书房(1),文学、记者、采访
那么许,待复核,待复核,71,3,2,2,3,李敖秘密书房(2)；北京法源寺(1),娶、找我、先生
能很难,待复核,待复核,70,4,2,2,4,挑战李敖(2)；李敖秘密书房(2),节目、主席、国民党、像
钱来还,待复核,待复核,70,3,2,2,3,李敖秘密书房(2)；李敖笑傲江湖(1),杂志、大学
鲁迅做,待复核,待复核,70,3,2,2,2,李敖秘密书房(2)；挑战李敖(1),见、查禁、政治
别忘记,待复核,待复核,69,6,1,6,6,世论新语(1)；第73烈士(1)；李敖语录(1)；一个预备军官的日记(1)；李敖情书集(1)；李敖颠倒众生(1),见
碧勋,通信 / 待复核,通信,68,2,2,1,1,李敖文存二集(2),妈妈、先生
李约瑟,待复核,待复核,67,4,2,2,2,要把金针度与人(2)；李敖秘密书房(2),著作、学者
连战身,待复核,待复核,67,3,2,2,3,挑战李敖(2)；李敖秘密书房(1),见、国民党、像
张富忠,待复核,待复核,67,2,2,1,1,李敖书牍集(2),见、张富忠和你的事
时候谈,待复核,待复核,66,5,1,4,5,挑战李敖(2)；李敖访谈录1990-2018(1)；李敖笑傲江湖(1)；李敖颠倒众生(1),刑求、像
何士礼,待复核,待复核,66,4,1,1,1,李敖颠倒众生(4),儿子
家属道,待复核,待复核,66,4,1,4,4,李敖新刊(1)；阳痿美国(1)；李敖语录(1)；挑战李敖(1),节目、电视
李主任,待复核,待复核,64,7,1,2,2,李敖颠倒众生(6)；挑战李敖(1),老师、朋友
方面太,待复核,待复核,64,4,1,4,4,上山·上山·爱(1)；早年日记(1)；李敖札记(1)；李敖颠倒众生(1),政治
时刊出,待复核,待复核,64,4,1,4,4,李敖文存二集(1)；文化论战丹火录(1)；李敖书简集(1)；中国性研究(1),攻击
能遮盖,待复核,待复核,64,4,0,4,4,李敖回忆录(1)；千秋万岁乌鸦求是合集(1)；红色11(1)；李敖情书集(1),
杨寿贞,待复核,待复核,64,2,1,2,2,早年日记(1)；一个预备军官的日记(1),碰到、请我、书店
时必须,待复核,待复核,63,3,1,3,3,上下古今谈(1)；你笨蛋，你笨蛋(1)；李敖秘密书房(1),见、出版、看守所、军法、政治
谢谢陈,待复核,待复核,63,3,1,2,2,李敖秘密书房(2)；李敖笑傲江湖(1),教授、朋友
项羽打,待复核,待复核,63,2,1,2,2,李敖笑傲江湖(1)；李敖秘密书房(1),政府
诸葛孔明,待复核,待复核,62,8,1,4,6,李敖笑傲江湖(4)；世论新语(2)；历史与人像(1)；李敖秘密书房(1),古代
包乔龄,待复核,待复核,62,3,1,3,3,李敖文存二集(1)；李敖秘藏日记(1)；李敖情书集(1),太太、像
宗教有,待复核,待复核,62,3,1,3,3,李敖访谈录1990-2018(1)；挑战李敖(1)；李敖秘密书房(1),朋友、妈妈、批评
那声音,待复核,待复核,62,3,1,3,3,李敖自传与回忆(1)；李敖情书集(1)；挑战李敖(1),夫人、像
何况三,待复核,待复核,61,3,1,3,3,一个预备军官的日记(1)；李敖书简集(1)；给马戈的五十封信(1),见、同学、朋友
危险什,待复核,待复核,61,3,1,3,3,北京法源寺(1)；上山·上山·爱(1)；李敖颠倒众生(1),将军
周瑞芝,待复核,待复核,60,2,1,2,2,李敖风流自传(1)；一个预备军官的日记(1),著作
张英武,待复核 / 神交引用,待复核,60,2,2,2,2,千秋万岁乌鸦求是合集(1)；李语录(1),著作、诗
时毕业,待复核,待复核,59,3,1,3,3,一个预备军官的日记(1)；李敖书牍集(1)；挑战李敖(1),读、书中
孙伏园,待复核,待复核,58,5,1,2,2,李敖全集(4)；李敖情书集(1),父亲
从鲁迅,待复核,待复核,58,4,1,3,4,李敖秘密书房(2)；李敖访谈录1990-2018(1)；挑战李敖(1),著作
时坐牢,待复核,待复核,58,3,1,3,3,北京法源寺(1)；挑战李敖(1)；李敖秘密书房(1),像
家唱戏,待复核,待复核,58,2,1,2,2,挑战李敖(1)；李敖秘密书房(1),教授、同学、台大、像
左丞相,待复核,待复核,58,2,1,2,2,虽千万人，李敖往矣(1)；李敖秘密书房(1),院长
戎马半,待复核,待复核,58,2,1,2,2,李敖语录(1)；李敖情书集(1),教授、女儿、将军
时还做,待复核,待复核,58,2,1,2,2,挑战李敖(1)；李敖秘密书房(1),福利社
空间使,待复核,待复核,58,2,1,2,2,文化论战丹火录(1)；李敖秘密书房(1),研究、本院
连战送,待复核,待复核,58,2,1,2,2,挑战李敖(1)；李敖秘密书房(1),院长
那种胆,待复核,待复核,58,2,1,2,2,李敖笑傲江湖(1)；挑战李敖(1),教授、像
韩国来,待复核,待复核,58,2,1,2,2,独白下的传统(1)；李敖秘密书房(1),家里、经费、政府
高参,待复核,待复核,58,2,1,2,2,中国现代史定论(1)；李敖秘密书房(1),少将、参谋
华旧梦,待复核,待复核,58,1,1,1,1,李敖秘密书房(1),
怀想杨,待复核,待复核,58,1,1,1,1,李敖秘密书房(1),
华纳威,待复核,待复核,57,4,1,2,3,挑战李敖(3)；李敖秘密书房(1),找我
经产生,待复核,待复核,57,3,1,2,2,李敖秘密书房(2)；挑战李敖(1),总统
广州来,待复核,待复核,57,2,1,2,2,第73烈士(1)；挑战李敖(1),将军
明星最,待复核,待复核,57,2,1,2,2,虽千万人，李敖往矣(1)；挑战李敖(1),将军
盖掉,待复核,待复核,57,2,1,2,2,李敖笑傲江湖(1)；挑战李敖(1),节目
经济有,待复核,待复核,57,2,1,2,2,中国现代史定论(1)；挑战李敖(1),政府
那种当,待复核,待复核,57,2,1,2,2,虚拟的十七岁(1)；挑战李敖(1),总统
都要吃,待复核,待复核,57,2,1,2,2,李敖书牍集(1)；李敖秘密书房(1),总统
国人朱,待复核,待复核,56,3,1,2,2,北京法源寺(2)；挑战李敖(1),政治
蔡幸娟,待复核,待复核,56,2,1,2,2,李敖书启集(1)；挑战李敖(1),朋友、小姐
成邪教,待复核,待复核,55,2,1,2,2,李敖笑傲江湖(1)；挑战李敖(1),所谓、像
郁永河,待复核,待复核,54,5,1,2,3,李敖秘密书房(4)；千秋万岁乌鸦求是合集(1),作品
公家,待复核,待复核,54,4,1,2,3,李敖书启集(3)；李敖秘密书房(1),读
别人设,待复核,待复核,54,2,1,2,2,大学日记后期乙集(1)；李敖秘密书房(1),主义
应该蛮,待复核,待复核,54,2,1,2,2,挑战李敖(1)；李敖秘密书房(1),像
张曼之,待复核,待复核,54,2,1,2,2,大学日记后期甲集(1)；一个预备军官的日记(1),像
陈省身,待复核,待复核,54,2,1,2,2,李敖快意恩仇录(1)；李敖秘密书房(1),诗
马芳踪,媒体 / 待复核,媒体,54,2,2,2,2,李敖回忆录(1)；波波颂(1),
张念英,待复核,待复核,52,1,1,1,1,一个预备军官的日记(1),朋友
淑惠,通信 / 待复核,通信,52,1,1,1,1,李敖文存二集(1),批评、小姐
别人拜,待复核,待复核,50,2,0,2,2,李敖笑傲江湖(1)；挑战李敖(1),
华沙犹,待复核,待复核,50,2,0,2,2,千秋万岁乌鸦求是合集(1)；挑战李敖(1),
平墓毁,待复核,待复核,50,2,0,2,2,北京法源寺(1)；李敖秘密书房(1),
时淘汰,待复核,待复核,50,2,0,2,2,传统下的独白(1)；中国性研究(1),
李陵开,待复核,待复核,50,2,0,2,2,要把金针度与人(1)；中国性研究(1),
王莽作,待复核,待复核,50,2,0,2,2,李敖笑傲江湖(1)；李敖秘密书房(1),
庆吉,通信 / 朋友 / 待复核,通信,48,1,1,1,1,李敖文存二集(1),
杰业,通信 / 朋友 / 待复核,通信,48,1,1,1,1,李敖文存二集(1),
炎竝,出版 / 待复核,出版,47,1,1,1,1,波波颂(1),访问
